Mldg #,Width,Rabbet Height,Lip Size,Length,Chop,Join,Group,Description,UPC
100AR,0.5,0.562,0.188,2.67,3.79,6.06,Wood,Raw #100 Ash,
FC-100AR,0.5,0.562,0.188,,,23.04,Wood,FC Raw #100 Ash,
100AF,0.5,0.562,0.188,5.93,8.42,11.79,Wood,Oil & Wax #100 Ash,
FC-100AF,0.5,0.562,0.188,,,23.73,Wood,FC Oil & Wax #100 Ash,
100AL,0.5,0.562,0.188,6.47,9.19,12.87,Wood,Clear Lacquer #100 Ash,
FC-100AL,0.5,0.562,0.188,,,23.73,Wood,FC Clear Lacquer #100 Ash,
100AW,0.5,0.562,0.188,8.37,11.89,16.65,Wood,WhiteWash #100 Ash,
FC-100AW,0.5,0.562,0.188,,,24.42,Wood,FC WhiteWash #100 Ash,
100AT,0.5,0.562,0.188,8.37,11.89,16.65,Wood,White #100 Ash,
FC-100AT,0.5,0.562,0.188,,,25.79,Wood,FC White #100 Ash,
100AK,0.5,0.562,0.188,8.37,11.89,16.65,Wood,Satin Black #100 Ash,
FC-100AK,0.5,0.562,0.188,,,25.79,Wood,FC Satin Black #100 Ash,
100AA,0.5,0.562,0.188,8.37,11.89,16.65,Wood,Warm White #100 Ash,
FC-100AA,0.5,0.562,0.188,,,25.79,Wood,FC Warm White #100 Ash,
100AC,0.5,0.562,0.188,8.37,11.89,16.65,Wood,Charcoal #100 Ash,
FC-100AC,0.5,0.562,0.188,,,25.79,Wood,FC Charcoal #100 Ash,
100AI,0.5,0.562,0.188,8.37,11.89,16.65,Wood,Rising White #100 Ash,
FC-100AI,0.5,0.562,0.188,,,25.79,Wood,FC Rising White #100 Ash,
100A1,0.5,0.562,0.188,8.37,11.89,16.65,Wood,Light Grey #100 Ash,
FC-100A1,0.5,0.562,0.188,,,25.79,Wood,FC Light Grey #100 Ash,
100A2,0.5,0.562,0.188,8.37,11.89,16.65,Wood,Medium Grey #100 Ash,
FC-100A2,0.5,0.562,0.188,,,25.79,Wood,FC Medium Grey #100 Ash,
100A3,0.5,0.562,0.188,8.37,11.89,16.65,Wood,Dark Grey #100 Ash,
FC-100A3,0.5,0.562,0.188,,,25.79,Wood,FC Dark Grey #100 Ash,
100CR,0.5,0.562,0.188,2.9,4.23,6.77,Wood,Raw #100 Cherry,
FC-100CR,0.5,0.562,0.188,,,23.48,Wood,FC Raw #100 Cherry,
100CF,0.5,0.562,0.188,6.43,9.39,13.15,Wood,Oil & Wax #100 Cherry,
FC-100CF,0.5,0.562,0.188,,,24.17,Wood,FC Oil & Wax #100 Cherry,
100CL,0.5,0.562,0.188,8.33,12.16,17.02,Wood,Clear Lacquer #100 Cherry,
FC-100CL,0.5,0.562,0.188,,,25.54,Wood,FC Clear Lacquer #100 Cherry,
100CG,0.5,0.562,0.188,8.33,12.16,17.02,Wood,Aged #100 Cherry,
FC-100CG,0.5,0.562,0.188,,,25.54,Wood,FC Aged #100 Cherry,
100CQ,0.5,0.562,0.188,8.33,12.16,17.02,Wood,Antique #100 Cherry,
FC-100CQ,0.5,0.562,0.188,,,25.54,Wood,FC Antique #100 Cherry,
100CD,0.5,0.562,0.188,8.33,12.16,17.02,Wood,Black Cherry #100 Cherry,
FC-100CD,0.5,0.562,0.188,,,26.23,Wood,FC Black Cherry #100 Cherry,
100MR,0.5,0.562,0.188,3.19,4.4,7.04,Wood,Raw #100 Maple,
FC-100MR,0.5,0.562,0.188,,,23.65,Wood,FC Raw #100 Maple,
100MF,0.5,0.562,0.188,6.45,8.9,12.46,Wood,Oil & Wax #100 Maple,
FC-100MF,0.5,0.562,0.188,,,24.34,Wood,FC Oil & Wax #100 Maple,
100ML,0.5,0.562,0.188,6.72,9.27,12.98,Wood,Clear Lacquer #100 Maple,
FC-100ML,0.5,0.562,0.188,,,24.34,Wood,FC Clear Lacquer #100 Maple,
100MW,0.5,0.562,0.188,7.78,10.74,15.04,Wood,WhiteWash #100 Maple,
FC-100MW,0.5,0.562,0.188,,,25.03,Wood,FC WhiteWash #100 Maple,
100MT,0.5,0.562,0.188,6.99,9.65,13.51,Wood,White #100 Maple,
FC-100MT,0.5,0.562,0.188,,,25.71,Wood,FC White #100 Maple,
100MK,0.5,0.562,0.188,6.99,9.65,13.51,Wood,Satin Black #100 Maple,
FC-100MK,0.5,0.562,0.188,,,25.71,Wood,FC Satin Black #100 Maple,
100MA,0.5,0.562,0.188,6.99,9.65,13.51,Wood,Warm White #100 Maple,
FC-100MA,0.5,0.562,0.188,,,25.71,Wood,FC Warm White #100 Maple,
100MI,0.5,0.562,0.188,6.99,9.65,13.51,Wood,Rising White #100 Maple,
FC-100MI,0.5,0.562,0.188,,,25.71,Wood,FC Rising White #100 Maple,
100M1,0.5,0.562,0.188,6.99,9.65,13.51,Wood,Light Grey #100 Maple,
FC-100M1,0.5,0.562,0.188,,,25.71,Wood,FC Light Grey #100 Maple,
100M2,0.5,0.562,0.188,6.99,9.65,13.51,Wood,Medium Grey #100 Maple,
FC-100M2,0.5,0.562,0.188,,,25.71,Wood,FC Medium Grey #100 Maple,
100M3,0.5,0.562,0.188,6.99,9.65,13.51,Wood,Dark Grey #100 Maple,
FC-100M3,0.5,0.562,0.188,,,25.71,Wood,FC Dark Grey #100 Maple,
100M9,0.5,0.562,0.188,7.78,10.74,15.04,Wood,Wheat #100 Maple,
FC-100M9,0.5,0.562,0.188,,,25.71,Wood,FC Wheat #100 Maple,
100OR,0.5,0.562,0.188,2.44,3.37,5.39,Wood,Raw #100 Oak,
FC-100OR,0.5,0.562,0.188,,,22.62,Wood,FC Raw #100 Oak,
100OF,0.5,0.562,0.188,5.7,7.87,11.02,Wood,Oil & Wax #100 Oak,
FC-100OF,0.5,0.562,0.188,,,23.31,Wood,FC Oil & Wax #100 Oak,
100OL,0.5,0.562,0.188,5.97,8.24,11.54,Wood,Clear Lacquer #100 Oak,
FC-100OL,0.5,0.562,0.188,,,23.31,Wood,FC Clear Lacquer #100 Oak,
100WR,0.5,0.562,0.188,5.3,7.74,12.38,Wood,Raw #100 Walnut,
FC-100WR,0.5,0.562,0.188,,,26.99,Wood,FC Raw #100 Walnut,
100WF,0.5,0.562,0.188,9.89,14.44,20.22,Wood,Oil & Wax #100 Walnut,
FC-100WF,0.5,0.562,0.188,,,27.68,Wood,FC Oil & Wax #100 Walnut,
100WP,0.5,0.562,0.188,10.73,15.67,21.94,Wood,Padauk #100 Walnut,
FC-100WP,0.5,0.562,0.188,,,28.37,Wood,FC Padauk #100 Walnut,
100WB,0.5,0.562,0.188,10.73,15.67,21.94,Wood,Special Dark #100 Walnut,
FC-100WB,0.5,0.562,0.188,,,28.37,Wood,FC Special Dark #100 Walnut,
100WE,0.5,0.562,0.188,9.89,14.44,20.22,Wood,Ebony #100 Walnut,
FC-100WE,0.5,0.562,0.188,,,28.37,Wood,FC Ebony #100 Walnut,
100WK,0.5,0.562,0.188,9.1,13.29,18.61,Wood,Satin Black #100 Walnut,
FC-100WK,0.5,0.562,0.188,,,27.68,Wood,FC Satin Black #100 Walnut,
100W1,0.5,0.562,0.188,9.1,13.29,18.61,Wood,Light Grey #100 Walnut,
FC-100W1,0.5,0.562,0.188,,,27.68,Wood,FC Light Grey #100 Walnut,
100W2,0.5,0.562,0.188,9.1,13.29,18.61,Wood,Medium Grey #100 Walnut,
FC-100W2,0.5,0.562,0.188,,,27.68,Wood,FC Medium Grey #100 Walnut,
100W3,0.5,0.562,0.188,9.1,13.29,18.61,Wood,Dark Grey #100 Walnut,
FC-100W3,0.5,0.562,0.188,,,27.68,Wood,FC Dark Grey #100 Walnut,
100VR,0.5,0.562,0.188,4.71,7.77,12.43,Wood,Raw #100 White Oak,
FC-100VR,0.5,0.562,0.188,,,28.4,Wood,FC Raw #100 White Oak,
100VF,0.5,0.562,0.188,7.97,13.15,18.41,Wood,Oil & Wax #100 White Oak,
FC-100VF,0.5,0.562,0.188,,,29.08,Wood,FC Oil & Wax #100 White Oak,
100VL,0.5,0.562,0.188,8.51,14.04,19.66,Wood,Clear Lacquer #100 White Oak,
FC-100VL,0.5,0.562,0.188,,,29.08,Wood,FC Clear Lacquer #100 White Oak,
100VC,0.5,0.562,0.188,10.14,16.73,23.42,Wood,Charcoal #100 White Oak,
FC-100VC,0.5,0.562,0.188,,,29.77,Wood,FC Charcoal #100 White Oak,
100VM,0.5,0.562,0.188,10.14,16.73,23.42,Wood,Mission #100 White Oak,
FC-100VM,0.5,0.562,0.188,,,29.77,Wood,FC Mission #100 White Oak,
100V7,0.5,0.562,0.188,10.14,16.73,23.42,Wood,Bleached #100 White Oak,
FC-100V7,0.5,0.562,0.188,,,29.77,Wood,FC Bleached #100 White Oak,
104AR,0.75,0.75,0.25,3.22,4.57,7.31,Wood,Raw #104 Ash,
FC-104AR,0.75,0.75,0.25,,,23.82,Wood,FC Raw #104 Ash,
104AF,0.75,0.75,0.25,6.48,9.2,12.88,Wood,Oil & Wax #104 Ash,
FC-104AF,0.75,0.75,0.25,,,24.51,Wood,FC Oil & Wax #104 Ash,
104AL,0.75,0.75,0.25,7.02,9.97,13.96,Wood,Clear Lacquer #104 Ash,
FC-104AL,0.75,0.75,0.25,,,24.51,Wood,FC Clear Lacquer #104 Ash,
104AW,0.75,0.75,0.25,8.92,12.67,17.74,Wood,WhiteWash #104 Ash,
FC-104AW,0.75,0.75,0.25,,,25.2,Wood,FC WhiteWash #104 Ash,
104AT,0.75,0.75,0.25,8.92,12.67,17.74,Wood,White #104 Ash,
FC-104AT,0.75,0.75,0.25,,,26.57,Wood,FC White #104 Ash,
104AK,0.75,0.75,0.25,8.92,12.67,17.74,Wood,Satin Black #104 Ash,
FC-104AK,0.75,0.75,0.25,,,26.57,Wood,FC Satin Black #104 Ash,
104AA,0.75,0.75,0.25,8.92,12.67,17.74,Wood,Warm White #104 Ash,
FC-104AA,0.75,0.75,0.25,,,26.57,Wood,FC Warm White #104 Ash,
104AC,0.75,0.75,0.25,8.92,12.67,17.74,Wood,Charcoal #104 Ash,
FC-104AC,0.75,0.75,0.25,,,26.57,Wood,FC Charcoal #104 Ash,
104AI,0.75,0.75,0.25,8.92,12.67,17.74,Wood,Rising White #104 Ash,
FC-104AI,0.75,0.75,0.25,,,26.57,Wood,FC Rising White #104 Ash,
104A1,0.75,0.75,0.25,8.92,12.67,17.74,Wood,Light Grey #104 Ash,
FC-104A1,0.75,0.75,0.25,,,26.57,Wood,FC Light Grey #104 Ash,
104A2,0.75,0.75,0.25,8.92,12.67,17.74,Wood,Medium Grey #104 Ash,
FC-104A2,0.75,0.75,0.25,,,26.57,Wood,FC Medium Grey #104 Ash,
104A3,0.75,0.75,0.25,8.92,12.67,17.74,Wood,Dark Grey #104 Ash,
FC-104A3,0.75,0.75,0.25,,,26.57,Wood,FC Dark Grey #104 Ash,
104CR,0.75,0.75,0.25,3.43,5.01,8.02,Wood,Raw #104 Cherry,
FC-104CR,0.75,0.75,0.25,,,24.26,Wood,FC Raw #104 Cherry,
104CF,0.75,0.75,0.25,6.96,10.16,14.22,Wood,Oil & Wax #104 Cherry,
FC-104CF,0.75,0.75,0.25,,,24.95,Wood,FC Oil & Wax #104 Cherry,
104CL,0.75,0.75,0.25,8.86,12.94,18.12,Wood,Clear Lacquer #104 Cherry,
FC-104CL,0.75,0.75,0.25,,,26.32,Wood,FC Clear Lacquer #104 Cherry,
104CG,0.75,0.75,0.25,8.86,12.94,18.12,Wood,Aged #104 Cherry,
FC-104CG,0.75,0.75,0.25,,,26.32,Wood,FC Aged #104 Cherry,
104CQ,0.75,0.75,0.25,8.86,12.94,18.12,Wood,Antique #104 Cherry,
FC-104CQ,0.75,0.75,0.25,,,26.32,Wood,FC Antique #104 Cherry,
104CD,0.75,0.75,0.25,8.86,12.94,18.12,Wood,Black Cherry #104 Cherry,
FC-104CD,0.75,0.75,0.25,,,27.01,Wood,FC Black Cherry #104 Cherry,
104MR,0.75,0.75,0.25,3.83,5.29,8.46,Wood,Raw #104 Maple,
FC-104MR,0.75,0.75,0.25,,,24.54,Wood,FC Raw #104 Maple,
104MF,0.75,0.75,0.25,7.09,9.78,13.69,Wood,Oil & Wax #104 Maple,
FC-104MF,0.75,0.75,0.25,,,25.23,Wood,FC Oil & Wax #104 Maple,
104ML,0.75,0.75,0.25,7.36,10.16,14.22,Wood,Clear Lacquer #104 Maple,
FC-104ML,0.75,0.75,0.25,,,25.23,Wood,FC Clear Lacquer #104 Maple,
104MW,0.75,0.75,0.25,8.42,11.62,16.27,Wood,WhiteWash #104 Maple,
FC-104MW,0.75,0.75,0.25,,,25.92,Wood,FC WhiteWash #104 Maple,
104MT,0.75,0.75,0.25,7.63,10.53,14.74,Wood,White #104 Maple,
FC-104MT,0.75,0.75,0.25,,,26.6,Wood,FC White #104 Maple,
104MK,0.75,0.75,0.25,7.63,10.53,14.74,Wood,Satin Black #104 Maple,
FC-104MK,0.75,0.75,0.25,,,26.6,Wood,FC Satin Black #104 Maple,
104MA,0.75,0.75,0.25,7.63,10.53,14.74,Wood,Warm White #104 Maple,
FC-104MA,0.75,0.75,0.25,,,26.6,Wood,FC Warm White #104 Maple,
104MI,0.75,0.75,0.25,7.63,10.53,14.74,Wood,Rising White #104 Maple,
FC-104MI,0.75,0.75,0.25,,,26.6,Wood,FC Rising White #104 Maple,
104M1,0.75,0.75,0.25,7.63,10.53,14.74,Wood,Light Grey #104 Maple,
FC-104M1,0.75,0.75,0.25,,,26.6,Wood,FC Light Grey #104 Maple,
104M2,0.75,0.75,0.25,7.63,10.53,14.74,Wood,Medium Grey #104 Maple,
FC-104M2,0.75,0.75,0.25,,,26.6,Wood,FC Medium Grey #104 Maple,
104M3,0.75,0.75,0.25,7.63,10.53,14.74,Wood,Dark Grey #104 Maple,
FC-104M3,0.75,0.75,0.25,,,26.6,Wood,FC Dark Grey #104 Maple,
104M9,0.75,0.75,0.25,8.42,11.62,16.27,Wood,Wheat #104 Maple,
FC-104M9,0.75,0.75,0.25,,,26.6,Wood,FC Wheat #104 Maple,
104OR,0.75,0.75,0.25,2.96,4.08,6.53,Wood,Raw #104 Oak,
FC-104OR,0.75,0.75,0.25,,,23.33,Wood,FC Raw #104 Oak,
104OF,0.75,0.75,0.25,6.22,8.58,12.01,Wood,Oil & Wax #104 Oak,
FC-104OF,0.75,0.75,0.25,,,24.02,Wood,FC Oil & Wax #104 Oak,
104OL,0.75,0.75,0.25,6.49,8.96,12.54,Wood,Clear Lacquer #104 Oak,
FC-104OL,0.75,0.75,0.25,,,24.02,Wood,FC Clear Lacquer #104 Oak,
104WR,0.75,0.75,0.25,6.74,9.84,15.74,Wood,Raw #104 Walnut,
FC-104WR,0.75,0.75,0.25,,,29.09,Wood,FC Raw #104 Walnut,
104WF,0.75,0.75,0.25,11.33,16.54,23.16,Wood,Oil & Wax #104 Walnut,
FC-104WF,0.75,0.75,0.25,,,29.78,Wood,FC Oil & Wax #104 Walnut,
104WP,0.75,0.75,0.25,12.17,17.77,24.88,Wood,Padauk #104 Walnut,
FC-104WP,0.75,0.75,0.25,,,30.47,Wood,FC Padauk #104 Walnut,
104WB,0.75,0.75,0.25,12.17,17.77,24.88,Wood,Special Dark #104 Walnut,
FC-104WB,0.75,0.75,0.25,,,30.47,Wood,FC Special Dark #104 Walnut,
104WE,0.75,0.75,0.25,11.33,16.54,23.16,Wood,Ebony #104 Walnut,
FC-104WE,0.75,0.75,0.25,,,30.47,Wood,FC Ebony #104 Walnut,
104WK,0.75,0.75,0.25,10.54,15.39,21.55,Wood,Satin Black #104 Walnut,
FC-104WK,0.75,0.75,0.25,,,29.78,Wood,FC Satin Black #104 Walnut,
104W1,0.75,0.75,0.25,10.54,15.39,21.55,Wood,Light Grey #104 Walnut,
FC-104W1,0.75,0.75,0.25,,,29.78,Wood,FC Light Grey #104 Walnut,
104W2,0.75,0.75,0.25,10.54,15.39,21.55,Wood,Medium Grey #104 Walnut,
FC-104W2,0.75,0.75,0.25,,,29.78,Wood,FC Medium Grey #104 Walnut,
104W3,0.75,0.75,0.25,10.54,15.39,21.55,Wood,Dark Grey #104 Walnut,
FC-104W3,0.75,0.75,0.25,,,29.78,Wood,FC Dark Grey #104 Walnut,
104VR,0.75,0.75,0.25,5.08,8.38,13.41,Wood,Raw #104 White Oak,
FC-104VR,0.75,0.75,0.25,,,29.01,Wood,FC Raw #104 White Oak,
104VF,0.75,0.75,0.25,8.34,13.76,19.26,Wood,Oil & Wax #104 White Oak,
FC-104VF,0.75,0.75,0.25,,,29.69,Wood,FC Oil & Wax #104 White Oak,
104VL,0.75,0.75,0.25,8.88,14.65,20.51,Wood,Clear Lacquer #104 White Oak,
FC-104VL,0.75,0.75,0.25,,,29.69,Wood,FC Clear Lacquer #104 White Oak,
104VC,0.75,0.75,0.25,10.51,17.34,24.28,Wood,Charcoal #104 White Oak,
FC-104VC,0.75,0.75,0.25,,,30.38,Wood,FC Charcoal #104 White Oak,
104VM,0.75,0.75,0.25,10.51,17.34,24.28,Wood,Mission #104 White Oak,
FC-104VM,0.75,0.75,0.25,,,30.38,Wood,FC Mission #104 White Oak,
104V7,0.75,0.75,0.25,10.51,17.34,24.28,Wood,Bleached #104 White Oak,
FC-104V7,0.75,0.75,0.25,,,30.38,Wood,FC Bleached #104 White Oak,
110AR,0.5,0.812,0.188,3,4.26,6.82,Wood,Raw #110 Ash,
FC-110AR,0.5,0.812,0.188,,,23.51,Wood,FC Raw #110 Ash,
110AF,0.5,0.812,0.188,6.26,8.89,12.45,Wood,Oil & Wax #110 Ash,
FC-110AF,0.5,0.812,0.188,,,24.2,Wood,FC Oil & Wax #110 Ash,
110AL,0.5,0.812,0.188,6.8,9.66,13.52,Wood,Clear Lacquer #110 Ash,
FC-110AL,0.5,0.812,0.188,,,24.2,Wood,FC Clear Lacquer #110 Ash,
110AW,0.5,0.812,0.188,8.7,12.35,17.29,Wood,WhiteWash #110 Ash,
FC-110AW,0.5,0.812,0.188,,,24.89,Wood,FC WhiteWash #110 Ash,
110AT,0.5,0.812,0.188,8.7,12.35,17.29,Wood,White #110 Ash,
FC-110AT,0.5,0.812,0.188,,,26.26,Wood,FC White #110 Ash,
110AK,0.5,0.812,0.188,8.7,12.35,17.29,Wood,Satin Black #110 Ash,
FC-110AK,0.5,0.812,0.188,,,26.26,Wood,FC Satin Black #110 Ash,
110AA,0.5,0.812,0.188,8.7,12.35,17.29,Wood,Warm White #110 Ash,
FC-110AA,0.5,0.812,0.188,,,26.26,Wood,FC Warm White #110 Ash,
110AC,0.5,0.812,0.188,8.7,12.35,17.29,Wood,Charcoal #110 Ash,
FC-110AC,0.5,0.812,0.188,,,26.26,Wood,FC Charcoal #110 Ash,
110AI,0.5,0.812,0.188,8.7,12.35,17.29,Wood,Rising White #110 Ash,
FC-110AI,0.5,0.812,0.188,,,26.26,Wood,FC Rising White #110 Ash,
110A1,0.5,0.812,0.188,8.7,12.35,17.29,Wood,Light Grey #110 Ash,
FC-110A1,0.5,0.812,0.188,,,26.26,Wood,FC Light Grey #110 Ash,
110A2,0.5,0.812,0.188,8.7,12.35,17.29,Wood,Medium Grey #110 Ash,
FC-110A2,0.5,0.812,0.188,,,26.26,Wood,FC Medium Grey #110 Ash,
110A3,0.5,0.812,0.188,8.7,12.35,17.29,Wood,Dark Grey #110 Ash,
FC-110A3,0.5,0.812,0.188,,,26.26,Wood,FC Dark Grey #110 Ash,
110CR,0.5,0.812,0.188,3.23,4.72,7.55,Wood,Raw #110 Cherry,
FC-110CR,0.5,0.812,0.188,,,23.97,Wood,FC Raw #110 Cherry,
110CF,0.5,0.812,0.188,6.76,9.87,13.82,Wood,Oil & Wax #110 Cherry,
FC-110CF,0.5,0.812,0.188,,,24.66,Wood,FC Oil & Wax #110 Cherry,
110CL,0.5,0.812,0.188,8.66,12.64,17.7,Wood,Clear Lacquer #110 Cherry,
FC-110CL,0.5,0.812,0.188,,,26.03,Wood,FC Clear Lacquer #110 Cherry,
110CG,0.5,0.812,0.188,8.66,12.64,17.7,Wood,Aged #110 Cherry,
FC-110CG,0.5,0.812,0.188,,,26.03,Wood,FC Aged #110 Cherry,
110CQ,0.5,0.812,0.188,8.66,12.64,17.7,Wood,Antique #110 Cherry,
FC-110CQ,0.5,0.812,0.188,,,26.03,Wood,FC Antique #110 Cherry,
110CD,0.5,0.812,0.188,8.66,12.64,17.7,Wood,Black Cherry #110 Cherry,
FC-110CD,0.5,0.812,0.188,,,26.72,Wood,FC Black Cherry #110 Cherry,
110MR,0.5,0.812,0.188,3.55,4.9,7.84,Wood,Raw #110 Maple,
FC-110MR,0.5,0.812,0.188,,,24.15,Wood,FC Raw #110 Maple,
110MF,0.5,0.812,0.188,6.81,9.4,13.16,Wood,Oil & Wax #110 Maple,
FC-110MF,0.5,0.812,0.188,,,24.84,Wood,FC Oil & Wax #110 Maple,
110ML,0.5,0.812,0.188,7.08,9.77,13.68,Wood,Clear Lacquer #110 Maple,
FC-110ML,0.5,0.812,0.188,,,24.84,Wood,FC Clear Lacquer #110 Maple,
110MW,0.5,0.812,0.188,8.14,11.23,15.72,Wood,WhiteWash #110 Maple,
FC-110MW,0.5,0.812,0.188,,,25.53,Wood,FC WhiteWash #110 Maple,
110MT,0.5,0.812,0.188,7.35,10.14,14.2,Wood,White #110 Maple,
FC-110MT,0.5,0.812,0.188,,,26.21,Wood,FC White #110 Maple,
110MK,0.5,0.812,0.188,7.35,10.14,14.2,Wood,Satin Black #110 Maple,
FC-110MK,0.5,0.812,0.188,,,26.21,Wood,FC Satin Black #110 Maple,
110MA,0.5,0.812,0.188,7.35,10.14,14.2,Wood,Warm White #110 Maple,
FC-110MA,0.5,0.812,0.188,,,26.21,Wood,FC Warm White #110 Maple,
110MI,0.5,0.812,0.188,7.35,10.14,14.2,Wood,Rising White #110 Maple,
FC-110MI,0.5,0.812,0.188,,,26.21,Wood,FC Rising White #110 Maple,
110M1,0.5,0.812,0.188,7.35,10.14,14.2,Wood,Light Grey #110 Maple,
FC-110M1,0.5,0.812,0.188,,,26.21,Wood,FC Light Grey #110 Maple,
110M2,0.5,0.812,0.188,7.35,10.14,14.2,Wood,Medium Grey #110 Maple,
FC-110M2,0.5,0.812,0.188,,,26.21,Wood,FC Medium Grey #110 Maple,
110M3,0.5,0.812,0.188,7.35,10.14,14.2,Wood,Dark Grey #110 Maple,
FC-110M3,0.5,0.812,0.188,,,26.21,Wood,FC Dark Grey #110 Maple,
110M9,0.5,0.812,0.188,8.14,11.23,15.72,Wood,Wheat #110 Maple,
FC-110M9,0.5,0.812,0.188,,,26.21,Wood,FC Wheat #110 Maple,
110WR,0.5,0.812,0.188,6.38,9.31,14.9,Wood,Raw #110 Walnut,
FC-110WR,0.5,0.812,0.188,,,28.56,Wood,FC Raw #110 Walnut,
110WF,0.5,0.812,0.188,10.97,16.02,22.43,Wood,Oil & Wax #110 Walnut,
FC-110WF,0.5,0.812,0.188,,,29.25,Wood,FC Oil & Wax #110 Walnut,
110WP,0.5,0.812,0.188,11.81,17.24,24.14,Wood,Padauk #110 Walnut,
FC-110WP,0.5,0.812,0.188,,,29.94,Wood,FC Padauk #110 Walnut,
110WB,0.5,0.812,0.188,11.81,17.24,24.14,Wood,Special Dark #110 Walnut,
FC-110WB,0.5,0.812,0.188,,,29.94,Wood,FC Special Dark #110 Walnut,
110WE,0.5,0.812,0.188,10.97,16.02,22.43,Wood,Ebony #110 Walnut,
FC-110WE,0.5,0.812,0.188,,,29.94,Wood,FC Ebony #110 Walnut,
110WK,0.5,0.812,0.188,10.18,14.86,20.8,Wood,Satin Black #110 Walnut,
FC-110WK,0.5,0.812,0.188,,,29.25,Wood,FC Satin Black #110 Walnut,
110W1,0.5,0.812,0.188,10.18,14.86,20.8,Wood,Light Grey #110 Walnut,
FC-110W1,0.5,0.812,0.188,,,29.25,Wood,FC Light Grey #110 Walnut,
110W2,0.5,0.812,0.188,10.18,14.86,20.8,Wood,Medium Grey #110 Walnut,
FC-110W2,0.5,0.812,0.188,,,29.25,Wood,FC Medium Grey #110 Walnut,
110W3,0.5,0.812,0.188,10.18,14.86,20.8,Wood,Dark Grey #110 Walnut,
FC-110W3,0.5,0.812,0.188,,,29.25,Wood,FC Dark Grey #110 Walnut,
110VR,0.5,0.812,0.188,5.08,8.38,13.41,Wood,Raw #110 White Oak,
FC-110VR,0.5,0.812,0.188,,,29.01,Wood,FC Raw #110 White Oak,
110VF,0.5,0.812,0.188,8.34,13.76,19.26,Wood,Oil & Wax #110 White Oak,
FC-110VF,0.5,0.812,0.188,,,29.69,Wood,FC Oil & Wax #110 White Oak,
110VL,0.5,0.812,0.188,8.88,14.65,20.51,Wood,Clear Lacquer #110 White Oak,
FC-110VL,0.5,0.812,0.188,,,29.69,Wood,FC Clear Lacquer #110 White Oak,
110VC,0.5,0.812,0.188,10.51,17.34,24.28,Wood,Charcoal #110 White Oak,
FC-110VC,0.5,0.812,0.188,,,30.38,Wood,FC Charcoal #110 White Oak,
110VM,0.5,0.812,0.188,10.51,17.34,24.28,Wood,Mission #110 White Oak,
FC-110VM,0.5,0.812,0.188,,,30.38,Wood,FC Mission #110 White Oak,
110V7,0.5,0.812,0.188,10.51,17.34,24.28,Wood,Bleached #110 White Oak,
FC-110V7,0.5,0.812,0.188,,,30.38,Wood,FC Bleached #110 White Oak,
120AR,0.5,1.062,0.188,3.37,4.79,7.66,Wood,Raw #120 Ash,
FC-120AR,0.5,1.062,0.188,,,24.04,Wood,FC Raw #120 Ash,
120AF,0.5,1.062,0.188,6.63,9.41,13.17,Wood,Oil & Wax #120 Ash,
FC-120AF,0.5,1.062,0.188,,,24.73,Wood,FC Oil & Wax #120 Ash,
120AL,0.5,1.062,0.188,7.17,10.18,14.25,Wood,Clear Lacquer #120 Ash,
FC-120AL,0.5,1.062,0.188,,,24.73,Wood,FC Clear Lacquer #120 Ash,
120AW,0.5,1.062,0.188,9.07,12.88,18.03,Wood,WhiteWash #120 Ash,
FC-120AW,0.5,1.062,0.188,,,25.42,Wood,FC WhiteWash #120 Ash,
120AT,0.5,1.062,0.188,9.07,12.88,18.03,Wood,White #120 Ash,
FC-120AT,0.5,1.062,0.188,,,26.79,Wood,FC White #120 Ash,
120AK,0.5,1.062,0.188,9.07,12.88,18.03,Wood,Satin Black #120 Ash,
FC-120AK,0.5,1.062,0.188,,,26.79,Wood,FC Satin Black #120 Ash,
120AA,0.5,1.062,0.188,9.07,12.88,18.03,Wood,Warm White #120 Ash,
FC-120AA,0.5,1.062,0.188,,,26.79,Wood,FC Warm White #120 Ash,
120AC,0.5,1.062,0.188,9.07,12.88,18.03,Wood,Charcoal #120 Ash,
FC-120AC,0.5,1.062,0.188,,,26.79,Wood,FC Charcoal #120 Ash,
120AI,0.5,1.062,0.188,9.07,12.88,18.03,Wood,Rising White #120 Ash,
FC-120AI,0.5,1.062,0.188,,,26.79,Wood,FC Rising White #120 Ash,
120A1,0.5,1.062,0.188,9.07,12.88,18.03,Wood,Light Grey #120 Ash,
FC-120A1,0.5,1.062,0.188,,,26.79,Wood,FC Light Grey #120 Ash,
120A2,0.5,1.062,0.188,9.07,12.88,18.03,Wood,Medium Grey #120 Ash,
FC-120A2,0.5,1.062,0.188,,,26.79,Wood,FC Medium Grey #120 Ash,
120A3,0.5,1.062,0.188,9.07,12.88,18.03,Wood,Dark Grey #120 Ash,
FC-120A3,0.5,1.062,0.188,,,26.79,Wood,FC Dark Grey #120 Ash,
120CR,0.5,1.062,0.188,3.61,5.27,8.43,Wood,Raw #120 Cherry,
FC-120CR,0.5,1.062,0.188,,,24.52,Wood,FC Raw #120 Cherry,
120CF,0.5,1.062,0.188,7.14,10.42,14.59,Wood,Oil & Wax #120 Cherry,
FC-120CF,0.5,1.062,0.188,,,25.21,Wood,FC Oil & Wax #120 Cherry,
120CL,0.5,1.062,0.188,9.04,13.2,18.48,Wood,Clear Lacquer #120 Cherry,
FC-120CL,0.5,1.062,0.188,,,26.58,Wood,FC Clear Lacquer #120 Cherry,
120CG,0.5,1.062,0.188,9.04,13.2,18.48,Wood,Aged #120 Cherry,
FC-120CG,0.5,1.062,0.188,,,26.58,Wood,FC Aged #120 Cherry,
120CQ,0.5,1.062,0.188,9.04,13.2,18.48,Wood,Antique #120 Cherry,
FC-120CQ,0.5,1.062,0.188,,,26.58,Wood,FC Antique #120 Cherry,
120CD,0.5,1.062,0.188,9.04,13.2,18.48,Wood,Black Cherry #120 Cherry,
FC-120CD,0.5,1.062,0.188,,,27.27,Wood,FC Black Cherry #120 Cherry,
120MR,0.5,1.062,0.188,4.11,5.67,9.07,Wood,Raw #120 Maple,
FC-120MR,0.5,1.062,0.188,,,24.92,Wood,FC Raw #120 Maple,
120MF,0.5,1.062,0.188,7.37,10.17,14.24,Wood,Oil & Wax #120 Maple,
FC-120MF,0.5,1.062,0.188,,,25.61,Wood,FC Oil & Wax #120 Maple,
120ML,0.5,1.062,0.188,7.64,10.54,14.76,Wood,Clear Lacquer #120 Maple,
FC-120ML,0.5,1.062,0.188,,,25.61,Wood,FC Clear Lacquer #120 Maple,
120MW,0.5,1.062,0.188,8.7,12.01,16.81,Wood,WhiteWash #120 Maple,
FC-120MW,0.5,1.062,0.188,,,26.3,Wood,FC WhiteWash #120 Maple,
120MT,0.5,1.062,0.188,7.91,10.92,15.29,Wood,White #120 Maple,
FC-120MT,0.5,1.062,0.188,,,26.98,Wood,FC White #120 Maple,
120MK,0.5,1.062,0.188,7.91,10.92,15.29,Wood,Satin Black #120 Maple,
FC-120MK,0.5,1.062,0.188,,,26.98,Wood,FC Satin Black #120 Maple,
120MA,0.5,1.062,0.188,7.91,10.92,15.29,Wood,Warm White #120 Maple,
FC-120MA,0.5,1.062,0.188,,,26.98,Wood,FC Warm White #120 Maple,
120MI,0.5,1.062,0.188,7.91,10.92,15.29,Wood,Rising White #120 Maple,
FC-120MI,0.5,1.062,0.188,,,26.98,Wood,FC Rising White #120 Maple,
120M1,0.5,1.062,0.188,7.91,10.92,15.29,Wood,Light Grey #120 Maple,
FC-120M1,0.5,1.062,0.188,,,26.98,Wood,FC Light Grey #120 Maple,
120M2,0.5,1.062,0.188,7.91,10.92,15.29,Wood,Medium Grey #120 Maple,
FC-120M2,0.5,1.062,0.188,,,26.98,Wood,FC Medium Grey #120 Maple,
120M3,0.5,1.062,0.188,7.91,10.92,15.29,Wood,Dark Grey #120 Maple,
FC-120M3,0.5,1.062,0.188,,,26.98,Wood,FC Dark Grey #120 Maple,
120M9,0.5,1.062,0.188,8.7,12.01,16.81,Wood,Wheat #120 Maple,
FC-120M9,0.5,1.062,0.188,,,26.98,Wood,FC Wheat #120 Maple,
120OR,0.5,1.062,0.188,3.13,4.32,6.91,Wood,Raw #120 Oak,
FC-120OR,0.5,1.062,0.188,,,23.57,Wood,FC Raw #120 Oak,
120OF,0.5,1.062,0.188,6.39,8.82,12.35,Wood,Oil & Wax #120 Oak,
FC-120OF,0.5,1.062,0.188,,,24.26,Wood,FC Oil & Wax #120 Oak,
120OL,0.5,1.062,0.188,6.66,9.19,12.87,Wood,Clear Lacquer #120 Oak,
FC-120OL,0.5,1.062,0.188,,,24.26,Wood,FC Clear Lacquer #120 Oak,
120WR,0.5,1.062,0.188,7.81,11.4,18.24,Wood,Raw #120 Walnut,
FC-120WR,0.5,1.062,0.188,,,30.65,Wood,FC Raw #120 Walnut,
120WF,0.5,1.062,0.188,12.4,18.1,25.34,Wood,Oil & Wax #120 Walnut,
FC-120WF,0.5,1.062,0.188,,,31.34,Wood,FC Oil & Wax #120 Walnut,
120WP,0.5,1.062,0.188,13.24,19.33,27.06,Wood,Padauk #120 Walnut,
FC-120WP,0.5,1.062,0.188,,,32.03,Wood,FC Padauk #120 Walnut,
120WB,0.5,1.062,0.188,13.24,19.33,27.06,Wood,Special Dark #120 Walnut,
FC-120WB,0.5,1.062,0.188,,,32.03,Wood,FC Special Dark #120 Walnut,
120WE,0.5,1.062,0.188,12.4,18.1,25.34,Wood,Ebony #120 Walnut,
FC-120WE,0.5,1.062,0.188,,,32.03,Wood,FC Ebony #120 Walnut,
120WK,0.5,1.062,0.188,11.61,16.95,23.73,Wood,Satin Black #120 Walnut,
FC-120WK,0.5,1.062,0.188,,,31.34,Wood,FC Satin Black #120 Walnut,
120W1,0.5,1.062,0.188,11.61,16.95,23.73,Wood,Light Grey #120 Walnut,
FC-120W1,0.5,1.062,0.188,,,31.34,Wood,FC Light Grey #120 Walnut,
120W2,0.5,1.062,0.188,11.61,16.95,23.73,Wood,Medium Grey #120 Walnut,
FC-120W2,0.5,1.062,0.188,,,31.34,Wood,FC Medium Grey #120 Walnut,
120W3,0.5,1.062,0.188,11.61,16.95,23.73,Wood,Dark Grey #120 Walnut,
FC-120W3,0.5,1.062,0.188,,,31.34,Wood,FC Dark Grey #120 Walnut,
120VR,0.5,1.062,0.188,5.44,8.98,14.37,Wood,Raw #120 White Oak,
FC-120VR,0.5,1.062,0.188,,,29.61,Wood,FC Raw #120 White Oak,
120VF,0.5,1.062,0.188,8.7,14.35,20.09,Wood,Oil & Wax #120 White Oak,
FC-120VF,0.5,1.062,0.188,,,30.29,Wood,FC Oil & Wax #120 White Oak,
120VL,0.5,1.062,0.188,9.24,15.25,21.35,Wood,Clear Lacquer #120 White Oak,
FC-120VL,0.5,1.062,0.188,,,30.29,Wood,FC Clear Lacquer #120 White Oak,
120VC,0.5,1.062,0.188,10.87,17.94,25.12,Wood,Charcoal #120 White Oak,
FC-120VC,0.5,1.062,0.188,,,30.98,Wood,FC Charcoal #120 White Oak,
120VM,0.5,1.062,0.188,10.87,17.94,25.12,Wood,Mission #120 White Oak,
FC-120VM,0.5,1.062,0.188,,,30.98,Wood,FC Mission #120 White Oak,
120V7,0.5,1.062,0.188,10.87,17.94,25.12,Wood,Bleached #120 White Oak,
FC-120V7,0.5,1.062,0.188,,,30.98,Wood,FC Bleached #120 White Oak,
122AR,0.625,1.062,0.25,3.37,4.79,7.66,Wood,Raw #122 Ash,
FC-122AR,0.625,1.062,0.25,,,24.04,Wood,FC Raw #122 Ash,
122AF,0.625,1.062,0.25,6.63,9.41,13.17,Wood,Oil & Wax #122 Ash,
FC-122AF,0.625,1.062,0.25,,,24.73,Wood,FC Oil & Wax #122 Ash,
122AL,0.625,1.062,0.25,7.17,10.18,14.25,Wood,Clear Lacquer #122 Ash,
FC-122AL,0.625,1.062,0.25,,,24.73,Wood,FC Clear Lacquer #122 Ash,
122AW,0.625,1.062,0.25,9.07,12.88,18.03,Wood,WhiteWash #122 Ash,
FC-122AW,0.625,1.062,0.25,,,25.42,Wood,FC WhiteWash #122 Ash,
122AT,0.625,1.062,0.25,9.07,12.88,18.03,Wood,White #122 Ash,
FC-122AT,0.625,1.062,0.25,,,26.79,Wood,FC White #122 Ash,
122AK,0.625,1.062,0.25,9.07,12.88,18.03,Wood,Satin Black #122 Ash,
FC-122AK,0.625,1.062,0.25,,,26.79,Wood,FC Satin Black #122 Ash,
122AA,0.625,1.062,0.25,9.07,12.88,18.03,Wood,Warm White #122 Ash,
FC-122AA,0.625,1.062,0.25,,,26.79,Wood,FC Warm White #122 Ash,
122AC,0.625,1.062,0.25,9.07,12.88,18.03,Wood,Charcoal #122 Ash,
FC-122AC,0.625,1.062,0.25,,,26.79,Wood,FC Charcoal #122 Ash,
122AI,0.625,1.062,0.25,9.07,12.88,18.03,Wood,Rising White #122 Ash,
FC-122AI,0.625,1.062,0.25,,,26.79,Wood,FC Rising White #122 Ash,
122A1,0.625,1.062,0.25,9.07,12.88,18.03,Wood,Light Grey #122 Ash,
FC-122A1,0.625,1.062,0.25,,,26.79,Wood,FC Light Grey #122 Ash,
122A2,0.625,1.062,0.25,9.07,12.88,18.03,Wood,Medium Grey #122 Ash,
FC-122A2,0.625,1.062,0.25,,,26.79,Wood,FC Medium Grey #122 Ash,
122A3,0.625,1.062,0.25,9.07,12.88,18.03,Wood,Dark Grey #122 Ash,
FC-122A3,0.625,1.062,0.25,,,26.79,Wood,FC Dark Grey #122 Ash,
122CR,0.625,1.062,0.25,3.61,5.27,8.43,Wood,Raw #122 Cherry,
FC-122CR,0.625,1.062,0.25,,,24.52,Wood,FC Raw #122 Cherry,
122CF,0.625,1.062,0.25,7.14,10.42,14.59,Wood,Oil & Wax #122 Cherry,
FC-122CF,0.625,1.062,0.25,,,25.21,Wood,FC Oil & Wax #122 Cherry,
122CL,0.625,1.062,0.25,9.04,13.2,18.48,Wood,Clear Lacquer #122 Cherry,
FC-122CL,0.625,1.062,0.25,,,26.58,Wood,FC Clear Lacquer #122 Cherry,
122CG,0.625,1.062,0.25,9.04,13.2,18.48,Wood,Aged #122 Cherry,
FC-122CG,0.625,1.062,0.25,,,26.58,Wood,FC Aged #122 Cherry,
122CQ,0.625,1.062,0.25,9.04,13.2,18.48,Wood,Antique #122 Cherry,
FC-122CQ,0.625,1.062,0.25,,,26.58,Wood,FC Antique #122 Cherry,
122CD,0.625,1.062,0.25,9.04,13.2,18.48,Wood,Black Cherry #122 Cherry,
FC-122CD,0.625,1.062,0.25,,,27.27,Wood,FC Black Cherry #122 Cherry,
122MR,0.625,1.062,0.25,4.11,5.67,9.07,Wood,Raw #122 Maple,
FC-122MR,0.625,1.062,0.25,,,24.92,Wood,FC Raw #122 Maple,
122MF,0.625,1.062,0.25,7.37,10.17,14.24,Wood,Oil & Wax #122 Maple,
FC-122MF,0.625,1.062,0.25,,,25.61,Wood,FC Oil & Wax #122 Maple,
122ML,0.625,1.062,0.25,7.64,10.54,14.76,Wood,Clear Lacquer #122 Maple,
FC-122ML,0.625,1.062,0.25,,,25.61,Wood,FC Clear Lacquer #122 Maple,
122MW,0.625,1.062,0.25,8.7,12.01,16.81,Wood,WhiteWash #122 Maple,
FC-122MW,0.625,1.062,0.25,,,26.3,Wood,FC WhiteWash #122 Maple,
122MT,0.625,1.062,0.25,7.91,10.92,15.29,Wood,White #122 Maple,
FC-122MT,0.625,1.062,0.25,,,26.98,Wood,FC White #122 Maple,
122MK,0.625,1.062,0.25,7.91,10.92,15.29,Wood,Satin Black #122 Maple,
FC-122MK,0.625,1.062,0.25,,,26.98,Wood,FC Satin Black #122 Maple,
122MA,0.625,1.062,0.25,7.91,10.92,15.29,Wood,Warm White #122 Maple,
FC-122MA,0.625,1.062,0.25,,,26.98,Wood,FC Warm White #122 Maple,
122MI,0.625,1.062,0.25,7.91,10.92,15.29,Wood,Rising White #122 Maple,
FC-122MI,0.625,1.062,0.25,,,26.98,Wood,FC Rising White #122 Maple,
122M1,0.625,1.062,0.25,7.91,10.92,15.29,Wood,Light Grey #122 Maple,
FC-122M1,0.625,1.062,0.25,,,26.98,Wood,FC Light Grey #122 Maple,
122M2,0.625,1.062,0.25,7.91,10.92,15.29,Wood,Medium Grey #122 Maple,
FC-122M2,0.625,1.062,0.25,,,26.98,Wood,FC Medium Grey #122 Maple,
122M3,0.625,1.062,0.25,7.91,10.92,15.29,Wood,Dark Grey #122 Maple,
FC-122M3,0.625,1.062,0.25,,,26.98,Wood,FC Dark Grey #122 Maple,
122M9,0.625,1.062,0.25,8.7,12.01,16.81,Wood,Wheat #122 Maple,
FC-122M9,0.625,1.062,0.25,,,26.98,Wood,FC Wheat #122 Maple,
122OR,0.625,1.062,0.25,3.13,4.32,6.91,Wood,Raw #122 Oak,
FC-122OR,0.625,1.062,0.25,,,23.57,Wood,FC Raw #122 Oak,
122OF,0.625,1.062,0.25,6.39,8.82,12.35,Wood,Oil & Wax #122 Oak,
FC-122OF,0.625,1.062,0.25,,,24.26,Wood,FC Oil & Wax #122 Oak,
122OL,0.625,1.062,0.25,6.66,9.19,12.87,Wood,Clear Lacquer #122 Oak,
FC-122OL,0.625,1.062,0.25,,,24.26,Wood,FC Clear Lacquer #122 Oak,
122WR,0.625,1.062,0.25,7.81,11.4,18.24,Wood,Raw #122 Walnut,
FC-122WR,0.625,1.062,0.25,,,30.65,Wood,FC Raw #122 Walnut,
122WF,0.625,1.062,0.25,12.4,18.1,25.34,Wood,Oil & Wax #122 Walnut,
FC-122WF,0.625,1.062,0.25,,,31.34,Wood,FC Oil & Wax #122 Walnut,
122WP,0.625,1.062,0.25,13.24,19.33,27.06,Wood,Padauk #122 Walnut,
FC-122WP,0.625,1.062,0.25,,,32.03,Wood,FC Padauk #122 Walnut,
122WB,0.625,1.062,0.25,13.24,19.33,27.06,Wood,Special Dark #122 Walnut,
FC-122WB,0.625,1.062,0.25,,,32.03,Wood,FC Special Dark #122 Walnut,
122WE,0.625,1.062,0.25,12.4,18.1,25.34,Wood,Ebony #122 Walnut,
FC-122WE,0.625,1.062,0.25,,,32.03,Wood,FC Ebony #122 Walnut,
122WK,0.625,1.062,0.25,11.61,16.95,23.73,Wood,Satin Black #122 Walnut,
FC-122WK,0.625,1.062,0.25,,,31.34,Wood,FC Satin Black #122 Walnut,
122W1,0.625,1.062,0.25,11.61,16.95,23.73,Wood,Light Grey #122 Walnut,
FC-122W1,0.625,1.062,0.25,,,31.34,Wood,FC Light Grey #122 Walnut,
122W2,0.625,1.062,0.25,11.61,16.95,23.73,Wood,Medium Grey #122 Walnut,
FC-122W2,0.625,1.062,0.25,,,31.34,Wood,FC Medium Grey #122 Walnut,
122W3,0.625,1.062,0.25,11.61,16.95,23.73,Wood,Dark Grey #122 Walnut,
FC-122W3,0.625,1.062,0.25,,,31.34,Wood,FC Dark Grey #122 Walnut,
122VR,0.625,1.062,0.25,5.44,8.98,14.37,Wood,Raw #122 White Oak,
FC-122VR,0.625,1.062,0.25,,,29.61,Wood,FC Raw #122 White Oak,
122VF,0.625,1.062,0.25,8.7,14.35,20.09,Wood,Oil & Wax #122 White Oak,
FC-122VF,0.625,1.062,0.25,,,30.29,Wood,FC Oil & Wax #122 White Oak,
122VL,0.625,1.062,0.25,9.24,15.25,21.35,Wood,Clear Lacquer #122 White Oak,
FC-122VL,0.625,1.062,0.25,,,30.29,Wood,FC Clear Lacquer #122 White Oak,
122VC,0.625,1.062,0.25,10.87,17.94,25.12,Wood,Charcoal #122 White Oak,
FC-122VC,0.625,1.062,0.25,,,30.98,Wood,FC Charcoal #122 White Oak,
122VM,0.625,1.062,0.25,10.87,17.94,25.12,Wood,Mission #122 White Oak,
FC-122VM,0.625,1.062,0.25,,,30.98,Wood,FC Mission #122 White Oak,
122V7,0.625,1.062,0.25,10.87,17.94,25.12,Wood,Bleached #122 White Oak,
FC-122V7,0.625,1.062,0.25,,,30.98,Wood,FC Bleached #122 White Oak,
130AR,0.5,1.312,0.188,3.67,5.21,7.82,Wood,Raw #130 Ash,
FC-130AR,0.5,1.312,0.188,,,24.46,Wood,FC Raw #130 Ash,
130AF,0.5,1.312,0.188,6.93,9.84,13.28,Wood,Oil & Wax #130 Ash,
FC-130AF,0.5,1.312,0.188,,,25.15,Wood,FC Oil & Wax #130 Ash,
130AL,0.5,1.312,0.188,7.47,10.61,14.32,Wood,Clear Lacquer #130 Ash,
FC-130AL,0.5,1.312,0.188,,,25.15,Wood,FC Clear Lacquer #130 Ash,
130AW,0.5,1.312,0.188,9.37,13.31,17.97,Wood,WhiteWash #130 Ash,
FC-130AW,0.5,1.312,0.188,,,25.84,Wood,FC WhiteWash #130 Ash,
130AT,0.5,1.312,0.188,9.37,13.31,17.97,Wood,White #130 Ash,
FC-130AT,0.5,1.312,0.188,,,27.21,Wood,FC White #130 Ash,
130AK,0.5,1.312,0.188,9.37,13.31,17.97,Wood,Satin Black #130 Ash,
FC-130AK,0.5,1.312,0.188,,,27.21,Wood,FC Satin Black #130 Ash,
130AA,0.5,1.312,0.188,9.37,13.31,17.97,Wood,Warm White #130 Ash,
FC-130AA,0.5,1.312,0.188,,,27.21,Wood,FC Warm White #130 Ash,
130AC,0.5,1.312,0.188,9.37,13.31,17.97,Wood,Charcoal #130 Ash,
FC-130AC,0.5,1.312,0.188,,,27.21,Wood,FC Charcoal #130 Ash,
130AI,0.5,1.312,0.188,9.37,13.31,17.97,Wood,Rising White #130 Ash,
FC-130AI,0.5,1.312,0.188,,,27.21,Wood,FC Rising White #130 Ash,
130A1,0.5,1.312,0.188,9.37,13.31,17.97,Wood,Light Grey #130 Ash,
FC-130A1,0.5,1.312,0.188,,,27.21,Wood,FC Light Grey #130 Ash,
130A2,0.5,1.312,0.188,9.37,13.31,17.97,Wood,Medium Grey #130 Ash,
FC-130A2,0.5,1.312,0.188,,,27.21,Wood,FC Medium Grey #130 Ash,
130A3,0.5,1.312,0.188,9.37,13.31,17.97,Wood,Dark Grey #130 Ash,
FC-130A3,0.5,1.312,0.188,,,27.21,Wood,FC Dark Grey #130 Ash,
130CR,0.5,1.312,0.188,4.06,5.93,8.9,Wood,Raw #130 Cherry,
FC-130CR,0.5,1.312,0.188,,,25.18,Wood,FC Raw #130 Cherry,
130CF,0.5,1.312,0.188,7.59,11.08,14.96,Wood,Oil & Wax #130 Cherry,
FC-130CF,0.5,1.312,0.188,,,25.87,Wood,FC Oil & Wax #130 Cherry,
130CL,0.5,1.312,0.188,9.49,13.86,18.71,Wood,Clear Lacquer #130 Cherry,
FC-130CL,0.5,1.312,0.188,,,27.24,Wood,FC Clear Lacquer #130 Cherry,
130CG,0.5,1.312,0.188,9.49,13.86,18.71,Wood,Aged #130 Cherry,
FC-130CG,0.5,1.312,0.188,,,27.24,Wood,FC Aged #130 Cherry,
130CQ,0.5,1.312,0.188,9.49,13.86,18.71,Wood,Antique #130 Cherry,
FC-130CQ,0.5,1.312,0.188,,,27.24,Wood,FC Antique #130 Cherry,
130CD,0.5,1.312,0.188,9.49,13.86,18.71,Wood,Black Cherry #130 Cherry,
FC-130CD,0.5,1.312,0.188,,,27.93,Wood,FC Black Cherry #130 Cherry,
130MR,0.5,1.312,0.188,4.34,5.99,8.98,Wood,Raw #130 Maple,
FC-130MR,0.5,1.312,0.188,,,25.24,Wood,FC Raw #130 Maple,
130MF,0.5,1.312,0.188,7.6,10.49,14.16,Wood,Oil & Wax #130 Maple,
FC-130MF,0.5,1.312,0.188,,,25.93,Wood,FC Oil & Wax #130 Maple,
130ML,0.5,1.312,0.188,7.87,10.86,14.66,Wood,Clear Lacquer #130 Maple,
FC-130ML,0.5,1.312,0.188,,,25.93,Wood,FC Clear Lacquer #130 Maple,
130MW,0.5,1.312,0.188,8.93,12.32,16.63,Wood,WhiteWash #130 Maple,
FC-130MW,0.5,1.312,0.188,,,26.62,Wood,FC WhiteWash #130 Maple,
130MT,0.5,1.312,0.188,8.14,11.23,15.16,Wood,White #130 Maple,
FC-130MT,0.5,1.312,0.188,,,27.3,Wood,FC White #130 Maple,
130MK,0.5,1.312,0.188,8.14,11.23,15.16,Wood,Satin Black #130 Maple,
FC-130MK,0.5,1.312,0.188,,,27.3,Wood,FC Satin Black #130 Maple,
130MA,0.5,1.312,0.188,8.14,11.23,15.16,Wood,Warm White #130 Maple,
FC-130MA,0.5,1.312,0.188,,,27.3,Wood,FC Warm White #130 Maple,
130MI,0.5,1.312,0.188,8.14,11.23,15.16,Wood,Rising White #130 Maple,
FC-130MI,0.5,1.312,0.188,,,27.3,Wood,FC Rising White #130 Maple,
130M1,0.5,1.312,0.188,8.14,11.23,15.16,Wood,Light Grey #130 Maple,
FC-130M1,0.5,1.312,0.188,,,27.3,Wood,FC Light Grey #130 Maple,
130M2,0.5,1.312,0.188,8.14,11.23,15.16,Wood,Medium Grey #130 Maple,
FC-130M2,0.5,1.312,0.188,,,27.3,Wood,FC Medium Grey #130 Maple,
130M3,0.5,1.312,0.188,8.14,11.23,15.16,Wood,Dark Grey #130 Maple,
FC-130M3,0.5,1.312,0.188,,,27.3,Wood,FC Dark Grey #130 Maple,
130M9,0.5,1.312,0.188,8.93,12.32,16.63,Wood,Wheat #130 Maple,
FC-130M9,0.5,1.312,0.188,,,27.3,Wood,FC Wheat #130 Maple,
130WR,0.5,1.312,0.188,8.42,12.29,18.43,Wood,Raw #130 Walnut,
FC-130WR,0.5,1.312,0.188,,,31.54,Wood,FC Raw #130 Walnut,
130WF,0.5,1.312,0.188,13.01,18.99,25.64,Wood,Oil & Wax #130 Walnut,
FC-130WF,0.5,1.312,0.188,,,32.23,Wood,FC Oil & Wax #130 Walnut,
130WP,0.5,1.312,0.188,13.85,20.22,27.3,Wood,Padauk #130 Walnut,
FC-130WP,0.5,1.312,0.188,,,32.92,Wood,FC Padauk #130 Walnut,
130WB,0.5,1.312,0.188,13.85,20.22,27.3,Wood,Special Dark #130 Walnut,
FC-130WB,0.5,1.312,0.188,,,32.92,Wood,FC Special Dark #130 Walnut,
130WE,0.5,1.312,0.188,13.01,18.99,25.64,Wood,Ebony #130 Walnut,
FC-130WE,0.5,1.312,0.188,,,32.92,Wood,FC Ebony #130 Walnut,
130WK,0.5,1.312,0.188,12.22,17.84,24.08,Wood,Satin Black #130 Walnut,
FC-130WK,0.5,1.312,0.188,,,32.23,Wood,FC Satin Black #130 Walnut,
130W1,0.5,1.312,0.188,12.22,17.84,24.08,Wood,Light Grey #130 Walnut,
FC-130W1,0.5,1.312,0.188,,,32.23,Wood,FC Light Grey #130 Walnut,
130W2,0.5,1.312,0.188,12.22,17.84,24.08,Wood,Medium Grey #130 Walnut,
FC-130W2,0.5,1.312,0.188,,,32.23,Wood,FC Medium Grey #130 Walnut,
130W3,0.5,1.312,0.188,12.22,17.84,24.08,Wood,Dark Grey #130 Walnut,
FC-130W3,0.5,1.312,0.188,,,32.23,Wood,FC Dark Grey #130 Walnut,
130VR,0.5,1.312,0.188,5.8,9.57,14.36,Wood,Raw #130 White Oak,
FC-130VR,0.5,1.312,0.188,,,30.2,Wood,FC Raw #130 White Oak,
130VF,0.5,1.312,0.188,9.06,14.95,20.18,Wood,Oil & Wax #130 White Oak,
FC-130VF,0.5,1.312,0.188,,,30.88,Wood,FC Oil & Wax #130 White Oak,
130VL,0.5,1.312,0.188,9.6,15.84,21.38,Wood,Clear Lacquer #130 White Oak,
FC-130VL,0.5,1.312,0.188,,,30.88,Wood,FC Clear Lacquer #130 White Oak,
130VC,0.5,1.312,0.188,11.23,18.53,25.02,Wood,Charcoal #130 White Oak,
FC-130VC,0.5,1.312,0.188,,,31.57,Wood,FC Charcoal #130 White Oak,
130VM,0.5,1.312,0.188,11.23,18.53,25.02,Wood,Mission #130 White Oak,
FC-130VM,0.5,1.312,0.188,,,31.57,Wood,FC Mission #130 White Oak,
130V7,0.5,1.312,0.188,11.23,18.53,25.02,Wood,Bleached #130 White Oak,
FC-130V7,0.5,1.312,0.188,,,31.57,Wood,FC Bleached #130 White Oak,
132AR,0.625,1.312,0.25,3.67,5.21,7.82,Wood,Raw #132 Ash,
FC-132AR,0.625,1.312,0.25,,,24.46,Wood,FC Raw #132 Ash,
132AF,0.625,1.312,0.25,6.93,9.84,13.28,Wood,Oil & Wax #132 Ash,
FC-132AF,0.625,1.312,0.25,,,25.15,Wood,FC Oil & Wax #132 Ash,
132AL,0.625,1.312,0.25,7.47,10.61,14.32,Wood,Clear Lacquer #132 Ash,
FC-132AL,0.625,1.312,0.25,,,25.15,Wood,FC Clear Lacquer #132 Ash,
132AW,0.625,1.312,0.25,9.37,13.31,17.97,Wood,WhiteWash #132 Ash,
FC-132AW,0.625,1.312,0.25,,,25.84,Wood,FC WhiteWash #132 Ash,
132AT,0.625,1.312,0.25,9.37,13.31,17.97,Wood,White #132 Ash,
FC-132AT,0.625,1.312,0.25,,,27.21,Wood,FC White #132 Ash,
132AK,0.625,1.312,0.25,9.37,13.31,17.97,Wood,Satin Black #132 Ash,
FC-132AK,0.625,1.312,0.25,,,27.21,Wood,FC Satin Black #132 Ash,
132AA,0.625,1.312,0.25,9.37,13.31,17.97,Wood,Warm White #132 Ash,
FC-132AA,0.625,1.312,0.25,,,27.21,Wood,FC Warm White #132 Ash,
132AC,0.625,1.312,0.25,9.37,13.31,17.97,Wood,Charcoal #132 Ash,
FC-132AC,0.625,1.312,0.25,,,27.21,Wood,FC Charcoal #132 Ash,
132AI,0.625,1.312,0.25,9.37,13.31,17.97,Wood,Rising White #132 Ash,
FC-132AI,0.625,1.312,0.25,,,27.21,Wood,FC Rising White #132 Ash,
132A1,0.625,1.312,0.25,9.37,13.31,17.97,Wood,Light Grey #132 Ash,
FC-132A1,0.625,1.312,0.25,,,27.21,Wood,FC Light Grey #132 Ash,
132A2,0.625,1.312,0.25,9.37,13.31,17.97,Wood,Medium Grey #132 Ash,
FC-132A2,0.625,1.312,0.25,,,27.21,Wood,FC Medium Grey #132 Ash,
132A3,0.625,1.312,0.25,9.37,13.31,17.97,Wood,Dark Grey #132 Ash,
FC-132A3,0.625,1.312,0.25,,,27.21,Wood,FC Dark Grey #132 Ash,
132CR,0.625,1.312,0.25,4.06,5.93,8.9,Wood,Raw #132 Cherry,
FC-132CR,0.625,1.312,0.25,,,25.18,Wood,FC Raw #132 Cherry,
132CF,0.625,1.312,0.25,7.59,11.08,14.96,Wood,Oil & Wax #132 Cherry,
FC-132CF,0.625,1.312,0.25,,,25.87,Wood,FC Oil & Wax #132 Cherry,
132CL,0.625,1.312,0.25,9.49,13.86,18.71,Wood,Clear Lacquer #132 Cherry,
FC-132CL,0.625,1.312,0.25,,,27.24,Wood,FC Clear Lacquer #132 Cherry,
132CG,0.625,1.312,0.25,9.49,13.86,18.71,Wood,Aged #132 Cherry,
FC-132CG,0.625,1.312,0.25,,,27.24,Wood,FC Aged #132 Cherry,
132CQ,0.625,1.312,0.25,9.49,13.86,18.71,Wood,Antique #132 Cherry,
FC-132CQ,0.625,1.312,0.25,,,27.24,Wood,FC Antique #132 Cherry,
132CD,0.625,1.312,0.25,9.49,13.86,18.71,Wood,Black Cherry #132 Cherry,
FC-132CD,0.625,1.312,0.25,,,27.93,Wood,FC Black Cherry #132 Cherry,
132MR,0.625,1.312,0.25,4.34,5.99,8.98,Wood,Raw #132 Maple,
FC-132MR,0.625,1.312,0.25,,,25.24,Wood,FC Raw #132 Maple,
132MF,0.625,1.312,0.25,7.6,10.49,14.16,Wood,Oil & Wax #132 Maple,
FC-132MF,0.625,1.312,0.25,,,25.93,Wood,FC Oil & Wax #132 Maple,
132ML,0.625,1.312,0.25,7.87,10.86,14.66,Wood,Clear Lacquer #132 Maple,
FC-132ML,0.625,1.312,0.25,,,25.93,Wood,FC Clear Lacquer #132 Maple,
132MW,0.625,1.312,0.25,8.93,12.32,16.63,Wood,WhiteWash #132 Maple,
FC-132MW,0.625,1.312,0.25,,,26.62,Wood,FC WhiteWash #132 Maple,
132MT,0.625,1.312,0.25,8.14,11.23,15.16,Wood,White #132 Maple,
FC-132MT,0.625,1.312,0.25,,,27.3,Wood,FC White #132 Maple,
132MK,0.625,1.312,0.25,8.14,11.23,15.16,Wood,Satin Black #132 Maple,
FC-132MK,0.625,1.312,0.25,,,27.3,Wood,FC Satin Black #132 Maple,
132MA,0.625,1.312,0.25,8.14,11.23,15.16,Wood,Warm White #132 Maple,
FC-132MA,0.625,1.312,0.25,,,27.3,Wood,FC Warm White #132 Maple,
132MI,0.625,1.312,0.25,8.14,11.23,15.16,Wood,Rising White #132 Maple,
FC-132MI,0.625,1.312,0.25,,,27.3,Wood,FC Rising White #132 Maple,
132M1,0.625,1.312,0.25,8.14,11.23,15.16,Wood,Light Grey #132 Maple,
FC-132M1,0.625,1.312,0.25,,,27.3,Wood,FC Light Grey #132 Maple,
132M2,0.625,1.312,0.25,8.14,11.23,15.16,Wood,Medium Grey #132 Maple,
FC-132M2,0.625,1.312,0.25,,,27.3,Wood,FC Medium Grey #132 Maple,
132M3,0.625,1.312,0.25,8.14,11.23,15.16,Wood,Dark Grey #132 Maple,
FC-132M3,0.625,1.312,0.25,,,27.3,Wood,FC Dark Grey #132 Maple,
132M9,0.625,1.312,0.25,8.93,12.32,16.63,Wood,Wheat #132 Maple,
FC-132M9,0.625,1.312,0.25,,,27.3,Wood,FC Wheat #132 Maple,
132OR,0.625,1.312,0.25,3.48,4.8,7.2,Wood,Raw #132 Oak,
FC-132OR,0.625,1.312,0.25,,,24.05,Wood,FC Raw #132 Oak,
132OF,0.625,1.312,0.25,6.74,9.3,12.56,Wood,Oil & Wax #132 Oak,
FC-132OF,0.625,1.312,0.25,,,24.74,Wood,FC Oil & Wax #132 Oak,
132OL,0.625,1.312,0.25,7.01,9.67,13.05,Wood,Clear Lacquer #132 Oak,
FC-132OL,0.625,1.312,0.25,,,24.74,Wood,FC Clear Lacquer #132 Oak,
132WR,0.625,1.312,0.25,8.42,12.29,18.43,Wood,Raw #132 Walnut,
FC-132WR,0.625,1.312,0.25,,,31.54,Wood,FC Raw #132 Walnut,
132WF,0.625,1.312,0.25,13.01,18.99,25.64,Wood,Oil & Wax #132 Walnut,
FC-132WF,0.625,1.312,0.25,,,32.23,Wood,FC Oil & Wax #132 Walnut,
132WP,0.625,1.312,0.25,13.85,20.22,27.3,Wood,Padauk #132 Walnut,
FC-132WP,0.625,1.312,0.25,,,32.92,Wood,FC Padauk #132 Walnut,
132WB,0.625,1.312,0.25,13.85,20.22,27.3,Wood,Special Dark #132 Walnut,
FC-132WB,0.625,1.312,0.25,,,32.92,Wood,FC Special Dark #132 Walnut,
132WE,0.625,1.312,0.25,13.01,18.99,25.64,Wood,Ebony #132 Walnut,
FC-132WE,0.625,1.312,0.25,,,32.92,Wood,FC Ebony #132 Walnut,
132WK,0.625,1.312,0.25,12.22,17.84,24.08,Wood,Satin Black #132 Walnut,
FC-132WK,0.625,1.312,0.25,,,32.23,Wood,FC Satin Black #132 Walnut,
132W1,0.625,1.312,0.25,12.22,17.84,24.08,Wood,Light Grey #132 Walnut,
FC-132W1,0.625,1.312,0.25,,,32.23,Wood,FC Light Grey #132 Walnut,
132W2,0.625,1.312,0.25,12.22,17.84,24.08,Wood,Medium Grey #132 Walnut,
FC-132W2,0.625,1.312,0.25,,,32.23,Wood,FC Medium Grey #132 Walnut,
132W3,0.625,1.312,0.25,12.22,17.84,24.08,Wood,Dark Grey #132 Walnut,
FC-132W3,0.625,1.312,0.25,,,32.23,Wood,FC Dark Grey #132 Walnut,
132VR,0.625,1.312,0.25,5.8,9.57,14.36,Wood,Raw #132 White Oak,
FC-132VR,0.625,1.312,0.25,,,30.2,Wood,FC Raw #132 White Oak,
132VF,0.625,1.312,0.25,9.06,14.95,20.18,Wood,Oil & Wax #132 White Oak,
FC-132VF,0.625,1.312,0.25,,,30.88,Wood,FC Oil & Wax #132 White Oak,
132VL,0.625,1.312,0.25,9.6,15.84,21.38,Wood,Clear Lacquer #132 White Oak,
FC-132VL,0.625,1.312,0.25,,,30.88,Wood,FC Clear Lacquer #132 White Oak,
132VC,0.625,1.312,0.25,11.23,18.53,25.02,Wood,Charcoal #132 White Oak,
FC-132VC,0.625,1.312,0.25,,,31.57,Wood,FC Charcoal #132 White Oak,
132VM,0.625,1.312,0.25,11.23,18.53,25.02,Wood,Mission #132 White Oak,
FC-132VM,0.625,1.312,0.25,,,31.57,Wood,FC Mission #132 White Oak,
132V7,0.625,1.312,0.25,11.23,18.53,25.02,Wood,Bleached #132 White Oak,
FC-132V7,0.625,1.312,0.25,,,31.57,Wood,FC Bleached #132 White Oak,
140AR,0.5,1.562,0.188,4.2,5.96,8.94,Wood,Raw #140 Ash,
FC-140AR,0.5,1.562,0.188,,,25.9,Wood,FC Raw #140 Ash,
140AF,0.5,1.562,0.188,7.46,10.59,14.3,Wood,Oil & Wax #140 Ash,
FC-140AF,0.5,1.562,0.188,,,26.59,Wood,FC Oil & Wax #140 Ash,
140AL,0.5,1.562,0.188,8,11.36,15.34,Wood,Clear Lacquer #140 Ash,
FC-140AL,0.5,1.562,0.188,,,26.59,Wood,FC Clear Lacquer #140 Ash,
140AW,0.5,1.562,0.188,9.9,14.06,18.98,Wood,WhiteWash #140 Ash,
FC-140AW,0.5,1.562,0.188,,,27.27,Wood,FC WhiteWash #140 Ash,
140AT,0.5,1.562,0.188,9.9,14.06,18.98,Wood,White #140 Ash,
FC-140AT,0.5,1.562,0.188,,,28.65,Wood,FC White #140 Ash,
140AK,0.5,1.562,0.188,9.9,14.06,18.98,Wood,Satin Black #140 Ash,
FC-140AK,0.5,1.562,0.188,,,28.65,Wood,FC Satin Black #140 Ash,
140AA,0.5,1.562,0.188,9.9,14.06,18.98,Wood,Warm White #140 Ash,
FC-140AA,0.5,1.562,0.188,,,28.65,Wood,FC Warm White #140 Ash,
140AC,0.5,1.562,0.188,9.9,14.06,18.98,Wood,Charcoal #140 Ash,
FC-140AC,0.5,1.562,0.188,,,28.65,Wood,FC Charcoal #140 Ash,
140AI,0.5,1.562,0.188,9.9,14.06,18.98,Wood,Rising White #140 Ash,
FC-140AI,0.5,1.562,0.188,,,28.65,Wood,FC Rising White #140 Ash,
140A1,0.5,1.562,0.188,9.9,14.06,18.98,Wood,Light Grey #140 Ash,
FC-140A1,0.5,1.562,0.188,,,28.65,Wood,FC Light Grey #140 Ash,
140A2,0.5,1.562,0.188,9.9,14.06,18.98,Wood,Medium Grey #140 Ash,
FC-140A2,0.5,1.562,0.188,,,28.65,Wood,FC Medium Grey #140 Ash,
140A3,0.5,1.562,0.188,9.9,14.06,18.98,Wood,Dark Grey #140 Ash,
FC-140A3,0.5,1.562,0.188,,,28.65,Wood,FC Dark Grey #140 Ash,
140CR,0.5,1.562,0.188,4.71,6.88,10.32,Wood,Raw #140 Cherry,
FC-140CR,0.5,1.562,0.188,,,26.82,Wood,FC Raw #140 Cherry,
140CF,0.5,1.562,0.188,8.24,12.03,16.24,Wood,Oil & Wax #140 Cherry,
FC-140CF,0.5,1.562,0.188,,,27.51,Wood,FC Oil & Wax #140 Cherry,
140CL,0.5,1.562,0.188,10.14,14.8,19.98,Wood,Clear Lacquer #140 Cherry,
FC-140CL,0.5,1.562,0.188,,,28.88,Wood,FC Clear Lacquer #140 Cherry,
140CG,0.5,1.562,0.188,10.14,14.8,19.98,Wood,Aged #140 Cherry,
FC-140CG,0.5,1.562,0.188,,,28.88,Wood,FC Aged #140 Cherry,
140CQ,0.5,1.562,0.188,10.14,14.8,19.98,Wood,Antique #140 Cherry,
FC-140CQ,0.5,1.562,0.188,,,28.88,Wood,FC Antique #140 Cherry,
140CD,0.5,1.562,0.188,10.14,14.8,19.98,Wood,Black Cherry #140 Cherry,
FC-140CD,0.5,1.562,0.188,,,29.57,Wood,FC Black Cherry #140 Cherry,
140MR,0.5,1.562,0.188,4.9,6.76,10.14,Wood,Raw #140 Maple,
FC-140MR,0.5,1.562,0.188,,,26.7,Wood,FC Raw #140 Maple,
140MF,0.5,1.562,0.188,8.16,11.26,15.2,Wood,Oil & Wax #140 Maple,
FC-140MF,0.5,1.562,0.188,,,27.39,Wood,FC Oil & Wax #140 Maple,
140ML,0.5,1.562,0.188,8.43,11.63,15.7,Wood,Clear Lacquer #140 Maple,
FC-140ML,0.5,1.562,0.188,,,27.39,Wood,FC Clear Lacquer #140 Maple,
140MW,0.5,1.562,0.188,9.49,13.1,17.69,Wood,WhiteWash #140 Maple,
FC-140MW,0.5,1.562,0.188,,,28.07,Wood,FC WhiteWash #140 Maple,
140MT,0.5,1.562,0.188,8.7,12.01,16.21,Wood,White #140 Maple,
FC-140MT,0.5,1.562,0.188,,,28.76,Wood,FC White #140 Maple,
140MK,0.5,1.562,0.188,8.7,12.01,16.21,Wood,Satin Black #140 Maple,
FC-140MK,0.5,1.562,0.188,,,28.76,Wood,FC Satin Black #140 Maple,
140MA,0.5,1.562,0.188,8.7,12.01,16.21,Wood,Warm White #140 Maple,
FC-140MA,0.5,1.562,0.188,,,28.76,Wood,FC Warm White #140 Maple,
140MI,0.5,1.562,0.188,8.7,12.01,16.21,Wood,Rising White #140 Maple,
FC-140MI,0.5,1.562,0.188,,,28.76,Wood,FC Rising White #140 Maple,
140M1,0.5,1.562,0.188,8.7,12.01,16.21,Wood,Light Grey #140 Maple,
FC-140M1,0.5,1.562,0.188,,,28.76,Wood,FC Light Grey #140 Maple,
140M2,0.5,1.562,0.188,8.7,12.01,16.21,Wood,Medium Grey #140 Maple,
FC-140M2,0.5,1.562,0.188,,,28.76,Wood,FC Medium Grey #140 Maple,
140M3,0.5,1.562,0.188,8.7,12.01,16.21,Wood,Dark Grey #140 Maple,
FC-140M3,0.5,1.562,0.188,,,28.76,Wood,FC Dark Grey #140 Maple,
140M9,0.5,1.562,0.188,9.49,13.1,17.69,Wood,Wheat #140 Maple,
FC-140M9,0.5,1.562,0.188,,,28.76,Wood,FC Wheat #140 Maple,
140WR,0.5,1.562,0.188,8.66,12.64,18.96,Wood,Raw #140 Walnut,
FC-140WR,0.5,1.562,0.188,,,32.58,Wood,FC Raw #140 Walnut,
140WF,0.5,1.562,0.188,13.25,19.34,26.11,Wood,Oil & Wax #140 Walnut,
FC-140WF,0.5,1.562,0.188,,,33.27,Wood,FC Oil & Wax #140 Walnut,
140WP,0.5,1.562,0.188,14.09,20.57,27.77,Wood,Padauk #140 Walnut,
FC-140WP,0.5,1.562,0.188,,,33.95,Wood,FC Padauk #140 Walnut,
140WB,0.5,1.562,0.188,14.09,20.57,27.77,Wood,Special Dark #140 Walnut,
FC-140WB,0.5,1.562,0.188,,,33.95,Wood,FC Special Dark #140 Walnut,
140WE,0.5,1.562,0.188,13.25,19.34,26.11,Wood,Ebony #140 Walnut,
FC-140WE,0.5,1.562,0.188,,,33.95,Wood,FC Ebony #140 Walnut,
140WK,0.5,1.562,0.188,12.46,18.19,24.56,Wood,Satin Black #140 Walnut,
FC-140WK,0.5,1.562,0.188,,,33.27,Wood,FC Satin Black #140 Walnut,
140W1,0.5,1.562,0.188,12.46,18.19,24.56,Wood,Light Grey #140 Walnut,
FC-140W1,0.5,1.562,0.188,,,33.27,Wood,FC Light Grey #140 Walnut,
140W2,0.5,1.562,0.188,12.46,18.19,24.56,Wood,Medium Grey #140 Walnut,
FC-140W2,0.5,1.562,0.188,,,33.27,Wood,FC Medium Grey #140 Walnut,
140W3,0.5,1.562,0.188,12.46,18.19,24.56,Wood,Dark Grey #140 Walnut,
FC-140W3,0.5,1.562,0.188,,,33.27,Wood,FC Dark Grey #140 Walnut,
140VR,0.5,1.562,0.188,6.15,10.15,15.23,Wood,Raw #140 White Oak,
FC-140VR,0.5,1.562,0.188,,,30.78,Wood,FC Raw #140 White Oak,
140VF,0.5,1.562,0.188,9.41,15.53,20.97,Wood,Oil & Wax #140 White Oak,
FC-140VF,0.5,1.562,0.188,,,31.46,Wood,FC Oil & Wax #140 White Oak,
140VL,0.5,1.562,0.188,9.95,16.42,22.17,Wood,Clear Lacquer #140 White Oak,
FC-140VL,0.5,1.562,0.188,,,31.46,Wood,FC Clear Lacquer #140 White Oak,
140VC,0.5,1.562,0.188,11.58,19.11,25.8,Wood,Charcoal #140 White Oak,
FC-140VC,0.5,1.562,0.188,,,32.15,Wood,FC Charcoal #140 White Oak,
140VM,0.5,1.562,0.188,11.58,19.11,25.8,Wood,Mission #140 White Oak,
FC-140VM,0.5,1.562,0.188,,,32.15,Wood,FC Mission #140 White Oak,
140V7,0.5,1.562,0.188,11.58,19.11,25.8,Wood,Bleached #140 White Oak,
FC-140V7,0.5,1.562,0.188,,,32.15,Wood,FC Bleached #140 White Oak,
143AR,0.6875,1.562,0.25,4.2,5.96,8.94,Wood,Raw #143 Ash,
FC-143AR,0.6875,1.562,0.25,,,25.9,Wood,FC Raw #143 Ash,
143AF,0.6875,1.562,0.25,7.46,10.59,14.3,Wood,Oil & Wax #143 Ash,
FC-143AF,0.6875,1.562,0.25,,,26.59,Wood,FC Oil & Wax #143 Ash,
143AL,0.6875,1.562,0.25,8,11.36,15.34,Wood,Clear Lacquer #143 Ash,
FC-143AL,0.6875,1.562,0.25,,,26.59,Wood,FC Clear Lacquer #143 Ash,
143AW,0.6875,1.562,0.25,9.9,14.06,18.98,Wood,WhiteWash #143 Ash,
FC-143AW,0.6875,1.562,0.25,,,27.27,Wood,FC WhiteWash #143 Ash,
143AT,0.6875,1.562,0.25,9.9,14.06,18.98,Wood,White #143 Ash,
FC-143AT,0.6875,1.562,0.25,,,28.65,Wood,FC White #143 Ash,
143AK,0.6875,1.562,0.25,9.9,14.06,18.98,Wood,Satin Black #143 Ash,
FC-143AK,0.6875,1.562,0.25,,,28.65,Wood,FC Satin Black #143 Ash,
143AA,0.6875,1.562,0.25,9.9,14.06,18.98,Wood,Warm White #143 Ash,
FC-143AA,0.6875,1.562,0.25,,,28.65,Wood,FC Warm White #143 Ash,
143AC,0.6875,1.562,0.25,9.9,14.06,18.98,Wood,Charcoal #143 Ash,
FC-143AC,0.6875,1.562,0.25,,,28.65,Wood,FC Charcoal #143 Ash,
143AI,0.6875,1.562,0.25,9.9,14.06,18.98,Wood,Rising White #143 Ash,
FC-143AI,0.6875,1.562,0.25,,,28.65,Wood,FC Rising White #143 Ash,
143A1,0.6875,1.562,0.25,9.9,14.06,18.98,Wood,Light Grey #143 Ash,
FC-143A1,0.6875,1.562,0.25,,,28.65,Wood,FC Light Grey #143 Ash,
143A2,0.6875,1.562,0.25,9.9,14.06,18.98,Wood,Medium Grey #143 Ash,
FC-143A2,0.6875,1.562,0.25,,,28.65,Wood,FC Medium Grey #143 Ash,
143A3,0.6875,1.562,0.25,9.9,14.06,18.98,Wood,Dark Grey #143 Ash,
FC-143A3,0.6875,1.562,0.25,,,28.65,Wood,FC Dark Grey #143 Ash,
143CR,0.6875,1.562,0.25,4.71,6.88,10.32,Wood,Raw #143 Cherry,
FC-143CR,0.6875,1.562,0.25,,,26.82,Wood,FC Raw #143 Cherry,
143CF,0.6875,1.562,0.25,8.24,12.03,16.24,Wood,Oil & Wax #143 Cherry,
FC-143CF,0.6875,1.562,0.25,,,27.51,Wood,FC Oil & Wax #143 Cherry,
143CL,0.6875,1.562,0.25,10.14,14.8,19.98,Wood,Clear Lacquer #143 Cherry,
FC-143CL,0.6875,1.562,0.25,,,28.88,Wood,FC Clear Lacquer #143 Cherry,
143CG,0.6875,1.562,0.25,10.14,14.8,19.98,Wood,Aged #143 Cherry,
FC-143CG,0.6875,1.562,0.25,,,28.88,Wood,FC Aged #143 Cherry,
143CQ,0.6875,1.562,0.25,10.14,14.8,19.98,Wood,Antique #143 Cherry,
FC-143CQ,0.6875,1.562,0.25,,,28.88,Wood,FC Antique #143 Cherry,
143CD,0.6875,1.562,0.25,10.14,14.8,19.98,Wood,Black Cherry #143 Cherry,
FC-143CD,0.6875,1.562,0.25,,,29.57,Wood,FC Black Cherry #143 Cherry,
143MR,0.6875,1.562,0.25,4.9,6.76,10.14,Wood,Raw #143 Maple,
FC-143MR,0.6875,1.562,0.25,,,26.7,Wood,FC Raw #143 Maple,
143MF,0.6875,1.562,0.25,8.16,11.26,15.2,Wood,Oil & Wax #143 Maple,
FC-143MF,0.6875,1.562,0.25,,,27.39,Wood,FC Oil & Wax #143 Maple,
143ML,0.6875,1.562,0.25,8.43,11.63,15.7,Wood,Clear Lacquer #143 Maple,
FC-143ML,0.6875,1.562,0.25,,,27.39,Wood,FC Clear Lacquer #143 Maple,
143MW,0.6875,1.562,0.25,9.49,13.1,17.69,Wood,WhiteWash #143 Maple,
FC-143MW,0.6875,1.562,0.25,,,28.07,Wood,FC WhiteWash #143 Maple,
143MT,0.6875,1.562,0.25,8.7,12.01,16.21,Wood,White #143 Maple,
FC-143MT,0.6875,1.562,0.25,,,28.76,Wood,FC White #143 Maple,
143MK,0.6875,1.562,0.25,8.7,12.01,16.21,Wood,Satin Black #143 Maple,
FC-143MK,0.6875,1.562,0.25,,,28.76,Wood,FC Satin Black #143 Maple,
143MA,0.6875,1.562,0.25,8.7,12.01,16.21,Wood,Warm White #143 Maple,
FC-143MA,0.6875,1.562,0.25,,,28.76,Wood,FC Warm White #143 Maple,
143MI,0.6875,1.562,0.25,8.7,12.01,16.21,Wood,Rising White #143 Maple,
FC-143MI,0.6875,1.562,0.25,,,28.76,Wood,FC Rising White #143 Maple,
143M1,0.6875,1.562,0.25,8.7,12.01,16.21,Wood,Light Grey #143 Maple,
FC-143M1,0.6875,1.562,0.25,,,28.76,Wood,FC Light Grey #143 Maple,
143M2,0.6875,1.562,0.25,8.7,12.01,16.21,Wood,Medium Grey #143 Maple,
FC-143M2,0.6875,1.562,0.25,,,28.76,Wood,FC Medium Grey #143 Maple,
143M3,0.6875,1.562,0.25,8.7,12.01,16.21,Wood,Dark Grey #143 Maple,
FC-143M3,0.6875,1.562,0.25,,,28.76,Wood,FC Dark Grey #143 Maple,
143M9,0.6875,1.562,0.25,9.49,13.1,17.69,Wood,Wheat #143 Maple,
FC-143M9,0.6875,1.562,0.25,,,28.76,Wood,FC Wheat #143 Maple,
143OR,0.6875,1.562,0.25,3.99,5.51,8.26,Wood,Raw #143 Oak,
FC-143OR,0.6875,1.562,0.25,,,25.45,Wood,FC Raw #143 Oak,
143OF,0.6875,1.562,0.25,7.25,10,13.5,Wood,Oil & Wax #143 Oak,
FC-143OF,0.6875,1.562,0.25,,,26.14,Wood,FC Oil & Wax #143 Oak,
143OL,0.6875,1.562,0.25,7.52,10.38,14.01,Wood,Clear Lacquer #143 Oak,
FC-143OL,0.6875,1.562,0.25,,,26.14,Wood,FC Clear Lacquer #143 Oak,
143WR,0.6875,1.562,0.25,8.66,12.64,18.96,Wood,Raw #143 Walnut,
FC-143WR,0.6875,1.562,0.25,,,32.58,Wood,FC Raw #143 Walnut,
143WF,0.6875,1.562,0.25,13.25,19.34,26.11,Wood,Oil & Wax #143 Walnut,
FC-143WF,0.6875,1.562,0.25,,,33.27,Wood,FC Oil & Wax #143 Walnut,
143WP,0.6875,1.562,0.25,14.09,20.57,27.77,Wood,Padauk #143 Walnut,
FC-143WP,0.6875,1.562,0.25,,,33.95,Wood,FC Padauk #143 Walnut,
143WB,0.6875,1.562,0.25,14.09,20.57,27.77,Wood,Special Dark #143 Walnut,
FC-143WB,0.6875,1.562,0.25,,,33.95,Wood,FC Special Dark #143 Walnut,
143WE,0.6875,1.562,0.25,13.25,19.34,26.11,Wood,Ebony #143 Walnut,
FC-143WE,0.6875,1.562,0.25,,,33.95,Wood,FC Ebony #143 Walnut,
143WK,0.6875,1.562,0.25,12.46,18.19,24.56,Wood,Satin Black #143 Walnut,
FC-143WK,0.6875,1.562,0.25,,,33.27,Wood,FC Satin Black #143 Walnut,
143W1,0.6875,1.562,0.25,12.46,18.19,24.56,Wood,Light Grey #143 Walnut,
FC-143W1,0.6875,1.562,0.25,,,33.27,Wood,FC Light Grey #143 Walnut,
143W2,0.6875,1.562,0.25,12.46,18.19,24.56,Wood,Medium Grey #143 Walnut,
FC-143W2,0.6875,1.562,0.25,,,33.27,Wood,FC Medium Grey #143 Walnut,
143W3,0.6875,1.562,0.25,12.46,18.19,24.56,Wood,Dark Grey #143 Walnut,
FC-143W3,0.6875,1.562,0.25,,,33.27,Wood,FC Dark Grey #143 Walnut,
143VR,0.6875,1.562,0.25,6.15,10.15,15.23,Wood,Raw #143 White Oak,
FC-143VR,0.6875,1.562,0.25,,,30.78,Wood,FC Raw #143 White Oak,
143VF,0.6875,1.562,0.25,9.41,15.53,20.97,Wood,Oil & Wax #143 White Oak,
FC-143VF,0.6875,1.562,0.25,,,31.46,Wood,FC Oil & Wax #143 White Oak,
143VL,0.6875,1.562,0.25,9.95,16.42,22.17,Wood,Clear Lacquer #143 White Oak,
FC-143VL,0.6875,1.562,0.25,,,31.46,Wood,FC Clear Lacquer #143 White Oak,
143VC,0.6875,1.562,0.25,11.58,19.11,25.8,Wood,Charcoal #143 White Oak,
FC-143VC,0.6875,1.562,0.25,,,32.15,Wood,FC Charcoal #143 White Oak,
143VM,0.6875,1.562,0.25,11.58,19.11,25.8,Wood,Mission #143 White Oak,
FC-143VM,0.6875,1.562,0.25,,,32.15,Wood,FC Mission #143 White Oak,
143V7,0.6875,1.562,0.25,11.58,19.11,25.8,Wood,Bleached #143 White Oak,
FC-143V7,0.6875,1.562,0.25,,,32.15,Wood,FC Bleached #143 White Oak,
158AR,1,1.75,0.313,6.17,9.01,13.52,Wood,Raw #158 Ash,
FC-158AR,1,1.75,0.313,,,29.64,Wood,FC Raw #158 Ash,
158AF,1,1.75,0.313,9.43,13.77,18.59,Wood,Oil & Wax #158 Ash,
FC-158AF,1,1.75,0.313,,,30.32,Wood,FC Oil & Wax #158 Ash,
158AL,1,1.75,0.313,9.97,14.56,19.66,Wood,Clear Lacquer #158 Ash,
FC-158AL,1,1.75,0.313,,,30.32,Wood,FC Clear Lacquer #158 Ash,
158AW,1,1.75,0.313,11.87,17.33,23.4,Wood,WhiteWash #158 Ash,
FC-158AW,1,1.75,0.313,,,31.01,Wood,FC WhiteWash #158 Ash,
158AT,1,1.75,0.313,11.87,17.33,23.4,Wood,White #158 Ash,
FC-158AT,1,1.75,0.313,,,32.39,Wood,FC White #158 Ash,
158AK,1,1.75,0.313,11.87,17.33,23.4,Wood,Satin Black #158 Ash,
FC-158AK,1,1.75,0.313,,,32.39,Wood,FC Satin Black #158 Ash,
158AA,1,1.75,0.313,11.87,17.33,23.4,Wood,Warm White #158 Ash,
FC-158AA,1,1.75,0.313,,,32.39,Wood,FC Warm White #158 Ash,
158AC,1,1.75,0.313,11.87,17.33,23.4,Wood,Charcoal #158 Ash,
FC-158AC,1,1.75,0.313,,,32.39,Wood,FC Charcoal #158 Ash,
158AI,1,1.75,0.313,11.87,17.33,23.4,Wood,Rising White #158 Ash,
FC-158AI,1,1.75,0.313,,,32.39,Wood,FC Rising White #158 Ash,
158A1,1,1.75,0.313,11.87,17.33,23.4,Wood,Light Grey #158 Ash,
FC-158A1,1,1.75,0.313,,,32.39,Wood,FC Light Grey #158 Ash,
158A2,1,1.75,0.313,11.87,17.33,23.4,Wood,Medium Grey #158 Ash,
FC-158A2,1,1.75,0.313,,,32.39,Wood,FC Medium Grey #158 Ash,
158A3,1,1.75,0.313,11.87,17.33,23.4,Wood,Dark Grey #158 Ash,
FC-158A3,1,1.75,0.313,,,32.39,Wood,FC Dark Grey #158 Ash,
158CR,1,1.75,0.313,7.86,11.48,17.22,Wood,Raw #158 Cherry,
FC-158CR,1,1.75,0.313,,,32.11,Wood,FC Raw #158 Cherry,
158CF,1,1.75,0.313,11.39,16.63,22.45,Wood,Oil & Wax #158 Cherry,
FC-158CF,1,1.75,0.313,,,32.79,Wood,FC Oil & Wax #158 Cherry,
158CL,1,1.75,0.313,13.29,19.4,26.19,Wood,Clear Lacquer #158 Cherry,
FC-158CL,1,1.75,0.313,,,34.17,Wood,FC Clear Lacquer #158 Cherry,
158CG,1,1.75,0.313,13.29,19.4,26.19,Wood,Aged #158 Cherry,
FC-158CG,1,1.75,0.313,,,34.17,Wood,FC Aged #158 Cherry,
158CQ,1,1.75,0.313,13.29,19.4,26.19,Wood,Antique #158 Cherry,
FC-158CQ,1,1.75,0.313,,,34.17,Wood,FC Antique #158 Cherry,
158CD,1,1.75,0.313,13.29,19.4,26.19,Wood,Black Cherry #158 Cherry,
FC-158CD,1,1.75,0.313,,,34.86,Wood,FC Black Cherry #158 Cherry,
158MR,1,1.75,0.313,7.6,10.79,16.18,Wood,Raw #158 Maple,
FC-158MR,1,1.75,0.313,,,31.42,Wood,FC Raw #158 Maple,
158MF,1,1.75,0.313,10.86,15.42,20.82,Wood,Oil & Wax #158 Maple,
FC-158MF,1,1.75,0.313,,,32.1,Wood,FC Oil & Wax #158 Maple,
158ML,1,1.75,0.313,11.13,15.8,21.33,Wood,Clear Lacquer #158 Maple,
FC-158ML,1,1.75,0.313,,,32.1,Wood,FC Clear Lacquer #158 Maple,
158MW,1,1.75,0.313,12.19,17.31,23.37,Wood,WhiteWash #158 Maple,
FC-158MW,1,1.75,0.313,,,32.79,Wood,FC WhiteWash #158 Maple,
158MT,1,1.75,0.313,11.4,16.19,21.86,Wood,White #158 Maple,
FC-158MT,1,1.75,0.313,,,33.48,Wood,FC White #158 Maple,
158MK,1,1.75,0.313,11.4,16.19,21.86,Wood,Satin Black #158 Maple,
FC-158MK,1,1.75,0.313,,,33.48,Wood,FC Satin Black #158 Maple,
158MA,1,1.75,0.313,11.4,16.19,21.86,Wood,Warm White #158 Maple,
FC-158MA,1,1.75,0.313,,,33.48,Wood,FC Warm White #158 Maple,
158MI,1,1.75,0.313,11.4,16.19,21.86,Wood,Rising White #158 Maple,
FC-158MI,1,1.75,0.313,,,33.48,Wood,FC Rising White #158 Maple,
158M1,1,1.75,0.313,11.4,16.19,21.86,Wood,Light Grey #158 Maple,
FC-158M1,1,1.75,0.313,,,33.48,Wood,FC Light Grey #158 Maple,
158M2,1,1.75,0.313,11.4,16.19,21.86,Wood,Medium Grey #158 Maple,
FC-158M2,1,1.75,0.313,,,33.48,Wood,FC Medium Grey #158 Maple,
158M3,1,1.75,0.313,11.4,16.19,21.86,Wood,Dark Grey #158 Maple,
FC-158M3,1,1.75,0.313,,,33.48,Wood,FC Dark Grey #158 Maple,
158M9,1,1.75,0.313,12.19,17.31,23.37,Wood,Wheat #158 Maple,
FC-158M9,1,1.75,0.313,,,33.48,Wood,FC Wheat #158 Maple,
158WR,1,1.75,0.313,14.74,21.52,32.28,Wood,Raw #158 Walnut,
FC-158WR,1,1.75,0.313,,,42.15,Wood,FC Raw #158 Walnut,
158WF,1,1.75,0.313,19.33,28.22,38.1,Wood,Oil & Wax #158 Walnut,
FC-158WF,1,1.75,0.313,,,42.83,Wood,FC Oil & Wax #158 Walnut,
158WP,1,1.75,0.313,20.17,29.45,39.76,Wood,Padauk #158 Walnut,
FC-158WP,1,1.75,0.313,,,43.52,Wood,FC Padauk #158 Walnut,
158WB,1,1.75,0.313,20.17,29.45,39.76,Wood,Special Dark #158 Walnut,
FC-158WB,1,1.75,0.313,,,43.52,Wood,FC Special Dark #158 Walnut,
158WE,1,1.75,0.313,19.33,28.22,38.1,Wood,Ebony #158 Walnut,
FC-158WE,1,1.75,0.313,,,43.52,Wood,FC Ebony #158 Walnut,
158WK,1,1.75,0.313,18.54,27.07,36.54,Wood,Satin Black #158 Walnut,
FC-158WK,1,1.75,0.313,,,42.83,Wood,FC Satin Black #158 Walnut,
158W1,1,1.75,0.313,18.54,27.07,36.54,Wood,Light Grey #158 Walnut,
FC-158W1,1,1.75,0.313,,,42.83,Wood,FC Light Grey #158 Walnut,
158W2,1,1.75,0.313,18.54,27.07,36.54,Wood,Medium Grey #158 Walnut,
FC-158W2,1,1.75,0.313,,,42.83,Wood,FC Medium Grey #158 Walnut,
158W3,1,1.75,0.313,18.54,27.07,36.54,Wood,Dark Grey #158 Walnut,
FC-158W3,1,1.75,0.313,,,42.83,Wood,FC Dark Grey #158 Walnut,
158VR,1,1.75,0.313,8.96,14.78,22.17,Wood,Raw #158 White Oak,
FC-158VR,1,1.75,0.313,,,35.41,Wood,FC Raw #158 White Oak,
158VF,1,1.75,0.313,12.22,20.16,27.22,Wood,Oil & Wax #158 White Oak,
FC-158VF,1,1.75,0.313,,,36.09,Wood,FC Oil & Wax #158 White Oak,
158VL,1,1.75,0.313,12.76,21.05,28.42,Wood,Clear Lacquer #158 White Oak,
FC-158VL,1,1.75,0.313,,,36.09,Wood,FC Clear Lacquer #158 White Oak,
158VC,1,1.75,0.313,14.39,23.74,32.05,Wood,Charcoal #158 White Oak,
FC-158VC,1,1.75,0.313,,,36.78,Wood,FC Charcoal #158 White Oak,
158VM,1,1.75,0.313,14.39,23.74,32.05,Wood,Mission #158 White Oak,
FC-158VM,1,1.75,0.313,,,36.78,Wood,FC Mission #158 White Oak,
158V7,1,1.75,0.313,14.39,23.74,32.05,Wood,Bleached #158 White Oak,
FC-158V7,1,1.75,0.313,,,36.78,Wood,FC Bleached #158 White Oak,
164AR,0.75,2,0.25,4.83,6.86,10.29,Wood,Raw #164 Ash,
FC-164AR,0.75,2,0.25,,,27.49,Wood,FC Raw #164 Ash,
164AF,0.75,2,0.25,8.09,11.49,15.51,Wood,Oil & Wax #164 Ash,
FC-164AF,0.75,2,0.25,,,28.17,Wood,FC Oil & Wax #164 Ash,
164AL,0.75,2,0.25,8.63,12.25,16.54,Wood,Clear Lacquer #164 Ash,
FC-164AL,0.75,2,0.25,,,28.17,Wood,FC Clear Lacquer #164 Ash,
164AW,0.75,2,0.25,10.53,14.95,20.18,Wood,WhiteWash #164 Ash,
FC-164AW,0.75,2,0.25,,,28.86,Wood,FC WhiteWash #164 Ash,
164AT,0.75,2,0.25,10.53,14.95,20.18,Wood,White #164 Ash,
FC-164AT,0.75,2,0.25,,,30.24,Wood,FC White #164 Ash,
164AK,0.75,2,0.25,10.53,14.95,20.18,Wood,Satin Black #164 Ash,
FC-164AK,0.75,2,0.25,,,30.24,Wood,FC Satin Black #164 Ash,
164AA,0.75,2,0.25,10.53,14.95,20.18,Wood,Warm White #164 Ash,
FC-164AA,0.75,2,0.25,,,30.24,Wood,FC Warm White #164 Ash,
164AC,0.75,2,0.25,10.53,14.95,20.18,Wood,Charcoal #164 Ash,
FC-164AC,0.75,2,0.25,,,30.24,Wood,FC Charcoal #164 Ash,
164AI,0.75,2,0.25,10.53,14.95,20.18,Wood,Rising White #164 Ash,
FC-164AI,0.75,2,0.25,,,30.24,Wood,FC Rising White #164 Ash,
164A1,0.75,2,0.25,10.53,14.95,20.18,Wood,Light Grey #164 Ash,
FC-164A1,0.75,2,0.25,,,30.24,Wood,FC Light Grey #164 Ash,
164A2,0.75,2,0.25,10.53,14.95,20.18,Wood,Medium Grey #164 Ash,
FC-164A2,0.75,2,0.25,,,30.24,Wood,FC Medium Grey #164 Ash,
164A3,0.75,2,0.25,10.53,14.95,20.18,Wood,Dark Grey #164 Ash,
FC-164A3,0.75,2,0.25,,,30.24,Wood,FC Dark Grey #164 Ash,
164CR,0.75,2,0.25,5.72,8.35,12.52,Wood,Raw #164 Cherry,
FC-164CR,0.75,2,0.25,,,28.98,Wood,FC Raw #164 Cherry,
164CF,0.75,2,0.25,9.25,13.5,18.23,Wood,Oil & Wax #164 Cherry,
FC-164CF,0.75,2,0.25,,,29.66,Wood,FC Oil & Wax #164 Cherry,
164CL,0.75,2,0.25,11.15,16.28,21.98,Wood,Clear Lacquer #164 Cherry,
FC-164CL,0.75,2,0.25,,,31.04,Wood,FC Clear Lacquer #164 Cherry,
164CG,0.75,2,0.25,11.15,16.28,21.98,Wood,Aged #164 Cherry,
FC-164CG,0.75,2,0.25,,,31.04,Wood,FC Aged #164 Cherry,
164CQ,0.75,2,0.25,11.15,16.28,21.98,Wood,Antique #164 Cherry,
FC-164CQ,0.75,2,0.25,,,31.04,Wood,FC Antique #164 Cherry,
164CD,0.75,2,0.25,11.15,16.28,21.98,Wood,Black Cherry #164 Cherry,
FC-164CD,0.75,2,0.25,,,31.73,Wood,FC Black Cherry #164 Cherry,
164MR,0.75,2,0.25,5.71,7.88,11.82,Wood,Raw #164 Maple,
FC-164MR,0.75,2,0.25,,,28.51,Wood,FC Raw #164 Maple,
164MF,0.75,2,0.25,8.97,12.38,16.71,Wood,Oil & Wax #164 Maple,
FC-164MF,0.75,2,0.25,,,29.19,Wood,FC Oil & Wax #164 Maple,
164ML,0.75,2,0.25,9.24,12.75,17.21,Wood,Clear Lacquer #164 Maple,
FC-164ML,0.75,2,0.25,,,29.19,Wood,FC Clear Lacquer #164 Maple,
164MW,0.75,2,0.25,10.3,14.21,19.18,Wood,WhiteWash #164 Maple,
FC-164MW,0.75,2,0.25,,,29.88,Wood,FC WhiteWash #164 Maple,
164MT,0.75,2,0.25,9.51,13.12,17.71,Wood,White #164 Maple,
FC-164MT,0.75,2,0.25,,,30.57,Wood,FC White #164 Maple,
164MK,0.75,2,0.25,9.51,13.12,17.71,Wood,Satin Black #164 Maple,
FC-164MK,0.75,2,0.25,,,30.57,Wood,FC Satin Black #164 Maple,
164MA,0.75,2,0.25,9.51,13.12,17.71,Wood,Warm White #164 Maple,
FC-164MA,0.75,2,0.25,,,30.57,Wood,FC Warm White #164 Maple,
164MI,0.75,2,0.25,9.51,13.12,17.71,Wood,Rising White #164 Maple,
FC-164MI,0.75,2,0.25,,,30.57,Wood,FC Rising White #164 Maple,
164M1,0.75,2,0.25,9.51,13.12,17.71,Wood,Light Grey #164 Maple,
FC-164M1,0.75,2,0.25,,,30.57,Wood,FC Light Grey #164 Maple,
164M2,0.75,2,0.25,9.51,13.12,17.71,Wood,Medium Grey #164 Maple,
FC-164M2,0.75,2,0.25,,,30.57,Wood,FC Medium Grey #164 Maple,
164M3,0.75,2,0.25,9.51,13.12,17.71,Wood,Dark Grey #164 Maple,
FC-164M3,0.75,2,0.25,,,30.57,Wood,FC Dark Grey #164 Maple,
164M9,0.75,2,0.25,10.3,14.21,19.18,Wood,Wheat #164 Maple,
FC-164M9,0.75,2,0.25,,,30.57,Wood,FC Wheat #164 Maple,
164OR,0.75,2,0.25,4.65,6.42,9.63,Wood,Raw #164 Oak,
FC-164OR,0.75,2,0.25,,,27.05,Wood,FC Raw #164 Oak,
164OF,0.75,2,0.25,7.91,10.92,14.74,Wood,Oil & Wax #164 Oak,
FC-164OF,0.75,2,0.25,,,27.73,Wood,FC Oil & Wax #164 Oak,
164OL,0.75,2,0.25,8.18,11.29,15.24,Wood,Clear Lacquer #164 Oak,
FC-164OL,0.75,2,0.25,,,27.73,Wood,FC Clear Lacquer #164 Oak,
164WR,0.75,2,0.25,10.52,15.78,23.67,Wood,Raw #164 Walnut,
FC-164WR,0.75,2,0.25,,,36.41,Wood,FC Raw #164 Walnut,
164WF,0.75,2,0.25,15.11,22.66,30.59,Wood,Oil & Wax #164 Walnut,
FC-164WF,0.75,2,0.25,,,37.09,Wood,FC Oil & Wax #164 Walnut,
164WP,0.75,2,0.25,15.95,23.92,32.29,Wood,Padauk #164 Walnut,
FC-164WP,0.75,2,0.25,,,37.78,Wood,FC Padauk #164 Walnut,
164WB,0.75,2,0.25,15.95,23.92,32.29,Wood,Special Dark #164 Walnut,
FC-164WB,0.75,2,0.25,,,37.78,Wood,FC Special Dark #164 Walnut,
164WE,0.75,2,0.25,15.11,22.66,30.59,Wood,Ebony #164 Walnut,
FC-164WE,0.75,2,0.25,,,37.78,Wood,FC Ebony #164 Walnut,
164WK,0.75,2,0.25,14.32,21.48,29,Wood,Satin Black #164 Walnut,
FC-164WK,0.75,2,0.25,,,37.09,Wood,FC Satin Black #164 Walnut,
164W1,0.75,2,0.25,14.32,21.48,29,Wood,Light Grey #164 Walnut,
FC-164W1,0.75,2,0.25,,,37.09,Wood,FC Light Grey #164 Walnut,
164W2,0.75,2,0.25,14.32,21.48,29,Wood,Medium Grey #164 Walnut,
FC-164W2,0.75,2,0.25,,,37.09,Wood,FC Medium Grey #164 Walnut,
164W3,0.75,2,0.25,14.32,21.48,29,Wood,Dark Grey #164 Walnut,
FC-164W3,0.75,2,0.25,,,37.09,Wood,FC Dark Grey #164 Walnut,
164VR,0.75,2,0.25,6.85,11.3,16.95,Wood,Raw #164 White Oak,
FC-164VR,0.75,2,0.25,,,31.93,Wood,FC Raw #164 White Oak,
164VF,0.75,2,0.25,10.11,16.68,22.52,Wood,Oil & Wax #164 White Oak,
FC-164VF,0.75,2,0.25,,,32.61,Wood,FC Oil & Wax #164 White Oak,
164VL,0.75,2,0.25,10.65,17.57,23.72,Wood,Clear Lacquer #164 White Oak,
FC-164VL,0.75,2,0.25,,,32.61,Wood,FC Clear Lacquer #164 White Oak,
164VC,0.75,2,0.25,12.28,20.26,27.35,Wood,Charcoal #164 White Oak,
FC-164VC,0.75,2,0.25,,,33.3,Wood,FC Charcoal #164 White Oak,
164VM,0.75,2,0.25,12.28,20.26,27.35,Wood,Mission #164 White Oak,
FC-164VM,0.75,2,0.25,,,33.3,Wood,FC Mission #164 White Oak,
164V7,0.75,2,0.25,12.28,20.26,27.35,Wood,Bleached #164 White Oak,
FC-164V7,0.75,2,0.25,,,33.3,Wood,FC Bleached #164 White Oak,
184AR,0.75,2.5,0.25,5.33,7.78,11.67,Wood,Raw #184 Ash,
FC-184AR,0.75,2.5,0.25,,,28.41,Wood,FC Raw #184 Ash,
184AF,0.75,2.5,0.25,8.59,12.54,16.93,Wood,Oil & Wax #184 Ash,
FC-184AF,0.75,2.5,0.25,,,29.09,Wood,FC Oil & Wax #184 Ash,
184AL,0.75,2.5,0.25,9.13,13.33,18,Wood,Clear Lacquer #184 Ash,
FC-184AL,0.75,2.5,0.25,,,29.09,Wood,FC Clear Lacquer #184 Ash,
184AW,0.75,2.5,0.25,11.03,16.1,21.74,Wood,WhiteWash #184 Ash,
FC-184AW,0.75,2.5,0.25,,,29.78,Wood,FC WhiteWash #184 Ash,
184AT,0.75,2.5,0.25,11.03,16.1,21.74,Wood,White #184 Ash,
FC-184AT,0.75,2.5,0.25,,,31.16,Wood,FC White #184 Ash,
184AK,0.75,2.5,0.25,11.03,16.1,21.74,Wood,Satin Black #184 Ash,
FC-184AK,0.75,2.5,0.25,,,31.16,Wood,FC Satin Black #184 Ash,
184AA,0.75,2.5,0.25,11.03,16.1,21.74,Wood,Warm White #184 Ash,
FC-184AA,0.75,2.5,0.25,,,31.16,Wood,FC Warm White #184 Ash,
184AC,0.75,2.5,0.25,11.03,16.1,21.74,Wood,Charcoal #184 Ash,
FC-184AC,0.75,2.5,0.25,,,31.16,Wood,FC Charcoal #184 Ash,
184AI,0.75,2.5,0.25,11.03,16.1,21.74,Wood,Rising White #184 Ash,
FC-184AI,0.75,2.5,0.25,,,31.16,Wood,FC Rising White #184 Ash,
184A1,0.75,2.5,0.25,11.03,16.1,21.74,Wood,Light Grey #184 Ash,
FC-184A1,0.75,2.5,0.25,,,31.16,Wood,FC Light Grey #184 Ash,
184A2,0.75,2.5,0.25,11.03,16.1,21.74,Wood,Medium Grey #184 Ash,
FC-184A2,0.75,2.5,0.25,,,31.16,Wood,FC Medium Grey #184 Ash,
184A3,0.75,2.5,0.25,11.03,16.1,21.74,Wood,Dark Grey #184 Ash,
FC-184A3,0.75,2.5,0.25,,,31.16,Wood,FC Dark Grey #184 Ash,
184CR,0.75,2.5,0.25,7.31,10.96,16.44,Wood,Raw #184 Cherry,
FC-184CR,0.75,2.5,0.25,,,31.59,Wood,FC Raw #184 Cherry,
184CF,0.75,2.5,0.25,10.84,16.26,21.95,Wood,Oil & Wax #184 Cherry,
FC-184CF,0.75,2.5,0.25,,,32.27,Wood,FC Oil & Wax #184 Cherry,
184CL,0.75,2.5,0.25,12.74,19.11,25.8,Wood,Clear Lacquer #184 Cherry,
FC-184CL,0.75,2.5,0.25,,,33.65,Wood,FC Clear Lacquer #184 Cherry,
184CG,0.75,2.5,0.25,12.74,19.11,25.8,Wood,Aged #184 Cherry,
FC-184CG,0.75,2.5,0.25,,,33.65,Wood,FC Aged #184 Cherry,
184CQ,0.75,2.5,0.25,12.74,19.11,25.8,Wood,Antique #184 Cherry,
FC-184CQ,0.75,2.5,0.25,,,33.65,Wood,FC Antique #184 Cherry,
184CD,0.75,2.5,0.25,12.74,19.11,25.8,Wood,Black Cherry #184 Cherry,
FC-184CD,0.75,2.5,0.25,,,34.34,Wood,FC Black Cherry #184 Cherry,
184MR,0.75,2.5,0.25,6.97,9.9,14.85,Wood,Raw #184 Maple,
FC-184MR,0.75,2.5,0.25,,,30.53,Wood,FC Raw #184 Maple,
184MF,0.75,2.5,0.25,10.23,14.53,19.62,Wood,Oil & Wax #184 Maple,
FC-184MF,0.75,2.5,0.25,,,31.21,Wood,FC Oil & Wax #184 Maple,
184ML,0.75,2.5,0.25,10.5,14.91,20.13,Wood,Clear Lacquer #184 Maple,
FC-184ML,0.75,2.5,0.25,,,31.21,Wood,FC Clear Lacquer #184 Maple,
184MW,0.75,2.5,0.25,11.56,16.42,22.17,Wood,WhiteWash #184 Maple,
FC-184MW,0.75,2.5,0.25,,,31.9,Wood,FC WhiteWash #184 Maple,
184MT,0.75,2.5,0.25,10.77,15.29,20.64,Wood,White #184 Maple,
FC-184MT,0.75,2.5,0.25,,,32.59,Wood,FC White #184 Maple,
184MK,0.75,2.5,0.25,10.77,15.29,20.64,Wood,Satin Black #184 Maple,
FC-184MK,0.75,2.5,0.25,,,32.59,Wood,FC Satin Black #184 Maple,
184MA,0.75,2.5,0.25,10.77,15.29,20.64,Wood,Warm White #184 Maple,
FC-184MA,0.75,2.5,0.25,,,32.59,Wood,FC Warm White #184 Maple,
184MI,0.75,2.5,0.25,10.77,15.29,20.64,Wood,Rising White #184 Maple,
FC-184MI,0.75,2.5,0.25,,,32.59,Wood,FC Rising White #184 Maple,
184M1,0.75,2.5,0.25,10.77,15.29,20.64,Wood,Light Grey #184 Maple,
FC-184M1,0.75,2.5,0.25,,,32.59,Wood,FC Light Grey #184 Maple,
184M2,0.75,2.5,0.25,10.77,15.29,20.64,Wood,Medium Grey #184 Maple,
FC-184M2,0.75,2.5,0.25,,,32.59,Wood,FC Medium Grey #184 Maple,
184M3,0.75,2.5,0.25,10.77,15.29,20.64,Wood,Dark Grey #184 Maple,
FC-184M3,0.75,2.5,0.25,,,32.59,Wood,FC Dark Grey #184 Maple,
184M9,0.75,2.5,0.25,11.56,16.42,22.17,Wood,Wheat #184 Maple,
FC-184M9,0.75,2.5,0.25,,,32.59,Wood,FC Wheat #184 Maple,
184WR,0.75,2.5,0.25,13.54,19.77,29.66,Wood,Raw #184 Walnut,
FC-184WR,0.75,2.5,0.25,,,40.4,Wood,FC Raw #184 Walnut,
184WF,0.75,2.5,0.25,18.13,26.47,35.73,Wood,Oil & Wax #184 Walnut,
FC-184WF,0.75,2.5,0.25,,,41.08,Wood,FC Oil & Wax #184 Walnut,
184WP,0.75,2.5,0.25,18.97,27.7,37.4,Wood,Padauk #184 Walnut,
FC-184WP,0.75,2.5,0.25,,,41.77,Wood,FC Padauk #184 Walnut,
184WB,0.75,2.5,0.25,18.97,27.7,37.4,Wood,Special Dark #184 Walnut,
FC-184WB,0.75,2.5,0.25,,,41.77,Wood,FC Special Dark #184 Walnut,
184WE,0.75,2.5,0.25,18.13,26.47,35.73,Wood,Ebony #184 Walnut,
FC-184WE,0.75,2.5,0.25,,,41.77,Wood,FC Ebony #184 Walnut,
184WK,0.75,2.5,0.25,17.34,25.32,34.18,Wood,Satin Black #184 Walnut,
FC-184WK,0.75,2.5,0.25,,,41.08,Wood,FC Satin Black #184 Walnut,
184W1,0.75,2.5,0.25,17.34,25.32,34.18,Wood,Light Grey #184 Walnut,
FC-184W1,0.75,2.5,0.25,,,41.08,Wood,FC Light Grey #184 Walnut,
184W2,0.75,2.5,0.25,17.34,25.32,34.18,Wood,Medium Grey #184 Walnut,
FC-184W2,0.75,2.5,0.25,,,41.08,Wood,FC Medium Grey #184 Walnut,
184W3,0.75,2.5,0.25,17.34,25.32,34.18,Wood,Dark Grey #184 Walnut,
FC-184W3,0.75,2.5,0.25,,,41.08,Wood,FC Dark Grey #184 Walnut,
184VR,0.75,2.5,0.25,8.13,13.41,20.12,Wood,Raw #184 White Oak,
FC-184VR,0.75,2.5,0.25,,,34.04,Wood,FC Raw #184 White Oak,
184VF,0.75,2.5,0.25,11.39,18.79,25.37,Wood,Oil & Wax #184 White Oak,
FC-184VF,0.75,2.5,0.25,,,34.72,Wood,FC Oil & Wax #184 White Oak,
184VL,0.75,2.5,0.25,11.93,19.68,26.57,Wood,Clear Lacquer #184 White Oak,
FC-184VL,0.75,2.5,0.25,,,34.72,Wood,FC Clear Lacquer #184 White Oak,
184VC,0.75,2.5,0.25,13.56,22.37,30.2,Wood,Charcoal #184 White Oak,
FC-184VC,0.75,2.5,0.25,,,35.41,Wood,FC Charcoal #184 White Oak,
184VM,0.75,2.5,0.25,13.56,22.37,30.2,Wood,Mission #184 White Oak,
FC-184VM,0.75,2.5,0.25,,,35.41,Wood,FC Mission #184 White Oak,
184V7,0.75,2.5,0.25,13.56,22.37,30.2,Wood,Bleached #184 White Oak,
FC-184V7,0.75,2.5,0.25,,,35.41,Wood,FC Bleached #184 White Oak,
205AR,0.75,0.75,0.25,4.05,5.75,9.2,Wood,Raw #205 Ash,
FC-205AR,0.75,0.75,0.25,,,26.38,Wood,FC Raw #205 Ash,
205AF,0.75,0.75,0.25,7.58,10.76,15.06,Wood,Oil & Wax #205 Ash,
FC-205AF,0.75,0.75,0.25,,,27.06,Wood,FC Oil & Wax #205 Ash,
205AL,0.75,0.75,0.25,8.64,12.27,17.18,Wood,Clear Lacquer #205 Ash,
FC-205AL,0.75,0.75,0.25,,,27.06,Wood,FC Clear Lacquer #205 Ash,
205AW,0.75,0.75,0.25,9.75,13.84,19.38,Wood,WhiteWash #205 Ash,
FC-205AW,0.75,0.75,0.25,,,27.75,Wood,FC WhiteWash #205 Ash,
205AT,0.75,0.75,0.25,9.75,13.84,19.38,Wood,White #205 Ash,
FC-205AT,0.75,0.75,0.25,,,29.13,Wood,FC White #205 Ash,
205AK,0.75,0.75,0.25,9.75,13.84,19.38,Wood,Satin Black #205 Ash,
FC-205AK,0.75,0.75,0.25,,,29.13,Wood,FC Satin Black #205 Ash,
205AA,0.75,0.75,0.25,9.75,13.84,19.38,Wood,Warm White #205 Ash,
FC-205AA,0.75,0.75,0.25,,,29.13,Wood,FC Warm White #205 Ash,
205AC,0.75,0.75,0.25,9.75,13.84,19.38,Wood,Charcoal #205 Ash,
FC-205AC,0.75,0.75,0.25,,,29.13,Wood,FC Charcoal #205 Ash,
205AI,0.75,0.75,0.25,9.75,13.84,19.38,Wood,Rising White #205 Ash,
FC-205AI,0.75,0.75,0.25,,,29.13,Wood,FC Rising White #205 Ash,
205A1,0.75,0.75,0.25,9.75,13.84,19.38,Wood,Light Grey #205 Ash,
FC-205A1,0.75,0.75,0.25,,,29.13,Wood,FC Light Grey #205 Ash,
205A2,0.75,0.75,0.25,9.75,13.84,19.38,Wood,Medium Grey #205 Ash,
FC-205A2,0.75,0.75,0.25,,,29.13,Wood,FC Medium Grey #205 Ash,
205A3,0.75,0.75,0.25,9.75,13.84,19.38,Wood,Dark Grey #205 Ash,
FC-205A3,0.75,0.75,0.25,,,29.13,Wood,FC Dark Grey #205 Ash,
205CR,0.75,0.75,0.25,4.13,6.03,9.65,Wood,Raw #205 Cherry,
FC-205CR,0.75,0.75,0.25,,,26.66,Wood,FC Raw #205 Cherry,
205CF,0.75,0.75,0.25,7.93,11.58,16.21,Wood,Oil & Wax #205 Cherry,
FC-205CF,0.75,0.75,0.25,,,27.34,Wood,FC Oil & Wax #205 Cherry,
205CL,0.75,0.75,0.25,9.83,14.35,20.09,Wood,Clear Lacquer #205 Cherry,
FC-205CL,0.75,0.75,0.25,,,28.72,Wood,FC Clear Lacquer #205 Cherry,
205CG,0.75,0.75,0.25,9.83,14.35,20.09,Wood,Aged #205 Cherry,
FC-205CG,0.75,0.75,0.25,,,28.72,Wood,FC Aged #205 Cherry,
205CQ,0.75,0.75,0.25,9.83,14.35,20.09,Wood,Antique #205 Cherry,
FC-205CQ,0.75,0.75,0.25,,,28.72,Wood,FC Antique #205 Cherry,
205CD,0.75,0.75,0.25,9.83,14.35,20.09,Wood,Black Cherry #205 Cherry,
FC-205CD,0.75,0.75,0.25,,,29.41,Wood,FC Black Cherry #205 Cherry,
205MR,0.75,0.75,0.25,4.46,6.15,9.84,Wood,Raw #205 Maple,
FC-205MR,0.75,0.75,0.25,,,26.78,Wood,FC Raw #205 Maple,
205MF,0.75,0.75,0.25,7.99,11.03,15.44,Wood,Oil & Wax #205 Maple,
FC-205MF,0.75,0.75,0.25,,,27.46,Wood,FC Oil & Wax #205 Maple,
205ML,0.75,0.75,0.25,8.26,11.4,15.96,Wood,Clear Lacquer #205 Maple,
FC-205ML,0.75,0.75,0.25,,,27.46,Wood,FC Clear Lacquer #205 Maple,
205MW,0.75,0.75,0.25,9.89,13.65,19.11,Wood,WhiteWash #205 Maple,
FC-205MW,0.75,0.75,0.25,,,28.15,Wood,FC WhiteWash #205 Maple,
205MT,0.75,0.75,0.25,9.05,12.49,17.49,Wood,White #205 Maple,
FC-205MT,0.75,0.75,0.25,,,28.84,Wood,FC White #205 Maple,
205MK,0.75,0.75,0.25,9.05,12.49,17.49,Wood,Satin Black #205 Maple,
FC-205MK,0.75,0.75,0.25,,,28.84,Wood,FC Satin Black #205 Maple,
205MA,0.75,0.75,0.25,9.05,12.49,17.49,Wood,Warm White #205 Maple,
FC-205MA,0.75,0.75,0.25,,,28.84,Wood,FC Warm White #205 Maple,
205MI,0.75,0.75,0.25,9.05,12.49,17.49,Wood,Rising White #205 Maple,
FC-205MI,0.75,0.75,0.25,,,28.84,Wood,FC Rising White #205 Maple,
205M1,0.75,0.75,0.25,8.26,11.4,15.96,Wood,Light Grey #205 Maple,
FC-205M1,0.75,0.75,0.25,,,28.84,Wood,FC Light Grey #205 Maple,
205M2,0.75,0.75,0.25,8.26,11.4,15.96,Wood,Medium Grey #205 Maple,
FC-205M2,0.75,0.75,0.25,,,28.84,Wood,FC Medium Grey #205 Maple,
205M3,0.75,0.75,0.25,8.26,11.4,15.96,Wood,Dark Grey #205 Maple,
FC-205M3,0.75,0.75,0.25,,,28.84,Wood,FC Dark Grey #205 Maple,
205M9,0.75,0.75,0.25,9.05,12.49,17.49,Wood,Wheat #205 Maple,
FC-205M9,0.75,0.75,0.25,,,28.84,Wood,FC Wheat #205 Maple,
205OR,0.75,0.75,0.25,3.77,5.2,8.32,Wood,Raw #205 Oak,
FC-205OR,0.75,0.75,0.25,,,25.83,Wood,FC Raw #205 Oak,
205OF,0.75,0.75,0.25,7.3,10.07,14.1,Wood,Oil & Wax #205 Oak,
FC-205OF,0.75,0.75,0.25,,,26.51,Wood,FC Oil & Wax #205 Oak,
205OL,0.75,0.75,0.25,7.57,10.45,14.63,Wood,Clear Lacquer #205 Oak,
FC-205OL,0.75,0.75,0.25,,,26.51,Wood,FC Clear Lacquer #205 Oak,
205WR,0.75,0.75,0.25,8.47,12.37,19.79,Wood,Raw #205 Walnut,
FC-205WR,0.75,0.75,0.25,,,33,Wood,FC Raw #205 Walnut,
205WF,0.75,0.75,0.25,13.9,20.29,28.41,Wood,Oil & Wax #205 Walnut,
FC-205WF,0.75,0.75,0.25,,,33.68,Wood,FC Oil & Wax #205 Walnut,
205WP,0.75,0.75,0.25,14.17,20.69,28.97,Wood,Padauk #205 Walnut,
FC-205WP,0.75,0.75,0.25,,,34.37,Wood,FC Padauk #205 Walnut,
205WB,0.75,0.75,0.25,14.17,20.69,28.97,Wood,Special Dark #205 Walnut,
FC-205WB,0.75,0.75,0.25,,,34.37,Wood,FC Special Dark #205 Walnut,
205WE,0.75,0.75,0.25,13.9,20.29,28.41,Wood,Ebony #205 Walnut,
FC-205WE,0.75,0.75,0.25,,,34.37,Wood,FC Ebony #205 Walnut,
205WK,0.75,0.75,0.25,13.06,19.07,26.7,Wood,Satin Black #205 Walnut,
FC-205WK,0.75,0.75,0.25,,,33.68,Wood,FC Satin Black #205 Walnut,
205W1,0.75,0.75,0.25,13.06,19.07,26.7,Wood,Light Grey #205 Walnut,
FC-205W1,0.75,0.75,0.25,,,33.68,Wood,FC Light Grey #205 Walnut,
205W2,0.75,0.75,0.25,13.06,19.07,26.7,Wood,Medium Grey #205 Walnut,
FC-205W2,0.75,0.75,0.25,,,33.68,Wood,FC Medium Grey #205 Walnut,
205W3,0.75,0.75,0.25,13.06,19.07,26.7,Wood,Dark Grey #205 Walnut,
FC-205W3,0.75,0.75,0.25,,,33.68,Wood,FC Dark Grey #205 Walnut,
215CR,0.75,1.062,0.25,4.51,6.58,10.53,Wood,Raw #215 Cherry,
FC-215CR,0.75,1.062,0.25,,,27.21,Wood,FC Raw #215 Cherry,
215CF,0.75,1.062,0.25,8.31,12.13,16.98,Wood,Oil & Wax #215 Cherry,
FC-215CF,0.75,1.062,0.25,,,27.89,Wood,FC Oil & Wax #215 Cherry,
215CL,0.75,1.062,0.25,10.21,14.91,20.87,Wood,Clear Lacquer #215 Cherry,
FC-215CL,0.75,1.062,0.25,,,29.27,Wood,FC Clear Lacquer #215 Cherry,
215CG,0.75,1.062,0.25,10.21,14.91,20.87,Wood,Aged #215 Cherry,
FC-215CG,0.75,1.062,0.25,,,29.27,Wood,FC Aged #215 Cherry,
215CQ,0.75,1.062,0.25,10.21,14.91,20.87,Wood,Antique #215 Cherry,
FC-215CQ,0.75,1.062,0.25,,,29.27,Wood,FC Antique #215 Cherry,
215CD,0.75,1.062,0.25,10.21,14.91,20.87,Wood,Black Cherry #215 Cherry,
FC-215CD,0.75,1.062,0.25,,,29.96,Wood,FC Black Cherry #215 Cherry,
215MR,0.75,1.062,0.25,4.86,6.71,10.74,Wood,Raw #215 Maple,
FC-215MR,0.75,1.062,0.25,,,27.34,Wood,FC Raw #215 Maple,
215MF,0.75,1.062,0.25,8.39,11.58,16.21,Wood,Oil & Wax #215 Maple,
FC-215MF,0.75,1.062,0.25,,,28.02,Wood,FC Oil & Wax #215 Maple,
215ML,0.75,1.062,0.25,8.66,11.95,16.73,Wood,Clear Lacquer #215 Maple,
FC-215ML,0.75,1.062,0.25,,,28.02,Wood,FC Clear Lacquer #215 Maple,
215MW,0.75,1.062,0.25,10.29,14.2,19.88,Wood,WhiteWash #215 Maple,
FC-215MW,0.75,1.062,0.25,,,28.71,Wood,FC WhiteWash #215 Maple,
215MT,0.75,1.062,0.25,9.45,13.04,18.26,Wood,White #215 Maple,
FC-215MT,0.75,1.062,0.25,,,29.4,Wood,FC White #215 Maple,
215MK,0.75,1.062,0.25,9.45,13.04,18.26,Wood,Satin Black #215 Maple,
FC-215MK,0.75,1.062,0.25,,,29.4,Wood,FC Satin Black #215 Maple,
215MA,0.75,1.062,0.25,9.45,13.04,18.26,Wood,Warm White #215 Maple,
FC-215MA,0.75,1.062,0.25,,,29.4,Wood,FC Warm White #215 Maple,
215MI,0.75,1.062,0.25,9.45,13.04,18.26,Wood,Rising White #215 Maple,
FC-215MI,0.75,1.062,0.25,,,29.4,Wood,FC Rising White #215 Maple,
215M1,0.75,1.062,0.25,8.66,11.95,16.73,Wood,Light Grey #215 Maple,
FC-215M1,0.75,1.062,0.25,,,29.4,Wood,FC Light Grey #215 Maple,
215M2,0.75,1.062,0.25,8.66,11.95,16.73,Wood,Medium Grey #215 Maple,
FC-215M2,0.75,1.062,0.25,,,29.4,Wood,FC Medium Grey #215 Maple,
215M3,0.75,1.062,0.25,8.66,11.95,16.73,Wood,Dark Grey #215 Maple,
FC-215M3,0.75,1.062,0.25,,,29.4,Wood,FC Dark Grey #215 Maple,
215M9,0.75,1.062,0.25,9.45,13.04,18.26,Wood,Wheat #215 Maple,
FC-215M9,0.75,1.062,0.25,,,29.4,Wood,FC Wheat #215 Maple,
215WR,0.75,1.062,0.25,9.02,13.17,21.07,Wood,Raw #215 Walnut,
FC-215WR,0.75,1.062,0.25,,,33.8,Wood,FC Raw #215 Walnut,
215WF,0.75,1.062,0.25,14.45,21.1,29.54,Wood,Oil & Wax #215 Walnut,
FC-215WF,0.75,1.062,0.25,,,34.48,Wood,FC Oil & Wax #215 Walnut,
215WP,0.75,1.062,0.25,14.72,21.49,30.09,Wood,Padauk #215 Walnut,
FC-215WP,0.75,1.062,0.25,,,35.17,Wood,FC Padauk #215 Walnut,
215WB,0.75,1.062,0.25,14.72,21.49,30.09,Wood,Special Dark #215 Walnut,
FC-215WB,0.75,1.062,0.25,,,35.17,Wood,FC Special Dark #215 Walnut,
215WE,0.75,1.062,0.25,14.45,21.1,29.54,Wood,Ebony #215 Walnut,
FC-215WE,0.75,1.062,0.25,,,35.17,Wood,FC Ebony #215 Walnut,
215WK,0.75,1.062,0.25,13.61,19.87,27.82,Wood,Satin Black #215 Walnut,
FC-215WK,0.75,1.062,0.25,,,34.48,Wood,FC Satin Black #215 Walnut,
215W1,0.75,1.062,0.25,13.61,19.87,27.82,Wood,Light Grey #215 Walnut,
FC-215W1,0.75,1.062,0.25,,,34.48,Wood,FC Light Grey #215 Walnut,
215W2,0.75,1.062,0.25,13.61,19.87,27.82,Wood,Medium Grey #215 Walnut,
FC-215W2,0.75,1.062,0.25,,,34.48,Wood,FC Medium Grey #215 Walnut,
215W3,0.75,1.062,0.25,13.61,19.87,27.82,Wood,Dark Grey #215 Walnut,
FC-215W3,0.75,1.062,0.25,,,34.48,Wood,FC Dark Grey #215 Walnut,
216CR,0.625,1.062,0.25,4.51,6.58,10.53,Wood,Raw #216 Cherry,
FC-216CR,0.625,1.062,0.25,,,27.21,Wood,FC Raw #216 Cherry,
216CF,0.625,1.062,0.25,8.31,12.13,16.98,Wood,Oil & Wax #216 Cherry,
FC-216CF,0.625,1.062,0.25,,,27.89,Wood,FC Oil & Wax #216 Cherry,
216CL,0.625,1.062,0.25,10.21,14.91,20.87,Wood,Clear Lacquer #216 Cherry,
FC-216CL,0.625,1.062,0.25,,,29.27,Wood,FC Clear Lacquer #216 Cherry,
216CG,0.625,1.062,0.25,10.21,14.91,20.87,Wood,Aged #216 Cherry,
FC-216CG,0.625,1.062,0.25,,,29.27,Wood,FC Aged #216 Cherry,
216CQ,0.625,1.062,0.25,10.21,14.91,20.87,Wood,Antique #216 Cherry,
FC-216CQ,0.625,1.062,0.25,,,29.27,Wood,FC Antique #216 Cherry,
216CD,0.625,1.062,0.25,10.21,14.91,20.87,Wood,Black Cherry #216 Cherry,
FC-216CD,0.625,1.062,0.25,,,29.96,Wood,FC Black Cherry #216 Cherry,
216MR,0.625,1.062,0.25,4.86,6.71,10.74,Wood,Raw #216 Maple,
FC-216MR,0.625,1.062,0.25,,,27.34,Wood,FC Raw #216 Maple,
216MF,0.625,1.062,0.25,8.39,11.58,16.21,Wood,Oil & Wax #216 Maple,
FC-216MF,0.625,1.062,0.25,,,28.02,Wood,FC Oil & Wax #216 Maple,
216ML,0.625,1.062,0.25,8.66,11.95,16.73,Wood,Clear Lacquer #216 Maple,
FC-216ML,0.625,1.062,0.25,,,28.02,Wood,FC Clear Lacquer #216 Maple,
216MW,0.625,1.062,0.25,10.29,14.2,19.88,Wood,WhiteWash #216 Maple,
FC-216MW,0.625,1.062,0.25,,,28.71,Wood,FC WhiteWash #216 Maple,
216MT,0.625,1.062,0.25,9.45,13.04,18.26,Wood,White #216 Maple,
FC-216MT,0.625,1.062,0.25,,,29.4,Wood,FC White #216 Maple,
216MK,0.625,1.062,0.25,9.45,13.04,18.26,Wood,Satin Black #216 Maple,
FC-216MK,0.625,1.062,0.25,,,29.4,Wood,FC Satin Black #216 Maple,
216MA,0.625,1.062,0.25,9.45,13.04,18.26,Wood,Warm White #216 Maple,
FC-216MA,0.625,1.062,0.25,,,29.4,Wood,FC Warm White #216 Maple,
216MI,0.625,1.062,0.25,9.45,13.04,18.26,Wood,Rising White #216 Maple,
FC-216MI,0.625,1.062,0.25,,,29.4,Wood,FC Rising White #216 Maple,
216M1,0.625,1.062,0.25,8.66,11.95,16.73,Wood,Light Grey #216 Maple,
FC-216M1,0.625,1.062,0.25,,,29.4,Wood,FC Light Grey #216 Maple,
216M2,0.625,1.062,0.25,8.66,11.95,16.73,Wood,Medium Grey #216 Maple,
FC-216M2,0.625,1.062,0.25,,,29.4,Wood,FC Medium Grey #216 Maple,
216M3,0.625,1.062,0.25,8.66,11.95,16.73,Wood,Dark Grey #216 Maple,
FC-216M3,0.625,1.062,0.25,,,29.4,Wood,FC Dark Grey #216 Maple,
216M9,0.625,1.062,0.25,9.45,13.04,18.26,Wood,Wheat #216 Maple,
FC-216M9,0.625,1.062,0.25,,,29.4,Wood,FC Wheat #216 Maple,
216WR,0.625,1.062,0.25,9.02,13.17,21.07,Wood,Raw #216 Walnut,
FC-216WR,0.625,1.062,0.25,,,33.8,Wood,FC Raw #216 Walnut,
216WF,0.625,1.062,0.25,14.45,21.1,29.54,Wood,Oil & Wax #216 Walnut,
FC-216WF,0.625,1.062,0.25,,,34.48,Wood,FC Oil & Wax #216 Walnut,
216WP,0.625,1.062,0.25,14.72,21.49,30.09,Wood,Padauk #216 Walnut,
FC-216WP,0.625,1.062,0.25,,,35.17,Wood,FC Padauk #216 Walnut,
216WB,0.625,1.062,0.25,14.72,21.49,30.09,Wood,Special Dark #216 Walnut,
FC-216WB,0.625,1.062,0.25,,,35.17,Wood,FC Special Dark #216 Walnut,
216WE,0.625,1.062,0.25,14.45,21.1,29.54,Wood,Ebony #216 Walnut,
FC-216WE,0.625,1.062,0.25,,,35.17,Wood,FC Ebony #216 Walnut,
216WK,0.625,1.062,0.25,13.61,19.87,27.82,Wood,Satin Black #216 Walnut,
FC-216WK,0.625,1.062,0.25,,,34.48,Wood,FC Satin Black #216 Walnut,
216W1,0.625,1.062,0.25,13.61,19.87,27.82,Wood,Light Grey #216 Walnut,
FC-216W1,0.625,1.062,0.25,,,34.48,Wood,FC Light Grey #216 Walnut,
216W2,0.625,1.062,0.25,13.61,19.87,27.82,Wood,Medium Grey #216 Walnut,
FC-216W2,0.625,1.062,0.25,,,34.48,Wood,FC Medium Grey #216 Walnut,
216W3,0.625,1.062,0.25,13.61,19.87,27.82,Wood,Dark Grey #216 Walnut,
FC-216W3,0.625,1.062,0.25,,,34.48,Wood,FC Dark Grey #216 Walnut,
220AR,0.5,0.562,0.188,4.2,5.96,9.54,Wood,Raw #220 Ash,
FC-220AR,0.5,0.562,0.188,,,25.9,Wood,FC Raw #220 Ash,
220AF,0.5,0.562,0.188,7.73,10.98,15.37,Wood,Oil & Wax #220 Ash,
FC-220AF,0.5,0.562,0.188,,,26.59,Wood,FC Oil & Wax #220 Ash,
220AL,0.5,0.562,0.188,8.79,12.48,17.47,Wood,Clear Lacquer #220 Ash,
FC-220AL,0.5,0.562,0.188,,,26.59,Wood,FC Clear Lacquer #220 Ash,
220AW,0.5,0.562,0.188,9.9,14.06,19.68,Wood,WhiteWash #220 Ash,
FC-220AW,0.5,0.562,0.188,,,27.27,Wood,FC WhiteWash #220 Ash,
220AT,0.5,0.562,0.188,9.9,14.06,19.68,Wood,White #220 Ash,
FC-220AT,0.5,0.562,0.188,,,28.65,Wood,FC White #220 Ash,
220AK,0.5,0.562,0.188,9.9,14.06,19.68,Wood,Satin Black #220 Ash,
FC-220AK,0.5,0.562,0.188,,,28.65,Wood,FC Satin Black #220 Ash,
220AA,0.5,0.562,0.188,9.9,14.06,19.68,Wood,Warm White #220 Ash,
FC-220AA,0.5,0.562,0.188,,,28.65,Wood,FC Warm White #220 Ash,
220AC,0.5,0.562,0.188,9.9,14.06,19.68,Wood,Charcoal #220 Ash,
FC-220AC,0.5,0.562,0.188,,,28.65,Wood,FC Charcoal #220 Ash,
220AI,0.5,0.562,0.188,9.9,14.06,19.68,Wood,Rising White #220 Ash,
FC-220AI,0.5,0.562,0.188,,,28.65,Wood,FC Rising White #220 Ash,
220A1,0.5,0.562,0.188,9.9,14.06,19.68,Wood,Light Grey #220 Ash,
FC-220A1,0.5,0.562,0.188,,,28.65,Wood,FC Light Grey #220 Ash,
220A2,0.5,0.562,0.188,9.9,14.06,19.68,Wood,Medium Grey #220 Ash,
FC-220A2,0.5,0.562,0.188,,,28.65,Wood,FC Medium Grey #220 Ash,
220A3,0.5,0.562,0.188,9.9,14.06,19.68,Wood,Dark Grey #220 Ash,
FC-220A3,0.5,0.562,0.188,,,28.65,Wood,FC Dark Grey #220 Ash,
220CR,0.5,0.562,0.188,4.11,6,9.6,Wood,Raw #220 Cherry,
FC-220CR,0.5,0.562,0.188,,,25.94,Wood,FC Raw #220 Cherry,
220CF,0.5,0.562,0.188,7.91,11.55,16.17,Wood,Oil & Wax #220 Cherry,
FC-220CF,0.5,0.562,0.188,,,26.63,Wood,FC Oil & Wax #220 Cherry,
220CL,0.5,0.562,0.188,9.81,14.32,20.05,Wood,Clear Lacquer #220 Cherry,
FC-220CL,0.5,0.562,0.188,,,28,Wood,FC Clear Lacquer #220 Cherry,
220CG,0.5,0.562,0.188,9.81,14.32,20.05,Wood,Aged #220 Cherry,
FC-220CG,0.5,0.562,0.188,,,28,Wood,FC Aged #220 Cherry,
220CQ,0.5,0.562,0.188,9.81,14.32,20.05,Wood,Antique #220 Cherry,
FC-220CQ,0.5,0.562,0.188,,,28,Wood,FC Antique #220 Cherry,
220CD,0.5,0.562,0.188,9.81,14.32,20.05,Wood,Black Cherry #220 Cherry,
FC-220CD,0.5,0.562,0.188,,,28.69,Wood,FC Black Cherry #220 Cherry,
220MR,0.5,0.562,0.188,4.55,6.28,10.05,Wood,Raw #220 Maple,
FC-220MR,0.5,0.562,0.188,,,26.22,Wood,FC Raw #220 Maple,
220MF,0.5,0.562,0.188,8.08,11.15,15.61,Wood,Oil & Wax #220 Maple,
FC-220MF,0.5,0.562,0.188,,,26.91,Wood,FC Oil & Wax #220 Maple,
220ML,0.5,0.562,0.188,8.35,11.52,16.13,Wood,Clear Lacquer #220 Maple,
FC-220ML,0.5,0.562,0.188,,,26.91,Wood,FC Clear Lacquer #220 Maple,
220MW,0.5,0.562,0.188,9.98,13.77,19.28,Wood,WhiteWash #220 Maple,
FC-220MW,0.5,0.562,0.188,,,27.59,Wood,FC WhiteWash #220 Maple,
220MT,0.5,0.562,0.188,9.14,12.61,17.65,Wood,White #220 Maple,
FC-220MT,0.5,0.562,0.188,,,28.28,Wood,FC White #220 Maple,
220MK,0.5,0.562,0.188,9.14,12.61,17.65,Wood,Satin Black #220 Maple,
FC-220MK,0.5,0.562,0.188,,,28.28,Wood,FC Satin Black #220 Maple,
220MA,0.5,0.562,0.188,9.14,12.61,17.65,Wood,Warm White #220 Maple,
FC-220MA,0.5,0.562,0.188,,,28.28,Wood,FC Warm White #220 Maple,
220MI,0.5,0.562,0.188,9.14,12.61,17.65,Wood,Rising White #220 Maple,
FC-220MI,0.5,0.562,0.188,,,28.28,Wood,FC Rising White #220 Maple,
220M1,0.5,0.562,0.188,8.35,11.52,16.13,Wood,Light Grey #220 Maple,
FC-220M1,0.5,0.562,0.188,,,28.28,Wood,FC Light Grey #220 Maple,
220M2,0.5,0.562,0.188,8.35,11.52,16.13,Wood,Medium Grey #220 Maple,
FC-220M2,0.5,0.562,0.188,,,28.28,Wood,FC Medium Grey #220 Maple,
220M3,0.5,0.562,0.188,8.35,11.52,16.13,Wood,Dark Grey #220 Maple,
FC-220M3,0.5,0.562,0.188,,,28.28,Wood,FC Dark Grey #220 Maple,
220M9,0.5,0.562,0.188,9.14,12.61,17.65,Wood,Wheat #220 Maple,
FC-220M9,0.5,0.562,0.188,,,28.28,Wood,FC Wheat #220 Maple,
220OR,0.5,0.562,0.188,3.83,5.29,8.46,Wood,Raw #220 Oak,
FC-220OR,0.5,0.562,0.188,,,25.23,Wood,FC Raw #220 Oak,
220OF,0.5,0.562,0.188,7.36,10.16,14.22,Wood,Oil & Wax #220 Oak,
FC-220OF,0.5,0.562,0.188,,,25.92,Wood,FC Oil & Wax #220 Oak,
220OL,0.5,0.562,0.188,7.63,10.53,14.74,Wood,Clear Lacquer #220 Oak,
FC-220OL,0.5,0.562,0.188,,,25.92,Wood,FC Clear Lacquer #220 Oak,
220WR,0.5,0.562,0.188,7.02,10.25,16.4,Wood,Raw #220 Walnut,
FC-220WR,0.5,0.562,0.188,,,30.19,Wood,FC Raw #220 Walnut,
220WF,0.5,0.562,0.188,12.45,18.18,25.45,Wood,Oil & Wax #220 Walnut,
FC-220WF,0.5,0.562,0.188,,,30.88,Wood,FC Oil & Wax #220 Walnut,
220WP,0.5,0.562,0.188,12.72,18.57,26,Wood,Padauk #220 Walnut,
FC-220WP,0.5,0.562,0.188,,,31.56,Wood,FC Padauk #220 Walnut,
220WB,0.5,0.562,0.188,12.72,18.57,26,Wood,Special Dark #220 Walnut,
FC-220WB,0.5,0.562,0.188,,,31.56,Wood,FC Special Dark #220 Walnut,
220WE,0.5,0.562,0.188,12.45,18.18,25.45,Wood,Ebony #220 Walnut,
FC-220WE,0.5,0.562,0.188,,,31.56,Wood,FC Ebony #220 Walnut,
220WK,0.5,0.562,0.188,11.61,16.95,23.73,Wood,Satin Black #220 Walnut,
FC-220WK,0.5,0.562,0.188,,,30.88,Wood,FC Satin Black #220 Walnut,
220W1,0.5,0.562,0.188,11.61,16.95,23.73,Wood,Light Grey #220 Walnut,
FC-220W1,0.5,0.562,0.188,,,30.88,Wood,FC Light Grey #220 Walnut,
220W2,0.5,0.562,0.188,11.61,16.95,23.73,Wood,Medium Grey #220 Walnut,
FC-220W2,0.5,0.562,0.188,,,30.88,Wood,FC Medium Grey #220 Walnut,
220W3,0.5,0.562,0.188,11.61,16.95,23.73,Wood,Dark Grey #220 Walnut,
FC-220W3,0.5,0.562,0.188,,,30.88,Wood,FC Dark Grey #220 Walnut,
300AR,1,0.562,0.25,3,4.26,6.39,Wood,Raw #300 Ash,
FC-300AR,1,0.562,0.25,,,24.2,Wood,FC Raw #300 Ash,
300AF,1,0.562,0.25,6.26,8.89,12,Wood,Oil & Wax #300 Ash,
FC-300AF,1,0.562,0.25,,,24.89,Wood,FC Oil & Wax #300 Ash,
300AL,1,0.562,0.25,6.8,9.66,13.04,Wood,Clear Lacquer #300 Ash,
FC-300AL,1,0.562,0.25,,,24.89,Wood,FC Clear Lacquer #300 Ash,
300AW,1,0.562,0.25,8.7,12.35,16.67,Wood,WhiteWash #300 Ash,
FC-300AW,1,0.562,0.25,,,25.57,Wood,FC WhiteWash #300 Ash,
300AT,1,0.562,0.25,8.7,12.35,16.67,Wood,White #300 Ash,
FC-300AT,1,0.562,0.25,,,26.95,Wood,FC White #300 Ash,
300AK,1,0.562,0.25,8.7,12.35,16.67,Wood,Satin Black #300 Ash,
FC-300AK,1,0.562,0.25,,,26.95,Wood,FC Satin Black #300 Ash,
300AA,1,0.562,0.25,8.7,12.35,16.67,Wood,Warm White #300 Ash,
FC-300AA,1,0.562,0.25,,,26.95,Wood,FC Warm White #300 Ash,
300AC,1,0.562,0.25,8.7,12.35,16.67,Wood,Charcoal #300 Ash,
FC-300AC,1,0.562,0.25,,,26.95,Wood,FC Charcoal #300 Ash,
300AI,1,0.562,0.25,8.7,12.35,16.67,Wood,Rising White #300 Ash,
FC-300AI,1,0.562,0.25,,,26.95,Wood,FC Rising White #300 Ash,
300A1,1,0.562,0.25,8.7,12.35,16.67,Wood,Light Grey #300 Ash,
FC-300A1,1,0.562,0.25,,,26.95,Wood,FC Light Grey #300 Ash,
300A2,1,0.562,0.25,8.7,12.35,16.67,Wood,Medium Grey #300 Ash,
FC-300A2,1,0.562,0.25,,,26.95,Wood,FC Medium Grey #300 Ash,
300A3,1,0.562,0.25,8.7,12.35,16.67,Wood,Dark Grey #300 Ash,
FC-300A3,1,0.562,0.25,,,26.95,Wood,FC Dark Grey #300 Ash,
300CR,1,0.562,0.25,3.23,4.72,7.08,Wood,Raw #300 Cherry,
FC-300CR,1,0.562,0.25,,,24.66,Wood,FC Raw #300 Cherry,
300CF,1,0.562,0.25,6.76,9.87,13.32,Wood,Oil & Wax #300 Cherry,
FC-300CF,1,0.562,0.25,,,25.35,Wood,FC Oil & Wax #300 Cherry,
300CL,1,0.562,0.25,8.66,12.64,17.06,Wood,Clear Lacquer #300 Cherry,
FC-300CL,1,0.562,0.25,,,26.72,Wood,FC Clear Lacquer #300 Cherry,
300CG,1,0.562,0.25,8.66,12.64,17.06,Wood,Aged #300 Cherry,
FC-300CG,1,0.562,0.25,,,26.72,Wood,FC Aged #300 Cherry,
300CQ,1,0.562,0.25,8.66,12.64,17.06,Wood,Antique #300 Cherry,
FC-300CQ,1,0.562,0.25,,,26.72,Wood,FC Antique #300 Cherry,
300CD,1,0.562,0.25,8.66,12.64,17.06,Wood,Black Cherry #300 Cherry,
FC-300CD,1,0.562,0.25,,,27.41,Wood,FC Black Cherry #300 Cherry,
300MR,1,0.562,0.25,3.55,4.9,7.35,Wood,Raw #300 Maple,
FC-300MR,1,0.562,0.25,,,24.84,Wood,FC Raw #300 Maple,
300MF,1,0.562,0.25,6.81,9.4,12.69,Wood,Oil & Wax #300 Maple,
FC-300MF,1,0.562,0.25,,,25.53,Wood,FC Oil & Wax #300 Maple,
300ML,1,0.562,0.25,7.08,9.77,13.19,Wood,Clear Lacquer #300 Maple,
FC-300ML,1,0.562,0.25,,,25.53,Wood,FC Clear Lacquer #300 Maple,
300MW,1,0.562,0.25,8.14,11.23,15.16,Wood,WhiteWash #300 Maple,
FC-300MW,1,0.562,0.25,,,26.21,Wood,FC WhiteWash #300 Maple,
300MT,1,0.562,0.25,7.35,10.14,13.69,Wood,White #300 Maple,
FC-300MT,1,0.562,0.25,,,26.9,Wood,FC White #300 Maple,
300MK,1,0.562,0.25,7.35,10.14,13.69,Wood,Satin Black #300 Maple,
FC-300MK,1,0.562,0.25,,,26.9,Wood,FC Satin Black #300 Maple,
300MA,1,0.562,0.25,7.35,10.14,13.69,Wood,Warm White #300 Maple,
FC-300MA,1,0.562,0.25,,,26.9,Wood,FC Warm White #300 Maple,
300MI,1,0.562,0.25,7.35,10.14,13.69,Wood,Rising White #300 Maple,
FC-300MI,1,0.562,0.25,,,26.9,Wood,FC Rising White #300 Maple,
300M1,1,0.562,0.25,7.35,10.14,13.69,Wood,Light Grey #300 Maple,
FC-300M1,1,0.562,0.25,,,26.9,Wood,FC Light Grey #300 Maple,
300M2,1,0.562,0.25,7.35,10.14,13.69,Wood,Medium Grey #300 Maple,
FC-300M2,1,0.562,0.25,,,26.9,Wood,FC Medium Grey #300 Maple,
300M3,1,0.562,0.25,7.35,10.14,13.69,Wood,Dark Grey #300 Maple,
FC-300M3,1,0.562,0.25,,,26.9,Wood,FC Dark Grey #300 Maple,
300M9,1,0.562,0.25,8.14,11.23,15.16,Wood,Wheat #300 Maple,
FC-300M9,1,0.562,0.25,,,26.9,Wood,FC Wheat #300 Maple,
300OR,1,0.562,0.25,3.13,4.32,6.48,Wood,Raw #300 Oak,
FC-300OR,1,0.562,0.25,,,24.26,Wood,FC Raw #300 Oak,
300OF,1,0.562,0.25,6.39,8.82,11.91,Wood,Oil & Wax #300 Oak,
FC-300OF,1,0.562,0.25,,,24.95,Wood,FC Oil & Wax #300 Oak,
300OL,1,0.562,0.25,6.66,9.19,12.41,Wood,Clear Lacquer #300 Oak,
FC-300OL,1,0.562,0.25,,,24.95,Wood,FC Clear Lacquer #300 Oak,
300WR,1,0.562,0.25,6.38,9.31,13.96,Wood,Raw #300 Walnut,
FC-300WR,1,0.562,0.25,,,29.25,Wood,FC Raw #300 Walnut,
300WF,1,0.562,0.25,10.97,16.02,21.63,Wood,Oil & Wax #300 Walnut,
FC-300WF,1,0.562,0.25,,,29.94,Wood,FC Oil & Wax #300 Walnut,
300WP,1,0.562,0.25,11.81,17.24,23.27,Wood,Padauk #300 Walnut,
FC-300WP,1,0.562,0.25,,,30.62,Wood,FC Padauk #300 Walnut,
300WB,1,0.562,0.25,11.81,17.24,23.27,Wood,Special Dark #300 Walnut,
FC-300WB,1,0.562,0.25,,,30.62,Wood,FC Special Dark #300 Walnut,
300WE,1,0.562,0.25,10.97,16.02,21.63,Wood,Ebony #300 Walnut,
FC-300WE,1,0.562,0.25,,,30.62,Wood,FC Ebony #300 Walnut,
300WK,1,0.562,0.25,10.18,14.86,20.06,Wood,Satin Black #300 Walnut,
FC-300WK,1,0.562,0.25,,,29.94,Wood,FC Satin Black #300 Walnut,
300W1,1,0.562,0.25,10.18,14.86,20.06,Wood,Light Grey #300 Walnut,
FC-300W1,1,0.562,0.25,,,29.94,Wood,FC Light Grey #300 Walnut,
300W2,1,0.562,0.25,10.18,14.86,20.06,Wood,Medium Grey #300 Walnut,
FC-300W2,1,0.562,0.25,,,29.94,Wood,FC Medium Grey #300 Walnut,
300W3,1,0.562,0.25,10.18,14.86,20.06,Wood,Dark Grey #300 Walnut,
FC-300W3,1,0.562,0.25,,,29.94,Wood,FC Dark Grey #300 Walnut,
300QR,1,0.562,0.25,7.2,11.88,17.82,Wood,Raw #300 Qtrd W. Oak,
FC-300QR,1,0.562,0.25,,,32.51,Wood,FC Raw #300 Qtrd W. Oak,
300QF,1,0.562,0.25,10.46,17.26,23.3,Wood,Oil & Wax #300 Qtrd W. Oak,
FC-300QF,1,0.562,0.25,,,33.19,Wood,FC Oil & Wax #300 Qtrd W. Oak,
300QL,1,0.562,0.25,10.73,17.7,23.9,Wood,Clear Lacquer #300 Qtrd W. Oak,
FC-300QL,1,0.562,0.25,,,33.19,Wood,FC Clear Lacquer #300 Qtrd W. Oak,
300QC,1,0.562,0.25,12.63,20.84,28.13,Wood,Charcoal #300 Qtrd W. Oak,
FC-300QC,1,0.562,0.25,,,33.88,Wood,FC Charcoal #300 Qtrd W. Oak,
300QM,1,0.562,0.25,12.63,20.84,28.13,Wood,Mission #300 Qtrd W. Oak,
FC-300QM,1,0.562,0.25,,,33.88,Wood,FC Mission #300 Qtrd W. Oak,
300Q7,1,0.562,0.25,12.63,20.84,28.13,Wood,Bleached #300 Qtrd W. Oak,
FC-300Q7,1,0.562,0.25,,,33.88,Wood,FC Bleached #300 Qtrd W. Oak,
301AR,1.25,0.562,0.25,3.37,4.79,7.18,Wood,Raw #301 Ash,
FC-301AR,1.25,0.562,0.25,,,24.73,Wood,FC Raw #301 Ash,
301AF,1.25,0.562,0.25,6.63,9.41,12.7,Wood,Oil & Wax #301 Ash,
FC-301AF,1.25,0.562,0.25,,,25.42,Wood,FC Oil & Wax #301 Ash,
301AL,1.25,0.562,0.25,7.17,10.18,13.74,Wood,Clear Lacquer #301 Ash,
FC-301AL,1.25,0.562,0.25,,,25.42,Wood,FC Clear Lacquer #301 Ash,
301AW,1.25,0.562,0.25,9.07,12.88,17.39,Wood,WhiteWash #301 Ash,
FC-301AW,1.25,0.562,0.25,,,26.1,Wood,FC WhiteWash #301 Ash,
301AT,1.25,0.562,0.25,9.07,12.88,17.39,Wood,White #301 Ash,
FC-301AT,1.25,0.562,0.25,,,27.48,Wood,FC White #301 Ash,
301AK,1.25,0.562,0.25,9.07,12.88,17.39,Wood,Satin Black #301 Ash,
FC-301AK,1.25,0.562,0.25,,,27.48,Wood,FC Satin Black #301 Ash,
301AA,1.25,0.562,0.25,9.07,12.88,17.39,Wood,Warm White #301 Ash,
FC-301AA,1.25,0.562,0.25,,,27.48,Wood,FC Warm White #301 Ash,
301AC,1.25,0.562,0.25,9.07,12.88,17.39,Wood,Charcoal #301 Ash,
FC-301AC,1.25,0.562,0.25,,,27.48,Wood,FC Charcoal #301 Ash,
301AI,1.25,0.562,0.25,9.07,12.88,17.39,Wood,Rising White #301 Ash,
FC-301AI,1.25,0.562,0.25,,,27.48,Wood,FC Rising White #301 Ash,
301A1,1.25,0.562,0.25,9.07,12.88,17.39,Wood,Light Grey #301 Ash,
FC-301A1,1.25,0.562,0.25,,,27.48,Wood,FC Light Grey #301 Ash,
301A2,1.25,0.562,0.25,9.07,12.88,17.39,Wood,Medium Grey #301 Ash,
FC-301A2,1.25,0.562,0.25,,,27.48,Wood,FC Medium Grey #301 Ash,
301A3,1.25,0.562,0.25,9.07,12.88,17.39,Wood,Dark Grey #301 Ash,
FC-301A3,1.25,0.562,0.25,,,27.48,Wood,FC Dark Grey #301 Ash,
301CR,1.25,0.562,0.25,3.61,5.27,7.9,Wood,Raw #301 Cherry,
FC-301CR,1.25,0.562,0.25,,,25.21,Wood,FC Raw #301 Cherry,
301CF,1.25,0.562,0.25,7.14,10.42,14.07,Wood,Oil & Wax #301 Cherry,
FC-301CF,1.25,0.562,0.25,,,25.9,Wood,FC Oil & Wax #301 Cherry,
301CL,1.25,0.562,0.25,9.04,13.2,17.82,Wood,Clear Lacquer #301 Cherry,
FC-301CL,1.25,0.562,0.25,,,27.27,Wood,FC Clear Lacquer #301 Cherry,
301CG,1.25,0.562,0.25,9.04,13.2,17.82,Wood,Aged #301 Cherry,
FC-301CG,1.25,0.562,0.25,,,27.27,Wood,FC Aged #301 Cherry,
301CQ,1.25,0.562,0.25,9.04,13.2,17.82,Wood,Antique #301 Cherry,
FC-301CQ,1.25,0.562,0.25,,,27.27,Wood,FC Antique #301 Cherry,
301CD,1.25,0.562,0.25,9.04,13.2,17.82,Wood,Black Cherry #301 Cherry,
FC-301CD,1.25,0.562,0.25,,,27.96,Wood,FC Black Cherry #301 Cherry,
301MR,1.25,0.562,0.25,4.04,5.58,8.37,Wood,Raw #301 Maple,
FC-301MR,1.25,0.562,0.25,,,25.52,Wood,FC Raw #301 Maple,
301MF,1.25,0.562,0.25,7.3,10.07,13.59,Wood,Oil & Wax #301 Maple,
FC-301MF,1.25,0.562,0.25,,,26.21,Wood,FC Oil & Wax #301 Maple,
301ML,1.25,0.562,0.25,7.57,10.45,14.11,Wood,Clear Lacquer #301 Maple,
FC-301ML,1.25,0.562,0.25,,,26.21,Wood,FC Clear Lacquer #301 Maple,
301MW,1.25,0.562,0.25,8.63,11.91,16.08,Wood,WhiteWash #301 Maple,
FC-301MW,1.25,0.562,0.25,,,26.89,Wood,FC WhiteWash #301 Maple,
301MT,1.25,0.562,0.25,7.84,10.82,14.61,Wood,White #301 Maple,
FC-301MT,1.25,0.562,0.25,,,27.58,Wood,FC White #301 Maple,
301MK,1.25,0.562,0.25,7.84,10.82,14.61,Wood,Satin Black #301 Maple,
FC-301MK,1.25,0.562,0.25,,,27.58,Wood,FC Satin Black #301 Maple,
301MA,1.25,0.562,0.25,7.84,10.82,14.61,Wood,Warm White #301 Maple,
FC-301MA,1.25,0.562,0.25,,,27.58,Wood,FC Warm White #301 Maple,
301MI,1.25,0.562,0.25,7.84,10.82,14.61,Wood,Rising White #301 Maple,
FC-301MI,1.25,0.562,0.25,,,27.58,Wood,FC Rising White #301 Maple,
301M1,1.25,0.562,0.25,7.84,10.82,14.61,Wood,Light Grey #301 Maple,
FC-301M1,1.25,0.562,0.25,,,27.58,Wood,FC Light Grey #301 Maple,
301M2,1.25,0.562,0.25,7.84,10.82,14.61,Wood,Medium Grey #301 Maple,
FC-301M2,1.25,0.562,0.25,,,27.58,Wood,FC Medium Grey #301 Maple,
301M3,1.25,0.562,0.25,7.84,10.82,14.61,Wood,Dark Grey #301 Maple,
FC-301M3,1.25,0.562,0.25,,,27.58,Wood,FC Dark Grey #301 Maple,
301M9,1.25,0.562,0.25,8.63,11.91,16.08,Wood,Wheat #301 Maple,
FC-301M9,1.25,0.562,0.25,,,27.58,Wood,FC Wheat #301 Maple,
301OR,1.25,0.562,0.25,3.13,4.32,6.48,Wood,Raw #301 Oak,
FC-301OR,1.25,0.562,0.25,,,24.26,Wood,FC Raw #301 Oak,
301OF,1.25,0.562,0.25,6.39,8.82,11.91,Wood,Oil & Wax #301 Oak,
FC-301OF,1.25,0.562,0.25,,,24.95,Wood,FC Oil & Wax #301 Oak,
301OL,1.25,0.562,0.25,6.66,9.19,12.41,Wood,Clear Lacquer #301 Oak,
FC-301OL,1.25,0.562,0.25,,,24.95,Wood,FC Clear Lacquer #301 Oak,
301WR,1.25,0.562,0.25,7.81,11.4,17.1,Wood,Raw #301 Walnut,
FC-301WR,1.25,0.562,0.25,,,31.34,Wood,FC Raw #301 Walnut,
301WF,1.25,0.562,0.25,12.4,18.1,24.44,Wood,Oil & Wax #301 Walnut,
FC-301WF,1.25,0.562,0.25,,,32.03,Wood,FC Oil & Wax #301 Walnut,
301WP,1.25,0.562,0.25,13.24,19.33,26.1,Wood,Padauk #301 Walnut,
FC-301WP,1.25,0.562,0.25,,,32.71,Wood,FC Padauk #301 Walnut,
301WB,1.25,0.562,0.25,13.24,19.33,26.1,Wood,Special Dark #301 Walnut,
FC-301WB,1.25,0.562,0.25,,,32.71,Wood,FC Special Dark #301 Walnut,
301WE,1.25,0.562,0.25,12.4,18.1,24.44,Wood,Ebony #301 Walnut,
FC-301WE,1.25,0.562,0.25,,,32.71,Wood,FC Ebony #301 Walnut,
301WK,1.25,0.562,0.25,11.61,16.95,22.88,Wood,Satin Black #301 Walnut,
FC-301WK,1.25,0.562,0.25,,,32.03,Wood,FC Satin Black #301 Walnut,
301W1,1.25,0.562,0.25,11.61,16.95,22.88,Wood,Light Grey #301 Walnut,
FC-301W1,1.25,0.562,0.25,,,32.03,Wood,FC Light Grey #301 Walnut,
301W2,1.25,0.562,0.25,11.61,16.95,22.88,Wood,Medium Grey #301 Walnut,
FC-301W2,1.25,0.562,0.25,,,32.03,Wood,FC Medium Grey #301 Walnut,
301W3,1.25,0.562,0.25,11.61,16.95,22.88,Wood,Dark Grey #301 Walnut,
FC-301W3,1.25,0.562,0.25,,,32.03,Wood,FC Dark Grey #301 Walnut,
301QR,1.25,0.562,0.25,7.76,12.8,19.2,Wood,Raw #301 Qtrd W. Oak,
FC-301QR,1.25,0.562,0.25,,,33.43,Wood,FC Raw #301 Qtrd W. Oak,
301QF,1.25,0.562,0.25,11.02,18.18,24.54,Wood,Oil & Wax #301 Qtrd W. Oak,
FC-301QF,1.25,0.562,0.25,,,34.11,Wood,FC Oil & Wax #301 Qtrd W. Oak,
301QL,1.25,0.562,0.25,11.29,18.63,25.15,Wood,Clear Lacquer #301 Qtrd W. Oak,
FC-301QL,1.25,0.562,0.25,,,34.11,Wood,FC Clear Lacquer #301 Qtrd W. Oak,
301QC,1.25,0.562,0.25,13.19,21.76,29.38,Wood,Charcoal #301 Qtrd W. Oak,
FC-301QC,1.25,0.562,0.25,,,34.8,Wood,FC Charcoal #301 Qtrd W. Oak,
301QM,1.25,0.562,0.25,13.19,21.76,29.38,Wood,Mission #301 Qtrd W. Oak,
FC-301QM,1.25,0.562,0.25,,,34.8,Wood,FC Mission #301 Qtrd W. Oak,
301Q7,1.25,0.562,0.25,13.19,21.76,29.38,Wood,Bleached #301 Qtrd W. Oak,
FC-301Q7,1.25,0.562,0.25,,,34.8,Wood,FC Bleached #301 Qtrd W. Oak,
302AR,1.5,0.562,0.25,3.67,5.21,7.82,Wood,Raw #302 Ash,
FC-302AR,1.5,0.562,0.25,,,25.84,Wood,FC Raw #302 Ash,
302AF,1.5,0.562,0.25,6.93,9.84,13.28,Wood,Oil & Wax #302 Ash,
FC-302AF,1.5,0.562,0.25,,,26.52,Wood,FC Oil & Wax #302 Ash,
302AL,1.5,0.562,0.25,7.47,10.61,14.32,Wood,Clear Lacquer #302 Ash,
FC-302AL,1.5,0.562,0.25,,,26.52,Wood,FC Clear Lacquer #302 Ash,
302AW,1.5,0.562,0.25,9.37,13.31,17.97,Wood,WhiteWash #302 Ash,
FC-302AW,1.5,0.562,0.25,,,27.21,Wood,FC WhiteWash #302 Ash,
302AT,1.5,0.562,0.25,9.37,13.31,17.97,Wood,White #302 Ash,
FC-302AT,1.5,0.562,0.25,,,28.59,Wood,FC White #302 Ash,
302AK,1.5,0.562,0.25,9.37,13.31,17.97,Wood,Satin Black #302 Ash,
FC-302AK,1.5,0.562,0.25,,,28.59,Wood,FC Satin Black #302 Ash,
302AA,1.5,0.562,0.25,9.37,13.31,17.97,Wood,Warm White #302 Ash,
FC-302AA,1.5,0.562,0.25,,,28.59,Wood,FC Warm White #302 Ash,
302AC,1.5,0.562,0.25,9.37,13.31,17.97,Wood,Charcoal #302 Ash,
FC-302AC,1.5,0.562,0.25,,,28.59,Wood,FC Charcoal #302 Ash,
302AI,1.5,0.562,0.25,9.37,13.31,17.97,Wood,Rising White #302 Ash,
FC-302AI,1.5,0.562,0.25,,,28.59,Wood,FC Rising White #302 Ash,
302A1,1.5,0.562,0.25,9.37,13.31,17.97,Wood,Light Grey #302 Ash,
FC-302A1,1.5,0.562,0.25,,,28.59,Wood,FC Light Grey #302 Ash,
302A2,1.5,0.562,0.25,9.37,13.31,17.97,Wood,Medium Grey #302 Ash,
FC-302A2,1.5,0.562,0.25,,,28.59,Wood,FC Medium Grey #302 Ash,
302A3,1.5,0.562,0.25,9.37,13.31,17.97,Wood,Dark Grey #302 Ash,
FC-302A3,1.5,0.562,0.25,,,28.59,Wood,FC Dark Grey #302 Ash,
302CR,1.5,0.562,0.25,4.06,5.93,8.9,Wood,Raw #302 Cherry,
FC-302CR,1.5,0.562,0.25,,,26.56,Wood,FC Raw #302 Cherry,
302CF,1.5,0.562,0.25,7.59,11.08,14.96,Wood,Oil & Wax #302 Cherry,
FC-302CF,1.5,0.562,0.25,,,27.24,Wood,FC Oil & Wax #302 Cherry,
302CL,1.5,0.562,0.25,9.49,13.86,18.71,Wood,Clear Lacquer #302 Cherry,
FC-302CL,1.5,0.562,0.25,,,28.62,Wood,FC Clear Lacquer #302 Cherry,
302CG,1.5,0.562,0.25,9.49,13.86,18.71,Wood,Aged #302 Cherry,
FC-302CG,1.5,0.562,0.25,,,28.62,Wood,FC Aged #302 Cherry,
302CQ,1.5,0.562,0.25,9.49,13.86,18.71,Wood,Antique #302 Cherry,
FC-302CQ,1.5,0.562,0.25,,,28.62,Wood,FC Antique #302 Cherry,
302CD,1.5,0.562,0.25,9.49,13.86,18.71,Wood,Black Cherry #302 Cherry,
FC-302CD,1.5,0.562,0.25,,,29.31,Wood,FC Black Cherry #302 Cherry,
302MR,1.5,0.562,0.25,4.34,5.99,8.98,Wood,Raw #302 Maple,
FC-302MR,1.5,0.562,0.25,,,26.62,Wood,FC Raw #302 Maple,
302MF,1.5,0.562,0.25,7.6,10.49,14.16,Wood,Oil & Wax #302 Maple,
FC-302MF,1.5,0.562,0.25,,,27.3,Wood,FC Oil & Wax #302 Maple,
302ML,1.5,0.562,0.25,7.87,10.86,14.66,Wood,Clear Lacquer #302 Maple,
FC-302ML,1.5,0.562,0.25,,,27.3,Wood,FC Clear Lacquer #302 Maple,
302MW,1.5,0.562,0.25,8.93,12.32,16.63,Wood,WhiteWash #302 Maple,
FC-302MW,1.5,0.562,0.25,,,27.99,Wood,FC WhiteWash #302 Maple,
302MT,1.5,0.562,0.25,8.14,11.23,15.16,Wood,White #302 Maple,
FC-302MT,1.5,0.562,0.25,,,28.68,Wood,FC White #302 Maple,
302MK,1.5,0.562,0.25,8.14,11.23,15.16,Wood,Satin Black #302 Maple,
FC-302MK,1.5,0.562,0.25,,,28.68,Wood,FC Satin Black #302 Maple,
302MA,1.5,0.562,0.25,8.14,11.23,15.16,Wood,Warm White #302 Maple,
FC-302MA,1.5,0.562,0.25,,,28.68,Wood,FC Warm White #302 Maple,
302MI,1.5,0.562,0.25,8.14,11.23,15.16,Wood,Rising White #302 Maple,
FC-302MI,1.5,0.562,0.25,,,28.68,Wood,FC Rising White #302 Maple,
302M1,1.5,0.562,0.25,8.14,11.23,15.16,Wood,Light Grey #302 Maple,
FC-302M1,1.5,0.562,0.25,,,28.68,Wood,FC Light Grey #302 Maple,
302M2,1.5,0.562,0.25,8.14,11.23,15.16,Wood,Medium Grey #302 Maple,
FC-302M2,1.5,0.562,0.25,,,28.68,Wood,FC Medium Grey #302 Maple,
302M3,1.5,0.562,0.25,8.14,11.23,15.16,Wood,Dark Grey #302 Maple,
FC-302M3,1.5,0.562,0.25,,,28.68,Wood,FC Dark Grey #302 Maple,
302M9,1.5,0.562,0.25,8.93,12.32,16.63,Wood,Wheat #302 Maple,
FC-302M9,1.5,0.562,0.25,,,28.68,Wood,FC Wheat #302 Maple,
302OR,1.5,0.562,0.25,3.77,5.2,7.8,Wood,Raw #302 Oak,
FC-302OR,1.5,0.562,0.25,,,25.83,Wood,FC Raw #302 Oak,
302OF,1.5,0.562,0.25,7.03,9.7,13.1,Wood,Oil & Wax #302 Oak,
FC-302OF,1.5,0.562,0.25,,,26.51,Wood,FC Oil & Wax #302 Oak,
302OL,1.5,0.562,0.25,7.3,10.07,13.59,Wood,Clear Lacquer #302 Oak,
FC-302OL,1.5,0.562,0.25,,,26.51,Wood,FC Clear Lacquer #302 Oak,
302WR,1.5,0.562,0.25,8.42,12.29,18.43,Wood,Raw #302 Walnut,
FC-302WR,1.5,0.562,0.25,,,32.92,Wood,FC Raw #302 Walnut,
302WF,1.5,0.562,0.25,13.01,18.99,25.64,Wood,Oil & Wax #302 Walnut,
FC-302WF,1.5,0.562,0.25,,,33.6,Wood,FC Oil & Wax #302 Walnut,
302WP,1.5,0.562,0.25,13.85,20.22,27.3,Wood,Padauk #302 Walnut,
FC-302WP,1.5,0.562,0.25,,,34.29,Wood,FC Padauk #302 Walnut,
302WB,1.5,0.562,0.25,13.85,20.22,27.3,Wood,Special Dark #302 Walnut,
FC-302WB,1.5,0.562,0.25,,,34.29,Wood,FC Special Dark #302 Walnut,
302WE,1.5,0.562,0.25,13.01,18.99,25.64,Wood,Ebony #302 Walnut,
FC-302WE,1.5,0.562,0.25,,,34.29,Wood,FC Ebony #302 Walnut,
302WK,1.5,0.562,0.25,12.22,17.84,24.08,Wood,Satin Black #302 Walnut,
FC-302WK,1.5,0.562,0.25,,,33.6,Wood,FC Satin Black #302 Walnut,
302W1,1.5,0.562,0.25,12.22,17.84,24.08,Wood,Light Grey #302 Walnut,
FC-302W1,1.5,0.562,0.25,,,33.6,Wood,FC Light Grey #302 Walnut,
302W2,1.5,0.562,0.25,12.22,17.84,24.08,Wood,Medium Grey #302 Walnut,
FC-302W2,1.5,0.562,0.25,,,33.6,Wood,FC Medium Grey #302 Walnut,
302W3,1.5,0.562,0.25,12.22,17.84,24.08,Wood,Dark Grey #302 Walnut,
FC-302W3,1.5,0.562,0.25,,,33.6,Wood,FC Dark Grey #302 Walnut,
302QR,1.5,0.562,0.25,8.34,13.76,20.64,Wood,Raw #302 Qtrd W. Oak,
FC-302QR,1.5,0.562,0.25,,,34.39,Wood,FC Raw #302 Qtrd W. Oak,
302QF,1.5,0.562,0.25,11.6,19.14,25.84,Wood,Oil & Wax #302 Qtrd W. Oak,
FC-302QF,1.5,0.562,0.25,,,35.07,Wood,FC Oil & Wax #302 Qtrd W. Oak,
302QL,1.5,0.562,0.25,11.87,19.59,26.45,Wood,Clear Lacquer #302 Qtrd W. Oak,
FC-302QL,1.5,0.562,0.25,,,35.07,Wood,FC Clear Lacquer #302 Qtrd W. Oak,
302QC,1.5,0.562,0.25,13.77,22.72,30.67,Wood,Charcoal #302 Qtrd W. Oak,
FC-302QC,1.5,0.562,0.25,,,35.76,Wood,FC Charcoal #302 Qtrd W. Oak,
302QM,1.5,0.562,0.25,13.77,22.72,30.67,Wood,Mission #302 Qtrd W. Oak,
FC-302QM,1.5,0.562,0.25,,,35.76,Wood,FC Mission #302 Qtrd W. Oak,
302Q7,1.5,0.562,0.25,13.77,22.72,30.67,Wood,Bleached #302 Qtrd W. Oak,
FC-302Q7,1.5,0.562,0.25,,,35.76,Wood,FC Bleached #302 Qtrd W. Oak,
304AR,2,0.562,0.25,4.76,6.76,10.14,Wood,Raw #304 Ash,
FC-304AR,2,0.562,0.25,,,27.39,Wood,FC Raw #304 Ash,
304AF,2,0.562,0.25,8.02,11.39,15.38,Wood,Oil & Wax #304 Ash,
FC-304AF,2,0.562,0.25,,,28.07,Wood,FC Oil & Wax #304 Ash,
304AL,2,0.562,0.25,8.56,12.16,16.42,Wood,Clear Lacquer #304 Ash,
FC-304AL,2,0.562,0.25,,,28.07,Wood,FC Clear Lacquer #304 Ash,
304AW,2,0.562,0.25,10.46,14.85,20.05,Wood,WhiteWash #304 Ash,
FC-304AW,2,0.562,0.25,,,28.76,Wood,FC WhiteWash #304 Ash,
304AT,2,0.562,0.25,10.46,14.85,20.05,Wood,White #304 Ash,
FC-304AT,2,0.562,0.25,,,30.14,Wood,FC White #304 Ash,
304AK,2,0.562,0.25,10.46,14.85,20.05,Wood,Satin Black #304 Ash,
FC-304AK,2,0.562,0.25,,,30.14,Wood,FC Satin Black #304 Ash,
304AA,2,0.562,0.25,10.46,14.85,20.05,Wood,Warm White #304 Ash,
FC-304AA,2,0.562,0.25,,,30.14,Wood,FC Warm White #304 Ash,
304AC,2,0.562,0.25,10.46,14.85,20.05,Wood,Charcoal #304 Ash,
FC-304AC,2,0.562,0.25,,,30.14,Wood,FC Charcoal #304 Ash,
304AI,2,0.562,0.25,10.46,14.85,20.05,Wood,Rising White #304 Ash,
FC-304AI,2,0.562,0.25,,,30.14,Wood,FC Rising White #304 Ash,
304A1,2,0.562,0.25,10.46,14.85,20.05,Wood,Light Grey #304 Ash,
FC-304A1,2,0.562,0.25,,,30.14,Wood,FC Light Grey #304 Ash,
304A2,2,0.562,0.25,10.46,14.85,20.05,Wood,Medium Grey #304 Ash,
FC-304A2,2,0.562,0.25,,,30.14,Wood,FC Medium Grey #304 Ash,
304A3,2,0.562,0.25,10.46,14.85,20.05,Wood,Dark Grey #304 Ash,
FC-304A3,2,0.562,0.25,,,30.14,Wood,FC Dark Grey #304 Ash,
304CR,2,0.562,0.25,5.98,8.73,13.1,Wood,Raw #304 Cherry,
FC-304CR,2,0.562,0.25,,,29.36,Wood,FC Raw #304 Cherry,
304CF,2,0.562,0.25,9.51,13.88,18.74,Wood,Oil & Wax #304 Cherry,
FC-304CF,2,0.562,0.25,,,30.04,Wood,FC Oil & Wax #304 Cherry,
304CL,2,0.562,0.25,11.41,16.66,22.49,Wood,Clear Lacquer #304 Cherry,
FC-304CL,2,0.562,0.25,,,31.42,Wood,FC Clear Lacquer #304 Cherry,
304CG,2,0.562,0.25,11.41,16.66,22.49,Wood,Aged #304 Cherry,
FC-304CG,2,0.562,0.25,,,31.42,Wood,FC Aged #304 Cherry,
304CQ,2,0.562,0.25,11.41,16.66,22.49,Wood,Antique #304 Cherry,
FC-304CQ,2,0.562,0.25,,,31.42,Wood,FC Antique #304 Cherry,
304CD,2,0.562,0.25,11.41,16.66,22.49,Wood,Black Cherry #304 Cherry,
FC-304CD,2,0.562,0.25,,,32.11,Wood,FC Black Cherry #304 Cherry,
304MR,2,0.562,0.25,5.72,7.89,11.84,Wood,Raw #304 Maple,
FC-304MR,2,0.562,0.25,,,28.52,Wood,FC Raw #304 Maple,
304MF,2,0.562,0.25,8.98,12.39,16.73,Wood,Oil & Wax #304 Maple,
FC-304MF,2,0.562,0.25,,,29.2,Wood,FC Oil & Wax #304 Maple,
304ML,2,0.562,0.25,9.25,12.76,17.23,Wood,Clear Lacquer #304 Maple,
FC-304ML,2,0.562,0.25,,,29.2,Wood,FC Clear Lacquer #304 Maple,
304MW,2,0.562,0.25,10.31,14.23,19.21,Wood,WhiteWash #304 Maple,
FC-304MW,2,0.562,0.25,,,29.89,Wood,FC WhiteWash #304 Maple,
304MT,2,0.562,0.25,9.52,13.14,17.74,Wood,White #304 Maple,
FC-304MT,2,0.562,0.25,,,30.58,Wood,FC White #304 Maple,
304MK,2,0.562,0.25,9.52,13.14,17.74,Wood,Satin Black #304 Maple,
FC-304MK,2,0.562,0.25,,,30.58,Wood,FC Satin Black #304 Maple,
304MA,2,0.562,0.25,9.52,13.14,17.74,Wood,Warm White #304 Maple,
FC-304MA,2,0.562,0.25,,,30.58,Wood,FC Warm White #304 Maple,
304MI,2,0.562,0.25,9.52,13.14,17.74,Wood,Rising White #304 Maple,
FC-304MI,2,0.562,0.25,,,30.58,Wood,FC Rising White #304 Maple,
304M1,2,0.562,0.25,9.52,13.14,17.74,Wood,Light Grey #304 Maple,
FC-304M1,2,0.562,0.25,,,30.58,Wood,FC Light Grey #304 Maple,
304M2,2,0.562,0.25,9.52,13.14,17.74,Wood,Medium Grey #304 Maple,
FC-304M2,2,0.562,0.25,,,30.58,Wood,FC Medium Grey #304 Maple,
304M3,2,0.562,0.25,9.52,13.14,17.74,Wood,Dark Grey #304 Maple,
FC-304M3,2,0.562,0.25,,,30.58,Wood,FC Dark Grey #304 Maple,
304M9,2,0.562,0.25,10.31,14.23,19.21,Wood,Wheat #304 Maple,
FC-304M9,2,0.562,0.25,,,30.58,Wood,FC Wheat #304 Maple,
304OR,2,0.562,0.25,4.43,6.11,9.17,Wood,Raw #304 Oak,
FC-304OR,2,0.562,0.25,,,26.74,Wood,FC Raw #304 Oak,
304OF,2,0.562,0.25,7.69,10.61,14.32,Wood,Oil & Wax #304 Oak,
FC-304OF,2,0.562,0.25,,,27.42,Wood,FC Oil & Wax #304 Oak,
304OL,2,0.562,0.25,7.96,10.98,14.82,Wood,Clear Lacquer #304 Oak,
FC-304OL,2,0.562,0.25,,,27.42,Wood,FC Clear Lacquer #304 Oak,
304WR,2,0.562,0.25,10.59,15.46,23.19,Wood,Raw #304 Walnut,
FC-304WR,2,0.562,0.25,,,36.09,Wood,FC Raw #304 Walnut,
304WF,2,0.562,0.25,15.18,22.16,29.92,Wood,Oil & Wax #304 Walnut,
FC-304WF,2,0.562,0.25,,,36.77,Wood,FC Oil & Wax #304 Walnut,
304WP,2,0.562,0.25,16.02,23.39,31.58,Wood,Padauk #304 Walnut,
FC-304WP,2,0.562,0.25,,,37.46,Wood,FC Padauk #304 Walnut,
304WB,2,0.562,0.25,16.02,23.39,31.58,Wood,Special Dark #304 Walnut,
FC-304WB,2,0.562,0.25,,,37.46,Wood,FC Special Dark #304 Walnut,
304WE,2,0.562,0.25,15.18,22.16,29.92,Wood,Ebony #304 Walnut,
FC-304WE,2,0.562,0.25,,,37.46,Wood,FC Ebony #304 Walnut,
304WK,2,0.562,0.25,14.39,21.01,28.36,Wood,Satin Black #304 Walnut,
FC-304WK,2,0.562,0.25,,,36.77,Wood,FC Satin Black #304 Walnut,
304W1,2,0.562,0.25,14.39,21.01,28.36,Wood,Light Grey #304 Walnut,
FC-304W1,2,0.562,0.25,,,36.77,Wood,FC Light Grey #304 Walnut,
304W2,2,0.562,0.25,14.39,21.01,28.36,Wood,Medium Grey #304 Walnut,
FC-304W2,2,0.562,0.25,,,36.77,Wood,FC Medium Grey #304 Walnut,
304W3,2,0.562,0.25,14.39,21.01,28.36,Wood,Dark Grey #304 Walnut,
FC-304W3,2,0.562,0.25,,,36.77,Wood,FC Dark Grey #304 Walnut,
304QR,2,0.562,0.25,9.5,15.68,23.52,Wood,Raw #304 Qtrd W. Oak,
FC-304QR,2,0.562,0.25,,,36.31,Wood,FC Raw #304 Qtrd W. Oak,
304QF,2,0.562,0.25,12.76,21.05,28.42,Wood,Oil & Wax #304 Qtrd W. Oak,
FC-304QF,2,0.562,0.25,,,36.99,Wood,FC Oil & Wax #304 Qtrd W. Oak,
304QL,2,0.562,0.25,13.03,21.5,29.02,Wood,Clear Lacquer #304 Qtrd W. Oak,
FC-304QL,2,0.562,0.25,,,36.99,Wood,FC Clear Lacquer #304 Qtrd W. Oak,
304QC,2,0.562,0.25,14.93,24.63,33.25,Wood,Charcoal #304 Qtrd W. Oak,
FC-304QC,2,0.562,0.25,,,37.68,Wood,FC Charcoal #304 Qtrd W. Oak,
304QM,2,0.562,0.25,14.93,24.63,33.25,Wood,Mission #304 Qtrd W. Oak,
FC-304QM,2,0.562,0.25,,,37.68,Wood,FC Mission #304 Qtrd W. Oak,
304Q7,2,0.562,0.25,14.93,24.63,33.25,Wood,Bleached #304 Qtrd W. Oak,
FC-304Q7,2,0.562,0.25,,,37.68,Wood,FC Bleached #304 Qtrd W. Oak,
312CR,1.5,0.687,0.25,6.73,9.83,14.74,Wood,Raw #312 Cherry,
FC-312CR,1.5,0.687,0.25,,,29.77,Wood,FC Raw #312 Cherry,
312CF,1.5,0.687,0.25,10.26,14.98,20.22,Wood,Oil & Wax #312 Cherry,
FC-312CF,1.5,0.687,0.25,,,30.46,Wood,FC Oil & Wax #312 Cherry,
312CL,1.5,0.687,0.25,12.16,17.75,23.96,Wood,Clear Lacquer #312 Cherry,
FC-312CL,1.5,0.687,0.25,,,31.83,Wood,FC Clear Lacquer #312 Cherry,
312CG,1.5,0.687,0.25,12.16,17.75,23.96,Wood,Aged #312 Cherry,
FC-312CG,1.5,0.687,0.25,,,31.83,Wood,FC Aged #312 Cherry,
312CQ,1.5,0.687,0.25,12.16,17.75,23.96,Wood,Antique #312 Cherry,
FC-312CQ,1.5,0.687,0.25,,,31.83,Wood,FC Antique #312 Cherry,
312CD,1.5,0.687,0.25,12.16,17.75,23.96,Wood,Black Cherry #312 Cherry,
FC-312CD,1.5,0.687,0.25,,,32.52,Wood,FC Black Cherry #312 Cherry,
312MR,1.5,0.687,0.25,7.49,10.34,15.51,Wood,Raw #312 Maple,
FC-312MR,1.5,0.687,0.25,,,30.28,Wood,FC Raw #312 Maple,
312MF,1.5,0.687,0.25,10.75,14.84,20.03,Wood,Oil & Wax #312 Maple,
FC-312MF,1.5,0.687,0.25,,,30.97,Wood,FC Oil & Wax #312 Maple,
312ML,1.5,0.687,0.25,11.02,15.21,20.53,Wood,Clear Lacquer #312 Maple,
FC-312ML,1.5,0.687,0.25,,,30.97,Wood,FC Clear Lacquer #312 Maple,
312MW,1.5,0.687,0.25,12.08,16.67,22.5,Wood,WhiteWash #312 Maple,
FC-312MW,1.5,0.687,0.25,,,31.65,Wood,FC WhiteWash #312 Maple,
312MT,1.5,0.687,0.25,11.29,15.58,21.03,Wood,White #312 Maple,
FC-312MT,1.5,0.687,0.25,,,32.34,Wood,FC White #312 Maple,
312MK,1.5,0.687,0.25,11.29,15.58,21.03,Wood,Satin Black #312 Maple,
FC-312MK,1.5,0.687,0.25,,,32.34,Wood,FC Satin Black #312 Maple,
312MA,1.5,0.687,0.25,11.29,15.58,21.03,Wood,Warm White #312 Maple,
FC-312MA,1.5,0.687,0.25,,,32.34,Wood,FC Warm White #312 Maple,
312MI,1.5,0.687,0.25,11.29,15.58,21.03,Wood,Rising White #312 Maple,
FC-312MI,1.5,0.687,0.25,,,32.34,Wood,FC Rising White #312 Maple,
312M1,1.5,0.687,0.25,11.29,15.58,21.03,Wood,Light Grey #312 Maple,
FC-312M1,1.5,0.687,0.25,,,32.34,Wood,FC Light Grey #312 Maple,
312M2,1.5,0.687,0.25,11.29,15.58,21.03,Wood,Medium Grey #312 Maple,
FC-312M2,1.5,0.687,0.25,,,32.34,Wood,FC Medium Grey #312 Maple,
312M3,1.5,0.687,0.25,11.29,15.58,21.03,Wood,Dark Grey #312 Maple,
FC-312M3,1.5,0.687,0.25,,,32.34,Wood,FC Dark Grey #312 Maple,
312M9,1.5,0.687,0.25,12.08,16.67,22.5,Wood,Wheat #312 Maple,
FC-312M9,1.5,0.687,0.25,,,32.34,Wood,FC Wheat #312 Maple,
312WR,1.5,0.687,0.25,11.04,16.12,24.18,Wood,Raw #312 Walnut,
FC-312WR,1.5,0.687,0.25,,,36.06,Wood,FC Raw #312 Walnut,
312WF,1.5,0.687,0.25,15.63,22.82,30.81,Wood,Oil & Wax #312 Walnut,
FC-312WF,1.5,0.687,0.25,,,36.75,Wood,FC Oil & Wax #312 Walnut,
312WP,1.5,0.687,0.25,16.47,24.05,32.47,Wood,Padauk #312 Walnut,
FC-312WP,1.5,0.687,0.25,,,37.43,Wood,FC Padauk #312 Walnut,
312WB,1.5,0.687,0.25,16.47,24.05,32.47,Wood,Special Dark #312 Walnut,
FC-312WB,1.5,0.687,0.25,,,37.43,Wood,FC Special Dark #312 Walnut,
312WE,1.5,0.687,0.25,15.63,22.82,30.81,Wood,Ebony #312 Walnut,
FC-312WE,1.5,0.687,0.25,,,37.43,Wood,FC Ebony #312 Walnut,
312WK,1.5,0.687,0.25,14.84,21.67,29.25,Wood,Satin Black #312 Walnut,
FC-312WK,1.5,0.687,0.25,,,36.75,Wood,FC Satin Black #312 Walnut,
312W1,1.5,0.687,0.25,14.84,21.67,29.25,Wood,Light Grey #312 Walnut,
FC-312W1,1.5,0.687,0.25,,,36.75,Wood,FC Light Grey #312 Walnut,
312W2,1.5,0.687,0.25,14.84,21.67,29.25,Wood,Medium Grey #312 Walnut,
FC-312W2,1.5,0.687,0.25,,,36.75,Wood,FC Medium Grey #312 Walnut,
312W3,1.5,0.687,0.25,14.84,21.67,29.25,Wood,Dark Grey #312 Walnut,
FC-312W3,1.5,0.687,0.25,,,36.75,Wood,FC Dark Grey #312 Walnut,
333CR,1.75,0.906,0.313,9.15,13.73,20.6,Wood,Raw #333 Cherry,
FC-333CR,1.75,0.906,0.313,,,34.36,Wood,FC Raw #333 Cherry,
333CF,1.75,0.906,0.313,12.68,19.02,25.68,Wood,Oil & Wax #333 Cherry,
FC-333CF,1.75,0.906,0.313,,,35.04,Wood,FC Oil & Wax #333 Cherry,
333CL,1.75,0.906,0.313,14.58,21.87,29.52,Wood,Clear Lacquer #333 Cherry,
FC-333CL,1.75,0.906,0.313,,,36.42,Wood,FC Clear Lacquer #333 Cherry,
333CG,1.75,0.906,0.313,14.58,21.87,29.52,Wood,Aged #333 Cherry,
FC-333CG,1.75,0.906,0.313,,,36.42,Wood,FC Aged #333 Cherry,
333CQ,1.75,0.906,0.313,14.58,21.87,29.52,Wood,Antique #333 Cherry,
FC-333CQ,1.75,0.906,0.313,,,36.42,Wood,FC Antique #333 Cherry,
333CD,1.75,0.906,0.313,14.58,21.87,29.52,Wood,Black Cherry #333 Cherry,
FC-333CD,1.75,0.906,0.313,,,37.11,Wood,FC Black Cherry #333 Cherry,
333MR,1.75,0.906,0.313,9.42,13.38,20.07,Wood,Raw #333 Maple,
FC-333MR,1.75,0.906,0.313,,,34.01,Wood,FC Raw #333 Maple,
333MF,1.75,0.906,0.313,12.68,18.01,24.31,Wood,Oil & Wax #333 Maple,
FC-333MF,1.75,0.906,0.313,,,34.69,Wood,FC Oil & Wax #333 Maple,
333ML,1.75,0.906,0.313,12.95,18.39,24.83,Wood,Clear Lacquer #333 Maple,
FC-333ML,1.75,0.906,0.313,,,34.69,Wood,FC Clear Lacquer #333 Maple,
333MW,1.75,0.906,0.313,14.01,19.89,26.85,Wood,WhiteWash #333 Maple,
FC-333MW,1.75,0.906,0.313,,,35.38,Wood,FC WhiteWash #333 Maple,
333MT,1.75,0.906,0.313,13.22,18.77,25.34,Wood,White #333 Maple,
FC-333MT,1.75,0.906,0.313,,,36.07,Wood,FC White #333 Maple,
333MK,1.75,0.906,0.313,13.22,18.77,25.34,Wood,Satin Black #333 Maple,
FC-333MK,1.75,0.906,0.313,,,36.07,Wood,FC Satin Black #333 Maple,
333MA,1.75,0.906,0.313,13.22,18.77,25.34,Wood,Warm White #333 Maple,
FC-333MA,1.75,0.906,0.313,,,36.07,Wood,FC Warm White #333 Maple,
333MI,1.75,0.906,0.313,13.22,18.77,25.34,Wood,Rising White #333 Maple,
FC-333MI,1.75,0.906,0.313,,,36.07,Wood,FC Rising White #333 Maple,
333M1,1.75,0.906,0.313,13.22,18.77,25.34,Wood,Light Grey #333 Maple,
FC-333M1,1.75,0.906,0.313,,,36.07,Wood,FC Light Grey #333 Maple,
333M2,1.75,0.906,0.313,13.22,18.77,25.34,Wood,Medium Grey #333 Maple,
FC-333M2,1.75,0.906,0.313,,,36.07,Wood,FC Medium Grey #333 Maple,
333M3,1.75,0.906,0.313,13.22,18.77,25.34,Wood,Dark Grey #333 Maple,
FC-333M3,1.75,0.906,0.313,,,36.07,Wood,FC Dark Grey #333 Maple,
333M9,1.75,0.906,0.313,14.01,19.89,26.85,Wood,Wheat #333 Maple,
FC-333M9,1.75,0.906,0.313,,,36.07,Wood,FC Wheat #333 Maple,
351AR,1.25,0.562,0.25,4.56,6.48,10.37,Wood,Raw #351 Ash,
FC-351AR,1.25,0.562,0.25,,,27.79,Wood,FC Raw #351 Ash,
351AF,1.25,0.562,0.25,7.82,11.1,15.54,Wood,Oil & Wax #351 Ash,
FC-351AF,1.25,0.562,0.25,,,28.48,Wood,FC Oil & Wax #351 Ash,
351AL,1.25,0.562,0.25,8.36,11.87,16.62,Wood,Clear Lacquer #351 Ash,
FC-351AL,1.25,0.562,0.25,,,28.48,Wood,FC Clear Lacquer #351 Ash,
351AW,1.25,0.562,0.25,10.26,14.57,20.4,Wood,WhiteWash #351 Ash,
FC-351AW,1.25,0.562,0.25,,,29.17,Wood,FC WhiteWash #351 Ash,
351AT,1.25,0.562,0.25,10.26,14.57,20.4,Wood,White #351 Ash,
FC-351AT,1.25,0.562,0.25,,,30.54,Wood,FC White #351 Ash,
351AK,1.25,0.562,0.25,10.26,14.57,20.4,Wood,Satin Black #351 Ash,
FC-351AK,1.25,0.562,0.25,,,30.54,Wood,FC Satin Black #351 Ash,
351AA,1.25,0.562,0.25,10.26,14.57,20.4,Wood,Warm White #351 Ash,
FC-351AA,1.25,0.562,0.25,,,30.54,Wood,FC Warm White #351 Ash,
351AC,1.25,0.562,0.25,10.26,14.57,20.4,Wood,Charcoal #351 Ash,
FC-351AC,1.25,0.562,0.25,,,30.54,Wood,FC Charcoal #351 Ash,
351AI,1.25,0.562,0.25,10.26,14.57,20.4,Wood,Rising White #351 Ash,
FC-351AI,1.25,0.562,0.25,,,30.54,Wood,FC Rising White #351 Ash,
351A1,1.25,0.562,0.25,10.26,14.57,20.4,Wood,Light Grey #351 Ash,
FC-351A1,1.25,0.562,0.25,,,30.54,Wood,FC Light Grey #351 Ash,
351A2,1.25,0.562,0.25,10.26,14.57,20.4,Wood,Medium Grey #351 Ash,
FC-351A2,1.25,0.562,0.25,,,30.54,Wood,FC Medium Grey #351 Ash,
351A3,1.25,0.562,0.25,10.26,14.57,20.4,Wood,Dark Grey #351 Ash,
FC-351A3,1.25,0.562,0.25,,,30.54,Wood,FC Dark Grey #351 Ash,
351CR,1.25,0.562,0.25,5.21,7.61,12.18,Wood,Raw #351 Cherry,
FC-351CR,1.25,0.562,0.25,,,28.92,Wood,FC Raw #351 Cherry,
351CF,1.25,0.562,0.25,8.74,12.76,17.86,Wood,Oil & Wax #351 Cherry,
FC-351CF,1.25,0.562,0.25,,,29.61,Wood,FC Oil & Wax #351 Cherry,
351CL,1.25,0.562,0.25,10.64,15.53,21.74,Wood,Clear Lacquer #351 Cherry,
FC-351CL,1.25,0.562,0.25,,,30.99,Wood,FC Clear Lacquer #351 Cherry,
351CG,1.25,0.562,0.25,10.64,15.53,21.74,Wood,Aged #351 Cherry,
FC-351CG,1.25,0.562,0.25,,,30.99,Wood,FC Aged #351 Cherry,
351CQ,1.25,0.562,0.25,10.64,15.53,21.74,Wood,Antique #351 Cherry,
FC-351CQ,1.25,0.562,0.25,,,30.99,Wood,FC Antique #351 Cherry,
351CD,1.25,0.562,0.25,10.64,15.53,21.74,Wood,Black Cherry #351 Cherry,
FC-351CD,1.25,0.562,0.25,,,31.67,Wood,FC Black Cherry #351 Cherry,
351MR,1.25,0.562,0.25,5.19,7.16,11.46,Wood,Raw #351 Maple,
FC-351MR,1.25,0.562,0.25,,,28.47,Wood,FC Raw #351 Maple,
351MF,1.25,0.562,0.25,8.45,11.66,16.32,Wood,Oil & Wax #351 Maple,
FC-351MF,1.25,0.562,0.25,,,29.16,Wood,FC Oil & Wax #351 Maple,
351ML,1.25,0.562,0.25,8.72,12.03,16.84,Wood,Clear Lacquer #351 Maple,
FC-351ML,1.25,0.562,0.25,,,29.16,Wood,FC Clear Lacquer #351 Maple,
351MW,1.25,0.562,0.25,9.78,13.5,18.9,Wood,WhiteWash #351 Maple,
FC-351MW,1.25,0.562,0.25,,,29.85,Wood,FC WhiteWash #351 Maple,
351MT,1.25,0.562,0.25,8.99,12.41,17.37,Wood,White #351 Maple,
FC-351MT,1.25,0.562,0.25,,,30.54,Wood,FC White #351 Maple,
351MK,1.25,0.562,0.25,8.99,12.41,17.37,Wood,Satin Black #351 Maple,
FC-351MK,1.25,0.562,0.25,,,30.54,Wood,FC Satin Black #351 Maple,
351MA,1.25,0.562,0.25,8.99,12.41,17.37,Wood,Warm White #351 Maple,
FC-351MA,1.25,0.562,0.25,,,30.54,Wood,FC Warm White #351 Maple,
351MI,1.25,0.562,0.25,8.99,12.41,17.37,Wood,Rising White #351 Maple,
FC-351MI,1.25,0.562,0.25,,,30.54,Wood,FC Rising White #351 Maple,
351M1,1.25,0.562,0.25,8.99,12.41,17.37,Wood,Light Grey #351 Maple,
FC-351M1,1.25,0.562,0.25,,,30.54,Wood,FC Light Grey #351 Maple,
351M2,1.25,0.562,0.25,8.99,12.41,17.37,Wood,Medium Grey #351 Maple,
FC-351M2,1.25,0.562,0.25,,,30.54,Wood,FC Medium Grey #351 Maple,
351M3,1.25,0.562,0.25,8.99,12.41,17.37,Wood,Dark Grey #351 Maple,
FC-351M3,1.25,0.562,0.25,,,30.54,Wood,FC Dark Grey #351 Maple,
351M9,1.25,0.562,0.25,9.78,13.5,18.9,Wood,Wheat #351 Maple,
FC-351M9,1.25,0.562,0.25,,,30.54,Wood,FC Wheat #351 Maple,
351OR,1.25,0.562,0.25,4.17,5.75,9.2,Wood,Raw #351 Oak,
FC-351OR,1.25,0.562,0.25,,,27.06,Wood,FC Raw #351 Oak,
351OF,1.25,0.562,0.25,7.43,10.25,14.35,Wood,Oil & Wax #351 Oak,
FC-351OF,1.25,0.562,0.25,,,27.75,Wood,FC Oil & Wax #351 Oak,
351OL,1.25,0.562,0.25,7.7,10.63,14.88,Wood,Clear Lacquer #351 Oak,
FC-351OL,1.25,0.562,0.25,,,27.75,Wood,FC Clear Lacquer #351 Oak,
351WR,1.25,0.562,0.25,9.55,13.94,22.3,Wood,Raw #351 Walnut,
FC-351WR,1.25,0.562,0.25,,,35.25,Wood,FC Raw #351 Walnut,
351WF,1.25,0.562,0.25,14.14,20.64,28.9,Wood,Oil & Wax #351 Walnut,
FC-351WF,1.25,0.562,0.25,,,35.94,Wood,FC Oil & Wax #351 Walnut,
351WP,1.25,0.562,0.25,14.98,21.87,30.62,Wood,Padauk #351 Walnut,
FC-351WP,1.25,0.562,0.25,,,36.63,Wood,FC Padauk #351 Walnut,
351WB,1.25,0.562,0.25,14.98,21.87,30.62,Wood,Special Dark #351 Walnut,
FC-351WB,1.25,0.562,0.25,,,36.63,Wood,FC Special Dark #351 Walnut,
351WE,1.25,0.562,0.25,14.14,20.64,28.9,Wood,Ebony #351 Walnut,
FC-351WE,1.25,0.562,0.25,,,36.63,Wood,FC Ebony #351 Walnut,
351WK,1.25,0.562,0.25,13.35,19.49,27.29,Wood,Satin Black #351 Walnut,
FC-351WK,1.25,0.562,0.25,,,35.94,Wood,FC Satin Black #351 Walnut,
351W1,1.25,0.562,0.25,13.35,19.49,27.29,Wood,Light Grey #351 Walnut,
FC-351W1,1.25,0.562,0.25,,,35.94,Wood,FC Light Grey #351 Walnut,
351W2,1.25,0.562,0.25,13.35,19.49,27.29,Wood,Medium Grey #351 Walnut,
FC-351W2,1.25,0.562,0.25,,,35.94,Wood,FC Medium Grey #351 Walnut,
351W3,1.25,0.562,0.25,13.35,19.49,27.29,Wood,Dark Grey #351 Walnut,
FC-351W3,1.25,0.562,0.25,,,35.94,Wood,FC Dark Grey #351 Walnut,
351QR,1.25,0.562,0.25,8.89,14.67,23.47,Wood,Raw #351 Qtrd W. Oak,
FC-351QR,1.25,0.562,0.25,,,36.67,Wood,FC Raw #351 Qtrd W. Oak,
351QF,1.25,0.562,0.25,12.15,20.05,28.07,Wood,Oil & Wax #351 Qtrd W. Oak,
FC-351QF,1.25,0.562,0.25,,,37.36,Wood,FC Oil & Wax #351 Qtrd W. Oak,
351QL,1.25,0.562,0.25,12.42,20.49,28.69,Wood,Clear Lacquer #351 Qtrd W. Oak,
FC-351QL,1.25,0.562,0.25,,,37.36,Wood,FC Clear Lacquer #351 Qtrd W. Oak,
351QC,1.25,0.562,0.25,14.32,23.63,33.08,Wood,Charcoal #351 Qtrd W. Oak,
FC-351QC,1.25,0.562,0.25,,,38.05,Wood,FC Charcoal #351 Qtrd W. Oak,
351QM,1.25,0.562,0.25,14.32,23.63,33.08,Wood,Mission #351 Qtrd W. Oak,
FC-351QM,1.25,0.562,0.25,,,38.05,Wood,FC Mission #351 Qtrd W. Oak,
351Q7,1.25,0.562,0.25,14.32,23.63,33.08,Wood,Bleached #351 Qtrd W. Oak,
FC-351Q7,1.25,0.562,0.25,,,38.05,Wood,FC Bleached #351 Qtrd W. Oak,
352AR,1.5,0.562,0.25,4.92,6.99,11.18,Wood,Raw #352 Ash,
FC-352AR,1.5,0.562,0.25,,,28.3,Wood,FC Raw #352 Ash,
352AF,1.5,0.562,0.25,8.18,11.62,16.27,Wood,Oil & Wax #352 Ash,
FC-352AF,1.5,0.562,0.25,,,28.99,Wood,FC Oil & Wax #352 Ash,
352AL,1.5,0.562,0.25,8.72,12.38,17.33,Wood,Clear Lacquer #352 Ash,
FC-352AL,1.5,0.562,0.25,,,28.99,Wood,FC Clear Lacquer #352 Ash,
352AW,1.5,0.562,0.25,10.62,15.08,21.11,Wood,WhiteWash #352 Ash,
FC-352AW,1.5,0.562,0.25,,,29.68,Wood,FC WhiteWash #352 Ash,
352AT,1.5,0.562,0.25,10.62,15.08,21.11,Wood,White #352 Ash,
FC-352AT,1.5,0.562,0.25,,,31.05,Wood,FC White #352 Ash,
352AK,1.5,0.562,0.25,10.62,15.08,21.11,Wood,Satin Black #352 Ash,
FC-352AK,1.5,0.562,0.25,,,31.05,Wood,FC Satin Black #352 Ash,
352AA,1.5,0.562,0.25,10.62,15.08,21.11,Wood,Warm White #352 Ash,
FC-352AA,1.5,0.562,0.25,,,31.05,Wood,FC Warm White #352 Ash,
352AC,1.5,0.562,0.25,10.62,15.08,21.11,Wood,Charcoal #352 Ash,
FC-352AC,1.5,0.562,0.25,,,31.05,Wood,FC Charcoal #352 Ash,
352AI,1.5,0.562,0.25,10.62,15.08,21.11,Wood,Rising White #352 Ash,
FC-352AI,1.5,0.562,0.25,,,31.05,Wood,FC Rising White #352 Ash,
352A1,1.5,0.562,0.25,10.62,15.08,21.11,Wood,Light Grey #352 Ash,
FC-352A1,1.5,0.562,0.25,,,31.05,Wood,FC Light Grey #352 Ash,
352A2,1.5,0.562,0.25,10.62,15.08,21.11,Wood,Medium Grey #352 Ash,
FC-352A2,1.5,0.562,0.25,,,31.05,Wood,FC Medium Grey #352 Ash,
352A3,1.5,0.562,0.25,10.62,15.08,21.11,Wood,Dark Grey #352 Ash,
FC-352A3,1.5,0.562,0.25,,,31.05,Wood,FC Dark Grey #352 Ash,
352CR,1.5,0.562,0.25,5.66,8.26,13.22,Wood,Raw #352 Cherry,
FC-352CR,1.5,0.562,0.25,,,29.57,Wood,FC Raw #352 Cherry,
352CF,1.5,0.562,0.25,9.19,13.42,18.79,Wood,Oil & Wax #352 Cherry,
FC-352CF,1.5,0.562,0.25,,,30.26,Wood,FC Oil & Wax #352 Cherry,
352CL,1.5,0.562,0.25,11.09,16.19,22.67,Wood,Clear Lacquer #352 Cherry,
FC-352CL,1.5,0.562,0.25,,,31.64,Wood,FC Clear Lacquer #352 Cherry,
352CG,1.5,0.562,0.25,11.09,16.19,22.67,Wood,Aged #352 Cherry,
FC-352CG,1.5,0.562,0.25,,,31.64,Wood,FC Aged #352 Cherry,
352CQ,1.5,0.562,0.25,11.09,16.19,22.67,Wood,Antique #352 Cherry,
FC-352CQ,1.5,0.562,0.25,,,31.64,Wood,FC Antique #352 Cherry,
352CD,1.5,0.562,0.25,11.09,16.19,22.67,Wood,Black Cherry #352 Cherry,
FC-352CD,1.5,0.562,0.25,,,32.32,Wood,FC Black Cherry #352 Cherry,
352MR,1.5,0.562,0.25,5.6,7.73,12.37,Wood,Raw #352 Maple,
FC-352MR,1.5,0.562,0.25,,,29.04,Wood,FC Raw #352 Maple,
352MF,1.5,0.562,0.25,8.86,12.23,17.12,Wood,Oil & Wax #352 Maple,
FC-352MF,1.5,0.562,0.25,,,29.73,Wood,FC Oil & Wax #352 Maple,
352ML,1.5,0.562,0.25,9.13,12.6,17.64,Wood,Clear Lacquer #352 Maple,
FC-352ML,1.5,0.562,0.25,,,29.73,Wood,FC Clear Lacquer #352 Maple,
352MW,1.5,0.562,0.25,10.19,14.06,19.68,Wood,WhiteWash #352 Maple,
FC-352MW,1.5,0.562,0.25,,,30.42,Wood,FC WhiteWash #352 Maple,
352MT,1.5,0.562,0.25,9.4,12.97,18.16,Wood,White #352 Maple,
FC-352MT,1.5,0.562,0.25,,,31.11,Wood,FC White #352 Maple,
352MK,1.5,0.562,0.25,9.4,12.97,18.16,Wood,Satin Black #352 Maple,
FC-352MK,1.5,0.562,0.25,,,31.11,Wood,FC Satin Black #352 Maple,
352MA,1.5,0.562,0.25,9.4,12.97,18.16,Wood,Warm White #352 Maple,
FC-352MA,1.5,0.562,0.25,,,31.11,Wood,FC Warm White #352 Maple,
352MI,1.5,0.562,0.25,9.4,12.97,18.16,Wood,Rising White #352 Maple,
FC-352MI,1.5,0.562,0.25,,,31.11,Wood,FC Rising White #352 Maple,
352M1,1.5,0.562,0.25,9.4,12.97,18.16,Wood,Light Grey #352 Maple,
FC-352M1,1.5,0.562,0.25,,,31.11,Wood,FC Light Grey #352 Maple,
352M2,1.5,0.562,0.25,9.4,12.97,18.16,Wood,Medium Grey #352 Maple,
FC-352M2,1.5,0.562,0.25,,,31.11,Wood,FC Medium Grey #352 Maple,
352M3,1.5,0.562,0.25,9.4,12.97,18.16,Wood,Dark Grey #352 Maple,
FC-352M3,1.5,0.562,0.25,,,31.11,Wood,FC Dark Grey #352 Maple,
352M9,1.5,0.562,0.25,10.19,14.06,19.68,Wood,Wheat #352 Maple,
FC-352M9,1.5,0.562,0.25,,,31.11,Wood,FC Wheat #352 Maple,
352OR,1.5,0.562,0.25,4.55,6.28,10.05,Wood,Raw #352 Oak,
FC-352OR,1.5,0.562,0.25,,,27.59,Wood,FC Raw #352 Oak,
352OF,1.5,0.562,0.25,7.81,10.78,15.09,Wood,Oil & Wax #352 Oak,
FC-352OF,1.5,0.562,0.25,,,28.28,Wood,FC Oil & Wax #352 Oak,
352OL,1.5,0.562,0.25,8.08,11.15,15.61,Wood,Clear Lacquer #352 Oak,
FC-352OL,1.5,0.562,0.25,,,28.28,Wood,FC Clear Lacquer #352 Oak,
352WR,1.5,0.562,0.25,10.07,14.7,23.52,Wood,Raw #352 Walnut,
FC-352WR,1.5,0.562,0.25,,,36.01,Wood,FC Raw #352 Walnut,
352WF,1.5,0.562,0.25,14.66,21.4,29.96,Wood,Oil & Wax #352 Walnut,
FC-352WF,1.5,0.562,0.25,,,36.7,Wood,FC Oil & Wax #352 Walnut,
352WP,1.5,0.562,0.25,15.5,22.63,31.68,Wood,Padauk #352 Walnut,
FC-352WP,1.5,0.562,0.25,,,37.39,Wood,FC Padauk #352 Walnut,
352WB,1.5,0.562,0.25,15.5,22.63,31.68,Wood,Special Dark #352 Walnut,
FC-352WB,1.5,0.562,0.25,,,37.39,Wood,FC Special Dark #352 Walnut,
352WE,1.5,0.562,0.25,14.66,21.4,29.96,Wood,Ebony #352 Walnut,
FC-352WE,1.5,0.562,0.25,,,37.39,Wood,FC Ebony #352 Walnut,
352WK,1.5,0.562,0.25,13.87,20.25,28.35,Wood,Satin Black #352 Walnut,
FC-352WK,1.5,0.562,0.25,,,36.7,Wood,FC Satin Black #352 Walnut,
352W1,1.5,0.562,0.25,13.87,20.25,28.35,Wood,Light Grey #352 Walnut,
FC-352W1,1.5,0.562,0.25,,,36.7,Wood,FC Light Grey #352 Walnut,
352W2,1.5,0.562,0.25,13.87,20.25,28.35,Wood,Medium Grey #352 Walnut,
FC-352W2,1.5,0.562,0.25,,,36.7,Wood,FC Medium Grey #352 Walnut,
352W3,1.5,0.562,0.25,13.87,20.25,28.35,Wood,Dark Grey #352 Walnut,
FC-352W3,1.5,0.562,0.25,,,36.7,Wood,FC Dark Grey #352 Walnut,
352QR,1.5,0.562,0.25,9.47,15.63,25.01,Wood,Raw #352 Qtrd W. Oak,
FC-352QR,1.5,0.562,0.25,,,37.63,Wood,FC Raw #352 Qtrd W. Oak,
352QF,1.5,0.562,0.25,12.73,21,29.4,Wood,Oil & Wax #352 Qtrd W. Oak,
FC-352QF,1.5,0.562,0.25,,,38.32,Wood,FC Oil & Wax #352 Qtrd W. Oak,
352QL,1.5,0.562,0.25,13,21.45,30.03,Wood,Clear Lacquer #352 Qtrd W. Oak,
FC-352QL,1.5,0.562,0.25,,,38.32,Wood,FC Clear Lacquer #352 Qtrd W. Oak,
352QC,1.5,0.562,0.25,14.9,24.58,34.41,Wood,Charcoal #352 Qtrd W. Oak,
FC-352QC,1.5,0.562,0.25,,,39.01,Wood,FC Charcoal #352 Qtrd W. Oak,
352QM,1.5,0.562,0.25,14.9,24.58,34.41,Wood,Mission #352 Qtrd W. Oak,
FC-352QM,1.5,0.562,0.25,,,39.01,Wood,FC Mission #352 Qtrd W. Oak,
352Q7,1.5,0.562,0.25,14.9,24.58,34.41,Wood,Bleached #352 Qtrd W. Oak,
FC-352Q7,1.5,0.562,0.25,,,39.01,Wood,FC Bleached #352 Qtrd W. Oak,
354AR,2,0.562,0.25,5.56,7.9,12.64,Wood,Raw #354 Ash,
FC-354AR,2,0.562,0.25,,,29.21,Wood,FC Raw #354 Ash,
354AF,2,0.562,0.25,8.82,12.52,17.53,Wood,Oil & Wax #354 Ash,
FC-354AF,2,0.562,0.25,,,29.9,Wood,FC Oil & Wax #354 Ash,
354AL,2,0.562,0.25,9.36,13.29,18.61,Wood,Clear Lacquer #354 Ash,
FC-354AL,2,0.562,0.25,,,29.9,Wood,FC Clear Lacquer #354 Ash,
354AW,2,0.562,0.25,11.26,15.99,22.39,Wood,WhiteWash #354 Ash,
FC-354AW,2,0.562,0.25,,,30.59,Wood,FC WhiteWash #354 Ash,
354AT,2,0.562,0.25,11.26,15.99,22.39,Wood,White #354 Ash,
FC-354AT,2,0.562,0.25,,,31.96,Wood,FC White #354 Ash,
354AK,2,0.562,0.25,11.26,15.99,22.39,Wood,Satin Black #354 Ash,
FC-354AK,2,0.562,0.25,,,31.96,Wood,FC Satin Black #354 Ash,
354AA,2,0.562,0.25,11.26,15.99,22.39,Wood,Warm White #354 Ash,
FC-354AA,2,0.562,0.25,,,31.96,Wood,FC Warm White #354 Ash,
354AC,2,0.562,0.25,11.26,15.99,22.39,Wood,Charcoal #354 Ash,
FC-354AC,2,0.562,0.25,,,31.96,Wood,FC Charcoal #354 Ash,
354AI,2,0.562,0.25,11.26,15.99,22.39,Wood,Rising White #354 Ash,
FC-354AI,2,0.562,0.25,,,31.96,Wood,FC Rising White #354 Ash,
354A1,2,0.562,0.25,11.26,15.99,22.39,Wood,Light Grey #354 Ash,
FC-354A1,2,0.562,0.25,,,31.96,Wood,FC Light Grey #354 Ash,
354A2,2,0.562,0.25,11.26,15.99,22.39,Wood,Medium Grey #354 Ash,
FC-354A2,2,0.562,0.25,,,31.96,Wood,FC Medium Grey #354 Ash,
354A3,2,0.562,0.25,11.26,15.99,22.39,Wood,Dark Grey #354 Ash,
FC-354A3,2,0.562,0.25,,,31.96,Wood,FC Dark Grey #354 Ash,
354CR,2,0.562,0.25,6.66,9.72,15.55,Wood,Raw #354 Cherry,
FC-354CR,2,0.562,0.25,,,31.03,Wood,FC Raw #354 Cherry,
354CF,2,0.562,0.25,10.19,14.88,20.83,Wood,Oil & Wax #354 Cherry,
FC-354CF,2,0.562,0.25,,,31.72,Wood,FC Oil & Wax #354 Cherry,
354CL,2,0.562,0.25,12.09,17.65,24.71,Wood,Clear Lacquer #354 Cherry,
FC-354CL,2,0.562,0.25,,,33.1,Wood,FC Clear Lacquer #354 Cherry,
354CG,2,0.562,0.25,12.09,17.65,24.71,Wood,Aged #354 Cherry,
FC-354CG,2,0.562,0.25,,,33.1,Wood,FC Aged #354 Cherry,
354CQ,2,0.562,0.25,12.09,17.65,24.71,Wood,Antique #354 Cherry,
FC-354CQ,2,0.562,0.25,,,33.1,Wood,FC Antique #354 Cherry,
354CD,2,0.562,0.25,12.09,17.65,24.71,Wood,Black Cherry #354 Cherry,
FC-354CD,2,0.562,0.25,,,33.78,Wood,FC Black Cherry #354 Cherry,
354MR,2,0.562,0.25,6.56,9.05,14.48,Wood,Raw #354 Maple,
FC-354MR,2,0.562,0.25,,,30.36,Wood,FC Raw #354 Maple,
354MF,2,0.562,0.25,9.82,13.55,18.97,Wood,Oil & Wax #354 Maple,
FC-354MF,2,0.562,0.25,,,31.05,Wood,FC Oil & Wax #354 Maple,
354ML,2,0.562,0.25,10.09,13.92,19.49,Wood,Clear Lacquer #354 Maple,
FC-354ML,2,0.562,0.25,,,31.05,Wood,FC Clear Lacquer #354 Maple,
354MW,2,0.562,0.25,11.15,15.39,21.55,Wood,WhiteWash #354 Maple,
FC-354MW,2,0.562,0.25,,,31.74,Wood,FC WhiteWash #354 Maple,
354MT,2,0.562,0.25,10.36,14.3,20.02,Wood,White #354 Maple,
FC-354MT,2,0.562,0.25,,,32.43,Wood,FC White #354 Maple,
354MK,2,0.562,0.25,10.36,14.3,20.02,Wood,Satin Black #354 Maple,
FC-354MK,2,0.562,0.25,,,32.43,Wood,FC Satin Black #354 Maple,
354MA,2,0.562,0.25,10.36,14.3,20.02,Wood,Warm White #354 Maple,
FC-354MA,2,0.562,0.25,,,32.43,Wood,FC Warm White #354 Maple,
354MI,2,0.562,0.25,10.36,14.3,20.02,Wood,Rising White #354 Maple,
FC-354MI,2,0.562,0.25,,,32.43,Wood,FC Rising White #354 Maple,
354M1,2,0.562,0.25,10.36,14.3,20.02,Wood,Light Grey #354 Maple,
FC-354M1,2,0.562,0.25,,,32.43,Wood,FC Light Grey #354 Maple,
354M2,2,0.562,0.25,10.36,14.3,20.02,Wood,Medium Grey #354 Maple,
FC-354M2,2,0.562,0.25,,,32.43,Wood,FC Medium Grey #354 Maple,
354M3,2,0.562,0.25,10.36,14.3,20.02,Wood,Dark Grey #354 Maple,
FC-354M3,2,0.562,0.25,,,32.43,Wood,FC Dark Grey #354 Maple,
354M9,2,0.562,0.25,11.15,15.39,21.55,Wood,Wheat #354 Maple,
FC-354M9,2,0.562,0.25,,,32.43,Wood,FC Wheat #354 Maple,
354OR,2,0.562,0.25,5.12,7.07,11.31,Wood,Raw #354 Oak,
FC-354OR,2,0.562,0.25,,,28.38,Wood,FC Raw #354 Oak,
354OF,2,0.562,0.25,8.38,11.56,16.18,Wood,Oil & Wax #354 Oak,
FC-354OF,2,0.562,0.25,,,29.07,Wood,FC Oil & Wax #354 Oak,
354OL,2,0.562,0.25,8.65,11.94,16.72,Wood,Clear Lacquer #354 Oak,
FC-354OL,2,0.562,0.25,,,29.07,Wood,FC Clear Lacquer #354 Oak,
354WR,2,0.562,0.25,11.77,17.18,27.49,Wood,Raw #354 Walnut,
FC-354WR,2,0.562,0.25,,,38.49,Wood,FC Raw #354 Walnut,
354WF,2,0.562,0.25,16.36,23.89,33.45,Wood,Oil & Wax #354 Walnut,
FC-354WF,2,0.562,0.25,,,39.18,Wood,FC Oil & Wax #354 Walnut,
354WP,2,0.562,0.25,17.2,25.11,35.15,Wood,Padauk #354 Walnut,
FC-354WP,2,0.562,0.25,,,39.87,Wood,FC Padauk #354 Walnut,
354WB,2,0.562,0.25,17.2,25.11,35.15,Wood,Special Dark #354 Walnut,
FC-354WB,2,0.562,0.25,,,39.87,Wood,FC Special Dark #354 Walnut,
354WE,2,0.562,0.25,16.36,23.89,33.45,Wood,Ebony #354 Walnut,
FC-354WE,2,0.562,0.25,,,39.87,Wood,FC Ebony #354 Walnut,
354WK,2,0.562,0.25,15.57,22.73,31.82,Wood,Satin Black #354 Walnut,
FC-354WK,2,0.562,0.25,,,39.18,Wood,FC Satin Black #354 Walnut,
354W1,2,0.562,0.25,15.57,22.73,31.82,Wood,Light Grey #354 Walnut,
FC-354W1,2,0.562,0.25,,,39.18,Wood,FC Light Grey #354 Walnut,
354W2,2,0.562,0.25,15.57,22.73,31.82,Wood,Medium Grey #354 Walnut,
FC-354W2,2,0.562,0.25,,,39.18,Wood,FC Medium Grey #354 Walnut,
354W3,2,0.562,0.25,15.57,22.73,31.82,Wood,Dark Grey #354 Walnut,
FC-354W3,2,0.562,0.25,,,39.18,Wood,FC Dark Grey #354 Walnut,
354QR,2,0.562,0.25,10.59,17.47,27.95,Wood,Raw #354 Qtrd W. Oak,
FC-354QR,2,0.562,0.25,,,39.47,Wood,FC Raw #354 Qtrd W. Oak,
354QF,2,0.562,0.25,13.85,22.85,31.99,Wood,Oil & Wax #354 Qtrd W. Oak,
FC-354QF,2,0.562,0.25,,,40.16,Wood,FC Oil & Wax #354 Qtrd W. Oak,
354QL,2,0.562,0.25,14.12,23.3,32.62,Wood,Clear Lacquer #354 Qtrd W. Oak,
FC-354QL,2,0.562,0.25,,,40.16,Wood,FC Clear Lacquer #354 Qtrd W. Oak,
354QC,2,0.562,0.25,16.02,26.43,37,Wood,Charcoal #354 Qtrd W. Oak,
FC-354QC,2,0.562,0.25,,,40.85,Wood,FC Charcoal #354 Qtrd W. Oak,
354QM,2,0.562,0.25,16.02,26.43,37,Wood,Mission #354 Qtrd W. Oak,
FC-354QM,2,0.562,0.25,,,40.85,Wood,FC Mission #354 Qtrd W. Oak,
354Q7,2,0.562,0.25,16.02,26.43,37,Wood,Bleached #354 Qtrd W. Oak,
FC-354Q7,2,0.562,0.25,,,40.85,Wood,FC Bleached #354 Qtrd W. Oak,
520AR,0.5,0.953,0.188,4.18,5.94,9.5,Wood,Raw #520 Ash,
FC-520AR,0.5,0.953,0.188,,,26.57,Wood,FC Raw #520 Ash,
520AF,0.5,0.953,0.188,7.71,10.95,15.33,Wood,Oil & Wax #520 Ash,
FC-520AF,0.5,0.953,0.188,,,27.25,Wood,FC Oil & Wax #520 Ash,
520AL,0.5,0.953,0.188,8.77,12.45,17.43,Wood,Clear Lacquer #520 Ash,
FC-520AL,0.5,0.953,0.188,,,27.25,Wood,FC Clear Lacquer #520 Ash,
520AW,0.5,0.953,0.188,9.88,14.03,19.64,Wood,WhiteWash #520 Ash,
FC-520AW,0.5,0.953,0.188,,,27.94,Wood,FC WhiteWash #520 Ash,
520AT,0.5,0.953,0.188,9.88,14.03,19.64,Wood,White #520 Ash,
FC-520AT,0.5,0.953,0.188,,,29.32,Wood,FC White #520 Ash,
520AK,0.5,0.953,0.188,9.88,14.03,19.64,Wood,Satin Black #520 Ash,
FC-520AK,0.5,0.953,0.188,,,29.32,Wood,FC Satin Black #520 Ash,
520AA,0.5,0.953,0.188,9.88,14.03,19.64,Wood,Warm White #520 Ash,
FC-520AA,0.5,0.953,0.188,,,29.32,Wood,FC Warm White #520 Ash,
520AC,0.5,0.953,0.188,9.88,14.03,19.64,Wood,Charcoal #520 Ash,
FC-520AC,0.5,0.953,0.188,,,29.32,Wood,FC Charcoal #520 Ash,
520AI,0.5,0.953,0.188,9.88,14.03,19.64,Wood,Rising White #520 Ash,
FC-520AI,0.5,0.953,0.188,,,29.32,Wood,FC Rising White #520 Ash,
520A1,0.5,0.953,0.188,9.88,14.03,19.64,Wood,Light Grey #520 Ash,
FC-520A1,0.5,0.953,0.188,,,29.32,Wood,FC Light Grey #520 Ash,
520A2,0.5,0.953,0.188,9.88,14.03,19.64,Wood,Medium Grey #520 Ash,
FC-520A2,0.5,0.953,0.188,,,29.32,Wood,FC Medium Grey #520 Ash,
520A3,0.5,0.953,0.188,9.88,14.03,19.64,Wood,Dark Grey #520 Ash,
FC-520A3,0.5,0.953,0.188,,,29.32,Wood,FC Dark Grey #520 Ash,
520CR,0.5,0.953,0.188,4.42,6.45,10.32,Wood,Raw #520 Cherry,
FC-520CR,0.5,0.953,0.188,,,27.08,Wood,FC Raw #520 Cherry,
520CF,0.5,0.953,0.188,8.22,12,16.8,Wood,Oil & Wax #520 Cherry,
FC-520CF,0.5,0.953,0.188,,,27.76,Wood,FC Oil & Wax #520 Cherry,
520CL,0.5,0.953,0.188,10.12,14.78,20.69,Wood,Clear Lacquer #520 Cherry,
FC-520CL,0.5,0.953,0.188,,,29.14,Wood,FC Clear Lacquer #520 Cherry,
520CG,0.5,0.953,0.188,10.12,14.78,20.69,Wood,Aged #520 Cherry,
FC-520CG,0.5,0.953,0.188,,,29.14,Wood,FC Aged #520 Cherry,
520CQ,0.5,0.953,0.188,10.12,14.78,20.69,Wood,Antique #520 Cherry,
FC-520CQ,0.5,0.953,0.188,,,29.14,Wood,FC Antique #520 Cherry,
520CD,0.5,0.953,0.188,10.12,14.78,20.69,Wood,Black Cherry #520 Cherry,
FC-520CD,0.5,0.953,0.188,,,29.83,Wood,FC Black Cherry #520 Cherry,
520MR,0.5,0.953,0.188,5,6.9,11.04,Wood,Raw #520 Maple,
FC-520MR,0.5,0.953,0.188,,,27.53,Wood,FC Raw #520 Maple,
520MF,0.5,0.953,0.188,8.53,11.77,16.48,Wood,Oil & Wax #520 Maple,
FC-520MF,0.5,0.953,0.188,,,28.21,Wood,FC Oil & Wax #520 Maple,
520ML,0.5,0.953,0.188,8.8,12.14,17,Wood,Clear Lacquer #520 Maple,
FC-520ML,0.5,0.953,0.188,,,28.21,Wood,FC Clear Lacquer #520 Maple,
520MW,0.5,0.953,0.188,10.43,14.39,20.15,Wood,WhiteWash #520 Maple,
FC-520MW,0.5,0.953,0.188,,,28.9,Wood,FC WhiteWash #520 Maple,
520MT,0.5,0.953,0.188,9.59,13.23,18.52,Wood,White #520 Maple,
FC-520MT,0.5,0.953,0.188,,,29.59,Wood,FC White #520 Maple,
520MK,0.5,0.953,0.188,9.59,13.23,18.52,Wood,Satin Black #520 Maple,
FC-520MK,0.5,0.953,0.188,,,29.59,Wood,FC Satin Black #520 Maple,
520MA,0.5,0.953,0.188,9.59,13.23,18.52,Wood,Warm White #520 Maple,
FC-520MA,0.5,0.953,0.188,,,29.59,Wood,FC Warm White #520 Maple,
520MI,0.5,0.953,0.188,9.59,13.23,18.52,Wood,Rising White #520 Maple,
FC-520MI,0.5,0.953,0.188,,,29.59,Wood,FC Rising White #520 Maple,
520M1,0.5,0.953,0.188,8.8,12.14,17,Wood,Light Grey #520 Maple,
FC-520M1,0.5,0.953,0.188,,,29.59,Wood,FC Light Grey #520 Maple,
520M2,0.5,0.953,0.188,8.8,12.14,17,Wood,Medium Grey #520 Maple,
FC-520M2,0.5,0.953,0.188,,,29.59,Wood,FC Medium Grey #520 Maple,
520M3,0.5,0.953,0.188,8.8,12.14,17,Wood,Dark Grey #520 Maple,
FC-520M3,0.5,0.953,0.188,,,29.59,Wood,FC Dark Grey #520 Maple,
520M9,0.5,0.953,0.188,9.59,13.23,18.52,Wood,Wheat #520 Maple,
FC-520M9,0.5,0.953,0.188,,,29.59,Wood,FC Wheat #520 Maple,
520WR,0.5,0.953,0.188,9.25,13.5,21.6,Wood,Raw #520 Walnut,
FC-520WR,0.5,0.953,0.188,,,34.13,Wood,FC Raw #520 Walnut,
520WF,0.5,0.953,0.188,14.68,21.43,30,Wood,Oil & Wax #520 Walnut,
FC-520WF,0.5,0.953,0.188,,,34.81,Wood,FC Oil & Wax #520 Walnut,
520WP,0.5,0.953,0.188,14.95,21.83,30.56,Wood,Padauk #520 Walnut,
FC-520WP,0.5,0.953,0.188,,,35.5,Wood,FC Padauk #520 Walnut,
520WB,0.5,0.953,0.188,14.95,21.83,30.56,Wood,Special Dark #520 Walnut,
FC-520WB,0.5,0.953,0.188,,,35.5,Wood,FC Special Dark #520 Walnut,
520WE,0.5,0.953,0.188,14.68,21.43,30,Wood,Ebony #520 Walnut,
FC-520WE,0.5,0.953,0.188,,,35.5,Wood,FC Ebony #520 Walnut,
520WK,0.5,0.953,0.188,13.84,20.21,28.29,Wood,Satin Black #520 Walnut,
FC-520WK,0.5,0.953,0.188,,,34.81,Wood,FC Satin Black #520 Walnut,
520W1,0.5,0.953,0.188,13.84,20.21,28.29,Wood,Light Grey #520 Walnut,
FC-520W1,0.5,0.953,0.188,,,34.81,Wood,FC Light Grey #520 Walnut,
520W2,0.5,0.953,0.188,13.84,20.21,28.29,Wood,Medium Grey #520 Walnut,
FC-520W2,0.5,0.953,0.188,,,34.81,Wood,FC Medium Grey #520 Walnut,
520W3,0.5,0.953,0.188,13.84,20.21,28.29,Wood,Dark Grey #520 Walnut,
FC-520W3,0.5,0.953,0.188,,,34.81,Wood,FC Dark Grey #520 Walnut,
520VR,0.5,0.953,0.188,6.54,10.79,17.26,Wood,Raw #520 White Oak,
FC-520VR,0.5,0.953,0.188,,,31.42,Wood,FC Raw #520 White Oak,
520VF,0.5,0.953,0.188,9.8,16.17,22.64,Wood,Oil & Wax #520 White Oak,
FC-520VF,0.5,0.953,0.188,,,32.1,Wood,FC Oil & Wax #520 White Oak,
520VL,0.5,0.953,0.188,10.07,16.62,23.27,Wood,Clear Lacquer #520 White Oak,
FC-520VL,0.5,0.953,0.188,,,32.1,Wood,FC Clear Lacquer #520 White Oak,
520VC,0.5,0.953,0.188,11.97,19.75,27.65,Wood,Charcoal #520 White Oak,
FC-520VC,0.5,0.953,0.188,,,32.79,Wood,FC Charcoal #520 White Oak,
520VM,0.5,0.953,0.188,11.97,19.75,27.65,Wood,Mission #520 White Oak,
FC-520VM,0.5,0.953,0.188,,,32.79,Wood,FC Mission #520 White Oak,
520V7,0.5,0.953,0.188,11.97,19.75,27.65,Wood,Bleached #520 White Oak,
FC-520V7,0.5,0.953,0.188,,,32.79,Wood,FC Bleached #520 White Oak,
532AR,0.625,1.141,0.25,4.53,6.43,10.29,Wood,Raw #532 Ash,
FC-532AR,0.625,1.141,0.25,,,27.06,Wood,FC Raw #532 Ash,
532AF,0.625,1.141,0.25,8.06,11.45,16.03,Wood,Oil & Wax #532 Ash,
FC-532AF,0.625,1.141,0.25,,,27.74,Wood,FC Oil & Wax #532 Ash,
532AL,0.625,1.141,0.25,9.12,12.95,18.13,Wood,Clear Lacquer #532 Ash,
FC-532AL,0.625,1.141,0.25,,,27.74,Wood,FC Clear Lacquer #532 Ash,
532AW,0.625,1.141,0.25,10.23,14.53,20.34,Wood,WhiteWash #532 Ash,
FC-532AW,0.625,1.141,0.25,,,28.43,Wood,FC WhiteWash #532 Ash,
532AT,0.625,1.141,0.25,10.23,14.53,20.34,Wood,White #532 Ash,
FC-532AT,0.625,1.141,0.25,,,29.81,Wood,FC White #532 Ash,
532AK,0.625,1.141,0.25,10.23,14.53,20.34,Wood,Satin Black #532 Ash,
FC-532AK,0.625,1.141,0.25,,,29.81,Wood,FC Satin Black #532 Ash,
532AA,0.625,1.141,0.25,10.23,14.53,20.34,Wood,Warm White #532 Ash,
FC-532AA,0.625,1.141,0.25,,,29.81,Wood,FC Warm White #532 Ash,
532AC,0.625,1.141,0.25,10.23,14.53,20.34,Wood,Charcoal #532 Ash,
FC-532AC,0.625,1.141,0.25,,,29.81,Wood,FC Charcoal #532 Ash,
532AI,0.625,1.141,0.25,10.23,14.53,20.34,Wood,Rising White #532 Ash,
FC-532AI,0.625,1.141,0.25,,,29.81,Wood,FC Rising White #532 Ash,
532A1,0.625,1.141,0.25,10.23,14.53,20.34,Wood,Light Grey #532 Ash,
FC-532A1,0.625,1.141,0.25,,,29.81,Wood,FC Light Grey #532 Ash,
532A2,0.625,1.141,0.25,10.23,14.53,20.34,Wood,Medium Grey #532 Ash,
FC-532A2,0.625,1.141,0.25,,,29.81,Wood,FC Medium Grey #532 Ash,
532A3,0.625,1.141,0.25,10.23,14.53,20.34,Wood,Dark Grey #532 Ash,
FC-532A3,0.625,1.141,0.25,,,29.81,Wood,FC Dark Grey #532 Ash,
532CR,0.625,1.141,0.25,4.93,7.2,11.52,Wood,Raw #532 Cherry,
FC-532CR,0.625,1.141,0.25,,,27.83,Wood,FC Raw #532 Cherry,
532CF,0.625,1.141,0.25,8.73,12.75,17.85,Wood,Oil & Wax #532 Cherry,
FC-532CF,0.625,1.141,0.25,,,28.51,Wood,FC Oil & Wax #532 Cherry,
532CL,0.625,1.141,0.25,10.63,15.52,21.73,Wood,Clear Lacquer #532 Cherry,
FC-532CL,0.625,1.141,0.25,,,29.89,Wood,FC Clear Lacquer #532 Cherry,
532CG,0.625,1.141,0.25,10.63,15.52,21.73,Wood,Aged #532 Cherry,
FC-532CG,0.625,1.141,0.25,,,29.89,Wood,FC Aged #532 Cherry,
532CQ,0.625,1.141,0.25,10.63,15.52,21.73,Wood,Antique #532 Cherry,
FC-532CQ,0.625,1.141,0.25,,,29.89,Wood,FC Antique #532 Cherry,
532CD,0.625,1.141,0.25,10.63,15.52,21.73,Wood,Black Cherry #532 Cherry,
FC-532CD,0.625,1.141,0.25,,,30.58,Wood,FC Black Cherry #532 Cherry,
532MR,0.625,1.141,0.25,5.25,7.24,11.58,Wood,Raw #532 Maple,
FC-532MR,0.625,1.141,0.25,,,27.87,Wood,FC Raw #532 Maple,
532MF,0.625,1.141,0.25,8.78,12.12,16.97,Wood,Oil & Wax #532 Maple,
FC-532MF,0.625,1.141,0.25,,,28.55,Wood,FC Oil & Wax #532 Maple,
532ML,0.625,1.141,0.25,9.05,12.49,17.49,Wood,Clear Lacquer #532 Maple,
FC-532ML,0.625,1.141,0.25,,,28.55,Wood,FC Clear Lacquer #532 Maple,
532MW,0.625,1.141,0.25,10.68,14.74,20.64,Wood,WhiteWash #532 Maple,
FC-532MW,0.625,1.141,0.25,,,29.24,Wood,FC WhiteWash #532 Maple,
532MT,0.625,1.141,0.25,9.84,13.58,19.01,Wood,White #532 Maple,
FC-532MT,0.625,1.141,0.25,,,29.93,Wood,FC White #532 Maple,
532MK,0.625,1.141,0.25,9.84,13.58,19.01,Wood,Satin Black #532 Maple,
FC-532MK,0.625,1.141,0.25,,,29.93,Wood,FC Satin Black #532 Maple,
532MA,0.625,1.141,0.25,9.84,13.58,19.01,Wood,Warm White #532 Maple,
FC-532MA,0.625,1.141,0.25,,,29.93,Wood,FC Warm White #532 Maple,
532MI,0.625,1.141,0.25,9.84,13.58,19.01,Wood,Rising White #532 Maple,
FC-532MI,0.625,1.141,0.25,,,29.93,Wood,FC Rising White #532 Maple,
532M1,0.625,1.141,0.25,9.05,12.49,17.49,Wood,Light Grey #532 Maple,
FC-532M1,0.625,1.141,0.25,,,29.93,Wood,FC Light Grey #532 Maple,
532M2,0.625,1.141,0.25,9.05,12.49,17.49,Wood,Medium Grey #532 Maple,
FC-532M2,0.625,1.141,0.25,,,29.93,Wood,FC Medium Grey #532 Maple,
532M3,0.625,1.141,0.25,9.05,12.49,17.49,Wood,Dark Grey #532 Maple,
FC-532M3,0.625,1.141,0.25,,,29.93,Wood,FC Dark Grey #532 Maple,
532M9,0.625,1.141,0.25,9.84,13.58,19.01,Wood,Wheat #532 Maple,
FC-532M9,0.625,1.141,0.25,,,29.93,Wood,FC Wheat #532 Maple,
532WR,0.625,1.141,0.25,9.95,14.53,23.25,Wood,Raw #532 Walnut,
FC-532WR,0.625,1.141,0.25,,,35.16,Wood,FC Raw #532 Walnut,
532WF,0.625,1.141,0.25,15.38,22.45,31.43,Wood,Oil & Wax #532 Walnut,
FC-532WF,0.625,1.141,0.25,,,35.84,Wood,FC Oil & Wax #532 Walnut,
532WP,0.625,1.141,0.25,15.65,22.85,31.99,Wood,Padauk #532 Walnut,
FC-532WP,0.625,1.141,0.25,,,36.53,Wood,FC Padauk #532 Walnut,
532WB,0.625,1.141,0.25,15.65,22.85,31.99,Wood,Special Dark #532 Walnut,
FC-532WB,0.625,1.141,0.25,,,36.53,Wood,FC Special Dark #532 Walnut,
532WE,0.625,1.141,0.25,15.38,22.45,31.43,Wood,Ebony #532 Walnut,
FC-532WE,0.625,1.141,0.25,,,36.53,Wood,FC Ebony #532 Walnut,
532WK,0.625,1.141,0.25,14.54,21.23,29.72,Wood,Satin Black #532 Walnut,
FC-532WK,0.625,1.141,0.25,,,35.84,Wood,FC Satin Black #532 Walnut,
532W1,0.625,1.141,0.25,14.54,21.23,29.72,Wood,Light Grey #532 Walnut,
FC-532W1,0.625,1.141,0.25,,,35.84,Wood,FC Light Grey #532 Walnut,
532W2,0.625,1.141,0.25,14.54,21.23,29.72,Wood,Medium Grey #532 Walnut,
FC-532W2,0.625,1.141,0.25,,,35.84,Wood,FC Medium Grey #532 Walnut,
532W3,0.625,1.141,0.25,14.54,21.23,29.72,Wood,Dark Grey #532 Walnut,
FC-532W3,0.625,1.141,0.25,,,35.84,Wood,FC Dark Grey #532 Walnut,
532VR,0.625,1.141,0.25,6.95,11.47,18.35,Wood,Raw #532 White Oak,
FC-532VR,0.625,1.141,0.25,,,32.1,Wood,FC Raw #532 White Oak,
532VF,0.625,1.141,0.25,10.21,16.85,23.59,Wood,Oil & Wax #532 White Oak,
FC-532VF,0.625,1.141,0.25,,,32.78,Wood,FC Oil & Wax #532 White Oak,
532VL,0.625,1.141,0.25,10.48,17.29,24.21,Wood,Clear Lacquer #532 White Oak,
FC-532VL,0.625,1.141,0.25,,,32.78,Wood,FC Clear Lacquer #532 White Oak,
532VC,0.625,1.141,0.25,12.38,20.43,28.6,Wood,Charcoal #532 White Oak,
FC-532VC,0.625,1.141,0.25,,,33.47,Wood,FC Charcoal #532 White Oak,
532VM,0.625,1.141,0.25,12.38,20.43,28.6,Wood,Mission #532 White Oak,
FC-532VM,0.625,1.141,0.25,,,33.47,Wood,FC Mission #532 White Oak,
532V7,0.625,1.141,0.25,12.38,20.43,28.6,Wood,Bleached #532 White Oak,
FC-532V7,0.625,1.141,0.25,,,33.47,Wood,FC Bleached #532 White Oak,
544AR,0.75,1.328,0.25,5.13,7.28,11.65,Wood,Raw #544 Ash,
FC-544AR,0.75,1.328,0.25,,,27.91,Wood,FC Raw #544 Ash,
544AF,0.75,1.328,0.25,8.66,12.3,17.22,Wood,Oil & Wax #544 Ash,
FC-544AF,0.75,1.328,0.25,,,28.59,Wood,FC Oil & Wax #544 Ash,
544AL,0.75,1.328,0.25,9.72,13.8,19.32,Wood,Clear Lacquer #544 Ash,
FC-544AL,0.75,1.328,0.25,,,28.59,Wood,FC Clear Lacquer #544 Ash,
544AW,0.75,1.328,0.25,10.83,15.38,21.53,Wood,WhiteWash #544 Ash,
FC-544AW,0.75,1.328,0.25,,,29.28,Wood,FC WhiteWash #544 Ash,
544AT,0.75,1.328,0.25,10.83,15.38,21.53,Wood,White #544 Ash,
FC-544AT,0.75,1.328,0.25,,,30.66,Wood,FC White #544 Ash,
544AK,0.75,1.328,0.25,10.83,15.38,21.53,Wood,Satin Black #544 Ash,
FC-544AK,0.75,1.328,0.25,,,30.66,Wood,FC Satin Black #544 Ash,
544AA,0.75,1.328,0.25,10.83,15.38,21.53,Wood,Warm White #544 Ash,
FC-544AA,0.75,1.328,0.25,,,30.66,Wood,FC Warm White #544 Ash,
544AC,0.75,1.328,0.25,10.83,15.38,21.53,Wood,Charcoal #544 Ash,
FC-544AC,0.75,1.328,0.25,,,30.66,Wood,FC Charcoal #544 Ash,
544AI,0.75,1.328,0.25,10.83,15.38,21.53,Wood,Rising White #544 Ash,
FC-544AI,0.75,1.328,0.25,,,30.66,Wood,FC Rising White #544 Ash,
544A1,0.75,1.328,0.25,10.83,15.38,21.53,Wood,Light Grey #544 Ash,
FC-544A1,0.75,1.328,0.25,,,30.66,Wood,FC Light Grey #544 Ash,
544A2,0.75,1.328,0.25,10.83,15.38,21.53,Wood,Medium Grey #544 Ash,
FC-544A2,0.75,1.328,0.25,,,30.66,Wood,FC Medium Grey #544 Ash,
544A3,0.75,1.328,0.25,10.83,15.38,21.53,Wood,Dark Grey #544 Ash,
FC-544A3,0.75,1.328,0.25,,,30.66,Wood,FC Dark Grey #544 Ash,
544CR,0.75,1.328,0.25,5.69,8.31,13.3,Wood,Raw #544 Cherry,
FC-544CR,0.75,1.328,0.25,,,28.94,Wood,FC Raw #544 Cherry,
544CF,0.75,1.328,0.25,9.49,13.86,19.4,Wood,Oil & Wax #544 Cherry,
FC-544CF,0.75,1.328,0.25,,,29.62,Wood,FC Oil & Wax #544 Cherry,
544CL,0.75,1.328,0.25,11.39,16.63,23.28,Wood,Clear Lacquer #544 Cherry,
FC-544CL,0.75,1.328,0.25,,,31,Wood,FC Clear Lacquer #544 Cherry,
544CG,0.75,1.328,0.25,11.39,16.63,23.28,Wood,Aged #544 Cherry,
FC-544CG,0.75,1.328,0.25,,,31,Wood,FC Aged #544 Cherry,
544CQ,0.75,1.328,0.25,11.39,16.63,23.28,Wood,Antique #544 Cherry,
FC-544CQ,0.75,1.328,0.25,,,31,Wood,FC Antique #544 Cherry,
544CD,0.75,1.328,0.25,11.39,16.63,23.28,Wood,Black Cherry #544 Cherry,
FC-544CD,0.75,1.328,0.25,,,31.69,Wood,FC Black Cherry #544 Cherry,
544MR,0.75,1.328,0.25,5.9,8.14,13.02,Wood,Raw #544 Maple,
FC-544MR,0.75,1.328,0.25,,,28.77,Wood,FC Raw #544 Maple,
544MF,0.75,1.328,0.25,9.43,13.01,18.21,Wood,Oil & Wax #544 Maple,
FC-544MF,0.75,1.328,0.25,,,29.45,Wood,FC Oil & Wax #544 Maple,
544ML,0.75,1.328,0.25,9.7,13.39,18.75,Wood,Clear Lacquer #544 Maple,
FC-544ML,0.75,1.328,0.25,,,29.45,Wood,FC Clear Lacquer #544 Maple,
544MW,0.75,1.328,0.25,11.33,15.64,21.9,Wood,WhiteWash #544 Maple,
FC-544MW,0.75,1.328,0.25,,,30.14,Wood,FC WhiteWash #544 Maple,
544MT,0.75,1.328,0.25,10.49,14.48,20.27,Wood,White #544 Maple,
FC-544MT,0.75,1.328,0.25,,,30.83,Wood,FC White #544 Maple,
544MK,0.75,1.328,0.25,10.49,14.48,20.27,Wood,Satin Black #544 Maple,
FC-544MK,0.75,1.328,0.25,,,30.83,Wood,FC Satin Black #544 Maple,
544MA,0.75,1.328,0.25,10.49,14.48,20.27,Wood,Warm White #544 Maple,
FC-544MA,0.75,1.328,0.25,,,30.83,Wood,FC Warm White #544 Maple,
544MI,0.75,1.328,0.25,10.49,14.48,20.27,Wood,Rising White #544 Maple,
FC-544MI,0.75,1.328,0.25,,,30.83,Wood,FC Rising White #544 Maple,
544M1,0.75,1.328,0.25,9.7,13.39,18.75,Wood,Light Grey #544 Maple,
FC-544M1,0.75,1.328,0.25,,,30.83,Wood,FC Light Grey #544 Maple,
544M2,0.75,1.328,0.25,9.7,13.39,18.75,Wood,Medium Grey #544 Maple,
FC-544M2,0.75,1.328,0.25,,,30.83,Wood,FC Medium Grey #544 Maple,
544M3,0.75,1.328,0.25,9.7,13.39,18.75,Wood,Dark Grey #544 Maple,
FC-544M3,0.75,1.328,0.25,,,30.83,Wood,FC Dark Grey #544 Maple,
544M9,0.75,1.328,0.25,10.49,14.48,20.27,Wood,Wheat #544 Maple,
FC-544M9,0.75,1.328,0.25,,,30.83,Wood,FC Wheat #544 Maple,
544WR,0.75,1.328,0.25,10.23,14.94,23.9,Wood,Raw #544 Walnut,
FC-544WR,0.75,1.328,0.25,,,35.57,Wood,FC Raw #544 Walnut,
544WF,0.75,1.328,0.25,15.66,22.86,32,Wood,Oil & Wax #544 Walnut,
FC-544WF,0.75,1.328,0.25,,,36.25,Wood,FC Oil & Wax #544 Walnut,
544WP,0.75,1.328,0.25,15.93,23.26,32.56,Wood,Padauk #544 Walnut,
FC-544WP,0.75,1.328,0.25,,,36.94,Wood,FC Padauk #544 Walnut,
544WB,0.75,1.328,0.25,15.93,23.26,32.56,Wood,Special Dark #544 Walnut,
FC-544WB,0.75,1.328,0.25,,,36.94,Wood,FC Special Dark #544 Walnut,
544WE,0.75,1.328,0.25,15.66,22.86,32,Wood,Ebony #544 Walnut,
FC-544WE,0.75,1.328,0.25,,,36.94,Wood,FC Ebony #544 Walnut,
544WK,0.75,1.328,0.25,14.82,21.64,30.3,Wood,Satin Black #544 Walnut,
FC-544WK,0.75,1.328,0.25,,,36.25,Wood,FC Satin Black #544 Walnut,
544W1,0.75,1.328,0.25,14.82,21.64,30.3,Wood,Light Grey #544 Walnut,
FC-544W1,0.75,1.328,0.25,,,36.25,Wood,FC Light Grey #544 Walnut,
544W2,0.75,1.328,0.25,14.82,21.64,30.3,Wood,Medium Grey #544 Walnut,
FC-544W2,0.75,1.328,0.25,,,36.25,Wood,FC Medium Grey #544 Walnut,
544W3,0.75,1.328,0.25,14.82,21.64,30.3,Wood,Dark Grey #544 Walnut,
FC-544W3,0.75,1.328,0.25,,,36.25,Wood,FC Dark Grey #544 Walnut,
544VR,0.75,1.328,0.25,7.36,12.14,19.42,Wood,Raw #544 White Oak,
FC-544VR,0.75,1.328,0.25,,,32.77,Wood,FC Raw #544 White Oak,
544VF,0.75,1.328,0.25,10.62,17.52,24.53,Wood,Oil & Wax #544 White Oak,
FC-544VF,0.75,1.328,0.25,,,33.45,Wood,FC Oil & Wax #544 White Oak,
544VL,0.75,1.328,0.25,10.89,17.97,25.16,Wood,Clear Lacquer #544 White Oak,
FC-544VL,0.75,1.328,0.25,,,33.45,Wood,FC Clear Lacquer #544 White Oak,
544VC,0.75,1.328,0.25,12.79,21.1,29.54,Wood,Charcoal #544 White Oak,
FC-544VC,0.75,1.328,0.25,,,34.14,Wood,FC Charcoal #544 White Oak,
544VM,0.75,1.328,0.25,12.79,21.1,29.54,Wood,Mission #544 White Oak,
FC-544VM,0.75,1.328,0.25,,,34.14,Wood,FC Mission #544 White Oak,
544V7,0.75,1.328,0.25,12.79,21.1,29.54,Wood,Bleached #544 White Oak,
FC-544V7,0.75,1.328,0.25,,,34.14,Wood,FC Bleached #544 White Oak,
900BR,0.75,0.375,0.313,2.15,3.14,4.71,Wood,Raw #900 Basswood,
FC-900BR,0.75,0.375,0.313,,,23.08,Wood,FC Raw #900 Basswood,
900BF,0.75,0.375,0.313,5.41,7.9,10.66,Wood,Oil & Wax #900 Basswood,
FC-900BF,0.75,0.375,0.313,,,23.77,Wood,FC Oil & Wax #900 Basswood,
900CR,0.75,0.375,0.313,3.61,5.27,7.9,Wood,Raw #900 Cherry,
FC-900CR,0.75,0.375,0.313,,,25.21,Wood,FC Raw #900 Cherry,
900CF,0.75,0.375,0.313,7.14,10.42,14.07,Wood,Oil & Wax #900 Cherry,
FC-900CF,0.75,0.375,0.313,,,25.9,Wood,FC Oil & Wax #900 Cherry,
900CL,0.75,0.375,0.313,9.04,13.2,17.82,Wood,Clear Lacquer #900 Cherry,
FC-900CL,0.75,0.375,0.313,,,27.27,Wood,FC Clear Lacquer #900 Cherry,
900CG,0.75,0.375,0.313,9.04,13.2,17.82,Wood,Aged #900 Cherry,
FC-900CG,0.75,0.375,0.313,,,27.27,Wood,FC Aged #900 Cherry,
900CQ,0.75,0.375,0.313,9.04,13.2,17.82,Wood,Antique #900 Cherry,
FC-900CQ,0.75,0.375,0.313,,,27.27,Wood,FC Antique #900 Cherry,
900CD,0.75,0.375,0.313,9.04,13.2,17.82,Wood,Black Cherry #900 Cherry,
FC-900CD,0.75,0.375,0.313,,,27.96,Wood,FC Black Cherry #900 Cherry,
900MR,0.75,0.375,0.313,4.04,5.58,8.37,Wood,Raw #900 Maple,
FC-900MR,0.75,0.375,0.313,,,25.52,Wood,FC Raw #900 Maple,
900MF,0.75,0.375,0.313,7.3,10.07,13.59,Wood,Oil & Wax #900 Maple,
FC-900MF,0.75,0.375,0.313,,,26.21,Wood,FC Oil & Wax #900 Maple,
900ML,0.75,0.375,0.313,7.57,10.45,14.11,Wood,Clear Lacquer #900 Maple,
FC-900ML,0.75,0.375,0.313,,,26.21,Wood,FC Clear Lacquer #900 Maple,
900MW,0.75,0.375,0.313,8.63,11.91,16.08,Wood,WhiteWash #900 Maple,
FC-900MW,0.75,0.375,0.313,,,26.89,Wood,FC WhiteWash #900 Maple,
900MT,0.75,0.375,0.313,7.84,10.82,14.61,Wood,White #900 Maple,
FC-900MT,0.75,0.375,0.313,,,27.58,Wood,FC White #900 Maple,
900MK,0.75,0.375,0.313,7.84,10.82,14.61,Wood,Satin Black #900 Maple,
FC-900MK,0.75,0.375,0.313,,,27.58,Wood,FC Satin Black #900 Maple,
900MA,0.75,0.375,0.313,7.84,10.82,14.61,Wood,Warm White #900 Maple,
FC-900MA,0.75,0.375,0.313,,,27.58,Wood,FC Warm White #900 Maple,
900MI,0.75,0.375,0.313,7.84,10.82,14.61,Wood,Rising White #900 Maple,
FC-900MI,0.75,0.375,0.313,,,27.58,Wood,FC Rising White #900 Maple,
900M1,0.75,0.375,0.313,7.84,10.82,14.61,Wood,Light Grey #900 Maple,
FC-900M1,0.75,0.375,0.313,,,27.58,Wood,FC Light Grey #900 Maple,
900M2,0.75,0.375,0.313,7.84,10.82,14.61,Wood,Medium Grey #900 Maple,
FC-900M2,0.75,0.375,0.313,,,27.58,Wood,FC Medium Grey #900 Maple,
900M3,0.75,0.375,0.313,7.84,10.82,14.61,Wood,Dark Grey #900 Maple,
FC-900M3,0.75,0.375,0.313,,,27.58,Wood,FC Dark Grey #900 Maple,
900M9,0.75,0.375,0.313,7.84,10.82,14.61,Wood,Wheat #900 Maple,
FC-900M9,0.75,0.375,0.313,,,27.58,Wood,FC Wheat #900 Maple,
901BR,0.75,0.687,0.313,2.27,3.31,4.96,Wood,Raw #901 Basswood,
FC-901BR,0.75,0.687,0.313,,,23.94,Wood,FC Raw #901 Basswood,
901BF,0.75,0.687,0.313,5.53,8.07,10.89,Wood,Oil & Wax #901 Basswood,
FC-901BF,0.75,0.687,0.313,,,24.62,Wood,FC Oil & Wax #901 Basswood,
901CR,0.75,0.687,0.313,4.71,6.88,10.32,Wood,Raw #901 Cherry,
FC-901CR,0.75,0.687,0.313,,,27.51,Wood,FC Raw #901 Cherry,
901CF,0.75,0.687,0.313,8.24,12.03,16.24,Wood,Oil & Wax #901 Cherry,
FC-901CF,0.75,0.687,0.313,,,28.19,Wood,FC Oil & Wax #901 Cherry,
901CL,0.75,0.687,0.313,10.14,14.8,19.98,Wood,Clear Lacquer #901 Cherry,
FC-901CL,0.75,0.687,0.313,,,29.57,Wood,FC Clear Lacquer #901 Cherry,
901CG,0.75,0.687,0.313,10.14,14.8,19.98,Wood,Aged #901 Cherry,
FC-901CG,0.75,0.687,0.313,,,29.57,Wood,FC Aged #901 Cherry,
901CQ,0.75,0.687,0.313,10.14,14.8,19.98,Wood,Antique #901 Cherry,
FC-901CQ,0.75,0.687,0.313,,,29.57,Wood,FC Antique #901 Cherry,
901CD,0.75,0.687,0.313,10.14,14.8,19.98,Wood,Black Cherry #901 Cherry,
FC-901CD,0.75,0.687,0.313,,,30.26,Wood,FC Black Cherry #901 Cherry,
901MR,0.75,0.687,0.313,4.9,6.76,10.14,Wood,Raw #901 Maple,
FC-901MR,0.75,0.687,0.313,,,27.39,Wood,FC Raw #901 Maple,
901MF,0.75,0.687,0.313,8.16,11.26,15.2,Wood,Oil & Wax #901 Maple,
FC-901MF,0.75,0.687,0.313,,,28.07,Wood,FC Oil & Wax #901 Maple,
901ML,0.75,0.687,0.313,8.43,11.63,15.7,Wood,Clear Lacquer #901 Maple,
FC-901ML,0.75,0.687,0.313,,,28.07,Wood,FC Clear Lacquer #901 Maple,
901MW,0.75,0.687,0.313,9.49,13.1,17.69,Wood,WhiteWash #901 Maple,
FC-901MW,0.75,0.687,0.313,,,28.76,Wood,FC WhiteWash #901 Maple,
901MT,0.75,0.687,0.313,8.7,12.01,16.21,Wood,White #901 Maple,
FC-901MT,0.75,0.687,0.313,,,29.45,Wood,FC White #901 Maple,
901MK,0.75,0.687,0.313,8.7,12.01,16.21,Wood,Satin Black #901 Maple,
FC-901MK,0.75,0.687,0.313,,,29.45,Wood,FC Satin Black #901 Maple,
901MA,0.75,0.687,0.313,8.7,12.01,16.21,Wood,Warm White #901 Maple,
FC-901MA,0.75,0.687,0.313,,,29.45,Wood,FC Warm White #901 Maple,
901MI,0.75,0.687,0.313,8.7,12.01,16.21,Wood,Rising White #901 Maple,
FC-901MI,0.75,0.687,0.313,,,29.45,Wood,FC Rising White #901 Maple,
901M1,0.75,0.687,0.313,8.7,12.01,16.21,Wood,Light Grey #901 Maple,
FC-901M1,0.75,0.687,0.313,,,29.45,Wood,FC Light Grey #901 Maple,
901M2,0.75,0.687,0.313,8.7,12.01,16.21,Wood,Medium Grey #901 Maple,
FC-901M2,0.75,0.687,0.313,,,29.45,Wood,FC Medium Grey #901 Maple,
901M3,0.75,0.687,0.313,8.7,12.01,16.21,Wood,Dark Grey #901 Maple,
FC-901M3,0.75,0.687,0.313,,,29.45,Wood,FC Dark Grey #901 Maple,
901M9,0.75,0.687,0.313,8.7,12.01,16.21,Wood,Wheat #901 Maple,
FC-901M9,0.75,0.687,0.313,,,29.45,Wood,FC Wheat #901 Maple,
902BR,0.75,0.625,0.313,2.65,3.87,5.8,Wood,Raw #902 Basswood,
FC-902BR,0.75,0.625,0.313,,,24.5,Wood,FC Raw #902 Basswood,
902BF,0.75,0.625,0.313,5.91,8.63,11.65,Wood,Oil & Wax #902 Basswood,
FC-902BF,0.75,0.625,0.313,,,25.18,Wood,FC Oil & Wax #902 Basswood,
902CR,0.75,0.625,0.313,5.72,8.35,12.52,Wood,Raw #902 Cherry,
FC-902CR,0.75,0.625,0.313,,,28.98,Wood,FC Raw #902 Cherry,
902CF,0.75,0.625,0.313,9.25,13.5,18.23,Wood,Oil & Wax #902 Cherry,
FC-902CF,0.75,0.625,0.313,,,29.66,Wood,FC Oil & Wax #902 Cherry,
902CL,0.75,0.625,0.313,11.15,16.28,21.98,Wood,Clear Lacquer #902 Cherry,
FC-902CL,0.75,0.625,0.313,,,31.04,Wood,FC Clear Lacquer #902 Cherry,
902CG,0.75,0.625,0.313,11.15,16.28,21.98,Wood,Aged #902 Cherry,
FC-902CG,0.75,0.625,0.313,,,31.04,Wood,FC Aged #902 Cherry,
902CQ,0.75,0.625,0.313,11.15,16.28,21.98,Wood,Antique #902 Cherry,
FC-902CQ,0.75,0.625,0.313,,,31.04,Wood,FC Antique #902 Cherry,
902CD,0.75,0.625,0.313,11.15,16.28,21.98,Wood,Black Cherry #902 Cherry,
FC-902CD,0.75,0.625,0.313,,,31.73,Wood,FC Black Cherry #902 Cherry,
902MR,0.75,0.625,0.313,5.71,7.88,11.82,Wood,Raw #902 Maple,
FC-902MR,0.75,0.625,0.313,,,28.51,Wood,FC Raw #902 Maple,
902MF,0.75,0.625,0.313,8.97,12.38,16.71,Wood,Oil & Wax #902 Maple,
FC-902MF,0.75,0.625,0.313,,,29.19,Wood,FC Oil & Wax #902 Maple,
902ML,0.75,0.625,0.313,9.24,12.75,17.21,Wood,Clear Lacquer #902 Maple,
FC-902ML,0.75,0.625,0.313,,,29.19,Wood,FC Clear Lacquer #902 Maple,
902MW,0.75,0.625,0.313,10.3,14.21,19.18,Wood,WhiteWash #902 Maple,
FC-902MW,0.75,0.625,0.313,,,29.88,Wood,FC WhiteWash #902 Maple,
902MT,0.75,0.625,0.313,9.51,13.12,17.71,Wood,White #902 Maple,
FC-902MT,0.75,0.625,0.313,,,30.57,Wood,FC White #902 Maple,
902MK,0.75,0.625,0.313,9.51,13.12,17.71,Wood,Satin Black #902 Maple,
FC-902MK,0.75,0.625,0.313,,,30.57,Wood,FC Satin Black #902 Maple,
902MA,0.75,0.625,0.313,9.51,13.12,17.71,Wood,Warm White #902 Maple,
FC-902MA,0.75,0.625,0.313,,,30.57,Wood,FC Warm White #902 Maple,
902MI,0.75,0.625,0.313,9.51,13.12,17.71,Wood,Rising White #902 Maple,
FC-902MI,0.75,0.625,0.313,,,30.57,Wood,FC Rising White #902 Maple,
902M1,0.75,0.625,0.313,9.51,13.12,17.71,Wood,Light Grey #902 Maple,
FC-902M1,0.75,0.625,0.313,,,30.57,Wood,FC Light Grey #902 Maple,
902M2,0.75,0.625,0.313,9.51,13.12,17.71,Wood,Medium Grey #902 Maple,
FC-902M2,0.75,0.625,0.313,,,30.57,Wood,FC Medium Grey #902 Maple,
902M3,0.75,0.625,0.313,9.51,13.12,17.71,Wood,Dark Grey #902 Maple,
FC-902M3,0.75,0.625,0.313,,,30.57,Wood,FC Dark Grey #902 Maple,
902M9,0.75,0.625,0.313,9.51,13.12,17.71,Wood,Wheat #902 Maple,
FC-902M9,0.75,0.625,0.313,,,30.57,Wood,FC Wheat #902 Maple,
916CR,0.5,1.875,0,5.72,8.35,12.52,Wood,Raw #916 Cherry,
FC-916CR,0.5,1.875,0,,,29.66,Wood,FC Raw #916 Cherry,
916CF,0.5,1.875,0,9.25,13.5,18.23,Wood,Oil & Wax #916 Cherry,
FC-916CF,0.5,1.875,0,,,30.35,Wood,FC Oil & Wax #916 Cherry,
916CL,0.5,1.875,0,11.15,16.28,21.98,Wood,Clear Lacquer #916 Cherry,
FC-916CL,0.5,1.875,0,,,31.73,Wood,FC Clear Lacquer #916 Cherry,
916CG,0.5,1.875,0,11.15,16.28,21.98,Wood,Aged #916 Cherry,
FC-916CG,0.5,1.875,0,,,31.73,Wood,FC Aged #916 Cherry,
916CQ,0.5,1.875,0,11.15,16.28,21.98,Wood,Antique #916 Cherry,
FC-916CQ,0.5,1.875,0,,,31.73,Wood,FC Antique #916 Cherry,
916CD,0.5,1.875,0,11.15,16.28,21.98,Wood,Black Cherry #916 Cherry,
FC-916CD,0.5,1.875,0,,,32.41,Wood,FC Black Cherry #916 Cherry,
916MR,0.5,1.875,0,5.71,7.88,11.82,Wood,Raw #916 Maple,
FC-916MR,0.5,1.875,0,,,29.19,Wood,FC Raw #916 Maple,
916MF,0.5,1.875,0,8.97,12.38,16.71,Wood,Oil & Wax #916 Maple,
FC-916MF,0.5,1.875,0,,,29.88,Wood,FC Oil & Wax #916 Maple,
916ML,0.5,1.875,0,9.24,12.75,17.21,Wood,Clear Lacquer #916 Maple,
FC-916ML,0.5,1.875,0,,,29.88,Wood,FC Clear Lacquer #916 Maple,
916MW,0.5,1.875,0,10.3,14.21,19.18,Wood,WhiteWash #916 Maple,
FC-916MW,0.5,1.875,0,,,30.57,Wood,FC WhiteWash #916 Maple,
916MT,0.5,1.875,0,9.51,13.12,17.71,Wood,White #916 Maple,
FC-916MT,0.5,1.875,0,,,31.26,Wood,FC White #916 Maple,
916MK,0.5,1.875,0,9.51,13.12,17.71,Wood,Satin Black #916 Maple,
FC-916MK,0.5,1.875,0,,,31.26,Wood,FC Satin Black #916 Maple,
916MA,0.5,1.875,0,9.51,13.12,17.71,Wood,Warm White #916 Maple,
FC-916MA,0.5,1.875,0,,,31.26,Wood,FC Warm White #916 Maple,
916MI,0.5,1.875,0,9.51,13.12,17.71,Wood,Rising White #916 Maple,
FC-916MI,0.5,1.875,0,,,31.26,Wood,FC Rising White #916 Maple,
916M1,0.5,1.875,0,9.51,13.12,17.71,Wood,Light Grey #916 Maple,
FC-916M1,0.5,1.875,0,,,31.26,Wood,FC Light Grey #916 Maple,
916M2,0.5,1.875,0,9.51,13.12,17.71,Wood,Medium Grey #916 Maple,
FC-916M2,0.5,1.875,0,,,31.26,Wood,FC Medium Grey #916 Maple,
916M3,0.5,1.875,0,9.51,13.12,17.71,Wood,Dark Grey #916 Maple,
FC-916M3,0.5,1.875,0,,,31.26,Wood,FC Dark Grey #916 Maple,
916M9,0.5,1.875,0,9.51,13.12,17.71,Wood,Wheat #916 Maple,
FC-916M9,0.5,1.875,0,,,31.26,Wood,FC Wheat #916 Maple,
916WR,0.5,1.875,0,10.52,15.36,23.04,Wood,Raw #916 Walnut,
FC-916WR,0.5,1.875,0,,,39.42,Wood,FC Raw #916 Walnut,
916WF,0.5,1.875,0,15.11,22.06,29.78,Wood,Oil & Wax #916 Walnut,
FC-916WF,0.5,1.875,0,,,50.36,Wood,FC Oil & Wax #916 Walnut,
916WP,0.5,1.875,0,15.95,23.29,31.44,Wood,Padauk #916 Walnut,
FC-916WP,0.5,1.875,0,,,55.36,Wood,FC Padauk #916 Walnut,
916WB,0.5,1.875,0,15.95,23.29,31.44,Wood,Special Dark #916 Walnut,
FC-916WB,0.5,1.875,0,,,55.36,Wood,FC Special Dark #916 Walnut,
916WE,0.5,1.875,0,15.11,22.06,29.78,Wood,Ebony #916 Walnut,
FC-916WE,0.5,1.875,0,,,55.36,Wood,FC Ebony #916 Walnut,
916WK,0.5,1.875,0,14.32,20.91,28.23,Wood,Satin Black #916 Walnut,
FC-916WK,0.5,1.875,0,,,50.36,Wood,FC Satin Black #916 Walnut,
916W1,0.5,1.875,0,14.32,20.91,28.23,Wood,Light Grey #916 Walnut,
FC-916W1,0.5,1.875,0,,,50.36,Wood,FC Light Grey #916 Walnut,
916W2,0.5,1.875,0,14.32,20.91,28.23,Wood,Medium Grey #916 Walnut,
FC-916W2,0.5,1.875,0,,,50.36,Wood,FC Medium Grey #916 Walnut,
916W3,0.5,1.875,0,14.32,20.91,28.23,Wood,Dark Grey #916 Walnut,
FC-916W3,0.5,1.875,0,,,50.36,Wood,FC Dark Grey #916 Walnut,
917AR,0.5,1.875,0,9.26,13.52,21.63,Wood,Raw #917 Ash,
FC-917AR,0.5,1.875,0,,,34.15,Wood,FC Raw #917 Ash,
917AF,0.5,1.875,0,12.79,18.67,26.14,Wood,Oil & Wax #917 Ash,
FC-917AF,0.5,1.875,0,,,34.83,Wood,FC Oil & Wax #917 Ash,
917AL,0.5,1.875,0,13.85,20.22,28.31,Wood,Clear Lacquer #917 Ash,
FC-917AL,0.5,1.875,0,,,34.83,Wood,FC Clear Lacquer #917 Ash,
917AW,0.5,1.875,0,14.96,21.84,30.58,Wood,WhiteWash #917 Ash,
FC-917AW,0.5,1.875,0,,,35.52,Wood,FC WhiteWash #917 Ash,
917AT,0.5,1.875,0,14.96,21.84,30.58,Wood,White #917 Ash,
FC-917AT,0.5,1.875,0,,,36.9,Wood,FC White #917 Ash,
917AK,0.5,1.875,0,14.96,21.84,30.58,Wood,Satin Black #917 Ash,
FC-917AK,0.5,1.875,0,,,36.9,Wood,FC Satin Black #917 Ash,
917AA,0.5,1.875,0,14.96,21.84,30.58,Wood,Warm White #917 Ash,
FC-917AA,0.5,1.875,0,,,36.9,Wood,FC Warm White #917 Ash,
917AC,0.5,1.875,0,14.96,21.84,30.58,Wood,Charcoal #917 Ash,
FC-917AC,0.5,1.875,0,,,36.9,Wood,FC Charcoal #917 Ash,
917AI,0.5,1.875,0,14.96,21.84,30.58,Wood,Rising White #917 Ash,
FC-917AI,0.5,1.875,0,,,36.9,Wood,FC Rising White #917 Ash,
917A1,0.5,1.875,0,14.96,21.84,30.58,Wood,Light Grey #917 Ash,
FC-917A1,0.5,1.875,0,,,36.9,Wood,FC Light Grey #917 Ash,
917A2,0.5,1.875,0,14.96,21.84,30.58,Wood,Medium Grey #917 Ash,
FC-917A2,0.5,1.875,0,,,36.9,Wood,FC Medium Grey #917 Ash,
917A3,0.5,1.875,0,14.96,21.84,30.58,Wood,Dark Grey #917 Ash,
FC-917A3,0.5,1.875,0,,,36.9,Wood,FC Dark Grey #917 Ash,
917CR,0.5,1.875,0,9.9,14.45,23.12,Wood,Raw #917 Cherry,
FC-917CR,0.5,1.875,0,,,35.76,Wood,FC Raw #917 Cherry,
917CF,0.5,1.875,0,13.7,20,28,Wood,Oil & Wax #917 Cherry,
FC-917CF,0.5,1.875,0,,,36.45,Wood,FC Oil & Wax #917 Cherry,
917CL,0.5,1.875,0,15.6,22.78,31.89,Wood,Clear Lacquer #917 Cherry,
FC-917CL,0.5,1.875,0,,,37.83,Wood,FC Clear Lacquer #917 Cherry,
917CG,0.5,1.875,0,15.6,22.78,31.89,Wood,Aged #917 Cherry,
FC-917CG,0.5,1.875,0,,,37.83,Wood,FC Aged #917 Cherry,
917CQ,0.5,1.875,0,15.6,22.78,31.89,Wood,Antique #917 Cherry,
FC-917CQ,0.5,1.875,0,,,37.83,Wood,FC Antique #917 Cherry,
917CD,0.5,1.875,0,15.6,22.78,31.89,Wood,Black Cherry #917 Cherry,
FC-917CD,0.5,1.875,0,,,38.51,Wood,FC Black Cherry #917 Cherry,
917MR,0.5,1.875,0,10.48,14.46,23.14,Wood,Raw #917 Maple,
FC-917MR,0.5,1.875,0,,,35.77,Wood,FC Raw #917 Maple,
917MF,0.5,1.875,0,14.01,19.33,27.06,Wood,Oil & Wax #917 Maple,
FC-917MF,0.5,1.875,0,,,36.46,Wood,FC Oil & Wax #917 Maple,
917ML,0.5,1.875,0,14.28,19.71,27.59,Wood,Clear Lacquer #917 Maple,
FC-917ML,0.5,1.875,0,,,36.46,Wood,FC Clear Lacquer #917 Maple,
917MW,0.5,1.875,0,15.91,21.96,30.74,Wood,WhiteWash #917 Maple,
FC-917MW,0.5,1.875,0,,,37.15,Wood,FC WhiteWash #917 Maple,
917MT,0.5,1.875,0,15.07,20.8,29.12,Wood,White #917 Maple,
FC-917MT,0.5,1.875,0,,,37.84,Wood,FC White #917 Maple,
917MK,0.5,1.875,0,15.07,20.8,29.12,Wood,Satin Black #917 Maple,
FC-917MK,0.5,1.875,0,,,37.84,Wood,FC Satin Black #917 Maple,
917MA,0.5,1.875,0,15.07,20.8,29.12,Wood,Warm White #917 Maple,
FC-917MA,0.5,1.875,0,,,37.84,Wood,FC Warm White #917 Maple,
917MI,0.5,1.875,0,15.07,20.8,29.12,Wood,Rising White #917 Maple,
FC-917MI,0.5,1.875,0,,,37.84,Wood,FC Rising White #917 Maple,
917M1,0.5,1.875,0,15.07,20.8,29.12,Wood,Light Grey #917 Maple,
FC-917M1,0.5,1.875,0,,,37.84,Wood,FC Light Grey #917 Maple,
917M2,0.5,1.875,0,15.07,20.8,29.12,Wood,Medium Grey #917 Maple,
FC-917M2,0.5,1.875,0,,,37.84,Wood,FC Medium Grey #917 Maple,
917M3,0.5,1.875,0,15.07,20.8,29.12,Wood,Dark Grey #917 Maple,
FC-917M3,0.5,1.875,0,,,37.84,Wood,FC Dark Grey #917 Maple,
917M9,0.5,1.875,0,15.07,20.8,29.12,Wood,Wheat #917 Maple,
FC-917M9,0.5,1.875,0,,,37.84,Wood,FC Wheat #917 Maple,
917WR,0.5,1.875,0,17.51,25.56,40.9,Wood,Raw #917 Walnut,
FC-917WR,0.5,1.875,0,,,49.62,Wood,FC Raw #917 Walnut,
917WF,0.5,1.875,0,22.94,33.49,46.89,Wood,Oil & Wax #917 Walnut,
FC-917WF,0.5,1.875,0,,,60.56,Wood,FC Oil & Wax #917 Walnut,
917WP,0.5,1.875,0,23.21,33.89,47.45,Wood,Padauk #917 Walnut,
FC-917WP,0.5,1.875,0,,,65.56,Wood,FC Padauk #917 Walnut,
917WB,0.5,1.875,0,23.21,33.89,47.45,Wood,Special Dark #917 Walnut,
FC-917WB,0.5,1.875,0,,,65.56,Wood,FC Special Dark #917 Walnut,
917WE,0.5,1.875,0,22.94,33.49,46.89,Wood,Ebony #917 Walnut,
FC-917WE,0.5,1.875,0,,,65.56,Wood,FC Ebony #917 Walnut,
917WK,0.5,1.875,0,22.1,32.27,45.18,Wood,Satin Black #917 Walnut,
FC-917WK,0.5,1.875,0,,,60.56,Wood,FC Satin Black #917 Walnut,
917W1,0.5,1.875,0,22.1,32.27,45.18,Wood,Light Grey #917 Walnut,
FC-917W1,0.5,1.875,0,,,60.56,Wood,FC Light Grey #917 Walnut,
917W2,0.5,1.875,0,22.1,32.27,45.18,Wood,Medium Grey #917 Walnut,
FC-917W2,0.5,1.875,0,,,60.56,Wood,FC Medium Grey #917 Walnut,
917W3,0.5,1.875,0,22.1,32.27,45.18,Wood,Dark Grey #917 Walnut,
FC-917W3,0.5,1.875,0,,,60.56,Wood,FC Dark Grey #917 Walnut,
917VR,0.5,1.875,0,14.15,23.35,37.36,Wood,Raw #917 White Oak,
FC-917VR,0.5,1.875,0,,,46.73,Wood,FC Raw #917 White Oak,
917VF,0.5,1.875,0,17.41,28.73,40.22,Wood,Oil & Wax #917 White Oak,
FC-917VF,0.5,1.875,0,,,47.41,Wood,FC Oil & Wax #917 White Oak,
917VL,0.5,1.875,0,17.95,29.62,41.47,Wood,Clear Lacquer #917 White Oak,
FC-917VL,0.5,1.875,0,,,47.41,Wood,FC Clear Lacquer #917 White Oak,
917VC,0.5,1.875,0,19.58,32.31,45.23,Wood,Charcoal #917 White Oak,
FC-917VC,0.5,1.875,0,,,58.35,Wood,FC Charcoal #917 White Oak,
917VM,0.5,1.875,0,19.58,32.31,45.23,Wood,Mission #917 White Oak,
FC-917VM,0.5,1.875,0,,,58.35,Wood,FC Mission #917 White Oak,
917V7,0.5,1.875,0,19.58,32.31,45.23,Wood,Bleached #917 White Oak,
FC-917V7,0.5,1.875,0,,,58.35,Wood,FC Bleached #917 White Oak,
918AR,0.5,2.625,0,9.84,14.37,22.99,Wood,Raw #918 Ash,
FC-918AR,0.5,2.625,0,,,35,Wood,FC Raw #918 Ash,
918AF,0.5,2.625,0,13.37,19.52,27.33,Wood,Oil & Wax #918 Ash,
FC-918AF,0.5,2.625,0,,,35.68,Wood,FC Oil & Wax #918 Ash,
918AL,0.5,2.625,0,14.43,21.07,29.5,Wood,Clear Lacquer #918 Ash,
FC-918AL,0.5,2.625,0,,,35.68,Wood,FC Clear Lacquer #918 Ash,
918AW,0.5,2.625,0,15.54,22.69,31.77,Wood,WhiteWash #918 Ash,
FC-918AW,0.5,2.625,0,,,36.37,Wood,FC WhiteWash #918 Ash,
918AT,0.5,2.625,0,15.54,22.69,31.77,Wood,White #918 Ash,
FC-918AT,0.5,2.625,0,,,37.75,Wood,FC White #918 Ash,
918AK,0.5,2.625,0,15.54,22.69,31.77,Wood,Satin Black #918 Ash,
FC-918AK,0.5,2.625,0,,,37.75,Wood,FC Satin Black #918 Ash,
918AA,0.5,2.625,0,15.54,22.69,31.77,Wood,Warm White #918 Ash,
FC-918AA,0.5,2.625,0,,,37.75,Wood,FC Warm White #918 Ash,
918AC,0.5,2.625,0,15.54,22.69,31.77,Wood,Charcoal #918 Ash,
FC-918AC,0.5,2.625,0,,,37.75,Wood,FC Charcoal #918 Ash,
918AI,0.5,2.625,0,15.54,22.69,31.77,Wood,Rising White #918 Ash,
FC-918AI,0.5,2.625,0,,,37.75,Wood,FC Rising White #918 Ash,
918A1,0.5,2.625,0,15.54,22.69,31.77,Wood,Light Grey #918 Ash,
FC-918A1,0.5,2.625,0,,,37.75,Wood,FC Light Grey #918 Ash,
918A2,0.5,2.625,0,15.54,22.69,31.77,Wood,Medium Grey #918 Ash,
FC-918A2,0.5,2.625,0,,,37.75,Wood,FC Medium Grey #918 Ash,
918A3,0.5,2.625,0,15.54,22.69,31.77,Wood,Dark Grey #918 Ash,
FC-918A3,0.5,2.625,0,,,37.75,Wood,FC Dark Grey #918 Ash,
918CR,0.5,2.625,0,10.93,15.96,25.54,Wood,Raw #918 Cherry,
FC-918CR,0.5,2.625,0,,,37.27,Wood,FC Raw #918 Cherry,
918CF,0.5,2.625,0,14.73,21.51,30.11,Wood,Oil & Wax #918 Cherry,
FC-918CF,0.5,2.625,0,,,37.96,Wood,FC Oil & Wax #918 Cherry,
918CL,0.5,2.625,0,16.63,24.28,33.99,Wood,Clear Lacquer #918 Cherry,
FC-918CL,0.5,2.625,0,,,39.34,Wood,FC Clear Lacquer #918 Cherry,
918CG,0.5,2.625,0,16.63,24.28,33.99,Wood,Aged #918 Cherry,
FC-918CG,0.5,2.625,0,,,39.34,Wood,FC Aged #918 Cherry,
918CQ,0.5,2.625,0,16.63,24.28,33.99,Wood,Antique #918 Cherry,
FC-918CQ,0.5,2.625,0,,,39.34,Wood,FC Antique #918 Cherry,
918CD,0.5,2.625,0,16.63,24.28,33.99,Wood,Black Cherry #918 Cherry,
FC-918CD,0.5,2.625,0,,,40.02,Wood,FC Black Cherry #918 Cherry,
918MR,0.5,2.625,0,11.37,15.69,25.1,Wood,Raw #918 Maple,
FC-918MR,0.5,2.625,0,,,37,Wood,FC Raw #918 Maple,
918MF,0.5,2.625,0,14.9,20.56,28.78,Wood,Oil & Wax #918 Maple,
FC-918MF,0.5,2.625,0,,,37.69,Wood,FC Oil & Wax #918 Maple,
918ML,0.5,2.625,0,15.17,20.93,29.3,Wood,Clear Lacquer #918 Maple,
FC-918ML,0.5,2.625,0,,,37.69,Wood,FC Clear Lacquer #918 Maple,
918MW,0.5,2.625,0,16.8,23.18,32.45,Wood,WhiteWash #918 Maple,
FC-918MW,0.5,2.625,0,,,38.38,Wood,FC WhiteWash #918 Maple,
918MT,0.5,2.625,0,15.96,22.02,30.83,Wood,White #918 Maple,
FC-918MT,0.5,2.625,0,,,39.07,Wood,FC White #918 Maple,
918MK,0.5,2.625,0,15.96,22.02,30.83,Wood,Satin Black #918 Maple,
FC-918MK,0.5,2.625,0,,,39.07,Wood,FC Satin Black #918 Maple,
918MA,0.5,2.625,0,15.96,22.02,30.83,Wood,Warm White #918 Maple,
FC-918MA,0.5,2.625,0,,,39.07,Wood,FC Warm White #918 Maple,
918MI,0.5,2.625,0,15.96,22.02,30.83,Wood,Rising White #918 Maple,
FC-918MI,0.5,2.625,0,,,39.07,Wood,FC Rising White #918 Maple,
918M1,0.5,2.625,0,15.96,22.02,30.83,Wood,Light Grey #918 Maple,
FC-918M1,0.5,2.625,0,,,39.07,Wood,FC Light Grey #918 Maple,
918M2,0.5,2.625,0,15.96,22.02,30.83,Wood,Medium Grey #918 Maple,
FC-918M2,0.5,2.625,0,,,39.07,Wood,FC Medium Grey #918 Maple,
918M3,0.5,2.625,0,15.96,22.02,30.83,Wood,Dark Grey #918 Maple,
FC-918M3,0.5,2.625,0,,,39.07,Wood,FC Dark Grey #918 Maple,
918M9,0.5,2.625,0,15.96,22.02,30.83,Wood,Wheat #918 Maple,
FC-918M9,0.5,2.625,0,,,39.07,Wood,FC Wheat #918 Maple,
918WR,0.5,2.625,0,20.11,29.36,46.98,Wood,Raw #918 Walnut,
FC-918WR,0.5,2.625,0,,,53.42,Wood,FC Raw #918 Walnut,
918WF,0.5,2.625,0,25.54,37.29,52.21,Wood,Oil & Wax #918 Walnut,
FC-918WF,0.5,2.625,0,,,64.36,Wood,FC Oil & Wax #918 Walnut,
918WP,0.5,2.625,0,25.81,37.68,52.75,Wood,Padauk #918 Walnut,
FC-918WP,0.5,2.625,0,,,69.36,Wood,FC Padauk #918 Walnut,
918WB,0.5,2.625,0,25.81,37.68,52.75,Wood,Special Dark #918 Walnut,
FC-918WB,0.5,2.625,0,,,69.36,Wood,FC Special Dark #918 Walnut,
918WE,0.5,2.625,0,25.54,37.29,52.21,Wood,Ebony #918 Walnut,
FC-918WE,0.5,2.625,0,,,69.36,Wood,FC Ebony #918 Walnut,
918WK,0.5,2.625,0,24.7,36.06,50.48,Wood,Satin Black #918 Walnut,
FC-918WK,0.5,2.625,0,,,64.36,Wood,FC Satin Black #918 Walnut,
918W1,0.5,2.625,0,24.7,36.06,50.48,Wood,Light Grey #918 Walnut,
FC-918W1,0.5,2.625,0,,,64.36,Wood,FC Light Grey #918 Walnut,
918W2,0.5,2.625,0,24.7,36.06,50.48,Wood,Medium Grey #918 Walnut,
FC-918W2,0.5,2.625,0,,,64.36,Wood,FC Medium Grey #918 Walnut,
918W3,0.5,2.625,0,24.7,36.06,50.48,Wood,Dark Grey #918 Walnut,
FC-918W3,0.5,2.625,0,,,64.36,Wood,FC Dark Grey #918 Walnut,
918VR,0.5,2.625,0,15.48,25.54,40.86,Wood,Raw #918 White Oak,
FC-918VR,0.5,2.625,0,,,48.92,Wood,FC Raw #918 White Oak,
918VF,0.5,2.625,0,18.74,30.92,43.29,Wood,Oil & Wax #918 White Oak,
FC-918VF,0.5,2.625,0,,,49.6,Wood,FC Oil & Wax #918 White Oak,
918VL,0.5,2.625,0,19.28,31.81,44.53,Wood,Clear Lacquer #918 White Oak,
FC-918VL,0.5,2.625,0,,,49.6,Wood,FC Clear Lacquer #918 White Oak,
918VC,0.5,2.625,0,20.91,34.5,48.3,Wood,Charcoal #918 White Oak,
FC-918VC,0.5,2.625,0,,,60.54,Wood,FC Charcoal #918 White Oak,
918VM,0.5,2.625,0,20.91,34.5,48.3,Wood,Mission #918 White Oak,
FC-918VM,0.5,2.625,0,,,60.54,Wood,FC Mission #918 White Oak,
918V7,0.5,2.625,0,20.91,34.5,48.3,Wood,Bleached #918 White Oak,
FC-918V7,0.5,2.625,0,,,60.54,Wood,FC Bleached #918 White Oak,
919AR,0.75,2.625,0,9.84,14.37,22.99,Wood,Raw #919 Ash,
FC-919AR,0.75,2.625,0,,,35,Wood,FC Raw #919 Ash,
919AF,0.75,2.625,0,13.37,19.52,27.33,Wood,Oil & Wax #919 Ash,
FC-919AF,0.75,2.625,0,,,35.68,Wood,FC Oil & Wax #919 Ash,
919AL,0.75,2.625,0,14.43,21.07,29.5,Wood,Clear Lacquer #919 Ash,
FC-919AL,0.75,2.625,0,,,35.68,Wood,FC Clear Lacquer #919 Ash,
919AW,0.75,2.625,0,15.54,22.69,31.77,Wood,WhiteWash #919 Ash,
FC-919AW,0.75,2.625,0,,,36.37,Wood,FC WhiteWash #919 Ash,
919AT,0.75,2.625,0,15.54,22.69,31.77,Wood,White #919 Ash,
FC-919AT,0.75,2.625,0,,,37.75,Wood,FC White #919 Ash,
919AK,0.75,2.625,0,15.54,22.69,31.77,Wood,Satin Black #919 Ash,
FC-919AK,0.75,2.625,0,,,37.75,Wood,FC Satin Black #919 Ash,
919AA,0.75,2.625,0,15.54,22.69,31.77,Wood,Warm White #919 Ash,
FC-919AA,0.75,2.625,0,,,37.75,Wood,FC Warm White #919 Ash,
919AC,0.75,2.625,0,15.54,22.69,31.77,Wood,Charcoal #919 Ash,
FC-919AC,0.75,2.625,0,,,37.75,Wood,FC Charcoal #919 Ash,
919AI,0.75,2.625,0,15.54,22.69,31.77,Wood,Rising White #919 Ash,
FC-919AI,0.75,2.625,0,,,37.75,Wood,FC Rising White #919 Ash,
919A1,0.75,2.625,0,15.54,22.69,31.77,Wood,Light Grey #919 Ash,
FC-919A1,0.75,2.625,0,,,37.75,Wood,FC Light Grey #919 Ash,
919A2,0.75,2.625,0,15.54,22.69,31.77,Wood,Medium Grey #919 Ash,
FC-919A2,0.75,2.625,0,,,37.75,Wood,FC Medium Grey #919 Ash,
919A3,0.75,2.625,0,15.54,22.69,31.77,Wood,Dark Grey #919 Ash,
FC-919A3,0.75,2.625,0,,,37.75,Wood,FC Dark Grey #919 Ash,
919CR,0.75,2.625,0,10.93,15.96,25.54,Wood,Raw #919 Cherry,
FC-919CR,0.75,2.625,0,,,37.27,Wood,FC Raw #919 Cherry,
919CF,0.75,2.625,0,14.73,21.51,30.11,Wood,Oil & Wax #919 Cherry,
FC-919CF,0.75,2.625,0,,,37.96,Wood,FC Oil & Wax #919 Cherry,
919CL,0.75,2.625,0,16.63,24.28,33.99,Wood,Clear Lacquer #919 Cherry,
FC-919CL,0.75,2.625,0,,,39.34,Wood,FC Clear Lacquer #919 Cherry,
919CG,0.75,2.625,0,16.63,24.28,33.99,Wood,Aged #919 Cherry,
FC-919CG,0.75,2.625,0,,,39.34,Wood,FC Aged #919 Cherry,
919CQ,0.75,2.625,0,16.63,24.28,33.99,Wood,Antique #919 Cherry,
FC-919CQ,0.75,2.625,0,,,39.34,Wood,FC Antique #919 Cherry,
919CD,0.75,2.625,0,16.63,24.28,33.99,Wood,Black Cherry #919 Cherry,
FC-919CD,0.75,2.625,0,,,40.02,Wood,FC Black Cherry #919 Cherry,
919MR,0.75,2.625,0,11.37,15.69,25.1,Wood,Raw #919 Maple,
FC-919MR,0.75,2.625,0,,,37,Wood,FC Raw #919 Maple,
919MF,0.75,2.625,0,14.9,20.56,28.78,Wood,Oil & Wax #919 Maple,
FC-919MF,0.75,2.625,0,,,37.69,Wood,FC Oil & Wax #919 Maple,
919ML,0.75,2.625,0,15.17,20.93,29.3,Wood,Clear Lacquer #919 Maple,
FC-919ML,0.75,2.625,0,,,37.69,Wood,FC Clear Lacquer #919 Maple,
919MW,0.75,2.625,0,16.8,23.18,32.45,Wood,WhiteWash #919 Maple,
FC-919MW,0.75,2.625,0,,,38.38,Wood,FC WhiteWash #919 Maple,
919MT,0.75,2.625,0,15.96,22.02,30.83,Wood,White #919 Maple,
FC-919MT,0.75,2.625,0,,,39.07,Wood,FC White #919 Maple,
919MK,0.75,2.625,0,15.96,22.02,30.83,Wood,Satin Black #919 Maple,
FC-919MK,0.75,2.625,0,,,39.07,Wood,FC Satin Black #919 Maple,
919MA,0.75,2.625,0,15.96,22.02,30.83,Wood,Warm White #919 Maple,
FC-919MA,0.75,2.625,0,,,39.07,Wood,FC Warm White #919 Maple,
919MI,0.75,2.625,0,15.96,22.02,30.83,Wood,Rising White #919 Maple,
FC-919MI,0.75,2.625,0,,,39.07,Wood,FC Rising White #919 Maple,
919M1,0.75,2.625,0,15.96,22.02,30.83,Wood,Light Grey #919 Maple,
FC-919M1,0.75,2.625,0,,,39.07,Wood,FC Light Grey #919 Maple,
919M2,0.75,2.625,0,15.96,22.02,30.83,Wood,Medium Grey #919 Maple,
FC-919M2,0.75,2.625,0,,,39.07,Wood,FC Medium Grey #919 Maple,
919M3,0.75,2.625,0,15.96,22.02,30.83,Wood,Dark Grey #919 Maple,
FC-919M3,0.75,2.625,0,,,39.07,Wood,FC Dark Grey #919 Maple,
919M9,0.75,2.625,0,15.96,22.02,30.83,Wood,Wheat #919 Maple,
FC-919M9,0.75,2.625,0,,,39.07,Wood,FC Wheat #919 Maple,
919WR,0.75,2.625,0,20.11,32.18,51.49,Wood,Raw #919 Walnut,
FC-919WR,0.75,2.625,0,,,56.24,Wood,FC Raw #919 Walnut,
919WF,0.75,2.625,0,25.54,40.86,57.2,Wood,Oil & Wax #919 Walnut,
FC-919WF,0.75,2.625,0,,,67.18,Wood,FC Oil & Wax #919 Walnut,
919WP,0.75,2.625,0,25.81,41.3,57.82,Wood,Padauk #919 Walnut,
FC-919WP,0.75,2.625,0,,,72.18,Wood,FC Padauk #919 Walnut,
919WB,0.75,2.625,0,25.81,41.3,57.82,Wood,Special Dark #919 Walnut,
FC-919WB,0.75,2.625,0,,,72.18,Wood,FC Special Dark #919 Walnut,
919WE,0.75,2.625,0,25.54,40.86,57.2,Wood,Ebony #919 Walnut,
FC-919WE,0.75,2.625,0,,,72.18,Wood,FC Ebony #919 Walnut,
919WK,0.75,2.625,0,24.7,39.52,55.33,Wood,Satin Black #919 Walnut,
FC-919WK,0.75,2.625,0,,,67.18,Wood,FC Satin Black #919 Walnut,
919W1,0.75,2.625,0,24.7,39.52,55.33,Wood,Light Grey #919 Walnut,
FC-919W1,0.75,2.625,0,,,67.18,Wood,FC Light Grey #919 Walnut,
919W2,0.75,2.625,0,24.7,39.52,55.33,Wood,Medium Grey #919 Walnut,
FC-919W2,0.75,2.625,0,,,67.18,Wood,FC Medium Grey #919 Walnut,
919W3,0.75,2.625,0,24.7,39.52,55.33,Wood,Dark Grey #919 Walnut,
FC-919W3,0.75,2.625,0,,,67.18,Wood,FC Dark Grey #919 Walnut,
919VR,0.75,2.625,0,15.48,25.54,40.86,Wood,Raw #919 White Oak,
FC-919VR,0.75,2.625,0,,,48.92,Wood,FC Raw #919 White Oak,
919VF,0.75,2.625,0,18.74,30.92,43.29,Wood,Oil & Wax #919 White Oak,
FC-919VF,0.75,2.625,0,,,49.6,Wood,FC Oil & Wax #919 White Oak,
919VL,0.75,2.625,0,19.28,31.81,44.53,Wood,Clear Lacquer #919 White Oak,
FC-919VL,0.75,2.625,0,,,49.6,Wood,FC Clear Lacquer #919 White Oak,
919VC,0.75,2.625,0,20.91,34.5,48.3,Wood,Charcoal #919 White Oak,
FC-919VC,0.75,2.625,0,,,60.54,Wood,FC Charcoal #919 White Oak,
919VM,0.75,2.625,0,20.91,34.5,48.3,Wood,Mission #919 White Oak,
FC-919VM,0.75,2.625,0,,,60.54,Wood,FC Mission #919 White Oak,
919V7,0.75,2.625,0,20.91,34.5,48.3,Wood,Bleached #919 White Oak,
FC-919V7,0.75,2.625,0,,,60.54,Wood,FC Bleached #919 White Oak,
921AR,0.375,1.875,0,9.26,13.52,21.63,Wood,Raw #921 Ash,
FC-921AR,0.375,1.875,0,,,34.15,Wood,FC Raw #921 Ash,
921AF,0.375,1.875,0,12.79,18.67,26.14,Wood,Oil & Wax #921 Ash,
FC-921AF,0.375,1.875,0,,,34.83,Wood,FC Oil & Wax #921 Ash,
921AL,0.375,1.875,0,13.85,20.22,28.31,Wood,Clear Lacquer #921 Ash,
FC-921AL,0.375,1.875,0,,,34.83,Wood,FC Clear Lacquer #921 Ash,
921AW,0.375,1.875,0,14.96,21.84,30.58,Wood,WhiteWash #921 Ash,
FC-921AW,0.375,1.875,0,,,35.52,Wood,FC WhiteWash #921 Ash,
921AT,0.375,1.875,0,14.96,21.84,30.58,Wood,White #921 Ash,
FC-921AT,0.375,1.875,0,,,36.9,Wood,FC White #921 Ash,
921AK,0.375,1.875,0,14.96,21.84,30.58,Wood,Satin Black #921 Ash,
FC-921AK,0.375,1.875,0,,,36.9,Wood,FC Satin Black #921 Ash,
921AA,0.375,1.875,0,14.96,21.84,30.58,Wood,Warm White #921 Ash,
FC-921AA,0.375,1.875,0,,,36.9,Wood,FC Warm White #921 Ash,
921AC,0.375,1.875,0,14.96,21.84,30.58,Wood,Charcoal #921 Ash,
FC-921AC,0.375,1.875,0,,,36.9,Wood,FC Charcoal #921 Ash,
921AI,0.375,1.875,0,14.96,21.84,30.58,Wood,Rising White #921 Ash,
FC-921AI,0.375,1.875,0,,,36.9,Wood,FC Rising White #921 Ash,
921A1,0.375,1.875,0,14.96,21.84,30.58,Wood,Light Grey #921 Ash,
FC-921A1,0.375,1.875,0,,,36.9,Wood,FC Light Grey #921 Ash,
921A2,0.375,1.875,0,14.96,21.84,30.58,Wood,Medium Grey #921 Ash,
FC-921A2,0.375,1.875,0,,,36.9,Wood,FC Medium Grey #921 Ash,
921A3,0.375,1.875,0,14.96,21.84,30.58,Wood,Dark Grey #921 Ash,
FC-921A3,0.375,1.875,0,,,36.9,Wood,FC Dark Grey #921 Ash,
921CR,0.375,1.875,0,9.9,14.45,23.12,Wood,Raw #921 Cherry,
FC-921CR,0.375,1.875,0,,,35.76,Wood,FC Raw #921 Cherry,
921CF,0.375,1.875,0,13.7,20,28,Wood,Oil & Wax #921 Cherry,
FC-921CF,0.375,1.875,0,,,36.45,Wood,FC Oil & Wax #921 Cherry,
921CL,0.375,1.875,0,15.6,22.78,31.89,Wood,Clear Lacquer #921 Cherry,
FC-921CL,0.375,1.875,0,,,37.83,Wood,FC Clear Lacquer #921 Cherry,
921CG,0.375,1.875,0,15.6,22.78,31.89,Wood,Aged #921 Cherry,
FC-921CG,0.375,1.875,0,,,37.83,Wood,FC Aged #921 Cherry,
921CQ,0.375,1.875,0,15.6,22.78,31.89,Wood,Antique #921 Cherry,
FC-921CQ,0.375,1.875,0,,,37.83,Wood,FC Antique #921 Cherry,
921CD,0.375,1.875,0,15.6,22.78,31.89,Wood,Black Cherry #921 Cherry,
FC-921CD,0.375,1.875,0,,,38.51,Wood,FC Black Cherry #921 Cherry,
921MR,0.375,1.875,0,10.48,14.46,23.14,Wood,Raw #921 Maple,
FC-921MR,0.375,1.875,0,,,35.77,Wood,FC Raw #921 Maple,
921MF,0.375,1.875,0,14.01,19.33,27.06,Wood,Oil & Wax #921 Maple,
FC-921MF,0.375,1.875,0,,,36.46,Wood,FC Oil & Wax #921 Maple,
921ML,0.375,1.875,0,14.28,19.71,27.59,Wood,Clear Lacquer #921 Maple,
FC-921ML,0.375,1.875,0,,,36.46,Wood,FC Clear Lacquer #921 Maple,
921MW,0.375,1.875,0,15.91,21.96,30.74,Wood,WhiteWash #921 Maple,
FC-921MW,0.375,1.875,0,,,37.15,Wood,FC WhiteWash #921 Maple,
921MT,0.375,1.875,0,15.07,20.8,29.12,Wood,White #921 Maple,
FC-921MT,0.375,1.875,0,,,37.84,Wood,FC White #921 Maple,
921MK,0.375,1.875,0,15.07,20.8,29.12,Wood,Satin Black #921 Maple,
FC-921MK,0.375,1.875,0,,,37.84,Wood,FC Satin Black #921 Maple,
921MA,0.375,1.875,0,15.07,20.8,29.12,Wood,Warm White #921 Maple,
FC-921MA,0.375,1.875,0,,,37.84,Wood,FC Warm White #921 Maple,
921MI,0.375,1.875,0,15.07,20.8,29.12,Wood,Rising White #921 Maple,
FC-921MI,0.375,1.875,0,,,37.84,Wood,FC Rising White #921 Maple,
921M1,0.375,1.875,0,15.07,20.8,29.12,Wood,Light Grey #921 Maple,
FC-921M1,0.375,1.875,0,,,37.84,Wood,FC Light Grey #921 Maple,
921M2,0.375,1.875,0,15.07,20.8,29.12,Wood,Medium Grey #921 Maple,
FC-921M2,0.375,1.875,0,,,37.84,Wood,FC Medium Grey #921 Maple,
921M3,0.375,1.875,0,15.07,20.8,29.12,Wood,Dark Grey #921 Maple,
FC-921M3,0.375,1.875,0,,,37.84,Wood,FC Dark Grey #921 Maple,
921M9,0.375,1.875,0,15.07,20.8,29.12,Wood,Wheat #921 Maple,
FC-921M9,0.375,1.875,0,,,37.84,Wood,FC Wheat #921 Maple,
921WR,0.375,1.875,0,17.51,28.02,44.83,Wood,Raw #921 Walnut,
FC-921WR,0.375,1.875,0,,,52.08,Wood,FC Raw #921 Walnut,
921WF,0.375,1.875,0,22.94,36.7,51.38,Wood,Oil & Wax #921 Walnut,
FC-921WF,0.375,1.875,0,,,63.02,Wood,FC Oil & Wax #921 Walnut,
921WP,0.375,1.875,0,23.21,37.14,52,Wood,Padauk #921 Walnut,
FC-921WP,0.375,1.875,0,,,68.02,Wood,FC Padauk #921 Walnut,
921WB,0.375,1.875,0,23.21,37.14,52,Wood,Special Dark #921 Walnut,
FC-921WB,0.375,1.875,0,,,68.02,Wood,FC Special Dark #921 Walnut,
921WE,0.375,1.875,0,22.94,36.7,51.38,Wood,Ebony #921 Walnut,
FC-921WE,0.375,1.875,0,,,68.02,Wood,FC Ebony #921 Walnut,
921WK,0.375,1.875,0,22.1,35.36,49.5,Wood,Satin Black #921 Walnut,
FC-921WK,0.375,1.875,0,,,63.02,Wood,FC Satin Black #921 Walnut,
921W1,0.375,1.875,0,22.1,35.36,49.5,Wood,Light Grey #921 Walnut,
FC-921W1,0.375,1.875,0,,,63.02,Wood,FC Light Grey #921 Walnut,
921W2,0.375,1.875,0,22.1,35.36,49.5,Wood,Medium Grey #921 Walnut,
FC-921W2,0.375,1.875,0,,,63.02,Wood,FC Medium Grey #921 Walnut,
921W3,0.375,1.875,0,22.1,35.36,49.5,Wood,Dark Grey #921 Walnut,
FC-921W3,0.375,1.875,0,,,63.02,Wood,FC Dark Grey #921 Walnut,
921VR,0.375,1.875,0,14.15,23.35,37.36,Wood,Raw #921 White Oak,
FC-921VR,0.375,1.875,0,,,46.73,Wood,FC Raw #921 White Oak,
921VF,0.375,1.875,0,17.41,28.73,40.22,Wood,Oil & Wax #921 White Oak,
FC-921VF,0.375,1.875,0,,,47.41,Wood,FC Oil & Wax #921 White Oak,
921VL,0.375,1.875,0,17.95,29.62,41.47,Wood,Clear Lacquer #921 White Oak,
FC-921VL,0.375,1.875,0,,,47.41,Wood,FC Clear Lacquer #921 White Oak,
921VC,0.375,1.875,0,19.58,32.31,45.23,Wood,Charcoal #921 White Oak,
FC-921VC,0.375,1.875,0,,,58.35,Wood,FC Charcoal #921 White Oak,
921VM,0.375,1.875,0,19.58,32.31,45.23,Wood,Mission #921 White Oak,
FC-921VM,0.375,1.875,0,,,58.35,Wood,FC Mission #921 White Oak,
921V7,0.375,1.875,0,19.58,32.31,45.23,Wood,Bleached #921 White Oak,
FC-921V7,0.375,1.875,0,,,58.35,Wood,FC Bleached #921 White Oak,
940AR,0.18,0,0,0.65,0.98,1.37,Wood,Raw #940 Ash,
940AF,0.18,0,0,2.3,3.45,4.66,Wood,Oil & Wax #940 Ash,
940AL,0.18,0,0,2.54,3.81,5.14,Wood,Clear Lacquer #940 Ash,
940AW,0.18,0,0,2.4,3.6,4.86,Wood,WhiteWash #940 Ash,
940AT,0.18,0,0,2.4,3.6,4.86,Wood,White #940 Ash,
940AK,0.18,0,0,2.4,3.6,4.86,Wood,Satin Black #940 Ash,
940AA,0.18,0,0,2.4,3.6,4.86,Wood,Warm White #940 Ash,
940AC,0.18,0,0,2.4,3.6,4.86,Wood,Charcoal #940 Ash,
940AI,0.18,0,0,2.4,3.6,4.86,Wood,Rising White #940 Ash,
940A1,0.18,0,0,2.4,3.6,4.86,Wood,Light Grey #940 Ash,
940A2,0.18,0,0,2.4,3.6,4.86,Wood,Medium Grey #940 Ash,
940A3,0.18,0,0,2.4,3.6,4.86,Wood,Dark Grey #940 Ash,
940BR,0.18,0,0,0.44,0.7,0.98,Wood,Raw #940 Basswood,
940BF,0.18,0,0,2.09,3.34,4.51,Wood,Oil & Wax #940 Basswood,
940CR,0.18,0,0,0.82,1.31,1.83,Wood,Raw #940 Cherry,
940CF,0.18,0,0,3.52,5.63,7.6,Wood,Oil & Wax #940 Cherry,
940CL,0.18,0,0,3.52,5.63,7.6,Wood,Clear Lacquer #940 Cherry,
940CG,0.18,0,0,3.52,5.63,7.6,Wood,Aged #940 Cherry,
940CQ,0.18,0,0,3.52,5.63,7.6,Wood,Antique #940 Cherry,
940CD,0.18,0,0,3.52,5.63,7.6,Wood,Black Cherry #940 Cherry,
940MR,0.18,0,0,0.79,1.18,1.65,Wood,Raw #940 Maple,
940MF,0.18,0,0,2.44,3.66,4.94,Wood,Oil & Wax #940 Maple,
940ML,0.18,0,0,2.68,4.02,5.43,Wood,Clear Lacquer #940 Maple,
940MW,0.18,0,0,3.09,4.64,6.26,Wood,WhiteWash #940 Maple,
940MT,0.18,0,0,2.68,4.02,5.43,Wood,White #940 Maple,
940MK,0.18,0,0,2.68,4.02,5.43,Wood,Satin Black #940 Maple,
940MA,0.18,0,0,2.68,4.02,5.43,Wood,Warm White #940 Maple,
940MI,0.18,0,0,2.68,4.02,5.43,Wood,Rising White #940 Maple,
940M1,0.18,0,0,2.68,4.02,5.43,Wood,Light Grey #940 Maple,
940M2,0.18,0,0,2.68,4.02,5.43,Wood,Medium Grey #940 Maple,
940M3,0.18,0,0,2.68,4.02,5.43,Wood,Dark Grey #940 Maple,
940M9,0.18,0,0,2.68,4.02,5.43,Wood,Wheat #940 Maple,
940OR,0.18,0,0,0.69,1.03,1.44,Wood,Raw #940 Oak,
940OF,0.18,0,0,2.34,3.51,4.74,Wood,Oil & Wax #940 Oak,
940OL,0.18,0,0,3.23,4.84,6.53,Wood,Clear Lacquer #940 Oak,
940WR,0.18,0,0,1.39,2.22,3.11,Wood,Raw #940 Walnut,
940WF,0.18,0,0,3.14,5.02,6.78,Wood,Oil & Wax #940 Walnut,
940WP,0.18,0,0,4.09,6.54,8.83,Wood,Padauk #940 Walnut,
940WB,0.18,0,0,4.09,6.54,8.83,Wood,Special Dark #940 Walnut,
940WE,0.18,0,0,3.69,5.9,7.97,Wood,Ebony #940 Walnut,
940WK,0.18,0,0,3.28,5.25,7.09,Wood,Satin Black #940 Walnut,
940W1,0.18,0,0,3.28,5.25,7.09,Wood,Light Grey #940 Walnut,
940W2,0.18,0,0,3.28,5.25,7.09,Wood,Medium Grey #940 Walnut,
940W3,0.18,0,0,3.28,5.25,7.09,Wood,Dark Grey #940 Walnut,
940VR,0.18,0,0,1.15,1.9,2.66,Wood,Raw #940 White Oak,
940VF,0.18,0,0,2.9,4.78,6.45,Wood,Oil & Wax #940 White Oak,
940VL,0.18,0,0,3.04,5.02,6.78,Wood,Clear Lacquer #940 White Oak,
940VC,0.18,0,0,3.85,6.35,8.57,Wood,Charcoal #940 White Oak,
940VM,0.18,0,0,3.85,6.35,8.57,Wood,Mission #940 White Oak,
940V7,0.18,0,0,3.85,6.35,8.57,Wood,Bleached #940 White Oak,
941AR,0.18,0,0,0.71,1.06,1.48,Wood,Raw #941 Ash,
941AF,0.18,0,0,2.36,3.54,4.78,Wood,Oil & Wax #941 Ash,
941AL,0.18,0,0,2.6,3.9,5.26,Wood,Clear Lacquer #941 Ash,
941AW,0.18,0,0,2.46,3.69,4.98,Wood,WhiteWash #941 Ash,
941AT,0.18,0,0,2.46,3.69,4.98,Wood,White #941 Ash,
941AK,0.18,0,0,2.46,3.69,4.98,Wood,Satin Black #941 Ash,
941AA,0.18,0,0,2.46,3.69,4.98,Wood,Warm White #941 Ash,
941AC,0.18,0,0,2.46,3.69,4.98,Wood,Charcoal #941 Ash,
941AI,0.18,0,0,2.46,3.69,4.98,Wood,Rising White #941 Ash,
941A1,0.18,0,0,2.46,3.69,4.98,Wood,Light Grey #941 Ash,
941A2,0.18,0,0,2.46,3.69,4.98,Wood,Medium Grey #941 Ash,
941A3,0.18,0,0,2.46,3.69,4.98,Wood,Dark Grey #941 Ash,
941BR,0.18,0,0,0.54,0.86,1.2,Wood,Raw #941 Basswood,
941BF,0.18,0,0,2.19,3.5,4.73,Wood,Oil & Wax #941 Basswood,
941CR,0.18,0,0,0.98,1.57,2.2,Wood,Raw #941 Cherry,
941CF,0.18,0,0,3.68,5.89,7.95,Wood,Oil & Wax #941 Cherry,
941CL,0.18,0,0,3.68,5.89,7.95,Wood,Clear Lacquer #941 Cherry,
941CG,0.18,0,0,3.68,5.89,7.95,Wood,Aged #941 Cherry,
941CQ,0.18,0,0,3.68,5.89,7.95,Wood,Antique #941 Cherry,
941CD,0.18,0,0,3.68,5.89,7.95,Wood,Black Cherry #941 Cherry,
941MR,0.18,0,0,0.92,1.38,1.93,Wood,Raw #941 Maple,
941MF,0.18,0,0,2.57,3.85,5.2,Wood,Oil & Wax #941 Maple,
941ML,0.18,0,0,2.81,4.22,5.7,Wood,Clear Lacquer #941 Maple,
941MW,0.18,0,0,3.22,4.83,6.52,Wood,WhiteWash #941 Maple,
941MT,0.18,0,0,2.81,4.22,5.7,Wood,White #941 Maple,
941MK,0.18,0,0,2.81,4.22,5.7,Wood,Satin Black #941 Maple,
941MA,0.18,0,0,2.81,4.22,5.7,Wood,Warm White #941 Maple,
941MI,0.18,0,0,2.81,4.22,5.7,Wood,Rising White #941 Maple,
941M1,0.18,0,0,2.81,4.22,5.7,Wood,Light Grey #941 Maple,
941M2,0.18,0,0,2.81,4.22,5.7,Wood,Medium Grey #941 Maple,
941M3,0.18,0,0,2.81,4.22,5.7,Wood,Dark Grey #941 Maple,
941M9,0.18,0,0,2.81,4.22,5.7,Wood,Wheat #941 Maple,
941OR,0.18,0,0,0.76,1.14,1.6,Wood,Raw #941 Oak,
941OF,0.18,0,0,2.41,3.62,4.89,Wood,Oil & Wax #941 Oak,
941OL,0.18,0,0,3.3,4.95,6.68,Wood,Clear Lacquer #941 Oak,
941WR,0.18,0,0,1.77,2.83,3.96,Wood,Raw #941 Walnut,
941WF,0.18,0,0,3.52,5.63,7.6,Wood,Oil & Wax #941 Walnut,
941WP,0.18,0,0,4.47,7.15,9.65,Wood,Padauk #941 Walnut,
941WB,0.18,0,0,4.47,7.15,9.65,Wood,Special Dark #941 Walnut,
941WE,0.18,0,0,4.07,6.51,8.79,Wood,Ebony #941 Walnut,
941WK,0.18,0,0,3.66,5.86,7.91,Wood,Satin Black #941 Walnut,
941W1,0.18,0,0,3.66,5.86,7.91,Wood,Light Grey #941 Walnut,
941W2,0.18,0,0,3.66,5.86,7.91,Wood,Medium Grey #941 Walnut,
941W3,0.18,0,0,3.66,5.86,7.91,Wood,Dark Grey #941 Walnut,
941VR,0.18,0,0,1.41,2.33,3.26,Wood,Raw #941 White Oak,
941VF,0.18,0,0,3.16,5.21,7.03,Wood,Oil & Wax #941 White Oak,
941VL,0.18,0,0,3.3,5.44,7.34,Wood,Clear Lacquer #941 White Oak,
941VC,0.18,0,0,4.11,6.78,9.15,Wood,Charcoal #941 White Oak,
941VM,0.18,0,0,4.11,6.78,9.15,Wood,Mission #941 White Oak,
941V7,0.18,0,0,4.11,6.78,9.15,Wood,Bleached #941 White Oak,
942AR,0.18,0,0,0.89,1.34,1.88,Wood,Raw #942 Ash,
942AF,0.18,0,0,2.54,3.81,5.14,Wood,Oil & Wax #942 Ash,
942AL,0.18,0,0,2.78,4.17,5.63,Wood,Clear Lacquer #942 Ash,
942AW,0.18,0,0,2.64,3.96,5.35,Wood,WhiteWash #942 Ash,
942AT,0.18,0,0,2.64,3.96,5.35,Wood,White #942 Ash,
942AK,0.18,0,0,2.64,3.96,5.35,Wood,Satin Black #942 Ash,
942AA,0.18,0,0,2.64,3.96,5.35,Wood,Warm White #942 Ash,
942AC,0.18,0,0,2.64,3.96,5.35,Wood,Charcoal #942 Ash,
942AI,0.18,0,0,2.64,3.96,5.35,Wood,Rising White #942 Ash,
942A1,0.18,0,0,2.64,3.96,5.35,Wood,Light Grey #942 Ash,
942A2,0.18,0,0,2.64,3.96,5.35,Wood,Medium Grey #942 Ash,
942A3,0.18,0,0,2.64,3.96,5.35,Wood,Dark Grey #942 Ash,
942BR,0.18,0,0,0.59,0.94,1.32,Wood,Raw #942 Basswood,
942BF,0.18,0,0,2.24,3.58,4.83,Wood,Oil & Wax #942 Basswood,
942CR,0.18,0,0,1.31,2.1,2.94,Wood,Raw #942 Cherry,
942CF,0.18,0,0,4.01,6.42,8.67,Wood,Oil & Wax #942 Cherry,
942CL,0.18,0,0,4.01,6.42,8.67,Wood,Clear Lacquer #942 Cherry,
942CG,0.18,0,0,4.01,6.42,8.67,Wood,Aged #942 Cherry,
942CQ,0.18,0,0,4.01,6.42,8.67,Wood,Antique #942 Cherry,
942CD,0.18,0,0,4.01,6.42,8.67,Wood,Black Cherry #942 Cherry,
942MR,0.18,0,0,1.26,1.89,2.65,Wood,Raw #942 Maple,
942MF,0.18,0,0,2.91,4.36,5.89,Wood,Oil & Wax #942 Maple,
942ML,0.18,0,0,3.15,4.72,6.37,Wood,Clear Lacquer #942 Maple,
942MW,0.18,0,0,3.56,5.34,7.21,Wood,WhiteWash #942 Maple,
942MT,0.18,0,0,3.15,4.72,6.37,Wood,White #942 Maple,
942MK,0.18,0,0,3.15,4.72,6.37,Wood,Satin Black #942 Maple,
942MA,0.18,0,0,3.15,4.72,6.37,Wood,Warm White #942 Maple,
942MI,0.18,0,0,3.15,4.72,6.37,Wood,Rising White #942 Maple,
942M1,0.18,0,0,3.15,4.72,6.37,Wood,Light Grey #942 Maple,
942M2,0.18,0,0,3.15,4.72,6.37,Wood,Medium Grey #942 Maple,
942M3,0.18,0,0,3.15,4.72,6.37,Wood,Dark Grey #942 Maple,
942M9,0.18,0,0,3.15,4.72,6.37,Wood,Wheat #942 Maple,
942OR,0.18,0,0,1.04,1.56,2.18,Wood,Raw #942 Oak,
942OF,0.18,0,0,2.69,4.04,5.45,Wood,Oil & Wax #942 Oak,
942OL,0.18,0,0,3.58,5.37,7.25,Wood,Clear Lacquer #942 Oak,
942WR,0.18,0,0,2.4,3.84,5.38,Wood,Raw #942 Walnut,
942WF,0.18,0,0,4.15,6.64,8.96,Wood,Oil & Wax #942 Walnut,
942WP,0.18,0,0,5.1,8.16,11.02,Wood,Padauk #942 Walnut,
942WB,0.18,0,0,5.1,8.16,11.02,Wood,Special Dark #942 Walnut,
942WE,0.18,0,0,4.7,7.52,10.15,Wood,Ebony #942 Walnut,
942WK,0.18,0,0,4.29,6.86,9.26,Wood,Satin Black #942 Walnut,
942W1,0.18,0,0,4.29,6.86,9.26,Wood,Light Grey #942 Walnut,
942W2,0.18,0,0,4.29,6.86,9.26,Wood,Medium Grey #942 Walnut,
942W3,0.18,0,0,4.29,6.86,9.26,Wood,Dark Grey #942 Walnut,
942VR,0.18,0,0,1.89,3.12,4.37,Wood,Raw #942 White Oak,
942VF,0.18,0,0,3.64,6.01,8.11,Wood,Oil & Wax #942 White Oak,
942VL,0.18,0,0,3.78,6.24,8.42,Wood,Clear Lacquer #942 White Oak,
942VC,0.18,0,0,4.59,7.57,10.22,Wood,Charcoal #942 White Oak,
942VM,0.18,0,0,4.59,7.57,10.22,Wood,Mission #942 White Oak,
942V7,0.18,0,0,4.59,7.57,10.22,Wood,Bleached #942 White Oak,
943AR,0.18,0,0,1.02,1.53,2.14,Wood,Raw #943 Ash,
943AF,0.18,0,0,2.67,4,5.4,Wood,Oil & Wax #943 Ash,
943AL,0.18,0,0,2.91,4.36,5.89,Wood,Clear Lacquer #943 Ash,
943AW,0.18,0,0,2.77,4.16,5.62,Wood,WhiteWash #943 Ash,
943AT,0.18,0,0,2.77,4.16,5.62,Wood,White #943 Ash,
943AK,0.18,0,0,2.77,4.16,5.62,Wood,Satin Black #943 Ash,
943AA,0.18,0,0,2.77,4.16,5.62,Wood,Warm White #943 Ash,
943AC,0.18,0,0,2.77,4.16,5.62,Wood,Charcoal #943 Ash,
943AI,0.18,0,0,2.77,4.16,5.62,Wood,Rising White #943 Ash,
943A1,0.18,0,0,2.77,4.16,5.62,Wood,Light Grey #943 Ash,
943A2,0.18,0,0,2.77,4.16,5.62,Wood,Medium Grey #943 Ash,
943A3,0.18,0,0,2.77,4.16,5.62,Wood,Dark Grey #943 Ash,
943BR,0.18,0,0,0.65,1.04,1.46,Wood,Raw #943 Basswood,
943BF,0.18,0,0,2.3,3.68,4.97,Wood,Oil & Wax #943 Basswood,
943CR,0.18,0,0,1.51,2.42,3.39,Wood,Raw #943 Cherry,
943CF,0.18,0,0,4.21,6.74,9.1,Wood,Oil & Wax #943 Cherry,
943CL,0.18,0,0,4.21,6.74,9.1,Wood,Clear Lacquer #943 Cherry,
943CG,0.18,0,0,4.21,6.74,9.1,Wood,Aged #943 Cherry,
943CQ,0.18,0,0,4.21,6.74,9.1,Wood,Antique #943 Cherry,
943CD,0.18,0,0,4.21,6.74,9.1,Wood,Black Cherry #943 Cherry,
943MR,0.18,0,0,1.39,2.08,2.91,Wood,Raw #943 Maple,
943MF,0.18,0,0,3.04,4.56,6.16,Wood,Oil & Wax #943 Maple,
943ML,0.18,0,0,3.28,4.92,6.64,Wood,Clear Lacquer #943 Maple,
943MW,0.18,0,0,3.69,5.54,7.48,Wood,WhiteWash #943 Maple,
943MT,0.18,0,0,3.28,4.92,6.64,Wood,White #943 Maple,
943MK,0.18,0,0,3.28,4.92,6.64,Wood,Satin Black #943 Maple,
943MA,0.18,0,0,3.28,4.92,6.64,Wood,Warm White #943 Maple,
943MI,0.18,0,0,3.28,4.92,6.64,Wood,Rising White #943 Maple,
943M1,0.18,0,0,3.28,4.92,6.64,Wood,Light Grey #943 Maple,
943M2,0.18,0,0,3.28,4.92,6.64,Wood,Medium Grey #943 Maple,
943M3,0.18,0,0,3.28,4.92,6.64,Wood,Dark Grey #943 Maple,
943M9,0.18,0,0,3.28,4.92,6.64,Wood,Wheat #943 Maple,
943OR,0.18,0,0,1.11,1.66,2.32,Wood,Raw #943 Oak,
943OF,0.18,0,0,2.76,4.14,5.59,Wood,Oil & Wax #943 Oak,
943OL,0.18,0,0,3.65,5.48,7.4,Wood,Clear Lacquer #943 Oak,
943WR,0.18,0,0,2.71,4.34,6.08,Wood,Raw #943 Walnut,
943WF,0.18,0,0,4.46,7.14,9.64,Wood,Oil & Wax #943 Walnut,
943WP,0.18,0,0,5.41,8.66,11.69,Wood,Padauk #943 Walnut,
943WB,0.18,0,0,5.41,8.66,11.69,Wood,Special Dark #943 Walnut,
943WE,0.18,0,0,5.01,8.02,10.83,Wood,Ebony #943 Walnut,
943WK,0.18,0,0,4.6,7.36,9.94,Wood,Satin Black #943 Walnut,
943W1,0.18,0,0,4.6,7.36,9.94,Wood,Light Grey #943 Walnut,
943W2,0.18,0,0,4.6,7.36,9.94,Wood,Medium Grey #943 Walnut,
943W3,0.18,0,0,4.6,7.36,9.94,Wood,Dark Grey #943 Walnut,
943VR,0.18,0,0,2.13,3.51,4.91,Wood,Raw #943 White Oak,
943VF,0.18,0,0,3.88,6.4,8.64,Wood,Oil & Wax #943 White Oak,
943VL,0.18,0,0,4.02,6.63,8.95,Wood,Clear Lacquer #943 White Oak,
943VC,0.18,0,0,4.83,7.97,10.76,Wood,Charcoal #943 White Oak,
943VM,0.18,0,0,4.83,7.97,10.76,Wood,Mission #943 White Oak,
943V7,0.18,0,0,4.83,7.97,10.76,Wood,Bleached #943 White Oak,
944AR,0.18,0,0,1.14,1.71,2.39,Wood,Raw #944 Ash,
944AF,0.18,0,0,2.79,4.19,5.66,Wood,Oil & Wax #944 Ash,
944AL,0.18,0,0,3.03,4.54,6.13,Wood,Clear Lacquer #944 Ash,
944AW,0.18,0,0,2.89,4.34,5.86,Wood,WhiteWash #944 Ash,
944AT,0.18,0,0,2.89,4.34,5.86,Wood,White #944 Ash,
944AK,0.18,0,0,2.89,4.34,5.86,Wood,Satin Black #944 Ash,
944AA,0.18,0,0,2.89,4.34,5.86,Wood,Warm White #944 Ash,
944AC,0.18,0,0,2.89,4.34,5.86,Wood,Charcoal #944 Ash,
944AI,0.18,0,0,2.89,4.34,5.86,Wood,Rising White #944 Ash,
944A1,0.18,0,0,2.89,4.34,5.86,Wood,Light Grey #944 Ash,
944A2,0.18,0,0,2.89,4.34,5.86,Wood,Medium Grey #944 Ash,
944A3,0.18,0,0,2.89,4.34,5.86,Wood,Dark Grey #944 Ash,
944BR,0.18,0,0,0.74,1.18,1.65,Wood,Raw #944 Basswood,
944BF,0.18,0,0,2.39,3.82,5.16,Wood,Oil & Wax #944 Basswood,
944CR,0.18,0,0,1.8,2.88,4.03,Wood,Raw #944 Cherry,
944CF,0.18,0,0,4.5,7.2,9.72,Wood,Oil & Wax #944 Cherry,
944CL,0.18,0,0,4.5,7.2,9.72,Wood,Clear Lacquer #944 Cherry,
944CG,0.18,0,0,4.5,7.2,9.72,Wood,Aged #944 Cherry,
944CQ,0.18,0,0,4.5,7.2,9.72,Wood,Antique #944 Cherry,
944CD,0.18,0,0,4.5,7.2,9.72,Wood,Black Cherry #944 Cherry,
944MR,0.18,0,0,1.61,2.42,3.39,Wood,Raw #944 Maple,
944MF,0.18,0,0,3.26,4.89,6.6,Wood,Oil & Wax #944 Maple,
944ML,0.18,0,0,3.5,5.25,7.09,Wood,Clear Lacquer #944 Maple,
944MW,0.18,0,0,3.91,5.86,7.91,Wood,WhiteWash #944 Maple,
944MT,0.18,0,0,3.5,5.25,7.09,Wood,White #944 Maple,
944MK,0.18,0,0,3.5,5.25,7.09,Wood,Satin Black #944 Maple,
944MA,0.18,0,0,3.5,5.25,7.09,Wood,Warm White #944 Maple,
944MI,0.18,0,0,3.5,5.25,7.09,Wood,Rising White #944 Maple,
944M1,0.18,0,0,3.5,5.25,7.09,Wood,Light Grey #944 Maple,
944M2,0.18,0,0,3.5,5.25,7.09,Wood,Medium Grey #944 Maple,
944M3,0.18,0,0,3.5,5.25,7.09,Wood,Dark Grey #944 Maple,
944M9,0.18,0,0,3.5,5.25,7.09,Wood,Wheat #944 Maple,
944OR,0.18,0,0,1.33,2,2.8,Wood,Raw #944 Oak,
944OF,0.18,0,0,2.98,4.47,6.03,Wood,Oil & Wax #944 Oak,
944OL,0.18,0,0,3.87,5.8,7.83,Wood,Clear Lacquer #944 Oak,
944WR,0.18,0,0,3.27,5.23,7.32,Wood,Raw #944 Walnut,
944WF,0.18,0,0,5.02,8.03,10.84,Wood,Oil & Wax #944 Walnut,
944WP,0.18,0,0,5.97,9.55,12.89,Wood,Padauk #944 Walnut,
944WB,0.18,0,0,5.97,9.55,12.89,Wood,Special Dark #944 Walnut,
944WE,0.18,0,0,5.57,8.91,12.03,Wood,Ebony #944 Walnut,
944WK,0.18,0,0,5.16,8.26,11.15,Wood,Satin Black #944 Walnut,
944W1,0.18,0,0,5.16,8.26,11.15,Wood,Light Grey #944 Walnut,
944W2,0.18,0,0,5.16,8.26,11.15,Wood,Medium Grey #944 Walnut,
944W3,0.18,0,0,5.16,8.26,11.15,Wood,Dark Grey #944 Walnut,
944VR,0.18,0,0,2.45,4.04,5.66,Wood,Raw #944 White Oak,
944VF,0.18,0,0,4.2,6.93,9.36,Wood,Oil & Wax #944 White Oak,
944VL,0.18,0,0,4.34,7.16,9.67,Wood,Clear Lacquer #944 White Oak,
944VC,0.18,0,0,5.15,8.5,11.48,Wood,Charcoal #944 White Oak,
944VM,0.18,0,0,5.15,8.5,11.48,Wood,Mission #944 White Oak,
944V7,0.18,0,0,5.15,8.5,11.48,Wood,Bleached #944 White Oak,
946AR,0.18,0,0,1.54,2.31,3.23,Wood,Raw #946 Ash,
946AF,0.18,0,0,3.19,4.78,6.45,Wood,Oil & Wax #946 Ash,
946AL,0.18,0,0,3.43,5.14,6.94,Wood,Clear Lacquer #946 Ash,
946AW,0.18,0,0,3.29,4.94,6.67,Wood,WhiteWash #946 Ash,
946AT,0.18,0,0,3.29,4.94,6.67,Wood,White #946 Ash,
946AK,0.18,0,0,3.29,4.94,6.67,Wood,Satin Black #946 Ash,
946AA,0.18,0,0,3.29,4.94,6.67,Wood,Warm White #946 Ash,
946AC,0.18,0,0,3.29,4.94,6.67,Wood,Charcoal #946 Ash,
946AI,0.18,0,0,3.29,4.94,6.67,Wood,Rising White #946 Ash,
946A1,0.18,0,0,3.29,4.94,6.67,Wood,Light Grey #946 Ash,
946A2,0.18,0,0,3.29,4.94,6.67,Wood,Medium Grey #946 Ash,
946A3,0.18,0,0,3.29,4.94,6.67,Wood,Dark Grey #946 Ash,
946BR,0.18,0,0,1.04,1.66,2.32,Wood,Raw #946 Basswood,
946BF,0.18,0,0,2.69,4.3,5.8,Wood,Oil & Wax #946 Basswood,
946CR,0.18,0,0,2.57,4.11,5.75,Wood,Raw #946 Cherry,
946CF,0.18,0,0,5.27,8.43,11.38,Wood,Oil & Wax #946 Cherry,
946CL,0.18,0,0,5.27,8.43,11.38,Wood,Clear Lacquer #946 Cherry,
946CG,0.18,0,0,5.27,8.43,11.38,Wood,Aged #946 Cherry,
946CQ,0.18,0,0,5.27,8.43,11.38,Wood,Antique #946 Cherry,
946CD,0.18,0,0,5.27,8.43,11.38,Wood,Black Cherry #946 Cherry,
946MR,0.18,0,0,2.24,3.36,4.7,Wood,Raw #946 Maple,
946MF,0.18,0,0,3.89,5.84,7.88,Wood,Oil & Wax #946 Maple,
946ML,0.18,0,0,4.13,6.2,8.37,Wood,Clear Lacquer #946 Maple,
946MW,0.18,0,0,4.54,6.81,9.19,Wood,WhiteWash #946 Maple,
946MT,0.18,0,0,4.13,6.2,8.37,Wood,White #946 Maple,
946MK,0.18,0,0,4.13,6.2,8.37,Wood,Satin Black #946 Maple,
946MA,0.18,0,0,4.13,6.2,8.37,Wood,Warm White #946 Maple,
946MI,0.18,0,0,4.13,6.2,8.37,Wood,Rising White #946 Maple,
946M1,0.18,0,0,4.13,6.2,8.37,Wood,Light Grey #946 Maple,
946M2,0.18,0,0,4.13,6.2,8.37,Wood,Medium Grey #946 Maple,
946M3,0.18,0,0,4.13,6.2,8.37,Wood,Dark Grey #946 Maple,
946M9,0.18,0,0,4.13,6.2,8.37,Wood,Wheat #946 Maple,
946OR,0.18,0,0,1.8,2.7,3.78,Wood,Raw #946 Oak,
946OF,0.18,0,0,3.45,5.18,6.99,Wood,Oil & Wax #946 Oak,
946OL,0.18,0,0,4.34,6.51,8.79,Wood,Clear Lacquer #946 Oak,
946WR,0.18,0,0,4.68,7.49,10.49,Wood,Raw #946 Walnut,
946WF,0.18,0,0,6.43,10.29,13.89,Wood,Oil & Wax #946 Walnut,
946WP,0.18,0,0,7.38,11.81,15.94,Wood,Padauk #946 Walnut,
946WB,0.18,0,0,7.38,11.81,15.94,Wood,Special Dark #946 Walnut,
946WE,0.18,0,0,6.98,11.17,15.08,Wood,Ebony #946 Walnut,
946WK,0.18,0,0,6.57,10.51,14.19,Wood,Satin Black #946 Walnut,
946W1,0.18,0,0,6.57,10.51,14.19,Wood,Light Grey #946 Walnut,
946W2,0.18,0,0,6.57,10.51,14.19,Wood,Medium Grey #946 Walnut,
946W3,0.18,0,0,6.57,10.51,14.19,Wood,Dark Grey #946 Walnut,
946VR,0.18,0,0,2.64,4.36,6.1,Wood,Raw #946 White Oak,
946VF,0.18,0,0,4.39,7.24,9.77,Wood,Oil & Wax #946 White Oak,
946VL,0.18,0,0,4.53,7.47,10.08,Wood,Clear Lacquer #946 White Oak,
946VC,0.18,0,0,5.34,8.81,11.89,Wood,Charcoal #946 White Oak,
946VM,0.18,0,0,5.34,8.81,11.89,Wood,Mission #946 White Oak,
946V7,0.18,0,0,5.34,8.81,11.89,Wood,Bleached #946 White Oak,
960-150BR,1.5,0,0,1.59,2.39,3.58,Wood,Raw #960-150 Basswood,
961-150BR,1.5,0,0,1.59,2.39,3.58,Wood,Raw #961-150 Basswood,
962-150BR,1.5,0,0,1.59,2.39,3.58,Wood,Raw #962-150 Basswood,
965-150BR,1.5,0,0,1.86,2.79,4.19,Wood,Raw #965-150 Basswood,
971-175BR,1.75,0,0,2.11,3.16,4.74,Wood,Raw #971-175 Basswood,
972-175BR,1.75,0,0,4.57,6.86,10.29,Wood,Raw #972-175 Basswood,
973-225BR,2.25,0,0,3.65,5.48,8.22,Wood,Raw #973-225 Basswood,
974-225BR,2.25,0,0,4.06,6.09,9.14,Wood,Raw #974-225 Basswood,
960-200BR,2,0,0,1.83,2.74,4.11,Wood,Raw #960-200 Basswood,
961-200BR,2,0,0,1.83,2.74,4.11,Wood,Raw #961-200 Basswood,
963-200BR,2,0,0,1.83,2.74,4.11,Wood,Raw #963-200 Basswood,
963-300BR,3,0,0,2.48,3.72,5.58,Wood,Raw #963-300 Basswood,
119AR,0.375,0.812,0.156,3,4.26,6.82,Wood,Raw #119 Ash,
FC-119AR,0.375,0.812,0.156,,,23.51,Wood,FC Raw #119 Ash,
119AF,0.375,0.812,0.156,6.26,8.89,12.45,Wood,Oil & Wax #119 Ash,
FC-119AF,0.375,0.812,0.156,,,24.2,Wood,FC Oil & Wax #119 Ash,
119AL,0.375,0.812,0.156,6.8,9.66,13.52,Wood,Clear Lacquer #119 Ash,
FC-119AL,0.375,0.812,0.156,,,24.2,Wood,FC Clear Lacquer #119 Ash,
119AW,0.375,0.812,0.156,8.7,12.35,17.29,Wood,WhiteWash #119 Ash,
FC-119AW,0.375,0.812,0.156,,,24.89,Wood,FC WhiteWash #119 Ash,
119AT,0.375,0.812,0.156,8.7,12.35,17.29,Wood,White #119 Ash,
FC-119AT,0.375,0.812,0.156,,,26.26,Wood,FC White #119 Ash,
119AK,0.375,0.812,0.156,8.7,12.35,17.29,Wood,Satin Black #119 Ash,
FC-119AK,0.375,0.812,0.156,,,26.26,Wood,FC Satin Black #119 Ash,
119AA,0.375,0.812,0.156,8.7,12.35,17.29,Wood,Warm White #119 Ash,
FC-119AA,0.375,0.812,0.156,,,26.26,Wood,FC Warm White #119 Ash,
119AC,0.375,0.812,0.156,8.7,12.35,17.29,Wood,Charcoal #119 Ash,
FC-119AC,0.375,0.812,0.156,,,26.26,Wood,FC Charcoal #119 Ash,
119AI,0.375,0.812,0.156,8.7,12.35,17.29,Wood,Rising White #119 Ash,
FC-119AI,0.375,0.812,0.156,,,26.26,Wood,FC Rising White #119 Ash,
119A1,0.375,0.812,0.156,8.7,12.35,17.29,Wood,Light Grey #119 Ash,
FC-119A1,0.375,0.812,0.156,,,26.26,Wood,FC Light Grey #119 Ash,
119A2,0.375,0.812,0.156,8.7,12.35,17.29,Wood,Medium Grey #119 Ash,
FC-119A2,0.375,0.812,0.156,,,26.26,Wood,FC Medium Grey #119 Ash,
119A3,0.375,0.812,0.156,8.7,12.35,17.29,Wood,Dark Grey #119 Ash,
FC-119A3,0.375,0.812,0.156,,,26.26,Wood,FC Dark Grey #119 Ash,
119CR,0.375,0.812,0.156,3.23,4.72,7.55,Wood,Raw #119 Cherry,
FC-119CR,0.375,0.812,0.156,,,23.97,Wood,FC Raw #119 Cherry,
119CF,0.375,0.812,0.156,6.76,9.87,13.82,Wood,Oil & Wax #119 Cherry,
FC-119CF,0.375,0.812,0.156,,,24.66,Wood,FC Oil & Wax #119 Cherry,
119CL,0.375,0.812,0.156,8.66,12.64,17.7,Wood,Clear Lacquer #119 Cherry,
FC-119CL,0.375,0.812,0.156,,,26.03,Wood,FC Clear Lacquer #119 Cherry,
119CG,0.375,0.812,0.156,8.66,12.64,17.7,Wood,Aged #119 Cherry,
FC-119CG,0.375,0.812,0.156,,,26.03,Wood,FC Aged #119 Cherry,
119CQ,0.375,0.812,0.156,8.66,12.64,17.7,Wood,Antique #119 Cherry,
FC-119CQ,0.375,0.812,0.156,,,26.03,Wood,FC Antique #119 Cherry,
119CD,0.375,0.812,0.156,8.66,12.64,17.7,Wood,Black Cherry #119 Cherry,
FC-119CD,0.375,0.812,0.156,,,26.72,Wood,FC Black Cherry #119 Cherry,
119MR,0.375,0.812,0.156,3.55,4.9,7.84,Wood,Raw #119 Maple,
FC-119MR,0.375,0.812,0.156,,,24.15,Wood,FC Raw #119 Maple,
119MF,0.375,0.812,0.156,6.81,9.4,13.16,Wood,Oil & Wax #119 Maple,
FC-119MF,0.375,0.812,0.156,,,24.84,Wood,FC Oil & Wax #119 Maple,
119ML,0.375,0.812,0.156,7.08,9.77,13.68,Wood,Clear Lacquer #119 Maple,
FC-119ML,0.375,0.812,0.156,,,24.84,Wood,FC Clear Lacquer #119 Maple,
119MW,0.375,0.812,0.156,8.14,11.23,15.72,Wood,WhiteWash #119 Maple,
FC-119MW,0.375,0.812,0.156,,,25.53,Wood,FC WhiteWash #119 Maple,
119MT,0.375,0.812,0.156,7.35,10.14,14.2,Wood,White #119 Maple,
FC-119MT,0.375,0.812,0.156,,,26.21,Wood,FC White #119 Maple,
119MK,0.375,0.812,0.156,7.35,10.14,14.2,Wood,Satin Black #119 Maple,
FC-119MK,0.375,0.812,0.156,,,26.21,Wood,FC Satin Black #119 Maple,
119MA,0.375,0.812,0.156,7.35,10.14,14.2,Wood,Warm White #119 Maple,
FC-119MA,0.375,0.812,0.156,,,26.21,Wood,FC Warm White #119 Maple,
119MI,0.375,0.812,0.156,7.35,10.14,14.2,Wood,Rising White #119 Maple,
FC-119MI,0.375,0.812,0.156,,,26.21,Wood,FC Rising White #119 Maple,
119M1,0.375,0.812,0.156,7.35,10.14,14.2,Wood,Light Grey #119 Maple,
FC-119M1,0.375,0.812,0.156,,,26.21,Wood,FC Light Grey #119 Maple,
119M2,0.375,0.812,0.156,7.35,10.14,14.2,Wood,Medium Grey #119 Maple,
FC-119M2,0.375,0.812,0.156,,,26.21,Wood,FC Medium Grey #119 Maple,
119M3,0.375,0.812,0.156,7.35,10.14,14.2,Wood,Dark Grey #119 Maple,
FC-119M3,0.375,0.812,0.156,,,26.21,Wood,FC Dark Grey #119 Maple,
119M9,0.375,0.812,0.156,7.35,10.14,14.2,Wood,Wheat #119 Maple,
FC-119M9,0.375,0.812,0.156,,,26.21,Wood,FC Wheat #119 Maple,
119WR,0.375,0.812,0.156,6.38,9.31,14.9,Wood,Raw #119 Walnut,
FC-119WR,0.375,0.812,0.156,,,28.56,Wood,FC Raw #119 Walnut,
119WF,0.375,0.812,0.156,10.97,16.02,22.43,Wood,Oil & Wax #119 Walnut,
FC-119WF,0.375,0.812,0.156,,,29.25,Wood,FC Oil & Wax #119 Walnut,
119WP,0.375,0.812,0.156,11.81,17.24,24.14,Wood,Padauk #119 Walnut,
FC-119WP,0.375,0.812,0.156,,,29.94,Wood,FC Padauk #119 Walnut,
119WB,0.375,0.812,0.156,11.81,17.24,24.14,Wood,Special Dark #119 Walnut,
FC-119WB,0.375,0.812,0.156,,,29.94,Wood,FC Special Dark #119 Walnut,
119WE,0.375,0.812,0.156,10.97,16.02,22.43,Wood,Ebony #119 Walnut,
FC-119WE,0.375,0.812,0.156,,,29.94,Wood,FC Ebony #119 Walnut,
119WK,0.375,0.812,0.156,10.18,14.86,20.8,Wood,Satin Black #119 Walnut,
FC-119WK,0.375,0.812,0.156,,,29.25,Wood,FC Satin Black #119 Walnut,
119W1,0.375,0.812,0.156,10.18,14.86,20.8,Wood,Light Grey #119 Walnut,
FC-119W1,0.375,0.812,0.156,,,29.25,Wood,FC Light Grey #119 Walnut,
119W2,0.375,0.812,0.156,10.18,14.86,20.8,Wood,Medium Grey #119 Walnut,
FC-119W2,0.375,0.812,0.156,,,29.25,Wood,FC Medium Grey #119 Walnut,
119W3,0.375,0.812,0.156,10.18,14.86,20.8,Wood,Dark Grey #119 Walnut,
FC-119W3,0.375,0.812,0.156,,,29.25,Wood,FC Dark Grey #119 Walnut,
119VR,0.375,0.812,0.156,5.08,8.38,13.41,Wood,Raw #119 White Oak,
FC-119VR,0.375,0.812,0.156,,,29.01,Wood,FC Raw #119 White Oak,
119VF,0.375,0.812,0.156,8.34,13.76,19.26,Wood,Oil & Wax #119 White Oak,
FC-119VF,0.375,0.812,0.156,,,29.69,Wood,FC Oil & Wax #119 White Oak,
119VL,0.375,0.812,0.156,8.61,14.21,19.89,Wood,Clear Lacquer #119 White Oak,
FC-119VL,0.375,0.812,0.156,,,29.69,Wood,FC Clear Lacquer #119 White Oak,
119VC,0.375,0.812,0.156,10.51,17.34,24.28,Wood,Charcoal #119 White Oak,
FC-119VC,0.375,0.812,0.156,,,30.38,Wood,FC Charcoal #119 White Oak,
119VM,0.375,0.812,0.156,10.51,17.34,24.28,Wood,Mission #119 White Oak,
FC-119VM,0.375,0.812,0.156,,,30.38,Wood,FC Mission #119 White Oak,
119V7,0.375,0.812,0.156,10.51,17.34,24.28,Wood,Bleached #119 White Oak,
FC-119V7,0.375,0.812,0.156,,,30.38,Wood,FC Bleached #119 White Oak,
194AR,0.75,3.75,0.25,6.39,9.33,14.93,Wood,Raw #194 Ash,
FC-194AR,0.75,3.75,0.25,,,29.96,Wood,FC Raw #194 Ash,
194AF,0.75,3.75,0.25,9.92,14.48,20.27,Wood,Oil & Wax #194 Ash,
FC-194AF,0.75,3.75,0.25,,,30.64,Wood,FC Oil & Wax #194 Ash,
194AL,0.75,3.75,0.25,10.98,16.03,22.44,Wood,Clear Lacquer #194 Ash,
FC-194AL,0.75,3.75,0.25,,,30.64,Wood,FC Clear Lacquer #194 Ash,
194AW,0.75,3.75,0.25,12.09,17.65,24.71,Wood,WhiteWash #194 Ash,
FC-194AW,0.75,3.75,0.25,,,31.33,Wood,FC WhiteWash #194 Ash,
194AT,0.75,3.75,0.25,12.09,17.65,24.71,Wood,White #194 Ash,
FC-194AT,0.75,3.75,0.25,,,32.71,Wood,FC White #194 Ash,
194AK,0.75,3.75,0.25,12.09,17.65,24.71,Wood,Satin Black #194 Ash,
FC-194AK,0.75,3.75,0.25,,,32.71,Wood,FC Satin Black #194 Ash,
194AA,0.75,3.75,0.25,12.09,17.65,24.71,Wood,Warm White #194 Ash,
FC-194AA,0.75,3.75,0.25,,,32.71,Wood,FC Warm White #194 Ash,
194AC,0.75,3.75,0.25,12.09,17.65,24.71,Wood,Charcoal #194 Ash,
FC-194AC,0.75,3.75,0.25,,,32.71,Wood,FC Charcoal #194 Ash,
194AI,0.75,3.75,0.25,12.09,17.65,24.71,Wood,Rising White #194 Ash,
FC-194AI,0.75,3.75,0.25,,,32.71,Wood,FC Rising White #194 Ash,
194A1,0.75,3.75,0.25,12.09,17.65,24.71,Wood,Light Grey #194 Ash,
FC-194A1,0.75,3.75,0.25,,,32.71,Wood,FC Light Grey #194 Ash,
194A2,0.75,3.75,0.25,12.09,17.65,24.71,Wood,Medium Grey #194 Ash,
FC-194A2,0.75,3.75,0.25,,,32.71,Wood,FC Medium Grey #194 Ash,
194A3,0.75,3.75,0.25,12.09,17.65,24.71,Wood,Dark Grey #194 Ash,
FC-194A3,0.75,3.75,0.25,,,32.71,Wood,FC Dark Grey #194 Ash,
194CR,0.75,3.75,0.25,9.07,13.6,21.76,Wood,Raw #194 Cherry,
FC-194CR,0.75,3.75,0.25,,,34.23,Wood,FC Raw #194 Cherry,
194CF,0.75,3.75,0.25,12.6,18.9,26.46,Wood,Oil & Wax #194 Cherry,
FC-194CF,0.75,3.75,0.25,,,34.91,Wood,FC Oil & Wax #194 Cherry,
194CL,0.75,3.75,0.25,14.5,21.75,30.45,Wood,Clear Lacquer #194 Cherry,
FC-194CL,0.75,3.75,0.25,,,36.29,Wood,FC Clear Lacquer #194 Cherry,
194CG,0.75,3.75,0.25,14.5,21.75,30.45,Wood,Aged #194 Cherry,
FC-194CG,0.75,3.75,0.25,,,36.29,Wood,FC Aged #194 Cherry,
194CQ,0.75,3.75,0.25,14.5,21.75,30.45,Wood,Antique #194 Cherry,
FC-194CQ,0.75,3.75,0.25,,,36.29,Wood,FC Antique #194 Cherry,
194CD,0.75,3.75,0.25,14.5,21.75,30.45,Wood,Black Cherry #194 Cherry,
FC-194CD,0.75,3.75,0.25,,,36.98,Wood,FC Black Cherry #194 Cherry,
194MR,0.75,3.75,0.25,8.59,12.2,19.52,Wood,Raw #194 Maple,
FC-194MR,0.75,3.75,0.25,,,32.83,Wood,FC Raw #194 Maple,
194MF,0.75,3.75,0.25,11.85,16.83,23.56,Wood,Oil & Wax #194 Maple,
FC-194MF,0.75,3.75,0.25,,,33.51,Wood,FC Oil & Wax #194 Maple,
194ML,0.75,3.75,0.25,12.12,17.21,24.09,Wood,Clear Lacquer #194 Maple,
FC-194ML,0.75,3.75,0.25,,,33.51,Wood,FC Clear Lacquer #194 Maple,
194MW,0.75,3.75,0.25,13.18,18.72,26.21,Wood,WhiteWash #194 Maple,
FC-194MW,0.75,3.75,0.25,,,34.2,Wood,FC WhiteWash #194 Maple,
194MT,0.75,3.75,0.25,12.39,17.59,24.63,Wood,White #194 Maple,
FC-194MT,0.75,3.75,0.25,,,34.89,Wood,FC White #194 Maple,
194MK,0.75,3.75,0.25,12.39,17.59,24.63,Wood,Satin Black #194 Maple,
FC-194MK,0.75,3.75,0.25,,,34.89,Wood,FC Satin Black #194 Maple,
194MA,0.75,3.75,0.25,12.39,17.59,24.63,Wood,Warm White #194 Maple,
FC-194MA,0.75,3.75,0.25,,,34.89,Wood,FC Warm White #194 Maple,
194MI,0.75,3.75,0.25,12.39,17.59,24.63,Wood,Rising White #194 Maple,
FC-194MI,0.75,3.75,0.25,,,34.89,Wood,FC Rising White #194 Maple,
194M1,0.75,3.75,0.25,12.39,17.59,24.63,Wood,Light Grey #194 Maple,
FC-194M1,0.75,3.75,0.25,,,34.89,Wood,FC Light Grey #194 Maple,
194M2,0.75,3.75,0.25,12.39,17.59,24.63,Wood,Medium Grey #194 Maple,
FC-194M2,0.75,3.75,0.25,,,34.89,Wood,FC Medium Grey #194 Maple,
194M3,0.75,3.75,0.25,12.39,17.59,24.63,Wood,Dark Grey #194 Maple,
FC-194M3,0.75,3.75,0.25,,,34.89,Wood,FC Dark Grey #194 Maple,
194M9,0.75,3.75,0.25,12.39,17.59,24.63,Wood,Wheat #194 Maple,
FC-194M9,0.75,3.75,0.25,,,34.89,Wood,FC Wheat #194 Maple,
194WR,0.75,3.75,0.25,20.1,30.15,48.24,Wood,Raw #194 Walnut,
FC-194WR,0.75,3.75,0.25,,,50.78,Wood,FC Raw #194 Walnut,
194WF,0.75,3.75,0.25,24.69,37.04,51.86,Wood,Oil & Wax #194 Walnut,
FC-194WF,0.75,3.75,0.25,,,51.46,Wood,FC Oil & Wax #194 Walnut,
194WP,0.75,3.75,0.25,25.53,38.3,53.62,Wood,Padauk #194 Walnut,
FC-194WP,0.75,3.75,0.25,,,52.15,Wood,FC Padauk #194 Walnut,
194WB,0.75,3.75,0.25,25.53,38.3,53.62,Wood,Special Dark #194 Walnut,
FC-194WB,0.75,3.75,0.25,,,52.15,Wood,FC Special Dark #194 Walnut,
194WE,0.75,3.75,0.25,24.69,37.04,51.86,Wood,Ebony #194 Walnut,
FC-194WE,0.75,3.75,0.25,,,52.15,Wood,FC Ebony #194 Walnut,
194WK,0.75,3.75,0.25,23.9,35.85,50.19,Wood,Satin Black #194 Walnut,
FC-194WK,0.75,3.75,0.25,,,51.46,Wood,FC Satin Black #194 Walnut,
194W1,0.75,3.75,0.25,23.9,35.85,50.19,Wood,Light Grey #194 Walnut,
FC-194W1,0.75,3.75,0.25,,,51.46,Wood,FC Light Grey #194 Walnut,
194W2,0.75,3.75,0.25,23.9,35.85,50.19,Wood,Medium Grey #194 Walnut,
FC-194W2,0.75,3.75,0.25,,,51.46,Wood,FC Medium Grey #194 Walnut,
194W3,0.75,3.75,0.25,23.9,35.85,50.19,Wood,Dark Grey #194 Walnut,
FC-194W3,0.75,3.75,0.25,,,51.46,Wood,FC Dark Grey #194 Walnut,
194VR,0.75,3.75,0.25,10.32,17.03,27.25,Wood,Raw #194 White Oak,
FC-194VR,0.75,3.75,0.25,,,39.03,Wood,FC Raw #194 White Oak,
194VF,0.75,3.75,0.25,13.58,22.41,31.37,Wood,Oil & Wax #194 White Oak,
FC-194VF,0.75,3.75,0.25,,,39.72,Wood,FC Oil & Wax #194 White Oak,
194VL,0.75,3.75,0.25,13.85,22.85,31.99,Wood,Clear Lacquer #194 White Oak,
FC-194VL,0.75,3.75,0.25,,,39.72,Wood,FC Clear Lacquer #194 White Oak,
194VC,0.75,3.75,0.25,15.75,25.99,36.39,Wood,Charcoal #194 White Oak,
FC-194VC,0.75,3.75,0.25,,,40.41,Wood,FC Charcoal #194 White Oak,
194VM,0.75,3.75,0.25,15.75,25.99,36.39,Wood,Mission #194 White Oak,
FC-194VM,0.75,3.75,0.25,,,40.41,Wood,FC Mission #194 White Oak,
194V7,0.75,3.75,0.25,15.75,25.99,36.39,Wood,Bleached #194 White Oak,
FC-194V7,0.75,3.75,0.25,,,40.41,Wood,FC Bleached #194 White Oak,
129AR,0.375,1.312,0.156,3.67,5.21,7.82,Wood,Raw #129 Ash,
FC-129AR,0.375,1.312,0.156,,,24.46,Wood,FC Raw #129 Ash,
129AF,0.375,1.312,0.156,6.93,9.84,13.28,Wood,Oil & Wax #129 Ash,
FC-129AF,0.375,1.312,0.156,,,25.15,Wood,FC Oil & Wax #129 Ash,
129AL,0.375,1.312,0.156,7.47,10.61,14.32,Wood,Clear Lacquer #129 Ash,
FC-129AL,0.375,1.312,0.156,,,25.15,Wood,FC Clear Lacquer #129 Ash,
129AW,0.375,1.312,0.156,9.37,13.31,17.97,Wood,WhiteWash #129 Ash,
FC-129AW,0.375,1.312,0.156,,,25.84,Wood,FC WhiteWash #129 Ash,
129AT,0.375,1.312,0.156,9.37,13.31,17.97,Wood,White #129 Ash,
FC-129AT,0.375,1.312,0.156,,,27.21,Wood,FC White #129 Ash,
129AK,0.375,1.312,0.156,9.37,13.31,17.97,Wood,Satin Black #129 Ash,
FC-129AK,0.375,1.312,0.156,,,27.21,Wood,FC Satin Black #129 Ash,
129AA,0.375,1.312,0.156,9.37,13.31,17.97,Wood,Warm White #129 Ash,
FC-129AA,0.375,1.312,0.156,,,27.21,Wood,FC Warm White #129 Ash,
129AC,0.375,1.312,0.156,9.37,13.31,17.97,Wood,Charcoal #129 Ash,
FC-129AC,0.375,1.312,0.156,,,27.21,Wood,FC Charcoal #129 Ash,
129AI,0.375,1.312,0.156,9.37,13.31,17.97,Wood,Rising White #129 Ash,
FC-129AI,0.375,1.312,0.156,,,27.21,Wood,FC Rising White #129 Ash,
129A1,0.375,1.312,0.156,9.37,13.31,17.97,Wood,Light Grey #129 Ash,
FC-129A1,0.375,1.312,0.156,,,27.21,Wood,FC Light Grey #129 Ash,
129A2,0.375,1.312,0.156,9.37,13.31,17.97,Wood,Medium Grey #129 Ash,
FC-129A2,0.375,1.312,0.156,,,27.21,Wood,FC Medium Grey #129 Ash,
129A3,0.375,1.312,0.156,9.37,13.31,17.97,Wood,Dark Grey #129 Ash,
FC-129A3,0.375,1.312,0.156,,,27.21,Wood,FC Dark Grey #129 Ash,
129CR,0.375,1.312,0.156,4.06,5.93,8.9,Wood,Raw #129 Cherry,
FC-129CR,0.375,1.312,0.156,,,25.18,Wood,FC Raw #129 Cherry,
129CF,0.375,1.312,0.156,7.59,11.08,14.96,Wood,Oil & Wax #129 Cherry,
FC-129CF,0.375,1.312,0.156,,,25.87,Wood,FC Oil & Wax #129 Cherry,
129CL,0.375,1.312,0.156,9.49,13.86,18.71,Wood,Clear Lacquer #129 Cherry,
FC-129CL,0.375,1.312,0.156,,,27.24,Wood,FC Clear Lacquer #129 Cherry,
129CG,0.375,1.312,0.156,9.49,13.86,18.71,Wood,Aged #129 Cherry,
FC-129CG,0.375,1.312,0.156,,,27.24,Wood,FC Aged #129 Cherry,
129CQ,0.375,1.312,0.156,9.49,13.86,18.71,Wood,Antique #129 Cherry,
FC-129CQ,0.375,1.312,0.156,,,27.24,Wood,FC Antique #129 Cherry,
129CD,0.375,1.312,0.156,9.49,13.86,18.71,Wood,Black Cherry #129 Cherry,
FC-129CD,0.375,1.312,0.156,,,27.93,Wood,FC Black Cherry #129 Cherry,
129MR,0.375,1.312,0.156,4.34,5.99,8.98,Wood,Raw #129 Maple,
FC-129MR,0.375,1.312,0.156,,,25.24,Wood,FC Raw #129 Maple,
129MF,0.375,1.312,0.156,7.6,10.49,14.16,Wood,Oil & Wax #129 Maple,
FC-129MF,0.375,1.312,0.156,,,25.93,Wood,FC Oil & Wax #129 Maple,
129ML,0.375,1.312,0.156,7.87,10.86,14.66,Wood,Clear Lacquer #129 Maple,
FC-129ML,0.375,1.312,0.156,,,25.93,Wood,FC Clear Lacquer #129 Maple,
129MW,0.375,1.312,0.156,8.93,12.32,16.63,Wood,WhiteWash #129 Maple,
FC-129MW,0.375,1.312,0.156,,,26.62,Wood,FC WhiteWash #129 Maple,
129MT,0.375,1.312,0.156,8.14,11.23,15.16,Wood,White #129 Maple,
FC-129MT,0.375,1.312,0.156,,,27.3,Wood,FC White #129 Maple,
129MK,0.375,1.312,0.156,8.14,11.23,15.16,Wood,Satin Black #129 Maple,
FC-129MK,0.375,1.312,0.156,,,27.3,Wood,FC Satin Black #129 Maple,
129MA,0.375,1.312,0.156,8.14,11.23,15.16,Wood,Warm White #129 Maple,
FC-129MA,0.375,1.312,0.156,,,27.3,Wood,FC Warm White #129 Maple,
129MI,0.375,1.312,0.156,8.14,11.23,15.16,Wood,Rising White #129 Maple,
FC-129MI,0.375,1.312,0.156,,,27.3,Wood,FC Rising White #129 Maple,
129M1,0.375,1.312,0.156,8.14,11.23,15.16,Wood,Light Grey #129 Maple,
FC-129M1,0.375,1.312,0.156,,,27.3,Wood,FC Light Grey #129 Maple,
129M2,0.375,1.312,0.156,8.14,11.23,15.16,Wood,Medium Grey #129 Maple,
FC-129M2,0.375,1.312,0.156,,,27.3,Wood,FC Medium Grey #129 Maple,
129M3,0.375,1.312,0.156,8.14,11.23,15.16,Wood,Dark Grey #129 Maple,
FC-129M3,0.375,1.312,0.156,,,27.3,Wood,FC Dark Grey #129 Maple,
129M9,0.375,1.312,0.156,8.14,11.23,15.16,Wood,Wheat #129 Maple,
FC-129M9,0.375,1.312,0.156,,,27.3,Wood,FC Wheat #129 Maple,
129WR,0.375,1.312,0.156,8.42,12.29,18.43,Wood,Raw #129 Walnut,
FC-129WR,0.375,1.312,0.156,,,31.54,Wood,FC Raw #129 Walnut,
129WF,0.375,1.312,0.156,13.01,18.99,25.64,Wood,Oil & Wax #129 Walnut,
FC-129WF,0.375,1.312,0.156,,,32.23,Wood,FC Oil & Wax #129 Walnut,
129WP,0.375,1.312,0.156,13.85,20.22,27.3,Wood,Padauk #129 Walnut,
FC-129WP,0.375,1.312,0.156,,,32.92,Wood,FC Padauk #129 Walnut,
129WB,0.375,1.312,0.156,13.85,20.22,27.3,Wood,Special Dark #129 Walnut,
FC-129WB,0.375,1.312,0.156,,,32.92,Wood,FC Special Dark #129 Walnut,
129WE,0.375,1.312,0.156,13.01,18.99,25.64,Wood,Ebony #129 Walnut,
FC-129WE,0.375,1.312,0.156,,,32.92,Wood,FC Ebony #129 Walnut,
129WK,0.375,1.312,0.156,12.22,17.84,24.08,Wood,Satin Black #129 Walnut,
FC-129WK,0.375,1.312,0.156,,,32.23,Wood,FC Satin Black #129 Walnut,
129W1,0.375,1.312,0.156,12.22,17.84,24.08,Wood,Light Grey #129 Walnut,
FC-129W1,0.375,1.312,0.156,,,32.23,Wood,FC Light Grey #129 Walnut,
129W2,0.375,1.312,0.156,12.22,17.84,24.08,Wood,Medium Grey #129 Walnut,
FC-129W2,0.375,1.312,0.156,,,32.23,Wood,FC Medium Grey #129 Walnut,
129W3,0.375,1.312,0.156,12.22,17.84,24.08,Wood,Dark Grey #129 Walnut,
FC-129W3,0.375,1.312,0.156,,,32.23,Wood,FC Dark Grey #129 Walnut,
129VR,0.375,1.312,0.156,5.8,9.57,14.36,Wood,Raw #129 White Oak,
FC-129VR,0.375,1.312,0.156,,,30.2,Wood,FC Raw #129 White Oak,
129VF,0.375,1.312,0.156,9.06,14.95,20.18,Wood,Oil & Wax #129 White Oak,
FC-129VF,0.375,1.312,0.156,,,30.88,Wood,FC Oil & Wax #129 White Oak,
129VL,0.375,1.312,0.156,9.33,15.39,20.78,Wood,Clear Lacquer #129 White Oak,
FC-129VL,0.375,1.312,0.156,,,30.88,Wood,FC Clear Lacquer #129 White Oak,
129VC,0.375,1.312,0.156,11.23,18.53,25.02,Wood,Charcoal #129 White Oak,
FC-129VC,0.375,1.312,0.156,,,31.57,Wood,FC Charcoal #129 White Oak,
129VM,0.375,1.312,0.156,11.23,18.53,25.02,Wood,Mission #129 White Oak,
FC-129VM,0.375,1.312,0.156,,,31.57,Wood,FC Mission #129 White Oak,
129V7,0.375,1.312,0.156,11.23,18.53,25.02,Wood,Bleached #129 White Oak,
FC-129V7,0.375,1.312,0.156,,,31.57,Wood,FC Bleached #129 White Oak,
134AR,0.75,1.312,0.25,3.67,5.21,7.82,Wood,Raw #134 Ash,
FC-134AR,0.75,1.312,0.25,,,24.46,Wood,FC Raw #134 Ash,
134AF,0.75,1.312,0.25,6.93,9.84,13.28,Wood,Oil & Wax #134 Ash,
FC-134AF,0.75,1.312,0.25,,,25.15,Wood,FC Oil & Wax #134 Ash,
134AL,0.75,1.312,0.25,7.47,10.61,14.32,Wood,Clear Lacquer #134 Ash,
FC-134AL,0.75,1.312,0.25,,,25.15,Wood,FC Clear Lacquer #134 Ash,
134AW,0.75,1.312,0.25,9.37,13.31,17.97,Wood,WhiteWash #134 Ash,
FC-134AW,0.75,1.312,0.25,,,25.84,Wood,FC WhiteWash #134 Ash,
134AT,0.75,1.312,0.25,9.37,13.31,17.97,Wood,White #134 Ash,
FC-134AT,0.75,1.312,0.25,,,27.21,Wood,FC White #134 Ash,
134AK,0.75,1.312,0.25,9.37,13.31,17.97,Wood,Satin Black #134 Ash,
FC-134AK,0.75,1.312,0.25,,,27.21,Wood,FC Satin Black #134 Ash,
134AA,0.75,1.312,0.25,9.37,13.31,17.97,Wood,Warm White #134 Ash,
FC-134AA,0.75,1.312,0.25,,,27.21,Wood,FC Warm White #134 Ash,
134AC,0.75,1.312,0.25,9.37,13.31,17.97,Wood,Charcoal #134 Ash,
FC-134AC,0.75,1.312,0.25,,,27.21,Wood,FC Charcoal #134 Ash,
134AI,0.75,1.312,0.25,9.37,13.31,17.97,Wood,Rising White #134 Ash,
FC-134AI,0.75,1.312,0.25,,,27.21,Wood,FC Rising White #134 Ash,
134A1,0.75,1.312,0.25,9.37,13.31,17.97,Wood,Light Grey #134 Ash,
FC-134A1,0.75,1.312,0.25,,,27.21,Wood,FC Light Grey #134 Ash,
134A2,0.75,1.312,0.25,9.37,13.31,17.97,Wood,Medium Grey #134 Ash,
FC-134A2,0.75,1.312,0.25,,,27.21,Wood,FC Medium Grey #134 Ash,
134A3,0.75,1.312,0.25,9.37,13.31,17.97,Wood,Dark Grey #134 Ash,
FC-134A3,0.75,1.312,0.25,,,27.21,Wood,FC Dark Grey #134 Ash,
134CR,0.75,1.312,0.25,4.06,6.09,9.14,Wood,Raw #134 Cherry,
FC-134CR,0.75,1.312,0.25,,,25.34,Wood,FC Raw #134 Cherry,
134CF,0.75,1.312,0.25,7.59,11.38,15.36,Wood,Oil & Wax #134 Cherry,
FC-134CF,0.75,1.312,0.25,,,26.03,Wood,FC Oil & Wax #134 Cherry,
134CL,0.75,1.312,0.25,9.49,14.24,19.22,Wood,Clear Lacquer #134 Cherry,
FC-134CL,0.75,1.312,0.25,,,27.4,Wood,FC Clear Lacquer #134 Cherry,
134CG,0.75,1.312,0.25,9.49,14.24,19.22,Wood,Aged #134 Cherry,
FC-134CG,0.75,1.312,0.25,,,27.4,Wood,FC Aged #134 Cherry,
134CQ,0.75,1.312,0.25,9.49,14.24,19.22,Wood,Antique #134 Cherry,
FC-134CQ,0.75,1.312,0.25,,,27.4,Wood,FC Antique #134 Cherry,
134CD,0.75,1.312,0.25,9.49,14.24,19.22,Wood,Black Cherry #134 Cherry,
FC-134CD,0.75,1.312,0.25,,,28.09,Wood,FC Black Cherry #134 Cherry,
134MR,0.75,1.312,0.25,4.34,6.16,9.24,Wood,Raw #134 Maple,
FC-134MR,0.75,1.312,0.25,,,25.41,Wood,FC Raw #134 Maple,
134MF,0.75,1.312,0.25,7.6,10.79,14.57,Wood,Oil & Wax #134 Maple,
FC-134MF,0.75,1.312,0.25,,,26.1,Wood,FC Oil & Wax #134 Maple,
134ML,0.75,1.312,0.25,7.87,11.18,15.09,Wood,Clear Lacquer #134 Maple,
FC-134ML,0.75,1.312,0.25,,,26.1,Wood,FC Clear Lacquer #134 Maple,
134MW,0.75,1.312,0.25,8.93,12.68,17.12,Wood,WhiteWash #134 Maple,
FC-134MW,0.75,1.312,0.25,,,26.79,Wood,FC WhiteWash #134 Maple,
134MT,0.75,1.312,0.25,8.14,11.56,15.61,Wood,White #134 Maple,
FC-134MT,0.75,1.312,0.25,,,27.47,Wood,FC White #134 Maple,
134MK,0.75,1.312,0.25,8.14,11.56,15.61,Wood,Satin Black #134 Maple,
FC-134MK,0.75,1.312,0.25,,,27.47,Wood,FC Satin Black #134 Maple,
134MA,0.75,1.312,0.25,8.14,11.56,15.61,Wood,Warm White #134 Maple,
FC-134MA,0.75,1.312,0.25,,,27.47,Wood,FC Warm White #134 Maple,
134MI,0.75,1.312,0.25,8.14,11.56,15.61,Wood,Rising White #134 Maple,
FC-134MI,0.75,1.312,0.25,,,27.47,Wood,FC Rising White #134 Maple,
134M1,0.75,1.312,0.25,8.14,11.56,15.61,Wood,Light Grey #134 Maple,
FC-134M1,0.75,1.312,0.25,,,27.47,Wood,FC Light Grey #134 Maple,
134M2,0.75,1.312,0.25,8.14,11.56,15.61,Wood,Medium Grey #134 Maple,
FC-134M2,0.75,1.312,0.25,,,27.47,Wood,FC Medium Grey #134 Maple,
134M3,0.75,1.312,0.25,8.14,11.56,15.61,Wood,Dark Grey #134 Maple,
FC-134M3,0.75,1.312,0.25,,,27.47,Wood,FC Dark Grey #134 Maple,
134M9,0.75,1.312,0.25,8.14,11.56,15.61,Wood,Wheat #134 Maple,
FC-134M9,0.75,1.312,0.25,,,27.47,Wood,FC Wheat #134 Maple,
134WR,0.75,1.312,0.25,8.42,12.63,18.94,Wood,Raw #134 Walnut,
FC-134WR,0.75,1.312,0.25,,,31.88,Wood,FC Raw #134 Walnut,
134WF,0.75,1.312,0.25,13.01,19.52,26.35,Wood,Oil & Wax #134 Walnut,
FC-134WF,0.75,1.312,0.25,,,32.57,Wood,FC Oil & Wax #134 Walnut,
134WP,0.75,1.312,0.25,13.85,20.78,28.05,Wood,Padauk #134 Walnut,
FC-134WP,0.75,1.312,0.25,,,33.26,Wood,FC Padauk #134 Walnut,
134WB,0.75,1.312,0.25,13.85,20.78,28.05,Wood,Special Dark #134 Walnut,
FC-134WB,0.75,1.312,0.25,,,33.26,Wood,FC Special Dark #134 Walnut,
134WE,0.75,1.312,0.25,13.01,19.52,26.35,Wood,Ebony #134 Walnut,
FC-134WE,0.75,1.312,0.25,,,33.26,Wood,FC Ebony #134 Walnut,
134WK,0.75,1.312,0.25,12.22,18.33,24.75,Wood,Satin Black #134 Walnut,
FC-134WK,0.75,1.312,0.25,,,32.57,Wood,FC Satin Black #134 Walnut,
134W1,0.75,1.312,0.25,12.22,18.33,24.75,Wood,Light Grey #134 Walnut,
FC-134W1,0.75,1.312,0.25,,,32.57,Wood,FC Light Grey #134 Walnut,
134W2,0.75,1.312,0.25,12.22,18.33,24.75,Wood,Medium Grey #134 Walnut,
FC-134W2,0.75,1.312,0.25,,,32.57,Wood,FC Medium Grey #134 Walnut,
134W3,0.75,1.312,0.25,12.22,18.33,24.75,Wood,Dark Grey #134 Walnut,
FC-134W3,0.75,1.312,0.25,,,32.57,Wood,FC Dark Grey #134 Walnut,
134VR,0.75,1.312,0.25,5.8,9.57,14.36,Wood,Raw #134 White Oak,
FC-134VR,0.75,1.312,0.25,,,30.2,Wood,FC Raw #134 White Oak,
134VF,0.75,1.312,0.25,9.06,14.95,20.18,Wood,Oil & Wax #134 White Oak,
FC-134VF,0.75,1.312,0.25,,,30.88,Wood,FC Oil & Wax #134 White Oak,
134VL,0.75,1.312,0.25,9.33,15.39,20.78,Wood,Clear Lacquer #134 White Oak,
FC-134VL,0.75,1.312,0.25,,,30.88,Wood,FC Clear Lacquer #134 White Oak,
134VC,0.75,1.312,0.25,11.23,18.53,25.02,Wood,Charcoal #134 White Oak,
FC-134VC,0.75,1.312,0.25,,,31.57,Wood,FC Charcoal #134 White Oak,
134VM,0.75,1.312,0.25,11.23,18.53,25.02,Wood,Mission #134 White Oak,
FC-134VM,0.75,1.312,0.25,,,31.57,Wood,FC Mission #134 White Oak,
134V7,0.75,1.312,0.25,11.23,18.53,25.02,Wood,Bleached #134 White Oak,
FC-134V7,0.75,1.312,0.25,,,31.57,Wood,FC Bleached #134 White Oak,
922AR,0.375,2.625,0,9.84,14.37,22.99,Wood,Raw #922 Ash,
FC-922AR,0.375,2.625,0,,,35,Wood,FC Raw #922 Ash,
922AF,0.375,2.625,0,13.37,19.52,27.33,Wood,Oil & Wax #922 Ash,
FC-922AF,0.375,2.625,0,,,35.68,Wood,FC Oil & Wax #922 Ash,
922AL,0.375,2.625,0,14.43,21.07,29.5,Wood,Clear Lacquer #922 Ash,
FC-922AL,0.375,2.625,0,,,35.68,Wood,FC Clear Lacquer #922 Ash,
922AW,0.375,2.625,0,15.54,22.69,31.77,Wood,WhiteWash #922 Ash,
FC-922AW,0.375,2.625,0,,,36.37,Wood,FC WhiteWash #922 Ash,
922AT,0.375,2.625,0,15.54,22.69,31.77,Wood,White #922 Ash,
FC-922AT,0.375,2.625,0,,,37.75,Wood,FC White #922 Ash,
922AK,0.375,2.625,0,15.54,22.69,31.77,Wood,Satin Black #922 Ash,
FC-922AK,0.375,2.625,0,,,37.75,Wood,FC Satin Black #922 Ash,
922AA,0.375,2.625,0,15.54,22.69,31.77,Wood,Warm White #922 Ash,
FC-922AA,0.375,2.625,0,,,37.75,Wood,FC Warm White #922 Ash,
922AC,0.375,2.625,0,15.54,22.69,31.77,Wood,Charcoal #922 Ash,
FC-922AC,0.375,2.625,0,,,37.75,Wood,FC Charcoal #922 Ash,
922AI,0.375,2.625,0,15.54,22.69,31.77,Wood,Rising White #922 Ash,
FC-922AI,0.375,2.625,0,,,37.75,Wood,FC Rising White #922 Ash,
922A1,0.375,2.625,0,15.54,22.69,31.77,Wood,Light Grey #922 Ash,
FC-922A1,0.375,2.625,0,,,37.75,Wood,FC Light Grey #922 Ash,
922A2,0.375,2.625,0,15.54,22.69,31.77,Wood,Medium Grey #922 Ash,
FC-922A2,0.375,2.625,0,,,37.75,Wood,FC Medium Grey #922 Ash,
922A3,0.375,2.625,0,15.54,22.69,31.77,Wood,Dark Grey #922 Ash,
FC-922A3,0.375,2.625,0,,,37.75,Wood,FC Dark Grey #922 Ash,
922CR,0.375,2.625,0,10.93,16.4,26.24,Wood,Raw #922 Cherry,
FC-922CR,0.375,2.625,0,,,37.71,Wood,FC Raw #922 Cherry,
922CF,0.375,2.625,0,14.73,22.1,30.94,Wood,Oil & Wax #922 Cherry,
FC-922CF,0.375,2.625,0,,,38.4,Wood,FC Oil & Wax #922 Cherry,
922CL,0.375,2.625,0,16.63,24.94,34.92,Wood,Clear Lacquer #922 Cherry,
FC-922CL,0.375,2.625,0,,,39.78,Wood,FC Clear Lacquer #922 Cherry,
922CG,0.375,2.625,0,16.63,24.94,34.92,Wood,Aged #922 Cherry,
FC-922CG,0.375,2.625,0,,,39.78,Wood,FC Aged #922 Cherry,
922CQ,0.375,2.625,0,16.63,24.94,34.92,Wood,Antique #922 Cherry,
FC-922CQ,0.375,2.625,0,,,39.78,Wood,FC Antique #922 Cherry,
922CD,0.375,2.625,0,16.63,24.94,34.92,Wood,Black Cherry #922 Cherry,
FC-922CD,0.375,2.625,0,,,40.46,Wood,FC Black Cherry #922 Cherry,
922MR,0.375,2.625,0,11.37,16.15,25.84,Wood,Raw #922 Maple,
FC-922MR,0.375,2.625,0,,,37.46,Wood,FC Raw #922 Maple,
922MF,0.375,2.625,0,14.9,21.16,29.62,Wood,Oil & Wax #922 Maple,
FC-922MF,0.375,2.625,0,,,38.15,Wood,FC Oil & Wax #922 Maple,
922ML,0.375,2.625,0,15.17,21.54,30.16,Wood,Clear Lacquer #922 Maple,
FC-922ML,0.375,2.625,0,,,38.15,Wood,FC Clear Lacquer #922 Maple,
922MW,0.375,2.625,0,16.8,23.86,33.4,Wood,WhiteWash #922 Maple,
FC-922MW,0.375,2.625,0,,,38.84,Wood,FC WhiteWash #922 Maple,
922MT,0.375,2.625,0,15.96,22.66,31.72,Wood,White #922 Maple,
FC-922MT,0.375,2.625,0,,,39.53,Wood,FC White #922 Maple,
922MK,0.375,2.625,0,15.96,22.66,31.72,Wood,Satin Black #922 Maple,
FC-922MK,0.375,2.625,0,,,39.53,Wood,FC Satin Black #922 Maple,
922MA,0.375,2.625,0,15.96,22.66,31.72,Wood,Warm White #922 Maple,
FC-922MA,0.375,2.625,0,,,39.53,Wood,FC Warm White #922 Maple,
922MI,0.375,2.625,0,15.96,22.66,31.72,Wood,Rising White #922 Maple,
FC-922MI,0.375,2.625,0,,,39.53,Wood,FC Rising White #922 Maple,
922M1,0.375,2.625,0,15.96,22.66,31.72,Wood,Light Grey #922 Maple,
FC-922M1,0.375,2.625,0,,,39.53,Wood,FC Light Grey #922 Maple,
922M2,0.375,2.625,0,15.96,22.66,31.72,Wood,Medium Grey #922 Maple,
FC-922M2,0.375,2.625,0,,,39.53,Wood,FC Medium Grey #922 Maple,
922M3,0.375,2.625,0,15.96,22.66,31.72,Wood,Dark Grey #922 Maple,
FC-922M3,0.375,2.625,0,,,39.53,Wood,FC Dark Grey #922 Maple,
922M9,0.375,2.625,0,15.96,22.66,31.72,Wood,Wheat #922 Maple,
FC-922M9,0.375,2.625,0,,,39.53,Wood,FC Wheat #922 Maple,
922WR,0.375,2.625,0,20.11,30.16,48.26,Wood,Raw #922 Walnut,
FC-922WR,0.375,2.625,0,,,54.22,Wood,FC Raw #922 Walnut,
922WF,0.375,2.625,0,25.54,38.31,53.63,Wood,Oil & Wax #922 Walnut,
FC-922WF,0.375,2.625,0,,,65.16,Wood,FC Oil & Wax #922 Walnut,
922WP,0.375,2.625,0,25.81,38.71,54.19,Wood,Padauk #922 Walnut,
FC-922WP,0.375,2.625,0,,,70.16,Wood,FC Padauk #922 Walnut,
922WB,0.375,2.625,0,25.81,38.71,54.19,Wood,Special Dark #922 Walnut,
FC-922WB,0.375,2.625,0,,,70.16,Wood,FC Special Dark #922 Walnut,
922WE,0.375,2.625,0,25.54,38.31,53.63,Wood,Ebony #922 Walnut,
FC-922WE,0.375,2.625,0,,,70.16,Wood,FC Ebony #922 Walnut,
922WK,0.375,2.625,0,24.7,37.05,51.87,Wood,Satin Black #922 Walnut,
FC-922WK,0.375,2.625,0,,,65.16,Wood,FC Satin Black #922 Walnut,
922W1,0.375,2.625,0,24.7,37.05,51.87,Wood,Light Grey #922 Walnut,
FC-922W1,0.375,2.625,0,,,65.16,Wood,FC Light Grey #922 Walnut,
922W2,0.375,2.625,0,24.7,37.05,51.87,Wood,Medium Grey #922 Walnut,
FC-922W2,0.375,2.625,0,,,65.16,Wood,FC Medium Grey #922 Walnut,
922W3,0.375,2.625,0,24.7,37.05,51.87,Wood,Dark Grey #922 Walnut,
FC-922W3,0.375,2.625,0,,,65.16,Wood,FC Dark Grey #922 Walnut,
922VR,0.375,2.625,0,15.48,25.54,40.86,Wood,Raw #922 White Oak,
FC-922VR,0.375,2.625,0,,,48.92,Wood,FC Raw #922 White Oak,
922VF,0.375,2.625,0,18.74,30.92,43.29,Wood,Oil & Wax #922 White Oak,
FC-922VF,0.375,2.625,0,,,49.6,Wood,FC Oil & Wax #922 White Oak,
922VL,0.375,2.625,0,19.28,31.81,44.53,Wood,Clear Lacquer #922 White Oak,
FC-922VL,0.375,2.625,0,,,49.6,Wood,FC Clear Lacquer #922 White Oak,
922VC,0.375,2.625,0,20.91,34.5,48.3,Wood,Charcoal #922 White Oak,
FC-922VC,0.375,2.625,0,,,60.54,Wood,FC Charcoal #922 White Oak,
922VM,0.375,2.625,0,20.91,34.5,48.3,Wood,Mission #922 White Oak,
FC-922VM,0.375,2.625,0,,,60.54,Wood,FC Mission #922 White Oak,
922V7,0.375,2.625,0,20.91,34.5,48.3,Wood,Bleached #922 White Oak,
FC-922V7,0.375,2.625,0,,,60.54,Wood,FC Bleached #922 White Oak,
964-200BR,2,0,0,1.83,2.74,4.11,Wood,Raw #964-200 Basswood,
966-200BR,2,0,0,2.15,3.22,4.83,Wood,Raw #966-200 Basswood,
968-200BR,2,0,0,2.74,4.11,6.17,Wood,Raw #968-200 Basswood,
121AR,0.375,1.062,0.15625,3.37,4.79,7.66,Wood,Raw #121 Ash,
FC-121AR,0.375,1.062,0.15625,,,24.04,Wood,FC Raw #121 Ash,
121AF,0.375,1.062,0.15625,6.63,9.41,13.17,Wood,Oil & Wax #121 Ash,
FC-121AF,0.375,1.062,0.15625,,,24.73,Wood,FC Oil & Wax #121 Ash,
121AL,0.375,1.062,0.15625,7.17,10.18,14.25,Wood,Clear Lacquer #121 Ash,
FC-121AL,0.375,1.062,0.15625,,,24.73,Wood,FC Clear Lacquer #121 Ash,
121AW,0.375,1.062,0.15625,9.07,12.88,18.03,Wood,WhiteWash #121 Ash,
FC-121AW,0.375,1.062,0.15625,,,25.42,Wood,FC WhiteWash #121 Ash,
121AT,0.375,1.062,0.15625,9.07,12.88,18.03,Wood,White #121 Ash,
FC-121AT,0.375,1.062,0.15625,,,26.79,Wood,FC White #121 Ash,
121AK,0.375,1.062,0.15625,9.07,12.88,18.03,Wood,Satin Black #121 Ash,
FC-121AK,0.375,1.062,0.15625,,,26.79,Wood,FC Satin Black #121 Ash,
121AA,0.375,1.062,0.15625,9.07,12.88,18.03,Wood,Warm White #121 Ash,
FC-121AA,0.375,1.062,0.15625,,,26.79,Wood,FC Warm White #121 Ash,
121AC,0.375,1.062,0.15625,9.07,12.88,18.03,Wood,Charcoal #121 Ash,
FC-121AC,0.375,1.062,0.15625,,,26.79,Wood,FC Charcoal #121 Ash,
121AI,0.375,1.062,0.15625,9.07,12.88,18.03,Wood,Rising White #121 Ash,
FC-121AI,0.375,1.062,0.15625,,,26.79,Wood,FC Rising White #121 Ash,
121A1,0.375,1.062,0.15625,9.07,12.88,18.03,Wood,Light Grey #121 Ash,
FC-121A1,0.375,1.062,0.15625,,,26.79,Wood,FC Light Grey #121 Ash,
121A2,0.375,1.062,0.15625,9.07,12.88,18.03,Wood,Medium Grey #121 Ash,
FC-121A2,0.375,1.062,0.15625,,,26.79,Wood,FC Medium Grey #121 Ash,
121A3,0.375,1.062,0.15625,9.07,12.88,18.03,Wood,Dark Grey #121 Ash,
FC-121A3,0.375,1.062,0.15625,,,26.79,Wood,FC Dark Grey #121 Ash,
121CR,0.375,1.062,0.15625,3.61,5.27,8.43,Wood,Raw #121 Cherry,
FC-121CR,0.375,1.062,0.15625,,,24.52,Wood,FC Raw #121 Cherry,
121CF,0.375,1.062,0.15625,7.14,10.42,14.59,Wood,Oil & Wax #121 Cherry,
FC-121CF,0.375,1.062,0.15625,,,25.21,Wood,FC Oil & Wax #121 Cherry,
121CL,0.375,1.062,0.15625,9.04,13.2,18.48,Wood,Clear Lacquer #121 Cherry,
FC-121CL,0.375,1.062,0.15625,,,26.58,Wood,FC Clear Lacquer #121 Cherry,
121CG,0.375,1.062,0.15625,9.04,13.2,18.48,Wood,Aged #121 Cherry,
FC-121CG,0.375,1.062,0.15625,,,26.58,Wood,FC Aged #121 Cherry,
121CQ,0.375,1.062,0.15625,9.04,13.2,18.48,Wood,Antique #121 Cherry,
FC-121CQ,0.375,1.062,0.15625,,,26.58,Wood,FC Antique #121 Cherry,
121CD,0.375,1.062,0.15625,9.04,13.2,18.48,Wood,Black Cherry #121 Cherry,
FC-121CD,0.375,1.062,0.15625,,,27.27,Wood,FC Black Cherry #121 Cherry,
121MR,0.375,1.062,0.15625,4.11,5.67,9.07,Wood,Raw #121 Maple,
FC-121MR,0.375,1.062,0.15625,,,24.92,Wood,FC Raw #121 Maple,
121MF,0.375,1.062,0.15625,7.37,10.17,14.24,Wood,Oil & Wax #121 Maple,
FC-121MF,0.375,1.062,0.15625,,,25.61,Wood,FC Oil & Wax #121 Maple,
121ML,0.375,1.062,0.15625,7.64,10.54,14.76,Wood,Clear Lacquer #121 Maple,
FC-121ML,0.375,1.062,0.15625,,,25.61,Wood,FC Clear Lacquer #121 Maple,
121MW,0.375,1.062,0.15625,8.7,12.01,16.81,Wood,WhiteWash #121 Maple,
FC-121MW,0.375,1.062,0.15625,,,26.3,Wood,FC WhiteWash #121 Maple,
121MT,0.375,1.062,0.15625,7.91,10.92,15.29,Wood,White #121 Maple,
FC-121MT,0.375,1.062,0.15625,,,26.98,Wood,FC White #121 Maple,
121MK,0.375,1.062,0.15625,7.91,10.92,15.29,Wood,Satin Black #121 Maple,
FC-121MK,0.375,1.062,0.15625,,,26.98,Wood,FC Satin Black #121 Maple,
121MA,0.375,1.062,0.15625,7.91,10.92,15.29,Wood,Warm White #121 Maple,
FC-121MA,0.375,1.062,0.15625,,,26.98,Wood,FC Warm White #121 Maple,
121MI,0.375,1.062,0.15625,7.91,10.92,15.29,Wood,Rising White #121 Maple,
FC-121MI,0.375,1.062,0.15625,,,26.98,Wood,FC Rising White #121 Maple,
121M1,0.375,1.062,0.15625,7.91,10.92,15.29,Wood,Light Grey #121 Maple,
FC-121M1,0.375,1.062,0.15625,,,26.98,Wood,FC Light Grey #121 Maple,
121M2,0.375,1.062,0.15625,7.91,10.92,15.29,Wood,Medium Grey #121 Maple,
FC-121M2,0.375,1.062,0.15625,,,26.98,Wood,FC Medium Grey #121 Maple,
121M3,0.375,1.062,0.15625,7.91,10.92,15.29,Wood,Dark Grey #121 Maple,
FC-121M3,0.375,1.062,0.15625,,,26.98,Wood,FC Dark Grey #121 Maple,
121M9,0.375,1.062,0.15625,7.91,10.92,15.29,Wood,Wheat #121 Maple,
FC-121M9,0.375,1.062,0.15625,,,26.98,Wood,FC Wheat #121 Maple,
121WR,0.375,1.062,0.15625,7.81,11.4,18.24,Wood,Raw #121 Walnut,
FC-121WR,0.375,1.062,0.15625,,,30.65,Wood,FC Raw #121 Walnut,
121WF,0.375,1.062,0.15625,12.4,18.1,25.34,Wood,Oil & Wax #121 Walnut,
FC-121WF,0.375,1.062,0.15625,,,31.34,Wood,FC Oil & Wax #121 Walnut,
121WP,0.375,1.062,0.15625,13.24,19.33,27.06,Wood,Padauk #121 Walnut,
FC-121WP,0.375,1.062,0.15625,,,32.03,Wood,FC Padauk #121 Walnut,
121WB,0.375,1.062,0.15625,13.24,19.33,27.06,Wood,Special Dark #121 Walnut,
FC-121WB,0.375,1.062,0.15625,,,32.03,Wood,FC Special Dark #121 Walnut,
121WE,0.375,1.062,0.15625,12.4,18.1,25.34,Wood,Ebony #121 Walnut,
FC-121WE,0.375,1.062,0.15625,,,32.03,Wood,FC Ebony #121 Walnut,
121WK,0.375,1.062,0.15625,11.61,16.95,23.73,Wood,Satin Black #121 Walnut,
FC-121WK,0.375,1.062,0.15625,,,31.34,Wood,FC Satin Black #121 Walnut,
121W1,0.375,1.062,0.15625,11.61,16.95,23.73,Wood,Light Grey #121 Walnut,
FC-121W1,0.375,1.062,0.15625,,,31.34,Wood,FC Light Grey #121 Walnut,
121W2,0.375,1.062,0.15625,11.61,16.95,23.73,Wood,Medium Grey #121 Walnut,
FC-121W2,0.375,1.062,0.15625,,,31.34,Wood,FC Medium Grey #121 Walnut,
121W3,0.375,1.062,0.15625,11.61,16.95,23.73,Wood,Dark Grey #121 Walnut,
FC-121W3,0.375,1.062,0.15625,,,31.34,Wood,FC Dark Grey #121 Walnut,
121VR,0.375,1.062,0.15625,5.44,8.98,14.37,Wood,Raw #121 White Oak,
FC-121VR,0.375,1.062,0.15625,,,29.61,Wood,FC Raw #121 White Oak,
121VF,0.375,1.062,0.15625,8.7,14.35,20.09,Wood,Oil & Wax #121 White Oak,
FC-121VF,0.375,1.062,0.15625,,,30.29,Wood,FC Oil & Wax #121 White Oak,
121VL,0.375,1.062,0.15625,8.97,14.8,20.72,Wood,Clear Lacquer #121 White Oak,
FC-121VL,0.375,1.062,0.15625,,,30.29,Wood,FC Clear Lacquer #121 White Oak,
121VC,0.375,1.062,0.15625,10.87,17.94,25.12,Wood,Charcoal #121 White Oak,
FC-121VC,0.375,1.062,0.15625,,,30.98,Wood,FC Charcoal #121 White Oak,
121VM,0.375,1.062,0.15625,10.87,17.94,25.12,Wood,Mission #121 White Oak,
FC-121VM,0.375,1.062,0.15625,,,30.98,Wood,FC Mission #121 White Oak,
121V7,0.375,1.062,0.15625,10.87,17.94,25.12,Wood,Bleached #121 White Oak,
FC-121V7,0.375,1.062,0.15625,,,30.98,Wood,FC Bleached #121 White Oak,
188AR,1,2.5,0.3125,7.32,10.69,17.1,Wood,Raw #188 Ash,
FC-188AR,1,2.5,0.3125,,,31.32,Wood,FC Raw #188 Ash,
188AF,1,2.5,0.3125,10.85,15.84,22.18,Wood,Oil & Wax #188 Ash,
FC-188AF,1,2.5,0.3125,,,32,Wood,FC Oil & Wax #188 Ash,
188AL,1,2.5,0.3125,11.91,17.39,24.35,Wood,Clear Lacquer #188 Ash,
FC-188AL,1,2.5,0.3125,,,32,Wood,FC Clear Lacquer #188 Ash,
188AW,1,2.5,0.3125,13.02,19.01,26.61,Wood,WhiteWash #188 Ash,
FC-188AW,1,2.5,0.3125,,,32.69,Wood,FC WhiteWash #188 Ash,
188AT,1,2.5,0.3125,13.02,19.01,26.61,Wood,White #188 Ash,
FC-188AT,1,2.5,0.3125,,,34.07,Wood,FC White #188 Ash,
188AK,1,2.5,0.3125,13.02,19.01,26.61,Wood,Satin Black #188 Ash,
FC-188AK,1,2.5,0.3125,,,34.07,Wood,FC Satin Black #188 Ash,
188AA,1,2.5,0.3125,13.02,19.01,26.61,Wood,Warm White #188 Ash,
FC-188AA,1,2.5,0.3125,,,34.07,Wood,FC Warm White #188 Ash,
188AC,1,2.5,0.3125,13.02,19.01,26.61,Wood,Charcoal #188 Ash,
FC-188AC,1,2.5,0.3125,,,34.07,Wood,FC Charcoal #188 Ash,
188AI,1,2.5,0.3125,13.02,19.01,26.61,Wood,Rising White #188 Ash,
FC-188AI,1,2.5,0.3125,,,34.07,Wood,FC Rising White #188 Ash,
188A1,1,2.5,0.3125,13.02,19.01,26.61,Wood,Light Grey #188 Ash,
FC-188A1,1,2.5,0.3125,,,34.07,Wood,FC Light Grey #188 Ash,
188A2,1,2.5,0.3125,13.02,19.01,26.61,Wood,Medium Grey #188 Ash,
FC-188A2,1,2.5,0.3125,,,34.07,Wood,FC Medium Grey #188 Ash,
188A3,1,2.5,0.3125,13.02,19.01,26.61,Wood,Dark Grey #188 Ash,
FC-188A3,1,2.5,0.3125,,,34.07,Wood,FC Dark Grey #188 Ash,
188CR,1,2.5,0.3125,9.07,13.6,21.76,Wood,Raw #188 Cherry,
FC-188CR,1,2.5,0.3125,,,34.23,Wood,FC Raw #188 Cherry,
188CF,1,2.5,0.3125,12.6,18.9,26.46,Wood,Oil & Wax #188 Cherry,
FC-188CF,1,2.5,0.3125,,,34.91,Wood,FC Oil & Wax #188 Cherry,
188CL,1,2.5,0.3125,14.5,21.75,30.45,Wood,Clear Lacquer #188 Cherry,
FC-188CL,1,2.5,0.3125,,,36.29,Wood,FC Clear Lacquer #188 Cherry,
188CG,1,2.5,0.3125,14.5,21.75,30.45,Wood,Aged #188 Cherry,
FC-188CG,1,2.5,0.3125,,,36.29,Wood,FC Aged #188 Cherry,
188CQ,1,2.5,0.3125,14.5,21.75,30.45,Wood,Antique #188 Cherry,
FC-188CQ,1,2.5,0.3125,,,36.29,Wood,FC Antique #188 Cherry,
188CD,1,2.5,0.3125,14.5,21.75,30.45,Wood,Black Cherry #188 Cherry,
FC-188CD,1,2.5,0.3125,,,36.98,Wood,FC Black Cherry #188 Cherry,
188MR,1,2.5,0.3125,8.79,12.48,19.97,Wood,Raw #188 Maple,
FC-188MR,1,2.5,0.3125,,,33.11,Wood,FC Raw #188 Maple,
188MF,1,2.5,0.3125,12.05,17.11,23.95,Wood,Oil & Wax #188 Maple,
FC-188MF,1,2.5,0.3125,,,33.79,Wood,FC Oil & Wax #188 Maple,
188ML,1,2.5,0.3125,12.32,17.49,24.49,Wood,Clear Lacquer #188 Maple,
FC-188ML,1,2.5,0.3125,,,33.79,Wood,FC Clear Lacquer #188 Maple,
188MW,1,2.5,0.3125,13.38,19,26.6,Wood,WhiteWash #188 Maple,
FC-188MW,1,2.5,0.3125,,,34.48,Wood,FC WhiteWash #188 Maple,
188MT,1,2.5,0.3125,12.59,17.88,25.03,Wood,White #188 Maple,
FC-188MT,1,2.5,0.3125,,,35.17,Wood,FC White #188 Maple,
188MK,1,2.5,0.3125,12.59,17.88,25.03,Wood,Satin Black #188 Maple,
FC-188MK,1,2.5,0.3125,,,35.17,Wood,FC Satin Black #188 Maple,
188MA,1,2.5,0.3125,12.59,17.88,25.03,Wood,Warm White #188 Maple,
FC-188MA,1,2.5,0.3125,,,35.17,Wood,FC Warm White #188 Maple,
188MI,1,2.5,0.3125,12.59,17.88,25.03,Wood,Rising White #188 Maple,
FC-188MI,1,2.5,0.3125,,,35.17,Wood,FC Rising White #188 Maple,
188M1,1,2.5,0.3125,12.59,17.88,25.03,Wood,Light Grey #188 Maple,
FC-188M1,1,2.5,0.3125,,,35.17,Wood,FC Light Grey #188 Maple,
188M2,1,2.5,0.3125,12.59,17.88,25.03,Wood,Medium Grey #188 Maple,
FC-188M2,1,2.5,0.3125,,,35.17,Wood,FC Medium Grey #188 Maple,
188M3,1,2.5,0.3125,12.59,17.88,25.03,Wood,Dark Grey #188 Maple,
FC-188M3,1,2.5,0.3125,,,35.17,Wood,FC Dark Grey #188 Maple,
188M9,1,2.5,0.3125,12.59,17.88,25.03,Wood,Wheat #188 Maple,
FC-188M9,1,2.5,0.3125,,,35.17,Wood,FC Wheat #188 Maple,
188WR,1,2.5,0.3125,18.54,27.81,44.5,Wood,Raw #188 Walnut,
FC-188WR,1,2.5,0.3125,,,48.44,Wood,FC Raw #188 Walnut,
188WF,1,2.5,0.3125,23.13,34.7,48.58,Wood,Oil & Wax #188 Walnut,
FC-188WF,1,2.5,0.3125,,,49.12,Wood,FC Oil & Wax #188 Walnut,
188WP,1,2.5,0.3125,23.97,35.96,50.34,Wood,Padauk #188 Walnut,
FC-188WP,1,2.5,0.3125,,,49.81,Wood,FC Padauk #188 Walnut,
188WB,1,2.5,0.3125,23.97,35.96,50.34,Wood,Special Dark #188 Walnut,
FC-188WB,1,2.5,0.3125,,,49.81,Wood,FC Special Dark #188 Walnut,
188WE,1,2.5,0.3125,23.13,34.7,48.58,Wood,Ebony #188 Walnut,
FC-188WE,1,2.5,0.3125,,,49.81,Wood,FC Ebony #188 Walnut,
188WK,1,2.5,0.3125,22.34,33.51,46.91,Wood,Satin Black #188 Walnut,
FC-188WK,1,2.5,0.3125,,,49.12,Wood,FC Satin Black #188 Walnut,
188W1,1,2.5,0.3125,22.34,33.51,46.91,Wood,Light Grey #188 Walnut,
FC-188W1,1,2.5,0.3125,,,49.12,Wood,FC Light Grey #188 Walnut,
188W2,1,2.5,0.3125,22.34,33.51,46.91,Wood,Medium Grey #188 Walnut,
FC-188W2,1,2.5,0.3125,,,49.12,Wood,FC Medium Grey #188 Walnut,
188W3,1,2.5,0.3125,22.34,33.51,46.91,Wood,Dark Grey #188 Walnut,
FC-188W3,1,2.5,0.3125,,,49.12,Wood,FC Dark Grey #188 Walnut,
188VR,1,2.5,0.3125,11.92,19.67,31.47,Wood,Raw #188 White Oak,
FC-188VR,1,2.5,0.3125,,,41.67,Wood,FC Raw #188 White Oak,
188VF,1,2.5,0.3125,15.18,25.05,35.07,Wood,Oil & Wax #188 White Oak,
FC-188VF,1,2.5,0.3125,,,42.36,Wood,FC Oil & Wax #188 White Oak,
188VL,1,2.5,0.3125,15.45,25.49,35.69,Wood,Clear Lacquer #188 White Oak,
FC-188VL,1,2.5,0.3125,,,42.36,Wood,FC Clear Lacquer #188 White Oak,
188VC,1,2.5,0.3125,17.35,28.63,40.08,Wood,Charcoal #188 White Oak,
FC-188VC,1,2.5,0.3125,,,43.05,Wood,FC Charcoal #188 White Oak,
188VM,1,2.5,0.3125,17.35,28.63,40.08,Wood,Mission #188 White Oak,
FC-188VM,1,2.5,0.3125,,,43.05,Wood,FC Mission #188 White Oak,
188V7,1,2.5,0.3125,17.35,28.63,40.08,Wood,Bleached #188 White Oak,
FC-188V7,1,2.5,0.3125,,,43.05,Wood,FC Bleached #188 White Oak,
923AR,0.375,3.25,0,11.32,16.53,26.45,Wood,Raw #923 Ash,
FC-923AR,0.375,3.25,0,,,37.16,Wood,FC Raw #923 Ash,
923AF,0.375,3.25,0,14.85,21.68,30.35,Wood,Oil & Wax #923 Ash,
FC-923AF,0.375,3.25,0,,,37.84,Wood,FC Oil & Wax #923 Ash,
923AL,0.375,3.25,0,15.91,23.23,32.52,Wood,Clear Lacquer #923 Ash,
FC-923AL,0.375,3.25,0,,,37.84,Wood,FC Clear Lacquer #923 Ash,
923AW,0.375,3.25,0,17.02,24.85,34.79,Wood,WhiteWash #923 Ash,
FC-923AW,0.375,3.25,0,,,38.53,Wood,FC WhiteWash #923 Ash,
923AT,0.375,3.25,0,17.02,24.85,34.79,Wood,White #923 Ash,
FC-923AT,0.375,3.25,0,,,39.91,Wood,FC White #923 Ash,
923AK,0.375,3.25,0,17.02,24.85,34.79,Wood,Satin Black #923 Ash,
FC-923AK,0.375,3.25,0,,,39.91,Wood,FC Satin Black #923 Ash,
923AA,0.375,3.25,0,17.02,24.85,34.79,Wood,Warm White #923 Ash,
FC-923AA,0.375,3.25,0,,,39.91,Wood,FC Warm White #923 Ash,
923AC,0.375,3.25,0,17.02,24.85,34.79,Wood,Charcoal #923 Ash,
FC-923AC,0.375,3.25,0,,,39.91,Wood,FC Charcoal #923 Ash,
923AI,0.375,3.25,0,17.02,24.85,34.79,Wood,Rising White #923 Ash,
FC-923AI,0.375,3.25,0,,,39.91,Wood,FC Rising White #923 Ash,
923A1,0.375,3.25,0,17.02,24.85,34.79,Wood,Light Grey #923 Ash,
FC-923A1,0.375,3.25,0,,,39.91,Wood,FC Light Grey #923 Ash,
923A2,0.375,3.25,0,17.02,24.85,34.79,Wood,Medium Grey #923 Ash,
FC-923A2,0.375,3.25,0,,,39.91,Wood,FC Medium Grey #923 Ash,
923A3,0.375,3.25,0,17.02,24.85,34.79,Wood,Dark Grey #923 Ash,
FC-923A3,0.375,3.25,0,,,39.91,Wood,FC Dark Grey #923 Ash,
923CR,0.375,3.25,0,12.57,18.86,30.18,Wood,Raw #923 Cherry,
FC-923CR,0.375,3.25,0,,,39.49,Wood,FC Raw #923 Cherry,
923CF,0.375,3.25,0,16.37,24.56,34.38,Wood,Oil & Wax #923 Cherry,
FC-923CF,0.375,3.25,0,,,40.17,Wood,FC Oil & Wax #923 Cherry,
923CL,0.375,3.25,0,18.27,27.4,38.36,Wood,Clear Lacquer #923 Cherry,
FC-923CL,0.375,3.25,0,,,41.55,Wood,FC Clear Lacquer #923 Cherry,
923CG,0.375,3.25,0,18.27,27.4,38.36,Wood,Aged #923 Cherry,
FC-923CG,0.375,3.25,0,,,41.55,Wood,FC Aged #923 Cherry,
923CQ,0.375,3.25,0,18.27,27.4,38.36,Wood,Antique #923 Cherry,
FC-923CQ,0.375,3.25,0,,,41.55,Wood,FC Antique #923 Cherry,
923CD,0.375,3.25,0,18.27,27.4,38.36,Wood,Black Cherry #923 Cherry,
FC-923CD,0.375,3.25,0,,,42.24,Wood,FC Black Cherry #923 Cherry,
923MR,0.375,3.25,0,13.06,18.55,29.68,Wood,Raw #923 Maple,
FC-923MR,0.375,3.25,0,,,39.18,Wood,FC Raw #923 Maple,
923MF,0.375,3.25,0,16.59,23.56,32.98,Wood,Oil & Wax #923 Maple,
FC-923MF,0.375,3.25,0,,,39.86,Wood,FC Oil & Wax #923 Maple,
923ML,0.375,3.25,0,16.86,23.94,33.52,Wood,Clear Lacquer #923 Maple,
FC-923ML,0.375,3.25,0,,,39.86,Wood,FC Clear Lacquer #923 Maple,
923MW,0.375,3.25,0,18.49,26.26,36.76,Wood,WhiteWash #923 Maple,
FC-923MW,0.375,3.25,0,,,40.55,Wood,FC WhiteWash #923 Maple,
923MT,0.375,3.25,0,17.65,25.06,35.08,Wood,White #923 Maple,
FC-923MT,0.375,3.25,0,,,41.24,Wood,FC White #923 Maple,
923MK,0.375,3.25,0,17.65,25.06,35.08,Wood,Satin Black #923 Maple,
FC-923MK,0.375,3.25,0,,,41.24,Wood,FC Satin Black #923 Maple,
923MA,0.375,3.25,0,17.65,25.06,35.08,Wood,Warm White #923 Maple,
FC-923MA,0.375,3.25,0,,,41.24,Wood,FC Warm White #923 Maple,
923MI,0.375,3.25,0,17.65,25.06,35.08,Wood,Rising White #923 Maple,
FC-923MI,0.375,3.25,0,,,41.24,Wood,FC Rising White #923 Maple,
923M1,0.375,3.25,0,17.65,25.06,35.08,Wood,Light Grey #923 Maple,
FC-923M1,0.375,3.25,0,,,41.24,Wood,FC Light Grey #923 Maple,
923M2,0.375,3.25,0,17.65,25.06,35.08,Wood,Medium Grey #923 Maple,
FC-923M2,0.375,3.25,0,,,41.24,Wood,FC Medium Grey #923 Maple,
923M3,0.375,3.25,0,17.65,25.06,35.08,Wood,Dark Grey #923 Maple,
FC-923M3,0.375,3.25,0,,,41.24,Wood,FC Dark Grey #923 Maple,
923M9,0.375,3.25,0,17.65,25.06,35.08,Wood,Wheat #923 Maple,
FC-923M9,0.375,3.25,0,,,41.24,Wood,FC Wheat #923 Maple,
923WR,0.375,3.25,0,23.12,34.68,55.49,Wood,Raw #923 Walnut,
FC-923WR,0.375,3.25,0,,,58.74,Wood,FC Raw #923 Walnut,
923WF,0.375,3.25,0,28.55,42.82,59.95,Wood,Oil & Wax #923 Walnut,
FC-923WF,0.375,3.25,0,,,69.68,Wood,FC Oil & Wax #923 Walnut,
923WP,0.375,3.25,0,28.82,43.23,60.52,Wood,Padauk #923 Walnut,
FC-923WP,0.375,3.25,0,,,74.68,Wood,FC Padauk #923 Walnut,
923WB,0.375,3.25,0,28.82,43.23,60.52,Wood,Special Dark #923 Walnut,
FC-923WB,0.375,3.25,0,,,74.68,Wood,FC Special Dark #923 Walnut,
923WE,0.375,3.25,0,28.55,42.82,59.95,Wood,Ebony #923 Walnut,
FC-923WE,0.375,3.25,0,,,74.68,Wood,FC Ebony #923 Walnut,
923WK,0.375,3.25,0,27.71,41.56,58.18,Wood,Satin Black #923 Walnut,
FC-923WK,0.375,3.25,0,,,69.68,Wood,FC Satin Black #923 Walnut,
923W1,0.375,3.25,0,27.71,41.56,58.18,Wood,Light Grey #923 Walnut,
FC-923W1,0.375,3.25,0,,,69.68,Wood,FC Light Grey #923 Walnut,
923W2,0.375,3.25,0,27.71,41.56,58.18,Wood,Medium Grey #923 Walnut,
FC-923W2,0.375,3.25,0,,,69.68,Wood,FC Medium Grey #923 Walnut,
923W3,0.375,3.25,0,27.71,41.56,58.18,Wood,Dark Grey #923 Walnut,
FC-923W3,0.375,3.25,0,,,69.68,Wood,FC Dark Grey #923 Walnut,
923VR,0.375,3.25,0,17.82,29.4,47.04,Wood,Raw #923 White Oak,
FC-923VR,0.375,3.25,0,,,52.78,Wood,FC Raw #923 White Oak,
923VF,0.375,3.25,0,21.08,34.78,48.69,Wood,Oil & Wax #923 White Oak,
FC-923VF,0.375,3.25,0,,,53.46,Wood,FC Oil & Wax #923 White Oak,
923VL,0.375,3.25,0,21.62,35.67,49.94,Wood,Clear Lacquer #923 White Oak,
FC-923VL,0.375,3.25,0,,,53.46,Wood,FC Clear Lacquer #923 White Oak,
923VC,0.375,3.25,0,23.25,38.36,53.7,Wood,Charcoal #923 White Oak,
FC-923VC,0.375,3.25,0,,,64.4,Wood,FC Charcoal #923 White Oak,
923VM,0.375,3.25,0,23.25,38.36,53.7,Wood,Mission #923 White Oak,
FC-923VM,0.375,3.25,0,,,64.4,Wood,FC Mission #923 White Oak,
923V7,0.375,3.25,0,23.25,38.36,53.7,Wood,Bleached #923 White Oak,
FC-923V7,0.375,3.25,0,,,64.4,Wood,FC Bleached #923 White Oak,
