Item,Description,Width,Rabbet Height,Lip Size,Length,Chop,Join,Group,UPC
100AR,Raw #100 Ash,0.5,0.562,0.188,2.67,3.79,6.06,Wood,
FC-100AR,FC Raw #100 Ash,0.5,0.562,0.188,,,23.04,Wood,
100AF,Oil & Wax #100 Ash,0.5,0.562,0.188,5.93,8.42,11.79,Wood,
FC-100AF,FC Oil & Wax #100 Ash,0.5,0.562,0.188,,,23.73,Wood,
100AL,Clear Lacquer #100 Ash,0.5,0.562,0.188,6.47,9.19,12.87,Wood,
FC-100AL,FC Clear Lacquer #100 Ash,0.5,0.562,0.188,,,23.73,Wood,
100AW,WhiteWash #100 Ash,0.5,0.562,0.188,8.37,11.89,16.65,Wood,
FC-100AW,FC WhiteWash #100 Ash,0.5,0.562,0.188,,,24.42,Wood,
100AT,White #100 Ash,0.5,0.562,0.188,8.37,11.89,16.65,Wood,
FC-100AT,FC White #100 Ash,0.5,0.562,0.188,,,25.79,Wood,
100AK,Satin Black #100 Ash,0.5,0.562,0.188,8.37,11.89,16.65,Wood,
FC-100AK,FC Satin Black #100 Ash,0.5,0.562,0.188,,,25.79,Wood,
100AA,Warm White #100 Ash,0.5,0.562,0.188,8.37,11.89,16.65,Wood,
FC-100AA,FC Warm White #100 Ash,0.5,0.562,0.188,,,25.79,Wood,
100AC,Charcoal #100 Ash,0.5,0.562,0.188,8.37,11.89,16.65,Wood,
FC-100AC,FC Charcoal #100 Ash,0.5,0.562,0.188,,,25.79,Wood,
100AI,Rising White #100 Ash,0.5,0.562,0.188,8.37,11.89,16.65,Wood,
FC-100AI,FC Rising White #100 Ash,0.5,0.562,0.188,,,25.79,Wood,
100A1,Light Grey #100 Ash,0.5,0.562,0.188,8.37,11.89,16.65,Wood,
FC-100A1,FC Light Grey #100 Ash,0.5,0.562,0.188,,,25.79,Wood,
100A2,Medium Grey #100 Ash,0.5,0.562,0.188,8.37,11.89,16.65,Wood,
FC-100A2,FC Medium Grey #100 Ash,0.5,0.562,0.188,,,25.79,Wood,
100A3,Dark Grey #100 Ash,0.5,0.562,0.188,8.37,11.89,16.65,Wood,
FC-100A3,FC Dark Grey #100 Ash,0.5,0.562,0.188,,,25.79,Wood,
100CR,Raw #100 Cherry,0.5,0.562,0.188,2.9,4.23,6.77,Wood,
FC-100CR,FC Raw #100 Cherry,0.5,0.562,0.188,,,23.48,Wood,
100CF,Oil & Wax #100 Cherry,0.5,0.562,0.188,6.43,9.39,13.15,Wood,
FC-100CF,FC Oil & Wax #100 Cherry,0.5,0.562,0.188,,,24.17,Wood,
100CL,Clear Lacquer #100 Cherry,0.5,0.562,0.188,8.33,12.16,17.02,Wood,
FC-100CL,FC Clear Lacquer #100 Cherry,0.5,0.562,0.188,,,25.54,Wood,
100CG,Aged #100 Cherry,0.5,0.562,0.188,8.33,12.16,17.02,Wood,
FC-100CG,FC Aged #100 Cherry,0.5,0.562,0.188,,,25.54,Wood,
100CQ,Antique #100 Cherry,0.5,0.562,0.188,8.33,12.16,17.02,Wood,
FC-100CQ,FC Antique #100 Cherry,0.5,0.562,0.188,,,25.54,Wood,
100CD,Black Cherry #100 Cherry,0.5,0.562,0.188,8.33,12.16,17.02,Wood,
FC-100CD,FC Black Cherry #100 Cherry,0.5,0.562,0.188,,,26.23,Wood,
100MR,Raw #100 Maple,0.5,0.562,0.188,3.19,4.4,7.04,Wood,
FC-100MR,FC Raw #100 Maple,0.5,0.562,0.188,,,23.65,Wood,
100MF,Oil & Wax #100 Maple,0.5,0.562,0.188,6.45,8.9,12.46,Wood,
FC-100MF,FC Oil & Wax #100 Maple,0.5,0.562,0.188,,,24.34,Wood,
100ML,Clear Lacquer #100 Maple,0.5,0.562,0.188,6.72,9.27,12.98,Wood,
FC-100ML,FC Clear Lacquer #100 Maple,0.5,0.562,0.188,,,24.34,Wood,
100MW,WhiteWash #100 Maple,0.5,0.562,0.188,7.78,10.74,15.04,Wood,
FC-100MW,FC WhiteWash #100 Maple,0.5,0.562,0.188,,,25.03,Wood,
100MT,White #100 Maple,0.5,0.562,0.188,6.99,9.65,13.51,Wood,
FC-100MT,FC White #100 Maple,0.5,0.562,0.188,,,25.71,Wood,
100MK,Satin Black #100 Maple,0.5,0.562,0.188,6.99,9.65,13.51,Wood,
FC-100MK,FC Satin Black #100 Maple,0.5,0.562,0.188,,,25.71,Wood,
100MA,Warm White #100 Maple,0.5,0.562,0.188,6.99,9.65,13.51,Wood,
FC-100MA,FC Warm White #100 Maple,0.5,0.562,0.188,,,25.71,Wood,
100MI,Rising White #100 Maple,0.5,0.562,0.188,6.99,9.65,13.51,Wood,
FC-100MI,FC Rising White #100 Maple,0.5,0.562,0.188,,,25.71,Wood,
100M1,Light Grey #100 Maple,0.5,0.562,0.188,6.99,9.65,13.51,Wood,
FC-100M1,FC Light Grey #100 Maple,0.5,0.562,0.188,,,25.71,Wood,
100M2,Medium Grey #100 Maple,0.5,0.562,0.188,6.99,9.65,13.51,Wood,
FC-100M2,FC Medium Grey #100 Maple,0.5,0.562,0.188,,,25.71,Wood,
100M3,Dark Grey #100 Maple,0.5,0.562,0.188,6.99,9.65,13.51,Wood,
FC-100M3,FC Dark Grey #100 Maple,0.5,0.562,0.188,,,25.71,Wood,
100M9,Wheat #100 Maple,0.5,0.562,0.188,7.78,10.74,15.04,Wood,
FC-100M9,FC Wheat #100 Maple,0.5,0.562,0.188,,,25.71,Wood,
100OR,Raw #100 Oak,0.5,0.562,0.188,2.44,3.37,5.39,Wood,
FC-100OR,FC Raw #100 Oak,0.5,0.562,0.188,,,22.62,Wood,
100OF,Oil & Wax #100 Oak,0.5,0.562,0.188,5.7,7.87,11.02,Wood,
FC-100OF,FC Oil & Wax #100 Oak,0.5,0.562,0.188,,,23.31,Wood,
100OL,Clear Lacquer #100 Oak,0.5,0.562,0.188,5.97,8.24,11.54,Wood,
FC-100OL,FC Clear Lacquer #100 Oak,0.5,0.562,0.188,,,23.31,Wood,
100WR,Raw #100 Walnut,0.5,0.562,0.188,5.3,7.74,12.38,Wood,
FC-100WR,FC Raw #100 Walnut,0.5,0.562,0.188,,,26.99,Wood,
100WF,Oil & Wax #100 Walnut,0.5,0.562,0.188,9.89,14.44,20.22,Wood,
FC-100WF,FC Oil & Wax #100 Walnut,0.5,0.562,0.188,,,27.68,Wood,
100WP,Padauk #100 Walnut,0.5,0.562,0.188,10.73,15.67,21.94,Wood,
FC-100WP,FC Padauk #100 Walnut,0.5,0.562,0.188,,,28.37,Wood,
100WB,Special Dark #100 Walnut,0.5,0.562,0.188,10.73,15.67,21.94,Wood,
FC-100WB,FC Special Dark #100 Walnut,0.5,0.562,0.188,,,28.37,Wood,
100WE,Ebony #100 Walnut,0.5,0.562,0.188,9.89,14.44,20.22,Wood,
FC-100WE,FC Ebony #100 Walnut,0.5,0.562,0.188,,,28.37,Wood,
100WK,Satin Black #100 Walnut,0.5,0.562,0.188,9.1,13.29,18.61,Wood,
FC-100WK,FC Satin Black #100 Walnut,0.5,0.562,0.188,,,27.68,Wood,
100W1,Light Grey #100 Walnut,0.5,0.562,0.188,9.1,13.29,18.61,Wood,
FC-100W1,FC Light Grey #100 Walnut,0.5,0.562,0.188,,,27.68,Wood,
100W2,Medium Grey #100 Walnut,0.5,0.562,0.188,9.1,13.29,18.61,Wood,
FC-100W2,FC Medium Grey #100 Walnut,0.5,0.562,0.188,,,27.68,Wood,
100W3,Dark Grey #100 Walnut,0.5,0.562,0.188,9.1,13.29,18.61,Wood,
FC-100W3,FC Dark Grey #100 Walnut,0.5,0.562,0.188,,,27.68,Wood,
100VR,Raw #100 White Oak,0.5,0.562,0.188,4.71,7.77,12.43,Wood,
FC-100VR,FC Raw #100 White Oak,0.5,0.562,0.188,,,28.4,Wood,
100VF,Oil & Wax #100 White Oak,0.5,0.562,0.188,7.97,13.15,18.41,Wood,
FC-100VF,FC Oil & Wax #100 White Oak,0.5,0.562,0.188,,,29.08,Wood,
100VL,Clear Lacquer #100 White Oak,0.5,0.562,0.188,8.51,14.04,19.66,Wood,
FC-100VL,FC Clear Lacquer #100 White Oak,0.5,0.562,0.188,,,29.08,Wood,
100VC,Charcoal #100 White Oak,0.5,0.562,0.188,10.14,16.73,23.42,Wood,
FC-100VC,FC Charcoal #100 White Oak,0.5,0.562,0.188,,,29.77,Wood,
100VM,Mission #100 White Oak,0.5,0.562,0.188,10.14,16.73,23.42,Wood,
FC-100VM,FC Mission #100 White Oak,0.5,0.562,0.188,,,29.77,Wood,
100V7,Bleached #100 White Oak,0.5,0.562,0.188,10.14,16.73,23.42,Wood,
FC-100V7,FC Bleached #100 White Oak,0.5,0.562,0.188,,,29.77,Wood,
104AR,Raw #104 Ash,0.75,0.75,0.25,3.22,4.57,7.31,Wood,
FC-104AR,FC Raw #104 Ash,0.75,0.75,0.25,,,23.82,Wood,
104AF,Oil & Wax #104 Ash,0.75,0.75,0.25,6.48,9.2,12.88,Wood,
FC-104AF,FC Oil & Wax #104 Ash,0.75,0.75,0.25,,,24.51,Wood,
104AL,Clear Lacquer #104 Ash,0.75,0.75,0.25,7.02,9.97,13.96,Wood,
FC-104AL,FC Clear Lacquer #104 Ash,0.75,0.75,0.25,,,24.51,Wood,
104AW,WhiteWash #104 Ash,0.75,0.75,0.25,8.92,12.67,17.74,Wood,
FC-104AW,FC WhiteWash #104 Ash,0.75,0.75,0.25,,,25.2,Wood,
104AT,White #104 Ash,0.75,0.75,0.25,8.92,12.67,17.74,Wood,
FC-104AT,FC White #104 Ash,0.75,0.75,0.25,,,26.57,Wood,
104AK,Satin Black #104 Ash,0.75,0.75,0.25,8.92,12.67,17.74,Wood,
FC-104AK,FC Satin Black #104 Ash,0.75,0.75,0.25,,,26.57,Wood,
104AA,Warm White #104 Ash,0.75,0.75,0.25,8.92,12.67,17.74,Wood,
FC-104AA,FC Warm White #104 Ash,0.75,0.75,0.25,,,26.57,Wood,
104AC,Charcoal #104 Ash,0.75,0.75,0.25,8.92,12.67,17.74,Wood,
FC-104AC,FC Charcoal #104 Ash,0.75,0.75,0.25,,,26.57,Wood,
104AI,Rising White #104 Ash,0.75,0.75,0.25,8.92,12.67,17.74,Wood,
FC-104AI,FC Rising White #104 Ash,0.75,0.75,0.25,,,26.57,Wood,
104A1,Light Grey #104 Ash,0.75,0.75,0.25,8.92,12.67,17.74,Wood,
FC-104A1,FC Light Grey #104 Ash,0.75,0.75,0.25,,,26.57,Wood,
104A2,Medium Grey #104 Ash,0.75,0.75,0.25,8.92,12.67,17.74,Wood,
FC-104A2,FC Medium Grey #104 Ash,0.75,0.75,0.25,,,26.57,Wood,
104A3,Dark Grey #104 Ash,0.75,0.75,0.25,8.92,12.67,17.74,Wood,
FC-104A3,FC Dark Grey #104 Ash,0.75,0.75,0.25,,,26.57,Wood,
104CR,Raw #104 Cherry,0.75,0.75,0.25,3.43,5.01,8.02,Wood,
FC-104CR,FC Raw #104 Cherry,0.75,0.75,0.25,,,24.26,Wood,
104CF,Oil & Wax #104 Cherry,0.75,0.75,0.25,6.96,10.16,14.22,Wood,
FC-104CF,FC Oil & Wax #104 Cherry,0.75,0.75,0.25,,,24.95,Wood,
104CL,Clear Lacquer #104 Cherry,0.75,0.75,0.25,8.86,12.94,18.12,Wood,
FC-104CL,FC Clear Lacquer #104 Cherry,0.75,0.75,0.25,,,26.32,Wood,
104CG,Aged #104 Cherry,0.75,0.75,0.25,8.86,12.94,18.12,Wood,
FC-104CG,FC Aged #104 Cherry,0.75,0.75,0.25,,,26.32,Wood,
104CQ,Antique #104 Cherry,0.75,0.75,0.25,8.86,12.94,18.12,Wood,
FC-104CQ,FC Antique #104 Cherry,0.75,0.75,0.25,,,26.32,Wood,
104CD,Black Cherry #104 Cherry,0.75,0.75,0.25,8.86,12.94,18.12,Wood,
FC-104CD,FC Black Cherry #104 Cherry,0.75,0.75,0.25,,,27.01,Wood,
104MR,Raw #104 Maple,0.75,0.75,0.25,3.83,5.29,8.46,Wood,
FC-104MR,FC Raw #104 Maple,0.75,0.75,0.25,,,24.54,Wood,
104MF,Oil & Wax #104 Maple,0.75,0.75,0.25,7.09,9.78,13.69,Wood,
FC-104MF,FC Oil & Wax #104 Maple,0.75,0.75,0.25,,,25.23,Wood,
104ML,Clear Lacquer #104 Maple,0.75,0.75,0.25,7.36,10.16,14.22,Wood,
FC-104ML,FC Clear Lacquer #104 Maple,0.75,0.75,0.25,,,25.23,Wood,
104MW,WhiteWash #104 Maple,0.75,0.75,0.25,8.42,11.62,16.27,Wood,
FC-104MW,FC WhiteWash #104 Maple,0.75,0.75,0.25,,,25.92,Wood,
104MT,White #104 Maple,0.75,0.75,0.25,7.63,10.53,14.74,Wood,
FC-104MT,FC White #104 Maple,0.75,0.75,0.25,,,26.6,Wood,
104MK,Satin Black #104 Maple,0.75,0.75,0.25,7.63,10.53,14.74,Wood,
FC-104MK,FC Satin Black #104 Maple,0.75,0.75,0.25,,,26.6,Wood,
104MA,Warm White #104 Maple,0.75,0.75,0.25,7.63,10.53,14.74,Wood,
FC-104MA,FC Warm White #104 Maple,0.75,0.75,0.25,,,26.6,Wood,
104MI,Rising White #104 Maple,0.75,0.75,0.25,7.63,10.53,14.74,Wood,
FC-104MI,FC Rising White #104 Maple,0.75,0.75,0.25,,,26.6,Wood,
104M1,Light Grey #104 Maple,0.75,0.75,0.25,7.63,10.53,14.74,Wood,
FC-104M1,FC Light Grey #104 Maple,0.75,0.75,0.25,,,26.6,Wood,
104M2,Medium Grey #104 Maple,0.75,0.75,0.25,7.63,10.53,14.74,Wood,
FC-104M2,FC Medium Grey #104 Maple,0.75,0.75,0.25,,,26.6,Wood,
104M3,Dark Grey #104 Maple,0.75,0.75,0.25,7.63,10.53,14.74,Wood,
FC-104M3,FC Dark Grey #104 Maple,0.75,0.75,0.25,,,26.6,Wood,
104M9,Wheat #104 Maple,0.75,0.75,0.25,8.42,11.62,16.27,Wood,
FC-104M9,FC Wheat #104 Maple,0.75,0.75,0.25,,,26.6,Wood,
104OR,Raw #104 Oak,0.75,0.75,0.25,2.96,4.08,6.53,Wood,
FC-104OR,FC Raw #104 Oak,0.75,0.75,0.25,,,23.33,Wood,
104OF,Oil & Wax #104 Oak,0.75,0.75,0.25,6.22,8.58,12.01,Wood,
FC-104OF,FC Oil & Wax #104 Oak,0.75,0.75,0.25,,,24.02,Wood,
104OL,Clear Lacquer #104 Oak,0.75,0.75,0.25,6.49,8.96,12.54,Wood,
FC-104OL,FC Clear Lacquer #104 Oak,0.75,0.75,0.25,,,24.02,Wood,
104WR,Raw #104 Walnut,0.75,0.75,0.25,6.74,9.84,15.74,Wood,
FC-104WR,FC Raw #104 Walnut,0.75,0.75,0.25,,,29.09,Wood,
104WF,Oil & Wax #104 Walnut,0.75,0.75,0.25,11.33,16.54,23.16,Wood,
FC-104WF,FC Oil & Wax #104 Walnut,0.75,0.75,0.25,,,29.78,Wood,
104WP,Padauk #104 Walnut,0.75,0.75,0.25,12.17,17.77,24.88,Wood,
FC-104WP,FC Padauk #104 Walnut,0.75,0.75,0.25,,,30.47,Wood,
104WB,Special Dark #104 Walnut,0.75,0.75,0.25,12.17,17.77,24.88,Wood,
FC-104WB,FC Special Dark #104 Walnut,0.75,0.75,0.25,,,30.47,Wood,
104WE,Ebony #104 Walnut,0.75,0.75,0.25,11.33,16.54,23.16,Wood,
FC-104WE,FC Ebony #104 Walnut,0.75,0.75,0.25,,,30.47,Wood,
104WK,Satin Black #104 Walnut,0.75,0.75,0.25,10.54,15.39,21.55,Wood,
FC-104WK,FC Satin Black #104 Walnut,0.75,0.75,0.25,,,29.78,Wood,
104W1,Light Grey #104 Walnut,0.75,0.75,0.25,10.54,15.39,21.55,Wood,
FC-104W1,FC Light Grey #104 Walnut,0.75,0.75,0.25,,,29.78,Wood,
104W2,Medium Grey #104 Walnut,0.75,0.75,0.25,10.54,15.39,21.55,Wood,
FC-104W2,FC Medium Grey #104 Walnut,0.75,0.75,0.25,,,29.78,Wood,
104W3,Dark Grey #104 Walnut,0.75,0.75,0.25,10.54,15.39,21.55,Wood,
FC-104W3,FC Dark Grey #104 Walnut,0.75,0.75,0.25,,,29.78,Wood,
104VR,Raw #104 White Oak,0.75,0.75,0.25,5.08,8.38,13.41,Wood,
FC-104VR,FC Raw #104 White Oak,0.75,0.75,0.25,,,29.01,Wood,
104VF,Oil & Wax #104 White Oak,0.75,0.75,0.25,8.34,13.76,19.26,Wood,
FC-104VF,FC Oil & Wax #104 White Oak,0.75,0.75,0.25,,,29.69,Wood,
104VL,Clear Lacquer #104 White Oak,0.75,0.75,0.25,8.88,14.65,20.51,Wood,
FC-104VL,FC Clear Lacquer #104 White Oak,0.75,0.75,0.25,,,29.69,Wood,
104VC,Charcoal #104 White Oak,0.75,0.75,0.25,10.51,17.34,24.28,Wood,
FC-104VC,FC Charcoal #104 White Oak,0.75,0.75,0.25,,,30.38,Wood,
104VM,Mission #104 White Oak,0.75,0.75,0.25,10.51,17.34,24.28,Wood,
FC-104VM,FC Mission #104 White Oak,0.75,0.75,0.25,,,30.38,Wood,
104V7,Bleached #104 White Oak,0.75,0.75,0.25,10.51,17.34,24.28,Wood,
FC-104V7,FC Bleached #104 White Oak,0.75,0.75,0.25,,,30.38,Wood,
110AR,Raw #110 Ash,0.5,0.812,0.188,3,4.26,6.82,Wood,
FC-110AR,FC Raw #110 Ash,0.5,0.812,0.188,,,23.51,Wood,
110AF,Oil & Wax #110 Ash,0.5,0.812,0.188,6.26,8.89,12.45,Wood,
FC-110AF,FC Oil & Wax #110 Ash,0.5,0.812,0.188,,,24.2,Wood,
110AL,Clear Lacquer #110 Ash,0.5,0.812,0.188,6.8,9.66,13.52,Wood,
FC-110AL,FC Clear Lacquer #110 Ash,0.5,0.812,0.188,,,24.2,Wood,
110AW,WhiteWash #110 Ash,0.5,0.812,0.188,8.7,12.35,17.29,Wood,
FC-110AW,FC WhiteWash #110 Ash,0.5,0.812,0.188,,,24.89,Wood,
110AT,White #110 Ash,0.5,0.812,0.188,8.7,12.35,17.29,Wood,
FC-110AT,FC White #110 Ash,0.5,0.812,0.188,,,26.26,Wood,
110AK,Satin Black #110 Ash,0.5,0.812,0.188,8.7,12.35,17.29,Wood,
FC-110AK,FC Satin Black #110 Ash,0.5,0.812,0.188,,,26.26,Wood,
110AA,Warm White #110 Ash,0.5,0.812,0.188,8.7,12.35,17.29,Wood,
FC-110AA,FC Warm White #110 Ash,0.5,0.812,0.188,,,26.26,Wood,
110AC,Charcoal #110 Ash,0.5,0.812,0.188,8.7,12.35,17.29,Wood,
FC-110AC,FC Charcoal #110 Ash,0.5,0.812,0.188,,,26.26,Wood,
110AI,Rising White #110 Ash,0.5,0.812,0.188,8.7,12.35,17.29,Wood,
FC-110AI,FC Rising White #110 Ash,0.5,0.812,0.188,,,26.26,Wood,
110A1,Light Grey #110 Ash,0.5,0.812,0.188,8.7,12.35,17.29,Wood,
FC-110A1,FC Light Grey #110 Ash,0.5,0.812,0.188,,,26.26,Wood,
110A2,Medium Grey #110 Ash,0.5,0.812,0.188,8.7,12.35,17.29,Wood,
FC-110A2,FC Medium Grey #110 Ash,0.5,0.812,0.188,,,26.26,Wood,
110A3,Dark Grey #110 Ash,0.5,0.812,0.188,8.7,12.35,17.29,Wood,
FC-110A3,FC Dark Grey #110 Ash,0.5,0.812,0.188,,,26.26,Wood,
110CR,Raw #110 Cherry,0.5,0.812,0.188,3.23,4.72,7.55,Wood,
FC-110CR,FC Raw #110 Cherry,0.5,0.812,0.188,,,23.97,Wood,
110CF,Oil & Wax #110 Cherry,0.5,0.812,0.188,6.76,9.87,13.82,Wood,
FC-110CF,FC Oil & Wax #110 Cherry,0.5,0.812,0.188,,,24.66,Wood,
110CL,Clear Lacquer #110 Cherry,0.5,0.812,0.188,8.66,12.64,17.7,Wood,
FC-110CL,FC Clear Lacquer #110 Cherry,0.5,0.812,0.188,,,26.03,Wood,
110CG,Aged #110 Cherry,0.5,0.812,0.188,8.66,12.64,17.7,Wood,
FC-110CG,FC Aged #110 Cherry,0.5,0.812,0.188,,,26.03,Wood,
110CQ,Antique #110 Cherry,0.5,0.812,0.188,8.66,12.64,17.7,Wood,
FC-110CQ,FC Antique #110 Cherry,0.5,0.812,0.188,,,26.03,Wood,
110CD,Black Cherry #110 Cherry,0.5,0.812,0.188,8.66,12.64,17.7,Wood,
FC-110CD,FC Black Cherry #110 Cherry,0.5,0.812,0.188,,,26.72,Wood,
110MR,Raw #110 Maple,0.5,0.812,0.188,3.55,4.9,7.84,Wood,
FC-110MR,FC Raw #110 Maple,0.5,0.812,0.188,,,24.15,Wood,
110MF,Oil & Wax #110 Maple,0.5,0.812,0.188,6.81,9.4,13.16,Wood,
FC-110MF,FC Oil & Wax #110 Maple,0.5,0.812,0.188,,,24.84,Wood,
110ML,Clear Lacquer #110 Maple,0.5,0.812,0.188,7.08,9.77,13.68,Wood,
FC-110ML,FC Clear Lacquer #110 Maple,0.5,0.812,0.188,,,24.84,Wood,
110MW,WhiteWash #110 Maple,0.5,0.812,0.188,8.14,11.23,15.72,Wood,
FC-110MW,FC WhiteWash #110 Maple,0.5,0.812,0.188,,,25.53,Wood,
110MT,White #110 Maple,0.5,0.812,0.188,7.35,10.14,14.2,Wood,
FC-110MT,FC White #110 Maple,0.5,0.812,0.188,,,26.21,Wood,
110MK,Satin Black #110 Maple,0.5,0.812,0.188,7.35,10.14,14.2,Wood,
FC-110MK,FC Satin Black #110 Maple,0.5,0.812,0.188,,,26.21,Wood,
110MA,Warm White #110 Maple,0.5,0.812,0.188,7.35,10.14,14.2,Wood,
FC-110MA,FC Warm White #110 Maple,0.5,0.812,0.188,,,26.21,Wood,
110MI,Rising White #110 Maple,0.5,0.812,0.188,7.35,10.14,14.2,Wood,
FC-110MI,FC Rising White #110 Maple,0.5,0.812,0.188,,,26.21,Wood,
110M1,Light Grey #110 Maple,0.5,0.812,0.188,7.35,10.14,14.2,Wood,
FC-110M1,FC Light Grey #110 Maple,0.5,0.812,0.188,,,26.21,Wood,
110M2,Medium Grey #110 Maple,0.5,0.812,0.188,7.35,10.14,14.2,Wood,
FC-110M2,FC Medium Grey #110 Maple,0.5,0.812,0.188,,,26.21,Wood,
110M3,Dark Grey #110 Maple,0.5,0.812,0.188,7.35,10.14,14.2,Wood,
FC-110M3,FC Dark Grey #110 Maple,0.5,0.812,0.188,,,26.21,Wood,
110M9,Wheat #110 Maple,0.5,0.812,0.188,8.14,11.23,15.72,Wood,
FC-110M9,FC Wheat #110 Maple,0.5,0.812,0.188,,,26.21,Wood,
110WR,Raw #110 Walnut,0.5,0.812,0.188,6.38,9.31,14.9,Wood,
FC-110WR,FC Raw #110 Walnut,0.5,0.812,0.188,,,28.56,Wood,
110WF,Oil & Wax #110 Walnut,0.5,0.812,0.188,10.97,16.02,22.43,Wood,
FC-110WF,FC Oil & Wax #110 Walnut,0.5,0.812,0.188,,,29.25,Wood,
110WP,Padauk #110 Walnut,0.5,0.812,0.188,11.81,17.24,24.14,Wood,
FC-110WP,FC Padauk #110 Walnut,0.5,0.812,0.188,,,29.94,Wood,
110WB,Special Dark #110 Walnut,0.5,0.812,0.188,11.81,17.24,24.14,Wood,
FC-110WB,FC Special Dark #110 Walnut,0.5,0.812,0.188,,,29.94,Wood,
110WE,Ebony #110 Walnut,0.5,0.812,0.188,10.97,16.02,22.43,Wood,
FC-110WE,FC Ebony #110 Walnut,0.5,0.812,0.188,,,29.94,Wood,
110WK,Satin Black #110 Walnut,0.5,0.812,0.188,10.18,14.86,20.8,Wood,
FC-110WK,FC Satin Black #110 Walnut,0.5,0.812,0.188,,,29.25,Wood,
110W1,Light Grey #110 Walnut,0.5,0.812,0.188,10.18,14.86,20.8,Wood,
FC-110W1,FC Light Grey #110 Walnut,0.5,0.812,0.188,,,29.25,Wood,
110W2,Medium Grey #110 Walnut,0.5,0.812,0.188,10.18,14.86,20.8,Wood,
FC-110W2,FC Medium Grey #110 Walnut,0.5,0.812,0.188,,,29.25,Wood,
110W3,Dark Grey #110 Walnut,0.5,0.812,0.188,10.18,14.86,20.8,Wood,
FC-110W3,FC Dark Grey #110 Walnut,0.5,0.812,0.188,,,29.25,Wood,
110VR,Raw #110 White Oak,0.5,0.812,0.188,5.08,8.38,13.41,Wood,
FC-110VR,FC Raw #110 White Oak,0.5,0.812,0.188,,,29.01,Wood,
110VF,Oil & Wax #110 White Oak,0.5,0.812,0.188,8.34,13.76,19.26,Wood,
FC-110VF,FC Oil & Wax #110 White Oak,0.5,0.812,0.188,,,29.69,Wood,
110VL,Clear Lacquer #110 White Oak,0.5,0.812,0.188,8.88,14.65,20.51,Wood,
FC-110VL,FC Clear Lacquer #110 White Oak,0.5,0.812,0.188,,,29.69,Wood,
110VC,Charcoal #110 White Oak,0.5,0.812,0.188,10.51,17.34,24.28,Wood,
FC-110VC,FC Charcoal #110 White Oak,0.5,0.812,0.188,,,30.38,Wood,
110VM,Mission #110 White Oak,0.5,0.812,0.188,10.51,17.34,24.28,Wood,
FC-110VM,FC Mission #110 White Oak,0.5,0.812,0.188,,,30.38,Wood,
110V7,Bleached #110 White Oak,0.5,0.812,0.188,10.51,17.34,24.28,Wood,
FC-110V7,FC Bleached #110 White Oak,0.5,0.812,0.188,,,30.38,Wood,
120AR,Raw #120 Ash,0.5,1.062,0.188,3.37,4.79,7.66,Wood,
FC-120AR,FC Raw #120 Ash,0.5,1.062,0.188,,,24.04,Wood,
120AF,Oil & Wax #120 Ash,0.5,1.062,0.188,6.63,9.41,13.17,Wood,
FC-120AF,FC Oil & Wax #120 Ash,0.5,1.062,0.188,,,24.73,Wood,
120AL,Clear Lacquer #120 Ash,0.5,1.062,0.188,7.17,10.18,14.25,Wood,
FC-120AL,FC Clear Lacquer #120 Ash,0.5,1.062,0.188,,,24.73,Wood,
120AW,WhiteWash #120 Ash,0.5,1.062,0.188,9.07,12.88,18.03,Wood,
FC-120AW,FC WhiteWash #120 Ash,0.5,1.062,0.188,,,25.42,Wood,
120AT,White #120 Ash,0.5,1.062,0.188,9.07,12.88,18.03,Wood,
FC-120AT,FC White #120 Ash,0.5,1.062,0.188,,,26.79,Wood,
120AK,Satin Black #120 Ash,0.5,1.062,0.188,9.07,12.88,18.03,Wood,
FC-120AK,FC Satin Black #120 Ash,0.5,1.062,0.188,,,26.79,Wood,
120AA,Warm White #120 Ash,0.5,1.062,0.188,9.07,12.88,18.03,Wood,
FC-120AA,FC Warm White #120 Ash,0.5,1.062,0.188,,,26.79,Wood,
120AC,Charcoal #120 Ash,0.5,1.062,0.188,9.07,12.88,18.03,Wood,
FC-120AC,FC Charcoal #120 Ash,0.5,1.062,0.188,,,26.79,Wood,
120AI,Rising White #120 Ash,0.5,1.062,0.188,9.07,12.88,18.03,Wood,
FC-120AI,FC Rising White #120 Ash,0.5,1.062,0.188,,,26.79,Wood,
120A1,Light Grey #120 Ash,0.5,1.062,0.188,9.07,12.88,18.03,Wood,
FC-120A1,FC Light Grey #120 Ash,0.5,1.062,0.188,,,26.79,Wood,
120A2,Medium Grey #120 Ash,0.5,1.062,0.188,9.07,12.88,18.03,Wood,
FC-120A2,FC Medium Grey #120 Ash,0.5,1.062,0.188,,,26.79,Wood,
120A3,Dark Grey #120 Ash,0.5,1.062,0.188,9.07,12.88,18.03,Wood,
FC-120A3,FC Dark Grey #120 Ash,0.5,1.062,0.188,,,26.79,Wood,
120CR,Raw #120 Cherry,0.5,1.062,0.188,3.61,5.27,8.43,Wood,
FC-120CR,FC Raw #120 Cherry,0.5,1.062,0.188,,,24.52,Wood,
120CF,Oil & Wax #120 Cherry,0.5,1.062,0.188,7.14,10.42,14.59,Wood,
FC-120CF,FC Oil & Wax #120 Cherry,0.5,1.062,0.188,,,25.21,Wood,
120CL,Clear Lacquer #120 Cherry,0.5,1.062,0.188,9.04,13.2,18.48,Wood,
FC-120CL,FC Clear Lacquer #120 Cherry,0.5,1.062,0.188,,,26.58,Wood,
120CG,Aged #120 Cherry,0.5,1.062,0.188,9.04,13.2,18.48,Wood,
FC-120CG,FC Aged #120 Cherry,0.5,1.062,0.188,,,26.58,Wood,
120CQ,Antique #120 Cherry,0.5,1.062,0.188,9.04,13.2,18.48,Wood,
FC-120CQ,FC Antique #120 Cherry,0.5,1.062,0.188,,,26.58,Wood,
120CD,Black Cherry #120 Cherry,0.5,1.062,0.188,9.04,13.2,18.48,Wood,
FC-120CD,FC Black Cherry #120 Cherry,0.5,1.062,0.188,,,27.27,Wood,
120MR,Raw #120 Maple,0.5,1.062,0.188,4.11,5.67,9.07,Wood,
FC-120MR,FC Raw #120 Maple,0.5,1.062,0.188,,,24.92,Wood,
120MF,Oil & Wax #120 Maple,0.5,1.062,0.188,7.37,10.17,14.24,Wood,
FC-120MF,FC Oil & Wax #120 Maple,0.5,1.062,0.188,,,25.61,Wood,
120ML,Clear Lacquer #120 Maple,0.5,1.062,0.188,7.64,10.54,14.76,Wood,
FC-120ML,FC Clear Lacquer #120 Maple,0.5,1.062,0.188,,,25.61,Wood,
120MW,WhiteWash #120 Maple,0.5,1.062,0.188,8.7,12.01,16.81,Wood,
FC-120MW,FC WhiteWash #120 Maple,0.5,1.062,0.188,,,26.3,Wood,
120MT,White #120 Maple,0.5,1.062,0.188,7.91,10.92,15.29,Wood,
FC-120MT,FC White #120 Maple,0.5,1.062,0.188,,,26.98,Wood,
120MK,Satin Black #120 Maple,0.5,1.062,0.188,7.91,10.92,15.29,Wood,
FC-120MK,FC Satin Black #120 Maple,0.5,1.062,0.188,,,26.98,Wood,
120MA,Warm White #120 Maple,0.5,1.062,0.188,7.91,10.92,15.29,Wood,
FC-120MA,FC Warm White #120 Maple,0.5,1.062,0.188,,,26.98,Wood,
120MI,Rising White #120 Maple,0.5,1.062,0.188,7.91,10.92,15.29,Wood,
FC-120MI,FC Rising White #120 Maple,0.5,1.062,0.188,,,26.98,Wood,
120M1,Light Grey #120 Maple,0.5,1.062,0.188,7.91,10.92,15.29,Wood,
FC-120M1,FC Light Grey #120 Maple,0.5,1.062,0.188,,,26.98,Wood,
120M2,Medium Grey #120 Maple,0.5,1.062,0.188,7.91,10.92,15.29,Wood,
FC-120M2,FC Medium Grey #120 Maple,0.5,1.062,0.188,,,26.98,Wood,
120M3,Dark Grey #120 Maple,0.5,1.062,0.188,7.91,10.92,15.29,Wood,
FC-120M3,FC Dark Grey #120 Maple,0.5,1.062,0.188,,,26.98,Wood,
120M9,Wheat #120 Maple,0.5,1.062,0.188,8.7,12.01,16.81,Wood,
FC-120M9,FC Wheat #120 Maple,0.5,1.062,0.188,,,26.98,Wood,
120OR,Raw #120 Oak,0.5,1.062,0.188,3.13,4.32,6.91,Wood,
FC-120OR,FC Raw #120 Oak,0.5,1.062,0.188,,,23.57,Wood,
120OF,Oil & Wax #120 Oak,0.5,1.062,0.188,6.39,8.82,12.35,Wood,
FC-120OF,FC Oil & Wax #120 Oak,0.5,1.062,0.188,,,24.26,Wood,
120OL,Clear Lacquer #120 Oak,0.5,1.062,0.188,6.66,9.19,12.87,Wood,
FC-120OL,FC Clear Lacquer #120 Oak,0.5,1.062,0.188,,,24.26,Wood,
120WR,Raw #120 Walnut,0.5,1.062,0.188,7.81,11.4,18.24,Wood,
FC-120WR,FC Raw #120 Walnut,0.5,1.062,0.188,,,30.65,Wood,
120WF,Oil & Wax #120 Walnut,0.5,1.062,0.188,12.4,18.1,25.34,Wood,
FC-120WF,FC Oil & Wax #120 Walnut,0.5,1.062,0.188,,,31.34,Wood,
120WP,Padauk #120 Walnut,0.5,1.062,0.188,13.24,19.33,27.06,Wood,
FC-120WP,FC Padauk #120 Walnut,0.5,1.062,0.188,,,32.03,Wood,
120WB,Special Dark #120 Walnut,0.5,1.062,0.188,13.24,19.33,27.06,Wood,
FC-120WB,FC Special Dark #120 Walnut,0.5,1.062,0.188,,,32.03,Wood,
120WE,Ebony #120 Walnut,0.5,1.062,0.188,12.4,18.1,25.34,Wood,
FC-120WE,FC Ebony #120 Walnut,0.5,1.062,0.188,,,32.03,Wood,
120WK,Satin Black #120 Walnut,0.5,1.062,0.188,11.61,16.95,23.73,Wood,
FC-120WK,FC Satin Black #120 Walnut,0.5,1.062,0.188,,,31.34,Wood,
120W1,Light Grey #120 Walnut,0.5,1.062,0.188,11.61,16.95,23.73,Wood,
FC-120W1,FC Light Grey #120 Walnut,0.5,1.062,0.188,,,31.34,Wood,
120W2,Medium Grey #120 Walnut,0.5,1.062,0.188,11.61,16.95,23.73,Wood,
FC-120W2,FC Medium Grey #120 Walnut,0.5,1.062,0.188,,,31.34,Wood,
120W3,Dark Grey #120 Walnut,0.5,1.062,0.188,11.61,16.95,23.73,Wood,
FC-120W3,FC Dark Grey #120 Walnut,0.5,1.062,0.188,,,31.34,Wood,
120VR,Raw #120 White Oak,0.5,1.062,0.188,5.44,8.98,14.37,Wood,
FC-120VR,FC Raw #120 White Oak,0.5,1.062,0.188,,,29.61,Wood,
120VF,Oil & Wax #120 White Oak,0.5,1.062,0.188,8.7,14.35,20.09,Wood,
FC-120VF,FC Oil & Wax #120 White Oak,0.5,1.062,0.188,,,30.29,Wood,
120VL,Clear Lacquer #120 White Oak,0.5,1.062,0.188,9.24,15.25,21.35,Wood,
FC-120VL,FC Clear Lacquer #120 White Oak,0.5,1.062,0.188,,,30.29,Wood,
120VC,Charcoal #120 White Oak,0.5,1.062,0.188,10.87,17.94,25.12,Wood,
FC-120VC,FC Charcoal #120 White Oak,0.5,1.062,0.188,,,30.98,Wood,
120VM,Mission #120 White Oak,0.5,1.062,0.188,10.87,17.94,25.12,Wood,
FC-120VM,FC Mission #120 White Oak,0.5,1.062,0.188,,,30.98,Wood,
120V7,Bleached #120 White Oak,0.5,1.062,0.188,10.87,17.94,25.12,Wood,
FC-120V7,FC Bleached #120 White Oak,0.5,1.062,0.188,,,30.98,Wood,
122AR,Raw #122 Ash,0.625,1.062,0.25,3.37,4.79,7.66,Wood,
FC-122AR,FC Raw #122 Ash,0.625,1.062,0.25,,,24.04,Wood,
122AF,Oil & Wax #122 Ash,0.625,1.062,0.25,6.63,9.41,13.17,Wood,
FC-122AF,FC Oil & Wax #122 Ash,0.625,1.062,0.25,,,24.73,Wood,
122AL,Clear Lacquer #122 Ash,0.625,1.062,0.25,7.17,10.18,14.25,Wood,
FC-122AL,FC Clear Lacquer #122 Ash,0.625,1.062,0.25,,,24.73,Wood,
122AW,WhiteWash #122 Ash,0.625,1.062,0.25,9.07,12.88,18.03,Wood,
FC-122AW,FC WhiteWash #122 Ash,0.625,1.062,0.25,,,25.42,Wood,
122AT,White #122 Ash,0.625,1.062,0.25,9.07,12.88,18.03,Wood,
FC-122AT,FC White #122 Ash,0.625,1.062,0.25,,,26.79,Wood,
122AK,Satin Black #122 Ash,0.625,1.062,0.25,9.07,12.88,18.03,Wood,
FC-122AK,FC Satin Black #122 Ash,0.625,1.062,0.25,,,26.79,Wood,
122AA,Warm White #122 Ash,0.625,1.062,0.25,9.07,12.88,18.03,Wood,
FC-122AA,FC Warm White #122 Ash,0.625,1.062,0.25,,,26.79,Wood,
122AC,Charcoal #122 Ash,0.625,1.062,0.25,9.07,12.88,18.03,Wood,
FC-122AC,FC Charcoal #122 Ash,0.625,1.062,0.25,,,26.79,Wood,
122AI,Rising White #122 Ash,0.625,1.062,0.25,9.07,12.88,18.03,Wood,
FC-122AI,FC Rising White #122 Ash,0.625,1.062,0.25,,,26.79,Wood,
122A1,Light Grey #122 Ash,0.625,1.062,0.25,9.07,12.88,18.03,Wood,
FC-122A1,FC Light Grey #122 Ash,0.625,1.062,0.25,,,26.79,Wood,
122A2,Medium Grey #122 Ash,0.625,1.062,0.25,9.07,12.88,18.03,Wood,
FC-122A2,FC Medium Grey #122 Ash,0.625,1.062,0.25,,,26.79,Wood,
122A3,Dark Grey #122 Ash,0.625,1.062,0.25,9.07,12.88,18.03,Wood,
FC-122A3,FC Dark Grey #122 Ash,0.625,1.062,0.25,,,26.79,Wood,
122CR,Raw #122 Cherry,0.625,1.062,0.25,3.61,5.27,8.43,Wood,
FC-122CR,FC Raw #122 Cherry,0.625,1.062,0.25,,,24.52,Wood,
122CF,Oil & Wax #122 Cherry,0.625,1.062,0.25,7.14,10.42,14.59,Wood,
FC-122CF,FC Oil & Wax #122 Cherry,0.625,1.062,0.25,,,25.21,Wood,
122CL,Clear Lacquer #122 Cherry,0.625,1.062,0.25,9.04,13.2,18.48,Wood,
FC-122CL,FC Clear Lacquer #122 Cherry,0.625,1.062,0.25,,,26.58,Wood,
122CG,Aged #122 Cherry,0.625,1.062,0.25,9.04,13.2,18.48,Wood,
FC-122CG,FC Aged #122 Cherry,0.625,1.062,0.25,,,26.58,Wood,
122CQ,Antique #122 Cherry,0.625,1.062,0.25,9.04,13.2,18.48,Wood,
FC-122CQ,FC Antique #122 Cherry,0.625,1.062,0.25,,,26.58,Wood,
122CD,Black Cherry #122 Cherry,0.625,1.062,0.25,9.04,13.2,18.48,Wood,
FC-122CD,FC Black Cherry #122 Cherry,0.625,1.062,0.25,,,27.27,Wood,
122MR,Raw #122 Maple,0.625,1.062,0.25,4.11,5.67,9.07,Wood,
FC-122MR,FC Raw #122 Maple,0.625,1.062,0.25,,,24.92,Wood,
122MF,Oil & Wax #122 Maple,0.625,1.062,0.25,7.37,10.17,14.24,Wood,
FC-122MF,FC Oil & Wax #122 Maple,0.625,1.062,0.25,,,25.61,Wood,
122ML,Clear Lacquer #122 Maple,0.625,1.062,0.25,7.64,10.54,14.76,Wood,
FC-122ML,FC Clear Lacquer #122 Maple,0.625,1.062,0.25,,,25.61,Wood,
122MW,WhiteWash #122 Maple,0.625,1.062,0.25,8.7,12.01,16.81,Wood,
FC-122MW,FC WhiteWash #122 Maple,0.625,1.062,0.25,,,26.3,Wood,
122MT,White #122 Maple,0.625,1.062,0.25,7.91,10.92,15.29,Wood,
FC-122MT,FC White #122 Maple,0.625,1.062,0.25,,,26.98,Wood,
122MK,Satin Black #122 Maple,0.625,1.062,0.25,7.91,10.92,15.29,Wood,
FC-122MK,FC Satin Black #122 Maple,0.625,1.062,0.25,,,26.98,Wood,
122MA,Warm White #122 Maple,0.625,1.062,0.25,7.91,10.92,15.29,Wood,
FC-122MA,FC Warm White #122 Maple,0.625,1.062,0.25,,,26.98,Wood,
122MI,Rising White #122 Maple,0.625,1.062,0.25,7.91,10.92,15.29,Wood,
FC-122MI,FC Rising White #122 Maple,0.625,1.062,0.25,,,26.98,Wood,
122M1,Light Grey #122 Maple,0.625,1.062,0.25,7.91,10.92,15.29,Wood,
FC-122M1,FC Light Grey #122 Maple,0.625,1.062,0.25,,,26.98,Wood,
122M2,Medium Grey #122 Maple,0.625,1.062,0.25,7.91,10.92,15.29,Wood,
FC-122M2,FC Medium Grey #122 Maple,0.625,1.062,0.25,,,26.98,Wood,
122M3,Dark Grey #122 Maple,0.625,1.062,0.25,7.91,10.92,15.29,Wood,
FC-122M3,FC Dark Grey #122 Maple,0.625,1.062,0.25,,,26.98,Wood,
122M9,Wheat #122 Maple,0.625,1.062,0.25,8.7,12.01,16.81,Wood,
FC-122M9,FC Wheat #122 Maple,0.625,1.062,0.25,,,26.98,Wood,
122OR,Raw #122 Oak,0.625,1.062,0.25,3.13,4.32,6.91,Wood,
FC-122OR,FC Raw #122 Oak,0.625,1.062,0.25,,,23.57,Wood,
122OF,Oil & Wax #122 Oak,0.625,1.062,0.25,6.39,8.82,12.35,Wood,
FC-122OF,FC Oil & Wax #122 Oak,0.625,1.062,0.25,,,24.26,Wood,
122OL,Clear Lacquer #122 Oak,0.625,1.062,0.25,6.66,9.19,12.87,Wood,
FC-122OL,FC Clear Lacquer #122 Oak,0.625,1.062,0.25,,,24.26,Wood,
122WR,Raw #122 Walnut,0.625,1.062,0.25,7.81,11.4,18.24,Wood,
FC-122WR,FC Raw #122 Walnut,0.625,1.062,0.25,,,30.65,Wood,
122WF,Oil & Wax #122 Walnut,0.625,1.062,0.25,12.4,18.1,25.34,Wood,
FC-122WF,FC Oil & Wax #122 Walnut,0.625,1.062,0.25,,,31.34,Wood,
122WP,Padauk #122 Walnut,0.625,1.062,0.25,13.24,19.33,27.06,Wood,
FC-122WP,FC Padauk #122 Walnut,0.625,1.062,0.25,,,32.03,Wood,
122WB,Special Dark #122 Walnut,0.625,1.062,0.25,13.24,19.33,27.06,Wood,
FC-122WB,FC Special Dark #122 Walnut,0.625,1.062,0.25,,,32.03,Wood,
122WE,Ebony #122 Walnut,0.625,1.062,0.25,12.4,18.1,25.34,Wood,
FC-122WE,FC Ebony #122 Walnut,0.625,1.062,0.25,,,32.03,Wood,
122WK,Satin Black #122 Walnut,0.625,1.062,0.25,11.61,16.95,23.73,Wood,
FC-122WK,FC Satin Black #122 Walnut,0.625,1.062,0.25,,,31.34,Wood,
122W1,Light Grey #122 Walnut,0.625,1.062,0.25,11.61,16.95,23.73,Wood,
FC-122W1,FC Light Grey #122 Walnut,0.625,1.062,0.25,,,31.34,Wood,
122W2,Medium Grey #122 Walnut,0.625,1.062,0.25,11.61,16.95,23.73,Wood,
FC-122W2,FC Medium Grey #122 Walnut,0.625,1.062,0.25,,,31.34,Wood,
122W3,Dark Grey #122 Walnut,0.625,1.062,0.25,11.61,16.95,23.73,Wood,
FC-122W3,FC Dark Grey #122 Walnut,0.625,1.062,0.25,,,31.34,Wood,
122VR,Raw #122 White Oak,0.625,1.062,0.25,5.44,8.98,14.37,Wood,
FC-122VR,FC Raw #122 White Oak,0.625,1.062,0.25,,,29.61,Wood,
122VF,Oil & Wax #122 White Oak,0.625,1.062,0.25,8.7,14.35,20.09,Wood,
FC-122VF,FC Oil & Wax #122 White Oak,0.625,1.062,0.25,,,30.29,Wood,
122VL,Clear Lacquer #122 White Oak,0.625,1.062,0.25,9.24,15.25,21.35,Wood,
FC-122VL,FC Clear Lacquer #122 White Oak,0.625,1.062,0.25,,,30.29,Wood,
122VC,Charcoal #122 White Oak,0.625,1.062,0.25,10.87,17.94,25.12,Wood,
FC-122VC,FC Charcoal #122 White Oak,0.625,1.062,0.25,,,30.98,Wood,
122VM,Mission #122 White Oak,0.625,1.062,0.25,10.87,17.94,25.12,Wood,
FC-122VM,FC Mission #122 White Oak,0.625,1.062,0.25,,,30.98,Wood,
122V7,Bleached #122 White Oak,0.625,1.062,0.25,10.87,17.94,25.12,Wood,
FC-122V7,FC Bleached #122 White Oak,0.625,1.062,0.25,,,30.98,Wood,
130AR,Raw #130 Ash,0.5,1.312,0.188,3.67,5.21,7.82,Wood,
FC-130AR,FC Raw #130 Ash,0.5,1.312,0.188,,,24.46,Wood,
130AF,Oil & Wax #130 Ash,0.5,1.312,0.188,6.93,9.84,13.28,Wood,
FC-130AF,FC Oil & Wax #130 Ash,0.5,1.312,0.188,,,25.15,Wood,
130AL,Clear Lacquer #130 Ash,0.5,1.312,0.188,7.47,10.61,14.32,Wood,
FC-130AL,FC Clear Lacquer #130 Ash,0.5,1.312,0.188,,,25.15,Wood,
130AW,WhiteWash #130 Ash,0.5,1.312,0.188,9.37,13.31,17.97,Wood,
FC-130AW,FC WhiteWash #130 Ash,0.5,1.312,0.188,,,25.84,Wood,
130AT,White #130 Ash,0.5,1.312,0.188,9.37,13.31,17.97,Wood,
FC-130AT,FC White #130 Ash,0.5,1.312,0.188,,,27.21,Wood,
130AK,Satin Black #130 Ash,0.5,1.312,0.188,9.37,13.31,17.97,Wood,
FC-130AK,FC Satin Black #130 Ash,0.5,1.312,0.188,,,27.21,Wood,
130AA,Warm White #130 Ash,0.5,1.312,0.188,9.37,13.31,17.97,Wood,
FC-130AA,FC Warm White #130 Ash,0.5,1.312,0.188,,,27.21,Wood,
130AC,Charcoal #130 Ash,0.5,1.312,0.188,9.37,13.31,17.97,Wood,
FC-130AC,FC Charcoal #130 Ash,0.5,1.312,0.188,,,27.21,Wood,
130AI,Rising White #130 Ash,0.5,1.312,0.188,9.37,13.31,17.97,Wood,
FC-130AI,FC Rising White #130 Ash,0.5,1.312,0.188,,,27.21,Wood,
130A1,Light Grey #130 Ash,0.5,1.312,0.188,9.37,13.31,17.97,Wood,
FC-130A1,FC Light Grey #130 Ash,0.5,1.312,0.188,,,27.21,Wood,
130A2,Medium Grey #130 Ash,0.5,1.312,0.188,9.37,13.31,17.97,Wood,
FC-130A2,FC Medium Grey #130 Ash,0.5,1.312,0.188,,,27.21,Wood,
130A3,Dark Grey #130 Ash,0.5,1.312,0.188,9.37,13.31,17.97,Wood,
FC-130A3,FC Dark Grey #130 Ash,0.5,1.312,0.188,,,27.21,Wood,
130CR,Raw #130 Cherry,0.5,1.312,0.188,4.06,5.93,8.9,Wood,
FC-130CR,FC Raw #130 Cherry,0.5,1.312,0.188,,,25.18,Wood,
130CF,Oil & Wax #130 Cherry,0.5,1.312,0.188,7.59,11.08,14.96,Wood,
FC-130CF,FC Oil & Wax #130 Cherry,0.5,1.312,0.188,,,25.87,Wood,
130CL,Clear Lacquer #130 Cherry,0.5,1.312,0.188,9.49,13.86,18.71,Wood,
FC-130CL,FC Clear Lacquer #130 Cherry,0.5,1.312,0.188,,,27.24,Wood,
130CG,Aged #130 Cherry,0.5,1.312,0.188,9.49,13.86,18.71,Wood,
FC-130CG,FC Aged #130 Cherry,0.5,1.312,0.188,,,27.24,Wood,
130CQ,Antique #130 Cherry,0.5,1.312,0.188,9.49,13.86,18.71,Wood,
FC-130CQ,FC Antique #130 Cherry,0.5,1.312,0.188,,,27.24,Wood,
130CD,Black Cherry #130 Cherry,0.5,1.312,0.188,9.49,13.86,18.71,Wood,
FC-130CD,FC Black Cherry #130 Cherry,0.5,1.312,0.188,,,27.93,Wood,
130MR,Raw #130 Maple,0.5,1.312,0.188,4.34,5.99,8.98,Wood,
FC-130MR,FC Raw #130 Maple,0.5,1.312,0.188,,,25.24,Wood,
130MF,Oil & Wax #130 Maple,0.5,1.312,0.188,7.6,10.49,14.16,Wood,
FC-130MF,FC Oil & Wax #130 Maple,0.5,1.312,0.188,,,25.93,Wood,
130ML,Clear Lacquer #130 Maple,0.5,1.312,0.188,7.87,10.86,14.66,Wood,
FC-130ML,FC Clear Lacquer #130 Maple,0.5,1.312,0.188,,,25.93,Wood,
130MW,WhiteWash #130 Maple,0.5,1.312,0.188,8.93,12.32,16.63,Wood,
FC-130MW,FC WhiteWash #130 Maple,0.5,1.312,0.188,,,26.62,Wood,
130MT,White #130 Maple,0.5,1.312,0.188,8.14,11.23,15.16,Wood,
FC-130MT,FC White #130 Maple,0.5,1.312,0.188,,,27.3,Wood,
130MK,Satin Black #130 Maple,0.5,1.312,0.188,8.14,11.23,15.16,Wood,
FC-130MK,FC Satin Black #130 Maple,0.5,1.312,0.188,,,27.3,Wood,
130MA,Warm White #130 Maple,0.5,1.312,0.188,8.14,11.23,15.16,Wood,
FC-130MA,FC Warm White #130 Maple,0.5,1.312,0.188,,,27.3,Wood,
130MI,Rising White #130 Maple,0.5,1.312,0.188,8.14,11.23,15.16,Wood,
FC-130MI,FC Rising White #130 Maple,0.5,1.312,0.188,,,27.3,Wood,
130M1,Light Grey #130 Maple,0.5,1.312,0.188,8.14,11.23,15.16,Wood,
FC-130M1,FC Light Grey #130 Maple,0.5,1.312,0.188,,,27.3,Wood,
130M2,Medium Grey #130 Maple,0.5,1.312,0.188,8.14,11.23,15.16,Wood,
FC-130M2,FC Medium Grey #130 Maple,0.5,1.312,0.188,,,27.3,Wood,
130M3,Dark Grey #130 Maple,0.5,1.312,0.188,8.14,11.23,15.16,Wood,
FC-130M3,FC Dark Grey #130 Maple,0.5,1.312,0.188,,,27.3,Wood,
130M9,Wheat #130 Maple,0.5,1.312,0.188,8.93,12.32,16.63,Wood,
FC-130M9,FC Wheat #130 Maple,0.5,1.312,0.188,,,27.3,Wood,
130WR,Raw #130 Walnut,0.5,1.312,0.188,8.42,12.29,18.43,Wood,
FC-130WR,FC Raw #130 Walnut,0.5,1.312,0.188,,,31.54,Wood,
130WF,Oil & Wax #130 Walnut,0.5,1.312,0.188,13.01,18.99,25.64,Wood,
FC-130WF,FC Oil & Wax #130 Walnut,0.5,1.312,0.188,,,32.23,Wood,
130WP,Padauk #130 Walnut,0.5,1.312,0.188,13.85,20.22,27.3,Wood,
FC-130WP,FC Padauk #130 Walnut,0.5,1.312,0.188,,,32.92,Wood,
130WB,Special Dark #130 Walnut,0.5,1.312,0.188,13.85,20.22,27.3,Wood,
FC-130WB,FC Special Dark #130 Walnut,0.5,1.312,0.188,,,32.92,Wood,
130WE,Ebony #130 Walnut,0.5,1.312,0.188,13.01,18.99,25.64,Wood,
FC-130WE,FC Ebony #130 Walnut,0.5,1.312,0.188,,,32.92,Wood,
130WK,Satin Black #130 Walnut,0.5,1.312,0.188,12.22,17.84,24.08,Wood,
FC-130WK,FC Satin Black #130 Walnut,0.5,1.312,0.188,,,32.23,Wood,
130W1,Light Grey #130 Walnut,0.5,1.312,0.188,12.22,17.84,24.08,Wood,
FC-130W1,FC Light Grey #130 Walnut,0.5,1.312,0.188,,,32.23,Wood,
130W2,Medium Grey #130 Walnut,0.5,1.312,0.188,12.22,17.84,24.08,Wood,
FC-130W2,FC Medium Grey #130 Walnut,0.5,1.312,0.188,,,32.23,Wood,
130W3,Dark Grey #130 Walnut,0.5,1.312,0.188,12.22,17.84,24.08,Wood,
FC-130W3,FC Dark Grey #130 Walnut,0.5,1.312,0.188,,,32.23,Wood,
130VR,Raw #130 White Oak,0.5,1.312,0.188,5.8,9.57,14.36,Wood,
FC-130VR,FC Raw #130 White Oak,0.5,1.312,0.188,,,30.2,Wood,
130VF,Oil & Wax #130 White Oak,0.5,1.312,0.188,9.06,14.95,20.18,Wood,
FC-130VF,FC Oil & Wax #130 White Oak,0.5,1.312,0.188,,,30.88,Wood,
130VL,Clear Lacquer #130 White Oak,0.5,1.312,0.188,9.6,15.84,21.38,Wood,
FC-130VL,FC Clear Lacquer #130 White Oak,0.5,1.312,0.188,,,30.88,Wood,
130VC,Charcoal #130 White Oak,0.5,1.312,0.188,11.23,18.53,25.02,Wood,
FC-130VC,FC Charcoal #130 White Oak,0.5,1.312,0.188,,,31.57,Wood,
130VM,Mission #130 White Oak,0.5,1.312,0.188,11.23,18.53,25.02,Wood,
FC-130VM,FC Mission #130 White Oak,0.5,1.312,0.188,,,31.57,Wood,
130V7,Bleached #130 White Oak,0.5,1.312,0.188,11.23,18.53,25.02,Wood,
FC-130V7,FC Bleached #130 White Oak,0.5,1.312,0.188,,,31.57,Wood,
132AR,Raw #132 Ash,0.625,1.312,0.25,3.67,5.21,7.82,Wood,
FC-132AR,FC Raw #132 Ash,0.625,1.312,0.25,,,24.46,Wood,
132AF,Oil & Wax #132 Ash,0.625,1.312,0.25,6.93,9.84,13.28,Wood,
FC-132AF,FC Oil & Wax #132 Ash,0.625,1.312,0.25,,,25.15,Wood,
132AL,Clear Lacquer #132 Ash,0.625,1.312,0.25,7.47,10.61,14.32,Wood,
FC-132AL,FC Clear Lacquer #132 Ash,0.625,1.312,0.25,,,25.15,Wood,
132AW,WhiteWash #132 Ash,0.625,1.312,0.25,9.37,13.31,17.97,Wood,
FC-132AW,FC WhiteWash #132 Ash,0.625,1.312,0.25,,,25.84,Wood,
132AT,White #132 Ash,0.625,1.312,0.25,9.37,13.31,17.97,Wood,
FC-132AT,FC White #132 Ash,0.625,1.312,0.25,,,27.21,Wood,
132AK,Satin Black #132 Ash,0.625,1.312,0.25,9.37,13.31,17.97,Wood,
FC-132AK,FC Satin Black #132 Ash,0.625,1.312,0.25,,,27.21,Wood,
132AA,Warm White #132 Ash,0.625,1.312,0.25,9.37,13.31,17.97,Wood,
FC-132AA,FC Warm White #132 Ash,0.625,1.312,0.25,,,27.21,Wood,
132AC,Charcoal #132 Ash,0.625,1.312,0.25,9.37,13.31,17.97,Wood,
FC-132AC,FC Charcoal #132 Ash,0.625,1.312,0.25,,,27.21,Wood,
132AI,Rising White #132 Ash,0.625,1.312,0.25,9.37,13.31,17.97,Wood,
FC-132AI,FC Rising White #132 Ash,0.625,1.312,0.25,,,27.21,Wood,
132A1,Light Grey #132 Ash,0.625,1.312,0.25,9.37,13.31,17.97,Wood,
FC-132A1,FC Light Grey #132 Ash,0.625,1.312,0.25,,,27.21,Wood,
132A2,Medium Grey #132 Ash,0.625,1.312,0.25,9.37,13.31,17.97,Wood,
FC-132A2,FC Medium Grey #132 Ash,0.625,1.312,0.25,,,27.21,Wood,
132A3,Dark Grey #132 Ash,0.625,1.312,0.25,9.37,13.31,17.97,Wood,
FC-132A3,FC Dark Grey #132 Ash,0.625,1.312,0.25,,,27.21,Wood,
132CR,Raw #132 Cherry,0.625,1.312,0.25,4.06,5.93,8.9,Wood,
FC-132CR,FC Raw #132 Cherry,0.625,1.312,0.25,,,25.18,Wood,
132CF,Oil & Wax #132 Cherry,0.625,1.312,0.25,7.59,11.08,14.96,Wood,
FC-132CF,FC Oil & Wax #132 Cherry,0.625,1.312,0.25,,,25.87,Wood,
132CL,Clear Lacquer #132 Cherry,0.625,1.312,0.25,9.49,13.86,18.71,Wood,
FC-132CL,FC Clear Lacquer #132 Cherry,0.625,1.312,0.25,,,27.24,Wood,
132CG,Aged #132 Cherry,0.625,1.312,0.25,9.49,13.86,18.71,Wood,
FC-132CG,FC Aged #132 Cherry,0.625,1.312,0.25,,,27.24,Wood,
132CQ,Antique #132 Cherry,0.625,1.312,0.25,9.49,13.86,18.71,Wood,
FC-132CQ,FC Antique #132 Cherry,0.625,1.312,0.25,,,27.24,Wood,
132CD,Black Cherry #132 Cherry,0.625,1.312,0.25,9.49,13.86,18.71,Wood,
FC-132CD,FC Black Cherry #132 Cherry,0.625,1.312,0.25,,,27.93,Wood,
132MR,Raw #132 Maple,0.625,1.312,0.25,4.34,5.99,8.98,Wood,
FC-132MR,FC Raw #132 Maple,0.625,1.312,0.25,,,25.24,Wood,
132MF,Oil & Wax #132 Maple,0.625,1.312,0.25,7.6,10.49,14.16,Wood,
FC-132MF,FC Oil & Wax #132 Maple,0.625,1.312,0.25,,,25.93,Wood,
132ML,Clear Lacquer #132 Maple,0.625,1.312,0.25,7.87,10.86,14.66,Wood,
FC-132ML,FC Clear Lacquer #132 Maple,0.625,1.312,0.25,,,25.93,Wood,
132MW,WhiteWash #132 Maple,0.625,1.312,0.25,8.93,12.32,16.63,Wood,
FC-132MW,FC WhiteWash #132 Maple,0.625,1.312,0.25,,,26.62,Wood,
132MT,White #132 Maple,0.625,1.312,0.25,8.14,11.23,15.16,Wood,
FC-132MT,FC White #132 Maple,0.625,1.312,0.25,,,27.3,Wood,
132MK,Satin Black #132 Maple,0.625,1.312,0.25,8.14,11.23,15.16,Wood,
FC-132MK,FC Satin Black #132 Maple,0.625,1.312,0.25,,,27.3,Wood,
132MA,Warm White #132 Maple,0.625,1.312,0.25,8.14,11.23,15.16,Wood,
FC-132MA,FC Warm White #132 Maple,0.625,1.312,0.25,,,27.3,Wood,
132MI,Rising White #132 Maple,0.625,1.312,0.25,8.14,11.23,15.16,Wood,
FC-132MI,FC Rising White #132 Maple,0.625,1.312,0.25,,,27.3,Wood,
132M1,Light Grey #132 Maple,0.625,1.312,0.25,8.14,11.23,15.16,Wood,
FC-132M1,FC Light Grey #132 Maple,0.625,1.312,0.25,,,27.3,Wood,
132M2,Medium Grey #132 Maple,0.625,1.312,0.25,8.14,11.23,15.16,Wood,
FC-132M2,FC Medium Grey #132 Maple,0.625,1.312,0.25,,,27.3,Wood,
132M3,Dark Grey #132 Maple,0.625,1.312,0.25,8.14,11.23,15.16,Wood,
FC-132M3,FC Dark Grey #132 Maple,0.625,1.312,0.25,,,27.3,Wood,
132M9,Wheat #132 Maple,0.625,1.312,0.25,8.93,12.32,16.63,Wood,
FC-132M9,FC Wheat #132 Maple,0.625,1.312,0.25,,,27.3,Wood,
132OR,Raw #132 Oak,0.625,1.312,0.25,3.48,4.8,7.2,Wood,
FC-132OR,FC Raw #132 Oak,0.625,1.312,0.25,,,24.05,Wood,
132OF,Oil & Wax #132 Oak,0.625,1.312,0.25,6.74,9.3,12.56,Wood,
FC-132OF,FC Oil & Wax #132 Oak,0.625,1.312,0.25,,,24.74,Wood,
132OL,Clear Lacquer #132 Oak,0.625,1.312,0.25,7.01,9.67,13.05,Wood,
FC-132OL,FC Clear Lacquer #132 Oak,0.625,1.312,0.25,,,24.74,Wood,
132WR,Raw #132 Walnut,0.625,1.312,0.25,8.42,12.29,18.43,Wood,
FC-132WR,FC Raw #132 Walnut,0.625,1.312,0.25,,,31.54,Wood,
132WF,Oil & Wax #132 Walnut,0.625,1.312,0.25,13.01,18.99,25.64,Wood,
FC-132WF,FC Oil & Wax #132 Walnut,0.625,1.312,0.25,,,32.23,Wood,
132WP,Padauk #132 Walnut,0.625,1.312,0.25,13.85,20.22,27.3,Wood,
FC-132WP,FC Padauk #132 Walnut,0.625,1.312,0.25,,,32.92,Wood,
132WB,Special Dark #132 Walnut,0.625,1.312,0.25,13.85,20.22,27.3,Wood,
FC-132WB,FC Special Dark #132 Walnut,0.625,1.312,0.25,,,32.92,Wood,
132WE,Ebony #132 Walnut,0.625,1.312,0.25,13.01,18.99,25.64,Wood,
FC-132WE,FC Ebony #132 Walnut,0.625,1.312,0.25,,,32.92,Wood,
132WK,Satin Black #132 Walnut,0.625,1.312,0.25,12.22,17.84,24.08,Wood,
FC-132WK,FC Satin Black #132 Walnut,0.625,1.312,0.25,,,32.23,Wood,
132W1,Light Grey #132 Walnut,0.625,1.312,0.25,12.22,17.84,24.08,Wood,
FC-132W1,FC Light Grey #132 Walnut,0.625,1.312,0.25,,,32.23,Wood,
132W2,Medium Grey #132 Walnut,0.625,1.312,0.25,12.22,17.84,24.08,Wood,
FC-132W2,FC Medium Grey #132 Walnut,0.625,1.312,0.25,,,32.23,Wood,
132W3,Dark Grey #132 Walnut,0.625,1.312,0.25,12.22,17.84,24.08,Wood,
FC-132W3,FC Dark Grey #132 Walnut,0.625,1.312,0.25,,,32.23,Wood,
132VR,Raw #132 White Oak,0.625,1.312,0.25,5.8,9.57,14.36,Wood,
FC-132VR,FC Raw #132 White Oak,0.625,1.312,0.25,,,30.2,Wood,
132VF,Oil & Wax #132 White Oak,0.625,1.312,0.25,9.06,14.95,20.18,Wood,
FC-132VF,FC Oil & Wax #132 White Oak,0.625,1.312,0.25,,,30.88,Wood,
132VL,Clear Lacquer #132 White Oak,0.625,1.312,0.25,9.6,15.84,21.38,Wood,
FC-132VL,FC Clear Lacquer #132 White Oak,0.625,1.312,0.25,,,30.88,Wood,
132VC,Charcoal #132 White Oak,0.625,1.312,0.25,11.23,18.53,25.02,Wood,
FC-132VC,FC Charcoal #132 White Oak,0.625,1.312,0.25,,,31.57,Wood,
132VM,Mission #132 White Oak,0.625,1.312,0.25,11.23,18.53,25.02,Wood,
FC-132VM,FC Mission #132 White Oak,0.625,1.312,0.25,,,31.57,Wood,
132V7,Bleached #132 White Oak,0.625,1.312,0.25,11.23,18.53,25.02,Wood,
FC-132V7,FC Bleached #132 White Oak,0.625,1.312,0.25,,,31.57,Wood,
140AR,Raw #140 Ash,0.5,1.562,0.188,4.2,5.96,8.94,Wood,
FC-140AR,FC Raw #140 Ash,0.5,1.562,0.188,,,25.9,Wood,
140AF,Oil & Wax #140 Ash,0.5,1.562,0.188,7.46,10.59,14.3,Wood,
FC-140AF,FC Oil & Wax #140 Ash,0.5,1.562,0.188,,,26.59,Wood,
140AL,Clear Lacquer #140 Ash,0.5,1.562,0.188,8,11.36,15.34,Wood,
FC-140AL,FC Clear Lacquer #140 Ash,0.5,1.562,0.188,,,26.59,Wood,
140AW,WhiteWash #140 Ash,0.5,1.562,0.188,9.9,14.06,18.98,Wood,
FC-140AW,FC WhiteWash #140 Ash,0.5,1.562,0.188,,,27.27,Wood,
140AT,White #140 Ash,0.5,1.562,0.188,9.9,14.06,18.98,Wood,
FC-140AT,FC White #140 Ash,0.5,1.562,0.188,,,28.65,Wood,
140AK,Satin Black #140 Ash,0.5,1.562,0.188,9.9,14.06,18.98,Wood,
FC-140AK,FC Satin Black #140 Ash,0.5,1.562,0.188,,,28.65,Wood,
140AA,Warm White #140 Ash,0.5,1.562,0.188,9.9,14.06,18.98,Wood,
FC-140AA,FC Warm White #140 Ash,0.5,1.562,0.188,,,28.65,Wood,
140AC,Charcoal #140 Ash,0.5,1.562,0.188,9.9,14.06,18.98,Wood,
FC-140AC,FC Charcoal #140 Ash,0.5,1.562,0.188,,,28.65,Wood,
140AI,Rising White #140 Ash,0.5,1.562,0.188,9.9,14.06,18.98,Wood,
FC-140AI,FC Rising White #140 Ash,0.5,1.562,0.188,,,28.65,Wood,
140A1,Light Grey #140 Ash,0.5,1.562,0.188,9.9,14.06,18.98,Wood,
FC-140A1,FC Light Grey #140 Ash,0.5,1.562,0.188,,,28.65,Wood,
140A2,Medium Grey #140 Ash,0.5,1.562,0.188,9.9,14.06,18.98,Wood,
FC-140A2,FC Medium Grey #140 Ash,0.5,1.562,0.188,,,28.65,Wood,
140A3,Dark Grey #140 Ash,0.5,1.562,0.188,9.9,14.06,18.98,Wood,
FC-140A3,FC Dark Grey #140 Ash,0.5,1.562,0.188,,,28.65,Wood,
140CR,Raw #140 Cherry,0.5,1.562,0.188,4.71,6.88,10.32,Wood,
FC-140CR,FC Raw #140 Cherry,0.5,1.562,0.188,,,26.82,Wood,
140CF,Oil & Wax #140 Cherry,0.5,1.562,0.188,8.24,12.03,16.24,Wood,
FC-140CF,FC Oil & Wax #140 Cherry,0.5,1.562,0.188,,,27.51,Wood,
140CL,Clear Lacquer #140 Cherry,0.5,1.562,0.188,10.14,14.8,19.98,Wood,
FC-140CL,FC Clear Lacquer #140 Cherry,0.5,1.562,0.188,,,28.88,Wood,
140CG,Aged #140 Cherry,0.5,1.562,0.188,10.14,14.8,19.98,Wood,
FC-140CG,FC Aged #140 Cherry,0.5,1.562,0.188,,,28.88,Wood,
140CQ,Antique #140 Cherry,0.5,1.562,0.188,10.14,14.8,19.98,Wood,
FC-140CQ,FC Antique #140 Cherry,0.5,1.562,0.188,,,28.88,Wood,
140CD,Black Cherry #140 Cherry,0.5,1.562,0.188,10.14,14.8,19.98,Wood,
FC-140CD,FC Black Cherry #140 Cherry,0.5,1.562,0.188,,,29.57,Wood,
140MR,Raw #140 Maple,0.5,1.562,0.188,4.9,6.76,10.14,Wood,
FC-140MR,FC Raw #140 Maple,0.5,1.562,0.188,,,26.7,Wood,
140MF,Oil & Wax #140 Maple,0.5,1.562,0.188,8.16,11.26,15.2,Wood,
FC-140MF,FC Oil & Wax #140 Maple,0.5,1.562,0.188,,,27.39,Wood,
140ML,Clear Lacquer #140 Maple,0.5,1.562,0.188,8.43,11.63,15.7,Wood,
FC-140ML,FC Clear Lacquer #140 Maple,0.5,1.562,0.188,,,27.39,Wood,
140MW,WhiteWash #140 Maple,0.5,1.562,0.188,9.49,13.1,17.69,Wood,
FC-140MW,FC WhiteWash #140 Maple,0.5,1.562,0.188,,,28.07,Wood,
140MT,White #140 Maple,0.5,1.562,0.188,8.7,12.01,16.21,Wood,
FC-140MT,FC White #140 Maple,0.5,1.562,0.188,,,28.76,Wood,
140MK,Satin Black #140 Maple,0.5,1.562,0.188,8.7,12.01,16.21,Wood,
FC-140MK,FC Satin Black #140 Maple,0.5,1.562,0.188,,,28.76,Wood,
140MA,Warm White #140 Maple,0.5,1.562,0.188,8.7,12.01,16.21,Wood,
FC-140MA,FC Warm White #140 Maple,0.5,1.562,0.188,,,28.76,Wood,
140MI,Rising White #140 Maple,0.5,1.562,0.188,8.7,12.01,16.21,Wood,
FC-140MI,FC Rising White #140 Maple,0.5,1.562,0.188,,,28.76,Wood,
140M1,Light Grey #140 Maple,0.5,1.562,0.188,8.7,12.01,16.21,Wood,
FC-140M1,FC Light Grey #140 Maple,0.5,1.562,0.188,,,28.76,Wood,
140M2,Medium Grey #140 Maple,0.5,1.562,0.188,8.7,12.01,16.21,Wood,
FC-140M2,FC Medium Grey #140 Maple,0.5,1.562,0.188,,,28.76,Wood,
140M3,Dark Grey #140 Maple,0.5,1.562,0.188,8.7,12.01,16.21,Wood,
FC-140M3,FC Dark Grey #140 Maple,0.5,1.562,0.188,,,28.76,Wood,
140M9,Wheat #140 Maple,0.5,1.562,0.188,9.49,13.1,17.69,Wood,
FC-140M9,FC Wheat #140 Maple,0.5,1.562,0.188,,,28.76,Wood,
140WR,Raw #140 Walnut,0.5,1.562,0.188,8.66,12.64,18.96,Wood,
FC-140WR,FC Raw #140 Walnut,0.5,1.562,0.188,,,32.58,Wood,
140WF,Oil & Wax #140 Walnut,0.5,1.562,0.188,13.25,19.34,26.11,Wood,
FC-140WF,FC Oil & Wax #140 Walnut,0.5,1.562,0.188,,,33.27,Wood,
140WP,Padauk #140 Walnut,0.5,1.562,0.188,14.09,20.57,27.77,Wood,
FC-140WP,FC Padauk #140 Walnut,0.5,1.562,0.188,,,33.95,Wood,
140WB,Special Dark #140 Walnut,0.5,1.562,0.188,14.09,20.57,27.77,Wood,
FC-140WB,FC Special Dark #140 Walnut,0.5,1.562,0.188,,,33.95,Wood,
140WE,Ebony #140 Walnut,0.5,1.562,0.188,13.25,19.34,26.11,Wood,
FC-140WE,FC Ebony #140 Walnut,0.5,1.562,0.188,,,33.95,Wood,
140WK,Satin Black #140 Walnut,0.5,1.562,0.188,12.46,18.19,24.56,Wood,
FC-140WK,FC Satin Black #140 Walnut,0.5,1.562,0.188,,,33.27,Wood,
140W1,Light Grey #140 Walnut,0.5,1.562,0.188,12.46,18.19,24.56,Wood,
FC-140W1,FC Light Grey #140 Walnut,0.5,1.562,0.188,,,33.27,Wood,
140W2,Medium Grey #140 Walnut,0.5,1.562,0.188,12.46,18.19,24.56,Wood,
FC-140W2,FC Medium Grey #140 Walnut,0.5,1.562,0.188,,,33.27,Wood,
140W3,Dark Grey #140 Walnut,0.5,1.562,0.188,12.46,18.19,24.56,Wood,
FC-140W3,FC Dark Grey #140 Walnut,0.5,1.562,0.188,,,33.27,Wood,
140VR,Raw #140 White Oak,0.5,1.562,0.188,6.15,10.15,15.23,Wood,
FC-140VR,FC Raw #140 White Oak,0.5,1.562,0.188,,,30.78,Wood,
140VF,Oil & Wax #140 White Oak,0.5,1.562,0.188,9.41,15.53,20.97,Wood,
FC-140VF,FC Oil & Wax #140 White Oak,0.5,1.562,0.188,,,31.46,Wood,
140VL,Clear Lacquer #140 White Oak,0.5,1.562,0.188,9.95,16.42,22.17,Wood,
FC-140VL,FC Clear Lacquer #140 White Oak,0.5,1.562,0.188,,,31.46,Wood,
140VC,Charcoal #140 White Oak,0.5,1.562,0.188,11.58,19.11,25.8,Wood,
FC-140VC,FC Charcoal #140 White Oak,0.5,1.562,0.188,,,32.15,Wood,
140VM,Mission #140 White Oak,0.5,1.562,0.188,11.58,19.11,25.8,Wood,
FC-140VM,FC Mission #140 White Oak,0.5,1.562,0.188,,,32.15,Wood,
140V7,Bleached #140 White Oak,0.5,1.562,0.188,11.58,19.11,25.8,Wood,
FC-140V7,FC Bleached #140 White Oak,0.5,1.562,0.188,,,32.15,Wood,
143AR,Raw #143 Ash,0.6875,1.562,0.25,4.2,5.96,8.94,Wood,
FC-143AR,FC Raw #143 Ash,0.6875,1.562,0.25,,,25.9,Wood,
143AF,Oil & Wax #143 Ash,0.6875,1.562,0.25,7.46,10.59,14.3,Wood,
FC-143AF,FC Oil & Wax #143 Ash,0.6875,1.562,0.25,,,26.59,Wood,
143AL,Clear Lacquer #143 Ash,0.6875,1.562,0.25,8,11.36,15.34,Wood,
FC-143AL,FC Clear Lacquer #143 Ash,0.6875,1.562,0.25,,,26.59,Wood,
143AW,WhiteWash #143 Ash,0.6875,1.562,0.25,9.9,14.06,18.98,Wood,
FC-143AW,FC WhiteWash #143 Ash,0.6875,1.562,0.25,,,27.27,Wood,
143AT,White #143 Ash,0.6875,1.562,0.25,9.9,14.06,18.98,Wood,
FC-143AT,FC White #143 Ash,0.6875,1.562,0.25,,,28.65,Wood,
143AK,Satin Black #143 Ash,0.6875,1.562,0.25,9.9,14.06,18.98,Wood,
FC-143AK,FC Satin Black #143 Ash,0.6875,1.562,0.25,,,28.65,Wood,
143AA,Warm White #143 Ash,0.6875,1.562,0.25,9.9,14.06,18.98,Wood,
FC-143AA,FC Warm White #143 Ash,0.6875,1.562,0.25,,,28.65,Wood,
143AC,Charcoal #143 Ash,0.6875,1.562,0.25,9.9,14.06,18.98,Wood,
FC-143AC,FC Charcoal #143 Ash,0.6875,1.562,0.25,,,28.65,Wood,
143AI,Rising White #143 Ash,0.6875,1.562,0.25,9.9,14.06,18.98,Wood,
FC-143AI,FC Rising White #143 Ash,0.6875,1.562,0.25,,,28.65,Wood,
143A1,Light Grey #143 Ash,0.6875,1.562,0.25,9.9,14.06,18.98,Wood,
FC-143A1,FC Light Grey #143 Ash,0.6875,1.562,0.25,,,28.65,Wood,
143A2,Medium Grey #143 Ash,0.6875,1.562,0.25,9.9,14.06,18.98,Wood,
FC-143A2,FC Medium Grey #143 Ash,0.6875,1.562,0.25,,,28.65,Wood,
143A3,Dark Grey #143 Ash,0.6875,1.562,0.25,9.9,14.06,18.98,Wood,
FC-143A3,FC Dark Grey #143 Ash,0.6875,1.562,0.25,,,28.65,Wood,
143CR,Raw #143 Cherry,0.6875,1.562,0.25,4.71,6.88,10.32,Wood,
FC-143CR,FC Raw #143 Cherry,0.6875,1.562,0.25,,,26.82,Wood,
143CF,Oil & Wax #143 Cherry,0.6875,1.562,0.25,8.24,12.03,16.24,Wood,
FC-143CF,FC Oil & Wax #143 Cherry,0.6875,1.562,0.25,,,27.51,Wood,
143CL,Clear Lacquer #143 Cherry,0.6875,1.562,0.25,10.14,14.8,19.98,Wood,
FC-143CL,FC Clear Lacquer #143 Cherry,0.6875,1.562,0.25,,,28.88,Wood,
143CG,Aged #143 Cherry,0.6875,1.562,0.25,10.14,14.8,19.98,Wood,
FC-143CG,FC Aged #143 Cherry,0.6875,1.562,0.25,,,28.88,Wood,
143CQ,Antique #143 Cherry,0.6875,1.562,0.25,10.14,14.8,19.98,Wood,
FC-143CQ,FC Antique #143 Cherry,0.6875,1.562,0.25,,,28.88,Wood,
143CD,Black Cherry #143 Cherry,0.6875,1.562,0.25,10.14,14.8,19.98,Wood,
FC-143CD,FC Black Cherry #143 Cherry,0.6875,1.562,0.25,,,29.57,Wood,
143MR,Raw #143 Maple,0.6875,1.562,0.25,4.9,6.76,10.14,Wood,
FC-143MR,FC Raw #143 Maple,0.6875,1.562,0.25,,,26.7,Wood,
143MF,Oil & Wax #143 Maple,0.6875,1.562,0.25,8.16,11.26,15.2,Wood,
FC-143MF,FC Oil & Wax #143 Maple,0.6875,1.562,0.25,,,27.39,Wood,
143ML,Clear Lacquer #143 Maple,0.6875,1.562,0.25,8.43,11.63,15.7,Wood,
FC-143ML,FC Clear Lacquer #143 Maple,0.6875,1.562,0.25,,,27.39,Wood,
143MW,WhiteWash #143 Maple,0.6875,1.562,0.25,9.49,13.1,17.69,Wood,
FC-143MW,FC WhiteWash #143 Maple,0.6875,1.562,0.25,,,28.07,Wood,
143MT,White #143 Maple,0.6875,1.562,0.25,8.7,12.01,16.21,Wood,
FC-143MT,FC White #143 Maple,0.6875,1.562,0.25,,,28.76,Wood,
143MK,Satin Black #143 Maple,0.6875,1.562,0.25,8.7,12.01,16.21,Wood,
FC-143MK,FC Satin Black #143 Maple,0.6875,1.562,0.25,,,28.76,Wood,
143MA,Warm White #143 Maple,0.6875,1.562,0.25,8.7,12.01,16.21,Wood,
FC-143MA,FC Warm White #143 Maple,0.6875,1.562,0.25,,,28.76,Wood,
143MI,Rising White #143 Maple,0.6875,1.562,0.25,8.7,12.01,16.21,Wood,
FC-143MI,FC Rising White #143 Maple,0.6875,1.562,0.25,,,28.76,Wood,
143M1,Light Grey #143 Maple,0.6875,1.562,0.25,8.7,12.01,16.21,Wood,
FC-143M1,FC Light Grey #143 Maple,0.6875,1.562,0.25,,,28.76,Wood,
143M2,Medium Grey #143 Maple,0.6875,1.562,0.25,8.7,12.01,16.21,Wood,
FC-143M2,FC Medium Grey #143 Maple,0.6875,1.562,0.25,,,28.76,Wood,
143M3,Dark Grey #143 Maple,0.6875,1.562,0.25,8.7,12.01,16.21,Wood,
FC-143M3,FC Dark Grey #143 Maple,0.6875,1.562,0.25,,,28.76,Wood,
143M9,Wheat #143 Maple,0.6875,1.562,0.25,9.49,13.1,17.69,Wood,
FC-143M9,FC Wheat #143 Maple,0.6875,1.562,0.25,,,28.76,Wood,
143OR,Raw #143 Oak,0.6875,1.562,0.25,3.99,5.51,8.26,Wood,
FC-143OR,FC Raw #143 Oak,0.6875,1.562,0.25,,,25.45,Wood,
143OF,Oil & Wax #143 Oak,0.6875,1.562,0.25,7.25,10,13.5,Wood,
FC-143OF,FC Oil & Wax #143 Oak,0.6875,1.562,0.25,,,26.14,Wood,
143OL,Clear Lacquer #143 Oak,0.6875,1.562,0.25,7.52,10.38,14.01,Wood,
FC-143OL,FC Clear Lacquer #143 Oak,0.6875,1.562,0.25,,,26.14,Wood,
143WR,Raw #143 Walnut,0.6875,1.562,0.25,8.66,12.64,18.96,Wood,
FC-143WR,FC Raw #143 Walnut,0.6875,1.562,0.25,,,32.58,Wood,
143WF,Oil & Wax #143 Walnut,0.6875,1.562,0.25,13.25,19.34,26.11,Wood,
FC-143WF,FC Oil & Wax #143 Walnut,0.6875,1.562,0.25,,,33.27,Wood,
143WP,Padauk #143 Walnut,0.6875,1.562,0.25,14.09,20.57,27.77,Wood,
FC-143WP,FC Padauk #143 Walnut,0.6875,1.562,0.25,,,33.95,Wood,
143WB,Special Dark #143 Walnut,0.6875,1.562,0.25,14.09,20.57,27.77,Wood,
FC-143WB,FC Special Dark #143 Walnut,0.6875,1.562,0.25,,,33.95,Wood,
143WE,Ebony #143 Walnut,0.6875,1.562,0.25,13.25,19.34,26.11,Wood,
FC-143WE,FC Ebony #143 Walnut,0.6875,1.562,0.25,,,33.95,Wood,
143WK,Satin Black #143 Walnut,0.6875,1.562,0.25,12.46,18.19,24.56,Wood,
FC-143WK,FC Satin Black #143 Walnut,0.6875,1.562,0.25,,,33.27,Wood,
143W1,Light Grey #143 Walnut,0.6875,1.562,0.25,12.46,18.19,24.56,Wood,
FC-143W1,FC Light Grey #143 Walnut,0.6875,1.562,0.25,,,33.27,Wood,
143W2,Medium Grey #143 Walnut,0.6875,1.562,0.25,12.46,18.19,24.56,Wood,
FC-143W2,FC Medium Grey #143 Walnut,0.6875,1.562,0.25,,,33.27,Wood,
143W3,Dark Grey #143 Walnut,0.6875,1.562,0.25,12.46,18.19,24.56,Wood,
FC-143W3,FC Dark Grey #143 Walnut,0.6875,1.562,0.25,,,33.27,Wood,
143VR,Raw #143 White Oak,0.6875,1.562,0.25,6.15,10.15,15.23,Wood,
FC-143VR,FC Raw #143 White Oak,0.6875,1.562,0.25,,,30.78,Wood,
143VF,Oil & Wax #143 White Oak,0.6875,1.562,0.25,9.41,15.53,20.97,Wood,
FC-143VF,FC Oil & Wax #143 White Oak,0.6875,1.562,0.25,,,31.46,Wood,
143VL,Clear Lacquer #143 White Oak,0.6875,1.562,0.25,9.95,16.42,22.17,Wood,
FC-143VL,FC Clear Lacquer #143 White Oak,0.6875,1.562,0.25,,,31.46,Wood,
143VC,Charcoal #143 White Oak,0.6875,1.562,0.25,11.58,19.11,25.8,Wood,
FC-143VC,FC Charcoal #143 White Oak,0.6875,1.562,0.25,,,32.15,Wood,
143VM,Mission #143 White Oak,0.6875,1.562,0.25,11.58,19.11,25.8,Wood,
FC-143VM,FC Mission #143 White Oak,0.6875,1.562,0.25,,,32.15,Wood,
143V7,Bleached #143 White Oak,0.6875,1.562,0.25,11.58,19.11,25.8,Wood,
FC-143V7,FC Bleached #143 White Oak,0.6875,1.562,0.25,,,32.15,Wood,
158AR,Raw #158 Ash,1,1.75,0.313,6.17,9.01,13.52,Wood,
FC-158AR,FC Raw #158 Ash,1,1.75,0.313,,,29.64,Wood,
158AF,Oil & Wax #158 Ash,1,1.75,0.313,9.43,13.77,18.59,Wood,
FC-158AF,FC Oil & Wax #158 Ash,1,1.75,0.313,,,30.32,Wood,
158AL,Clear Lacquer #158 Ash,1,1.75,0.313,9.97,14.56,19.66,Wood,
FC-158AL,FC Clear Lacquer #158 Ash,1,1.75,0.313,,,30.32,Wood,
158AW,WhiteWash #158 Ash,1,1.75,0.313,11.87,17.33,23.4,Wood,
FC-158AW,FC WhiteWash #158 Ash,1,1.75,0.313,,,31.01,Wood,
158AT,White #158 Ash,1,1.75,0.313,11.87,17.33,23.4,Wood,
FC-158AT,FC White #158 Ash,1,1.75,0.313,,,32.39,Wood,
158AK,Satin Black #158 Ash,1,1.75,0.313,11.87,17.33,23.4,Wood,
FC-158AK,FC Satin Black #158 Ash,1,1.75,0.313,,,32.39,Wood,
158AA,Warm White #158 Ash,1,1.75,0.313,11.87,17.33,23.4,Wood,
FC-158AA,FC Warm White #158 Ash,1,1.75,0.313,,,32.39,Wood,
158AC,Charcoal #158 Ash,1,1.75,0.313,11.87,17.33,23.4,Wood,
FC-158AC,FC Charcoal #158 Ash,1,1.75,0.313,,,32.39,Wood,
158AI,Rising White #158 Ash,1,1.75,0.313,11.87,17.33,23.4,Wood,
FC-158AI,FC Rising White #158 Ash,1,1.75,0.313,,,32.39,Wood,
158A1,Light Grey #158 Ash,1,1.75,0.313,11.87,17.33,23.4,Wood,
FC-158A1,FC Light Grey #158 Ash,1,1.75,0.313,,,32.39,Wood,
158A2,Medium Grey #158 Ash,1,1.75,0.313,11.87,17.33,23.4,Wood,
FC-158A2,FC Medium Grey #158 Ash,1,1.75,0.313,,,32.39,Wood,
158A3,Dark Grey #158 Ash,1,1.75,0.313,11.87,17.33,23.4,Wood,
FC-158A3,FC Dark Grey #158 Ash,1,1.75,0.313,,,32.39,Wood,
158CR,Raw #158 Cherry,1,1.75,0.313,7.86,11.48,17.22,Wood,
FC-158CR,FC Raw #158 Cherry,1,1.75,0.313,,,32.11,Wood,
158CF,Oil & Wax #158 Cherry,1,1.75,0.313,11.39,16.63,22.45,Wood,
FC-158CF,FC Oil & Wax #158 Cherry,1,1.75,0.313,,,32.79,Wood,
158CL,Clear Lacquer #158 Cherry,1,1.75,0.313,13.29,19.4,26.19,Wood,
FC-158CL,FC Clear Lacquer #158 Cherry,1,1.75,0.313,,,34.17,Wood,
158CG,Aged #158 Cherry,1,1.75,0.313,13.29,19.4,26.19,Wood,
FC-158CG,FC Aged #158 Cherry,1,1.75,0.313,,,34.17,Wood,
158CQ,Antique #158 Cherry,1,1.75,0.313,13.29,19.4,26.19,Wood,
FC-158CQ,FC Antique #158 Cherry,1,1.75,0.313,,,34.17,Wood,
158CD,Black Cherry #158 Cherry,1,1.75,0.313,13.29,19.4,26.19,Wood,
FC-158CD,FC Black Cherry #158 Cherry,1,1.75,0.313,,,34.86,Wood,
158MR,Raw #158 Maple,1,1.75,0.313,7.6,10.79,16.18,Wood,
FC-158MR,FC Raw #158 Maple,1,1.75,0.313,,,31.42,Wood,
158MF,Oil & Wax #158 Maple,1,1.75,0.313,10.86,15.42,20.82,Wood,
FC-158MF,FC Oil & Wax #158 Maple,1,1.75,0.313,,,32.1,Wood,
158ML,Clear Lacquer #158 Maple,1,1.75,0.313,11.13,15.8,21.33,Wood,
FC-158ML,FC Clear Lacquer #158 Maple,1,1.75,0.313,,,32.1,Wood,
158MW,WhiteWash #158 Maple,1,1.75,0.313,12.19,17.31,23.37,Wood,
FC-158MW,FC WhiteWash #158 Maple,1,1.75,0.313,,,32.79,Wood,
158MT,White #158 Maple,1,1.75,0.313,11.4,16.19,21.86,Wood,
FC-158MT,FC White #158 Maple,1,1.75,0.313,,,33.48,Wood,
158MK,Satin Black #158 Maple,1,1.75,0.313,11.4,16.19,21.86,Wood,
FC-158MK,FC Satin Black #158 Maple,1,1.75,0.313,,,33.48,Wood,
158MA,Warm White #158 Maple,1,1.75,0.313,11.4,16.19,21.86,Wood,
FC-158MA,FC Warm White #158 Maple,1,1.75,0.313,,,33.48,Wood,
158MI,Rising White #158 Maple,1,1.75,0.313,11.4,16.19,21.86,Wood,
FC-158MI,FC Rising White #158 Maple,1,1.75,0.313,,,33.48,Wood,
158M1,Light Grey #158 Maple,1,1.75,0.313,11.4,16.19,21.86,Wood,
FC-158M1,FC Light Grey #158 Maple,1,1.75,0.313,,,33.48,Wood,
158M2,Medium Grey #158 Maple,1,1.75,0.313,11.4,16.19,21.86,Wood,
FC-158M2,FC Medium Grey #158 Maple,1,1.75,0.313,,,33.48,Wood,
158M3,Dark Grey #158 Maple,1,1.75,0.313,11.4,16.19,21.86,Wood,
FC-158M3,FC Dark Grey #158 Maple,1,1.75,0.313,,,33.48,Wood,
158M9,Wheat #158 Maple,1,1.75,0.313,12.19,17.31,23.37,Wood,
FC-158M9,FC Wheat #158 Maple,1,1.75,0.313,,,33.48,Wood,
158WR,Raw #158 Walnut,1,1.75,0.313,14.74,21.52,32.28,Wood,
FC-158WR,FC Raw #158 Walnut,1,1.75,0.313,,,42.15,Wood,
158WF,Oil & Wax #158 Walnut,1,1.75,0.313,19.33,28.22,38.1,Wood,
FC-158WF,FC Oil & Wax #158 Walnut,1,1.75,0.313,,,42.83,Wood,
158WP,Padauk #158 Walnut,1,1.75,0.313,20.17,29.45,39.76,Wood,
FC-158WP,FC Padauk #158 Walnut,1,1.75,0.313,,,43.52,Wood,
158WB,Special Dark #158 Walnut,1,1.75,0.313,20.17,29.45,39.76,Wood,
FC-158WB,FC Special Dark #158 Walnut,1,1.75,0.313,,,43.52,Wood,
158WE,Ebony #158 Walnut,1,1.75,0.313,19.33,28.22,38.1,Wood,
FC-158WE,FC Ebony #158 Walnut,1,1.75,0.313,,,43.52,Wood,
158WK,Satin Black #158 Walnut,1,1.75,0.313,18.54,27.07,36.54,Wood,
FC-158WK,FC Satin Black #158 Walnut,1,1.75,0.313,,,42.83,Wood,
158W1,Light Grey #158 Walnut,1,1.75,0.313,18.54,27.07,36.54,Wood,
FC-158W1,FC Light Grey #158 Walnut,1,1.75,0.313,,,42.83,Wood,
158W2,Medium Grey #158 Walnut,1,1.75,0.313,18.54,27.07,36.54,Wood,
FC-158W2,FC Medium Grey #158 Walnut,1,1.75,0.313,,,42.83,Wood,
158W3,Dark Grey #158 Walnut,1,1.75,0.313,18.54,27.07,36.54,Wood,
FC-158W3,FC Dark Grey #158 Walnut,1,1.75,0.313,,,42.83,Wood,
158VR,Raw #158 White Oak,1,1.75,0.313,8.96,14.78,22.17,Wood,
FC-158VR,FC Raw #158 White Oak,1,1.75,0.313,,,35.41,Wood,
158VF,Oil & Wax #158 White Oak,1,1.75,0.313,12.22,20.16,27.22,Wood,
FC-158VF,FC Oil & Wax #158 White Oak,1,1.75,0.313,,,36.09,Wood,
158VL,Clear Lacquer #158 White Oak,1,1.75,0.313,12.76,21.05,28.42,Wood,
FC-158VL,FC Clear Lacquer #158 White Oak,1,1.75,0.313,,,36.09,Wood,
158VC,Charcoal #158 White Oak,1,1.75,0.313,14.39,23.74,32.05,Wood,
FC-158VC,FC Charcoal #158 White Oak,1,1.75,0.313,,,36.78,Wood,
158VM,Mission #158 White Oak,1,1.75,0.313,14.39,23.74,32.05,Wood,
FC-158VM,FC Mission #158 White Oak,1,1.75,0.313,,,36.78,Wood,
158V7,Bleached #158 White Oak,1,1.75,0.313,14.39,23.74,32.05,Wood,
FC-158V7,FC Bleached #158 White Oak,1,1.75,0.313,,,36.78,Wood,
164AR,Raw #164 Ash,0.75,2,0.25,4.83,6.86,10.29,Wood,
FC-164AR,FC Raw #164 Ash,0.75,2,0.25,,,27.49,Wood,
164AF,Oil & Wax #164 Ash,0.75,2,0.25,8.09,11.49,15.51,Wood,
FC-164AF,FC Oil & Wax #164 Ash,0.75,2,0.25,,,28.17,Wood,
164AL,Clear Lacquer #164 Ash,0.75,2,0.25,8.63,12.25,16.54,Wood,
FC-164AL,FC Clear Lacquer #164 Ash,0.75,2,0.25,,,28.17,Wood,
164AW,WhiteWash #164 Ash,0.75,2,0.25,10.53,14.95,20.18,Wood,
FC-164AW,FC WhiteWash #164 Ash,0.75,2,0.25,,,28.86,Wood,
164AT,White #164 Ash,0.75,2,0.25,10.53,14.95,20.18,Wood,
FC-164AT,FC White #164 Ash,0.75,2,0.25,,,30.24,Wood,
164AK,Satin Black #164 Ash,0.75,2,0.25,10.53,14.95,20.18,Wood,
FC-164AK,FC Satin Black #164 Ash,0.75,2,0.25,,,30.24,Wood,
164AA,Warm White #164 Ash,0.75,2,0.25,10.53,14.95,20.18,Wood,
FC-164AA,FC Warm White #164 Ash,0.75,2,0.25,,,30.24,Wood,
164AC,Charcoal #164 Ash,0.75,2,0.25,10.53,14.95,20.18,Wood,
FC-164AC,FC Charcoal #164 Ash,0.75,2,0.25,,,30.24,Wood,
164AI,Rising White #164 Ash,0.75,2,0.25,10.53,14.95,20.18,Wood,
FC-164AI,FC Rising White #164 Ash,0.75,2,0.25,,,30.24,Wood,
164A1,Light Grey #164 Ash,0.75,2,0.25,10.53,14.95,20.18,Wood,
FC-164A1,FC Light Grey #164 Ash,0.75,2,0.25,,,30.24,Wood,
164A2,Medium Grey #164 Ash,0.75,2,0.25,10.53,14.95,20.18,Wood,
FC-164A2,FC Medium Grey #164 Ash,0.75,2,0.25,,,30.24,Wood,
164A3,Dark Grey #164 Ash,0.75,2,0.25,10.53,14.95,20.18,Wood,
FC-164A3,FC Dark Grey #164 Ash,0.75,2,0.25,,,30.24,Wood,
164CR,Raw #164 Cherry,0.75,2,0.25,5.72,8.35,12.52,Wood,
FC-164CR,FC Raw #164 Cherry,0.75,2,0.25,,,28.98,Wood,
164CF,Oil & Wax #164 Cherry,0.75,2,0.25,9.25,13.5,18.23,Wood,
FC-164CF,FC Oil & Wax #164 Cherry,0.75,2,0.25,,,29.66,Wood,
164CL,Clear Lacquer #164 Cherry,0.75,2,0.25,11.15,16.28,21.98,Wood,
FC-164CL,FC Clear Lacquer #164 Cherry,0.75,2,0.25,,,31.04,Wood,
164CG,Aged #164 Cherry,0.75,2,0.25,11.15,16.28,21.98,Wood,
FC-164CG,FC Aged #164 Cherry,0.75,2,0.25,,,31.04,Wood,
164CQ,Antique #164 Cherry,0.75,2,0.25,11.15,16.28,21.98,Wood,
FC-164CQ,FC Antique #164 Cherry,0.75,2,0.25,,,31.04,Wood,
164CD,Black Cherry #164 Cherry,0.75,2,0.25,11.15,16.28,21.98,Wood,
FC-164CD,FC Black Cherry #164 Cherry,0.75,2,0.25,,,31.73,Wood,
164MR,Raw #164 Maple,0.75,2,0.25,5.71,7.88,11.82,Wood,
FC-164MR,FC Raw #164 Maple,0.75,2,0.25,,,28.51,Wood,
164MF,Oil & Wax #164 Maple,0.75,2,0.25,8.97,12.38,16.71,Wood,
FC-164MF,FC Oil & Wax #164 Maple,0.75,2,0.25,,,29.19,Wood,
164ML,Clear Lacquer #164 Maple,0.75,2,0.25,9.24,12.75,17.21,Wood,
FC-164ML,FC Clear Lacquer #164 Maple,0.75,2,0.25,,,29.19,Wood,
164MW,WhiteWash #164 Maple,0.75,2,0.25,10.3,14.21,19.18,Wood,
FC-164MW,FC WhiteWash #164 Maple,0.75,2,0.25,,,29.88,Wood,
164MT,White #164 Maple,0.75,2,0.25,9.51,13.12,17.71,Wood,
FC-164MT,FC White #164 Maple,0.75,2,0.25,,,30.57,Wood,
164MK,Satin Black #164 Maple,0.75,2,0.25,9.51,13.12,17.71,Wood,
FC-164MK,FC Satin Black #164 Maple,0.75,2,0.25,,,30.57,Wood,
164MA,Warm White #164 Maple,0.75,2,0.25,9.51,13.12,17.71,Wood,
FC-164MA,FC Warm White #164 Maple,0.75,2,0.25,,,30.57,Wood,
164MI,Rising White #164 Maple,0.75,2,0.25,9.51,13.12,17.71,Wood,
FC-164MI,FC Rising White #164 Maple,0.75,2,0.25,,,30.57,Wood,
164M1,Light Grey #164 Maple,0.75,2,0.25,9.51,13.12,17.71,Wood,
FC-164M1,FC Light Grey #164 Maple,0.75,2,0.25,,,30.57,Wood,
164M2,Medium Grey #164 Maple,0.75,2,0.25,9.51,13.12,17.71,Wood,
FC-164M2,FC Medium Grey #164 Maple,0.75,2,0.25,,,30.57,Wood,
164M3,Dark Grey #164 Maple,0.75,2,0.25,9.51,13.12,17.71,Wood,
FC-164M3,FC Dark Grey #164 Maple,0.75,2,0.25,,,30.57,Wood,
164M9,Wheat #164 Maple,0.75,2,0.25,10.3,14.21,19.18,Wood,
FC-164M9,FC Wheat #164 Maple,0.75,2,0.25,,,30.57,Wood,
164OR,Raw #164 Oak,0.75,2,0.25,4.65,6.42,9.63,Wood,
FC-164OR,FC Raw #164 Oak,0.75,2,0.25,,,27.05,Wood,
164OF,Oil & Wax #164 Oak,0.75,2,0.25,7.91,10.92,14.74,Wood,
FC-164OF,FC Oil & Wax #164 Oak,0.75,2,0.25,,,27.73,Wood,
164OL,Clear Lacquer #164 Oak,0.75,2,0.25,8.18,11.29,15.24,Wood,
FC-164OL,FC Clear Lacquer #164 Oak,0.75,2,0.25,,,27.73,Wood,
164WR,Raw #164 Walnut,0.75,2,0.25,10.52,15.78,23.67,Wood,
FC-164WR,FC Raw #164 Walnut,0.75,2,0.25,,,36.41,Wood,
164WF,Oil & Wax #164 Walnut,0.75,2,0.25,15.11,22.66,30.59,Wood,
FC-164WF,FC Oil & Wax #164 Walnut,0.75,2,0.25,,,37.09,Wood,
164WP,Padauk #164 Walnut,0.75,2,0.25,15.95,23.92,32.29,Wood,
FC-164WP,FC Padauk #164 Walnut,0.75,2,0.25,,,37.78,Wood,
164WB,Special Dark #164 Walnut,0.75,2,0.25,15.95,23.92,32.29,Wood,
FC-164WB,FC Special Dark #164 Walnut,0.75,2,0.25,,,37.78,Wood,
164WE,Ebony #164 Walnut,0.75,2,0.25,15.11,22.66,30.59,Wood,
FC-164WE,FC Ebony #164 Walnut,0.75,2,0.25,,,37.78,Wood,
164WK,Satin Black #164 Walnut,0.75,2,0.25,14.32,21.48,29,Wood,
FC-164WK,FC Satin Black #164 Walnut,0.75,2,0.25,,,37.09,Wood,
164W1,Light Grey #164 Walnut,0.75,2,0.25,14.32,21.48,29,Wood,
FC-164W1,FC Light Grey #164 Walnut,0.75,2,0.25,,,37.09,Wood,
164W2,Medium Grey #164 Walnut,0.75,2,0.25,14.32,21.48,29,Wood,
FC-164W2,FC Medium Grey #164 Walnut,0.75,2,0.25,,,37.09,Wood,
164W3,Dark Grey #164 Walnut,0.75,2,0.25,14.32,21.48,29,Wood,
FC-164W3,FC Dark Grey #164 Walnut,0.75,2,0.25,,,37.09,Wood,
164VR,Raw #164 White Oak,0.75,2,0.25,6.85,11.3,16.95,Wood,
FC-164VR,FC Raw #164 White Oak,0.75,2,0.25,,,31.93,Wood,
164VF,Oil & Wax #164 White Oak,0.75,2,0.25,10.11,16.68,22.52,Wood,
FC-164VF,FC Oil & Wax #164 White Oak,0.75,2,0.25,,,32.61,Wood,
164VL,Clear Lacquer #164 White Oak,0.75,2,0.25,10.65,17.57,23.72,Wood,
FC-164VL,FC Clear Lacquer #164 White Oak,0.75,2,0.25,,,32.61,Wood,
164VC,Charcoal #164 White Oak,0.75,2,0.25,12.28,20.26,27.35,Wood,
FC-164VC,FC Charcoal #164 White Oak,0.75,2,0.25,,,33.3,Wood,
164VM,Mission #164 White Oak,0.75,2,0.25,12.28,20.26,27.35,Wood,
FC-164VM,FC Mission #164 White Oak,0.75,2,0.25,,,33.3,Wood,
164V7,Bleached #164 White Oak,0.75,2,0.25,12.28,20.26,27.35,Wood,
FC-164V7,FC Bleached #164 White Oak,0.75,2,0.25,,,33.3,Wood,
184AR,Raw #184 Ash,0.75,2.5,0.25,5.33,7.78,11.67,Wood,
FC-184AR,FC Raw #184 Ash,0.75,2.5,0.25,,,28.41,Wood,
184AF,Oil & Wax #184 Ash,0.75,2.5,0.25,8.59,12.54,16.93,Wood,
FC-184AF,FC Oil & Wax #184 Ash,0.75,2.5,0.25,,,29.09,Wood,
184AL,Clear Lacquer #184 Ash,0.75,2.5,0.25,9.13,13.33,18,Wood,
FC-184AL,FC Clear Lacquer #184 Ash,0.75,2.5,0.25,,,29.09,Wood,
184AW,WhiteWash #184 Ash,0.75,2.5,0.25,11.03,16.1,21.74,Wood,
FC-184AW,FC WhiteWash #184 Ash,0.75,2.5,0.25,,,29.78,Wood,
184AT,White #184 Ash,0.75,2.5,0.25,11.03,16.1,21.74,Wood,
FC-184AT,FC White #184 Ash,0.75,2.5,0.25,,,31.16,Wood,
184AK,Satin Black #184 Ash,0.75,2.5,0.25,11.03,16.1,21.74,Wood,
FC-184AK,FC Satin Black #184 Ash,0.75,2.5,0.25,,,31.16,Wood,
184AA,Warm White #184 Ash,0.75,2.5,0.25,11.03,16.1,21.74,Wood,
FC-184AA,FC Warm White #184 Ash,0.75,2.5,0.25,,,31.16,Wood,
184AC,Charcoal #184 Ash,0.75,2.5,0.25,11.03,16.1,21.74,Wood,
FC-184AC,FC Charcoal #184 Ash,0.75,2.5,0.25,,,31.16,Wood,
184AI,Rising White #184 Ash,0.75,2.5,0.25,11.03,16.1,21.74,Wood,
FC-184AI,FC Rising White #184 Ash,0.75,2.5,0.25,,,31.16,Wood,
184A1,Light Grey #184 Ash,0.75,2.5,0.25,11.03,16.1,21.74,Wood,
FC-184A1,FC Light Grey #184 Ash,0.75,2.5,0.25,,,31.16,Wood,
184A2,Medium Grey #184 Ash,0.75,2.5,0.25,11.03,16.1,21.74,Wood,
FC-184A2,FC Medium Grey #184 Ash,0.75,2.5,0.25,,,31.16,Wood,
184A3,Dark Grey #184 Ash,0.75,2.5,0.25,11.03,16.1,21.74,Wood,
FC-184A3,FC Dark Grey #184 Ash,0.75,2.5,0.25,,,31.16,Wood,
184CR,Raw #184 Cherry,0.75,2.5,0.25,7.31,10.96,16.44,Wood,
FC-184CR,FC Raw #184 Cherry,0.75,2.5,0.25,,,31.59,Wood,
184CF,Oil & Wax #184 Cherry,0.75,2.5,0.25,10.84,16.26,21.95,Wood,
FC-184CF,FC Oil & Wax #184 Cherry,0.75,2.5,0.25,,,32.27,Wood,
184CL,Clear Lacquer #184 Cherry,0.75,2.5,0.25,12.74,19.11,25.8,Wood,
FC-184CL,FC Clear Lacquer #184 Cherry,0.75,2.5,0.25,,,33.65,Wood,
184CG,Aged #184 Cherry,0.75,2.5,0.25,12.74,19.11,25.8,Wood,
FC-184CG,FC Aged #184 Cherry,0.75,2.5,0.25,,,33.65,Wood,
184CQ,Antique #184 Cherry,0.75,2.5,0.25,12.74,19.11,25.8,Wood,
FC-184CQ,FC Antique #184 Cherry,0.75,2.5,0.25,,,33.65,Wood,
184CD,Black Cherry #184 Cherry,0.75,2.5,0.25,12.74,19.11,25.8,Wood,
FC-184CD,FC Black Cherry #184 Cherry,0.75,2.5,0.25,,,34.34,Wood,
184MR,Raw #184 Maple,0.75,2.5,0.25,6.97,9.9,14.85,Wood,
FC-184MR,FC Raw #184 Maple,0.75,2.5,0.25,,,30.53,Wood,
184MF,Oil & Wax #184 Maple,0.75,2.5,0.25,10.23,14.53,19.62,Wood,
FC-184MF,FC Oil & Wax #184 Maple,0.75,2.5,0.25,,,31.21,Wood,
184ML,Clear Lacquer #184 Maple,0.75,2.5,0.25,10.5,14.91,20.13,Wood,
FC-184ML,FC Clear Lacquer #184 Maple,0.75,2.5,0.25,,,31.21,Wood,
184MW,WhiteWash #184 Maple,0.75,2.5,0.25,11.56,16.42,22.17,Wood,
FC-184MW,FC WhiteWash #184 Maple,0.75,2.5,0.25,,,31.9,Wood,
184MT,White #184 Maple,0.75,2.5,0.25,10.77,15.29,20.64,Wood,
FC-184MT,FC White #184 Maple,0.75,2.5,0.25,,,32.59,Wood,
184MK,Satin Black #184 Maple,0.75,2.5,0.25,10.77,15.29,20.64,Wood,
FC-184MK,FC Satin Black #184 Maple,0.75,2.5,0.25,,,32.59,Wood,
184MA,Warm White #184 Maple,0.75,2.5,0.25,10.77,15.29,20.64,Wood,
FC-184MA,FC Warm White #184 Maple,0.75,2.5,0.25,,,32.59,Wood,
184MI,Rising White #184 Maple,0.75,2.5,0.25,10.77,15.29,20.64,Wood,
FC-184MI,FC Rising White #184 Maple,0.75,2.5,0.25,,,32.59,Wood,
184M1,Light Grey #184 Maple,0.75,2.5,0.25,10.77,15.29,20.64,Wood,
FC-184M1,FC Light Grey #184 Maple,0.75,2.5,0.25,,,32.59,Wood,
184M2,Medium Grey #184 Maple,0.75,2.5,0.25,10.77,15.29,20.64,Wood,
FC-184M2,FC Medium Grey #184 Maple,0.75,2.5,0.25,,,32.59,Wood,
184M3,Dark Grey #184 Maple,0.75,2.5,0.25,10.77,15.29,20.64,Wood,
FC-184M3,FC Dark Grey #184 Maple,0.75,2.5,0.25,,,32.59,Wood,
184M9,Wheat #184 Maple,0.75,2.5,0.25,11.56,16.42,22.17,Wood,
FC-184M9,FC Wheat #184 Maple,0.75,2.5,0.25,,,32.59,Wood,
184WR,Raw #184 Walnut,0.75,2.5,0.25,13.54,19.77,29.66,Wood,
FC-184WR,FC Raw #184 Walnut,0.75,2.5,0.25,,,40.4,Wood,
184WF,Oil & Wax #184 Walnut,0.75,2.5,0.25,18.13,26.47,35.73,Wood,
FC-184WF,FC Oil & Wax #184 Walnut,0.75,2.5,0.25,,,41.08,Wood,
184WP,Padauk #184 Walnut,0.75,2.5,0.25,18.97,27.7,37.4,Wood,
FC-184WP,FC Padauk #184 Walnut,0.75,2.5,0.25,,,41.77,Wood,
184WB,Special Dark #184 Walnut,0.75,2.5,0.25,18.97,27.7,37.4,Wood,
FC-184WB,FC Special Dark #184 Walnut,0.75,2.5,0.25,,,41.77,Wood,
184WE,Ebony #184 Walnut,0.75,2.5,0.25,18.13,26.47,35.73,Wood,
FC-184WE,FC Ebony #184 Walnut,0.75,2.5,0.25,,,41.77,Wood,
184WK,Satin Black #184 Walnut,0.75,2.5,0.25,17.34,25.32,34.18,Wood,
FC-184WK,FC Satin Black #184 Walnut,0.75,2.5,0.25,,,41.08,Wood,
184W1,Light Grey #184 Walnut,0.75,2.5,0.25,17.34,25.32,34.18,Wood,
FC-184W1,FC Light Grey #184 Walnut,0.75,2.5,0.25,,,41.08,Wood,
184W2,Medium Grey #184 Walnut,0.75,2.5,0.25,17.34,25.32,34.18,Wood,
FC-184W2,FC Medium Grey #184 Walnut,0.75,2.5,0.25,,,41.08,Wood,
184W3,Dark Grey #184 Walnut,0.75,2.5,0.25,17.34,25.32,34.18,Wood,
FC-184W3,FC Dark Grey #184 Walnut,0.75,2.5,0.25,,,41.08,Wood,
184VR,Raw #184 White Oak,0.75,2.5,0.25,8.13,13.41,20.12,Wood,
FC-184VR,FC Raw #184 White Oak,0.75,2.5,0.25,,,34.04,Wood,
184VF,Oil & Wax #184 White Oak,0.75,2.5,0.25,11.39,18.79,25.37,Wood,
FC-184VF,FC Oil & Wax #184 White Oak,0.75,2.5,0.25,,,34.72,Wood,
184VL,Clear Lacquer #184 White Oak,0.75,2.5,0.25,11.93,19.68,26.57,Wood,
FC-184VL,FC Clear Lacquer #184 White Oak,0.75,2.5,0.25,,,34.72,Wood,
184VC,Charcoal #184 White Oak,0.75,2.5,0.25,13.56,22.37,30.2,Wood,
FC-184VC,FC Charcoal #184 White Oak,0.75,2.5,0.25,,,35.41,Wood,
184VM,Mission #184 White Oak,0.75,2.5,0.25,13.56,22.37,30.2,Wood,
FC-184VM,FC Mission #184 White Oak,0.75,2.5,0.25,,,35.41,Wood,
184V7,Bleached #184 White Oak,0.75,2.5,0.25,13.56,22.37,30.2,Wood,
FC-184V7,FC Bleached #184 White Oak,0.75,2.5,0.25,,,35.41,Wood,
205AR,Raw #205 Ash,0.75,0.75,0.25,4.05,5.75,9.2,Wood,
FC-205AR,FC Raw #205 Ash,0.75,0.75,0.25,,,26.38,Wood,
205AF,Oil & Wax #205 Ash,0.75,0.75,0.25,7.58,10.76,15.06,Wood,
FC-205AF,FC Oil & Wax #205 Ash,0.75,0.75,0.25,,,27.06,Wood,
205AL,Clear Lacquer #205 Ash,0.75,0.75,0.25,8.64,12.27,17.18,Wood,
FC-205AL,FC Clear Lacquer #205 Ash,0.75,0.75,0.25,,,27.06,Wood,
205AW,WhiteWash #205 Ash,0.75,0.75,0.25,9.75,13.84,19.38,Wood,
FC-205AW,FC WhiteWash #205 Ash,0.75,0.75,0.25,,,27.75,Wood,
205AT,White #205 Ash,0.75,0.75,0.25,9.75,13.84,19.38,Wood,
FC-205AT,FC White #205 Ash,0.75,0.75,0.25,,,29.13,Wood,
205AK,Satin Black #205 Ash,0.75,0.75,0.25,9.75,13.84,19.38,Wood,
FC-205AK,FC Satin Black #205 Ash,0.75,0.75,0.25,,,29.13,Wood,
205AA,Warm White #205 Ash,0.75,0.75,0.25,9.75,13.84,19.38,Wood,
FC-205AA,FC Warm White #205 Ash,0.75,0.75,0.25,,,29.13,Wood,
205AC,Charcoal #205 Ash,0.75,0.75,0.25,9.75,13.84,19.38,Wood,
FC-205AC,FC Charcoal #205 Ash,0.75,0.75,0.25,,,29.13,Wood,
205AI,Rising White #205 Ash,0.75,0.75,0.25,9.75,13.84,19.38,Wood,
FC-205AI,FC Rising White #205 Ash,0.75,0.75,0.25,,,29.13,Wood,
205A1,Light Grey #205 Ash,0.75,0.75,0.25,9.75,13.84,19.38,Wood,
FC-205A1,FC Light Grey #205 Ash,0.75,0.75,0.25,,,29.13,Wood,
205A2,Medium Grey #205 Ash,0.75,0.75,0.25,9.75,13.84,19.38,Wood,
FC-205A2,FC Medium Grey #205 Ash,0.75,0.75,0.25,,,29.13,Wood,
205A3,Dark Grey #205 Ash,0.75,0.75,0.25,9.75,13.84,19.38,Wood,
FC-205A3,FC Dark Grey #205 Ash,0.75,0.75,0.25,,,29.13,Wood,
205CR,Raw #205 Cherry,0.75,0.75,0.25,4.13,6.03,9.65,Wood,
FC-205CR,FC Raw #205 Cherry,0.75,0.75,0.25,,,26.66,Wood,
205CF,Oil & Wax #205 Cherry,0.75,0.75,0.25,7.93,11.58,16.21,Wood,
FC-205CF,FC Oil & Wax #205 Cherry,0.75,0.75,0.25,,,27.34,Wood,
205CL,Clear Lacquer #205 Cherry,0.75,0.75,0.25,9.83,14.35,20.09,Wood,
FC-205CL,FC Clear Lacquer #205 Cherry,0.75,0.75,0.25,,,28.72,Wood,
205CG,Aged #205 Cherry,0.75,0.75,0.25,9.83,14.35,20.09,Wood,
FC-205CG,FC Aged #205 Cherry,0.75,0.75,0.25,,,28.72,Wood,
205CQ,Antique #205 Cherry,0.75,0.75,0.25,9.83,14.35,20.09,Wood,
FC-205CQ,FC Antique #205 Cherry,0.75,0.75,0.25,,,28.72,Wood,
205CD,Black Cherry #205 Cherry,0.75,0.75,0.25,9.83,14.35,20.09,Wood,
FC-205CD,FC Black Cherry #205 Cherry,0.75,0.75,0.25,,,29.41,Wood,
205MR,Raw #205 Maple,0.75,0.75,0.25,4.46,6.15,9.84,Wood,
FC-205MR,FC Raw #205 Maple,0.75,0.75,0.25,,,26.78,Wood,
205MF,Oil & Wax #205 Maple,0.75,0.75,0.25,7.99,11.03,15.44,Wood,
FC-205MF,FC Oil & Wax #205 Maple,0.75,0.75,0.25,,,27.46,Wood,
205ML,Clear Lacquer #205 Maple,0.75,0.75,0.25,8.26,11.4,15.96,Wood,
FC-205ML,FC Clear Lacquer #205 Maple,0.75,0.75,0.25,,,27.46,Wood,
205MW,WhiteWash #205 Maple,0.75,0.75,0.25,9.89,13.65,19.11,Wood,
FC-205MW,FC WhiteWash #205 Maple,0.75,0.75,0.25,,,28.15,Wood,
205MT,White #205 Maple,0.75,0.75,0.25,9.05,12.49,17.49,Wood,
FC-205MT,FC White #205 Maple,0.75,0.75,0.25,,,28.84,Wood,
205MK,Satin Black #205 Maple,0.75,0.75,0.25,9.05,12.49,17.49,Wood,
FC-205MK,FC Satin Black #205 Maple,0.75,0.75,0.25,,,28.84,Wood,
205MA,Warm White #205 Maple,0.75,0.75,0.25,9.05,12.49,17.49,Wood,
FC-205MA,FC Warm White #205 Maple,0.75,0.75,0.25,,,28.84,Wood,
205MI,Rising White #205 Maple,0.75,0.75,0.25,9.05,12.49,17.49,Wood,
FC-205MI,FC Rising White #205 Maple,0.75,0.75,0.25,,,28.84,Wood,
205M1,Light Grey #205 Maple,0.75,0.75,0.25,8.26,11.4,15.96,Wood,
FC-205M1,FC Light Grey #205 Maple,0.75,0.75,0.25,,,28.84,Wood,
205M2,Medium Grey #205 Maple,0.75,0.75,0.25,8.26,11.4,15.96,Wood,
FC-205M2,FC Medium Grey #205 Maple,0.75,0.75,0.25,,,28.84,Wood,
205M3,Dark Grey #205 Maple,0.75,0.75,0.25,8.26,11.4,15.96,Wood,
FC-205M3,FC Dark Grey #205 Maple,0.75,0.75,0.25,,,28.84,Wood,
205M9,Wheat #205 Maple,0.75,0.75,0.25,9.05,12.49,17.49,Wood,
FC-205M9,FC Wheat #205 Maple,0.75,0.75,0.25,,,28.84,Wood,
205OR,Raw #205 Oak,0.75,0.75,0.25,3.77,5.2,8.32,Wood,
FC-205OR,FC Raw #205 Oak,0.75,0.75,0.25,,,25.83,Wood,
205OF,Oil & Wax #205 Oak,0.75,0.75,0.25,7.3,10.07,14.1,Wood,
FC-205OF,FC Oil & Wax #205 Oak,0.75,0.75,0.25,,,26.51,Wood,
205OL,Clear Lacquer #205 Oak,0.75,0.75,0.25,7.57,10.45,14.63,Wood,
FC-205OL,FC Clear Lacquer #205 Oak,0.75,0.75,0.25,,,26.51,Wood,
205WR,Raw #205 Walnut,0.75,0.75,0.25,8.47,12.37,19.79,Wood,
FC-205WR,FC Raw #205 Walnut,0.75,0.75,0.25,,,33,Wood,
205WF,Oil & Wax #205 Walnut,0.75,0.75,0.25,13.9,20.29,28.41,Wood,
FC-205WF,FC Oil & Wax #205 Walnut,0.75,0.75,0.25,,,33.68,Wood,
205WP,Padauk #205 Walnut,0.75,0.75,0.25,14.17,20.69,28.97,Wood,
FC-205WP,FC Padauk #205 Walnut,0.75,0.75,0.25,,,34.37,Wood,
205WB,Special Dark #205 Walnut,0.75,0.75,0.25,14.17,20.69,28.97,Wood,
FC-205WB,FC Special Dark #205 Walnut,0.75,0.75,0.25,,,34.37,Wood,
205WE,Ebony #205 Walnut,0.75,0.75,0.25,13.9,20.29,28.41,Wood,
FC-205WE,FC Ebony #205 Walnut,0.75,0.75,0.25,,,34.37,Wood,
205WK,Satin Black #205 Walnut,0.75,0.75,0.25,13.06,19.07,26.7,Wood,
FC-205WK,FC Satin Black #205 Walnut,0.75,0.75,0.25,,,33.68,Wood,
205W1,Light Grey #205 Walnut,0.75,0.75,0.25,13.06,19.07,26.7,Wood,
FC-205W1,FC Light Grey #205 Walnut,0.75,0.75,0.25,,,33.68,Wood,
205W2,Medium Grey #205 Walnut,0.75,0.75,0.25,13.06,19.07,26.7,Wood,
FC-205W2,FC Medium Grey #205 Walnut,0.75,0.75,0.25,,,33.68,Wood,
205W3,Dark Grey #205 Walnut,0.75,0.75,0.25,13.06,19.07,26.7,Wood,
FC-205W3,FC Dark Grey #205 Walnut,0.75,0.75,0.25,,,33.68,Wood,
215CR,Raw #215 Cherry,0.75,1.062,0.25,4.51,6.58,10.53,Wood,
FC-215CR,FC Raw #215 Cherry,0.75,1.062,0.25,,,27.21,Wood,
215CF,Oil & Wax #215 Cherry,0.75,1.062,0.25,8.31,12.13,16.98,Wood,
FC-215CF,FC Oil & Wax #215 Cherry,0.75,1.062,0.25,,,27.89,Wood,
215CL,Clear Lacquer #215 Cherry,0.75,1.062,0.25,10.21,14.91,20.87,Wood,
FC-215CL,FC Clear Lacquer #215 Cherry,0.75,1.062,0.25,,,29.27,Wood,
215CG,Aged #215 Cherry,0.75,1.062,0.25,10.21,14.91,20.87,Wood,
FC-215CG,FC Aged #215 Cherry,0.75,1.062,0.25,,,29.27,Wood,
215CQ,Antique #215 Cherry,0.75,1.062,0.25,10.21,14.91,20.87,Wood,
FC-215CQ,FC Antique #215 Cherry,0.75,1.062,0.25,,,29.27,Wood,
215CD,Black Cherry #215 Cherry,0.75,1.062,0.25,10.21,14.91,20.87,Wood,
FC-215CD,FC Black Cherry #215 Cherry,0.75,1.062,0.25,,,29.96,Wood,
215MR,Raw #215 Maple,0.75,1.062,0.25,4.86,6.71,10.74,Wood,
FC-215MR,FC Raw #215 Maple,0.75,1.062,0.25,,,27.34,Wood,
215MF,Oil & Wax #215 Maple,0.75,1.062,0.25,8.39,11.58,16.21,Wood,
FC-215MF,FC Oil & Wax #215 Maple,0.75,1.062,0.25,,,28.02,Wood,
215ML,Clear Lacquer #215 Maple,0.75,1.062,0.25,8.66,11.95,16.73,Wood,
FC-215ML,FC Clear Lacquer #215 Maple,0.75,1.062,0.25,,,28.02,Wood,
215MW,WhiteWash #215 Maple,0.75,1.062,0.25,10.29,14.2,19.88,Wood,
FC-215MW,FC WhiteWash #215 Maple,0.75,1.062,0.25,,,28.71,Wood,
215MT,White #215 Maple,0.75,1.062,0.25,9.45,13.04,18.26,Wood,
FC-215MT,FC White #215 Maple,0.75,1.062,0.25,,,29.4,Wood,
215MK,Satin Black #215 Maple,0.75,1.062,0.25,9.45,13.04,18.26,Wood,
FC-215MK,FC Satin Black #215 Maple,0.75,1.062,0.25,,,29.4,Wood,
215MA,Warm White #215 Maple,0.75,1.062,0.25,9.45,13.04,18.26,Wood,
FC-215MA,FC Warm White #215 Maple,0.75,1.062,0.25,,,29.4,Wood,
215MI,Rising White #215 Maple,0.75,1.062,0.25,9.45,13.04,18.26,Wood,
FC-215MI,FC Rising White #215 Maple,0.75,1.062,0.25,,,29.4,Wood,
215M1,Light Grey #215 Maple,0.75,1.062,0.25,8.66,11.95,16.73,Wood,
FC-215M1,FC Light Grey #215 Maple,0.75,1.062,0.25,,,29.4,Wood,
215M2,Medium Grey #215 Maple,0.75,1.062,0.25,8.66,11.95,16.73,Wood,
FC-215M2,FC Medium Grey #215 Maple,0.75,1.062,0.25,,,29.4,Wood,
215M3,Dark Grey #215 Maple,0.75,1.062,0.25,8.66,11.95,16.73,Wood,
FC-215M3,FC Dark Grey #215 Maple,0.75,1.062,0.25,,,29.4,Wood,
215M9,Wheat #215 Maple,0.75,1.062,0.25,9.45,13.04,18.26,Wood,
FC-215M9,FC Wheat #215 Maple,0.75,1.062,0.25,,,29.4,Wood,
215WR,Raw #215 Walnut,0.75,1.062,0.25,9.02,13.17,21.07,Wood,
FC-215WR,FC Raw #215 Walnut,0.75,1.062,0.25,,,33.8,Wood,
215WF,Oil & Wax #215 Walnut,0.75,1.062,0.25,14.45,21.1,29.54,Wood,
FC-215WF,FC Oil & Wax #215 Walnut,0.75,1.062,0.25,,,34.48,Wood,
215WP,Padauk #215 Walnut,0.75,1.062,0.25,14.72,21.49,30.09,Wood,
FC-215WP,FC Padauk #215 Walnut,0.75,1.062,0.25,,,35.17,Wood,
215WB,Special Dark #215 Walnut,0.75,1.062,0.25,14.72,21.49,30.09,Wood,
FC-215WB,FC Special Dark #215 Walnut,0.75,1.062,0.25,,,35.17,Wood,
215WE,Ebony #215 Walnut,0.75,1.062,0.25,14.45,21.1,29.54,Wood,
FC-215WE,FC Ebony #215 Walnut,0.75,1.062,0.25,,,35.17,Wood,
215WK,Satin Black #215 Walnut,0.75,1.062,0.25,13.61,19.87,27.82,Wood,
FC-215WK,FC Satin Black #215 Walnut,0.75,1.062,0.25,,,34.48,Wood,
215W1,Light Grey #215 Walnut,0.75,1.062,0.25,13.61,19.87,27.82,Wood,
FC-215W1,FC Light Grey #215 Walnut,0.75,1.062,0.25,,,34.48,Wood,
215W2,Medium Grey #215 Walnut,0.75,1.062,0.25,13.61,19.87,27.82,Wood,
FC-215W2,FC Medium Grey #215 Walnut,0.75,1.062,0.25,,,34.48,Wood,
215W3,Dark Grey #215 Walnut,0.75,1.062,0.25,13.61,19.87,27.82,Wood,
FC-215W3,FC Dark Grey #215 Walnut,0.75,1.062,0.25,,,34.48,Wood,
216CR,Raw #216 Cherry,0.625,1.062,0.25,4.51,6.58,10.53,Wood,
FC-216CR,FC Raw #216 Cherry,0.625,1.062,0.25,,,27.21,Wood,
216CF,Oil & Wax #216 Cherry,0.625,1.062,0.25,8.31,12.13,16.98,Wood,
FC-216CF,FC Oil & Wax #216 Cherry,0.625,1.062,0.25,,,27.89,Wood,
216CL,Clear Lacquer #216 Cherry,0.625,1.062,0.25,10.21,14.91,20.87,Wood,
FC-216CL,FC Clear Lacquer #216 Cherry,0.625,1.062,0.25,,,29.27,Wood,
216CG,Aged #216 Cherry,0.625,1.062,0.25,10.21,14.91,20.87,Wood,
FC-216CG,FC Aged #216 Cherry,0.625,1.062,0.25,,,29.27,Wood,
216CQ,Antique #216 Cherry,0.625,1.062,0.25,10.21,14.91,20.87,Wood,
FC-216CQ,FC Antique #216 Cherry,0.625,1.062,0.25,,,29.27,Wood,
216CD,Black Cherry #216 Cherry,0.625,1.062,0.25,10.21,14.91,20.87,Wood,
FC-216CD,FC Black Cherry #216 Cherry,0.625,1.062,0.25,,,29.96,Wood,
216MR,Raw #216 Maple,0.625,1.062,0.25,4.86,6.71,10.74,Wood,
FC-216MR,FC Raw #216 Maple,0.625,1.062,0.25,,,27.34,Wood,
216MF,Oil & Wax #216 Maple,0.625,1.062,0.25,8.39,11.58,16.21,Wood,
FC-216MF,FC Oil & Wax #216 Maple,0.625,1.062,0.25,,,28.02,Wood,
216ML,Clear Lacquer #216 Maple,0.625,1.062,0.25,8.66,11.95,16.73,Wood,
FC-216ML,FC Clear Lacquer #216 Maple,0.625,1.062,0.25,,,28.02,Wood,
216MW,WhiteWash #216 Maple,0.625,1.062,0.25,10.29,14.2,19.88,Wood,
FC-216MW,FC WhiteWash #216 Maple,0.625,1.062,0.25,,,28.71,Wood,
216MT,White #216 Maple,0.625,1.062,0.25,9.45,13.04,18.26,Wood,
FC-216MT,FC White #216 Maple,0.625,1.062,0.25,,,29.4,Wood,
216MK,Satin Black #216 Maple,0.625,1.062,0.25,9.45,13.04,18.26,Wood,
FC-216MK,FC Satin Black #216 Maple,0.625,1.062,0.25,,,29.4,Wood,
216MA,Warm White #216 Maple,0.625,1.062,0.25,9.45,13.04,18.26,Wood,
FC-216MA,FC Warm White #216 Maple,0.625,1.062,0.25,,,29.4,Wood,
216MI,Rising White #216 Maple,0.625,1.062,0.25,9.45,13.04,18.26,Wood,
FC-216MI,FC Rising White #216 Maple,0.625,1.062,0.25,,,29.4,Wood,
216M1,Light Grey #216 Maple,0.625,1.062,0.25,8.66,11.95,16.73,Wood,
FC-216M1,FC Light Grey #216 Maple,0.625,1.062,0.25,,,29.4,Wood,
216M2,Medium Grey #216 Maple,0.625,1.062,0.25,8.66,11.95,16.73,Wood,
FC-216M2,FC Medium Grey #216 Maple,0.625,1.062,0.25,,,29.4,Wood,
216M3,Dark Grey #216 Maple,0.625,1.062,0.25,8.66,11.95,16.73,Wood,
FC-216M3,FC Dark Grey #216 Maple,0.625,1.062,0.25,,,29.4,Wood,
216M9,Wheat #216 Maple,0.625,1.062,0.25,9.45,13.04,18.26,Wood,
FC-216M9,FC Wheat #216 Maple,0.625,1.062,0.25,,,29.4,Wood,
216WR,Raw #216 Walnut,0.625,1.062,0.25,9.02,13.17,21.07,Wood,
FC-216WR,FC Raw #216 Walnut,0.625,1.062,0.25,,,33.8,Wood,
216WF,Oil & Wax #216 Walnut,0.625,1.062,0.25,14.45,21.1,29.54,Wood,
FC-216WF,FC Oil & Wax #216 Walnut,0.625,1.062,0.25,,,34.48,Wood,
216WP,Padauk #216 Walnut,0.625,1.062,0.25,14.72,21.49,30.09,Wood,
FC-216WP,FC Padauk #216 Walnut,0.625,1.062,0.25,,,35.17,Wood,
216WB,Special Dark #216 Walnut,0.625,1.062,0.25,14.72,21.49,30.09,Wood,
FC-216WB,FC Special Dark #216 Walnut,0.625,1.062,0.25,,,35.17,Wood,
216WE,Ebony #216 Walnut,0.625,1.062,0.25,14.45,21.1,29.54,Wood,
FC-216WE,FC Ebony #216 Walnut,0.625,1.062,0.25,,,35.17,Wood,
216WK,Satin Black #216 Walnut,0.625,1.062,0.25,13.61,19.87,27.82,Wood,
FC-216WK,FC Satin Black #216 Walnut,0.625,1.062,0.25,,,34.48,Wood,
216W1,Light Grey #216 Walnut,0.625,1.062,0.25,13.61,19.87,27.82,Wood,
FC-216W1,FC Light Grey #216 Walnut,0.625,1.062,0.25,,,34.48,Wood,
216W2,Medium Grey #216 Walnut,0.625,1.062,0.25,13.61,19.87,27.82,Wood,
FC-216W2,FC Medium Grey #216 Walnut,0.625,1.062,0.25,,,34.48,Wood,
216W3,Dark Grey #216 Walnut,0.625,1.062,0.25,13.61,19.87,27.82,Wood,
FC-216W3,FC Dark Grey #216 Walnut,0.625,1.062,0.25,,,34.48,Wood,
220AR,Raw #220 Ash,0.5,0.562,0.188,4.2,5.96,9.54,Wood,
FC-220AR,FC Raw #220 Ash,0.5,0.562,0.188,,,25.9,Wood,
220AF,Oil & Wax #220 Ash,0.5,0.562,0.188,7.73,10.98,15.37,Wood,
FC-220AF,FC Oil & Wax #220 Ash,0.5,0.562,0.188,,,26.59,Wood,
220AL,Clear Lacquer #220 Ash,0.5,0.562,0.188,8.79,12.48,17.47,Wood,
FC-220AL,FC Clear Lacquer #220 Ash,0.5,0.562,0.188,,,26.59,Wood,
220AW,WhiteWash #220 Ash,0.5,0.562,0.188,9.9,14.06,19.68,Wood,
FC-220AW,FC WhiteWash #220 Ash,0.5,0.562,0.188,,,27.27,Wood,
220AT,White #220 Ash,0.5,0.562,0.188,9.9,14.06,19.68,Wood,
FC-220AT,FC White #220 Ash,0.5,0.562,0.188,,,28.65,Wood,
220AK,Satin Black #220 Ash,0.5,0.562,0.188,9.9,14.06,19.68,Wood,
FC-220AK,FC Satin Black #220 Ash,0.5,0.562,0.188,,,28.65,Wood,
220AA,Warm White #220 Ash,0.5,0.562,0.188,9.9,14.06,19.68,Wood,
FC-220AA,FC Warm White #220 Ash,0.5,0.562,0.188,,,28.65,Wood,
220AC,Charcoal #220 Ash,0.5,0.562,0.188,9.9,14.06,19.68,Wood,
FC-220AC,FC Charcoal #220 Ash,0.5,0.562,0.188,,,28.65,Wood,
220AI,Rising White #220 Ash,0.5,0.562,0.188,9.9,14.06,19.68,Wood,
FC-220AI,FC Rising White #220 Ash,0.5,0.562,0.188,,,28.65,Wood,
220A1,Light Grey #220 Ash,0.5,0.562,0.188,9.9,14.06,19.68,Wood,
FC-220A1,FC Light Grey #220 Ash,0.5,0.562,0.188,,,28.65,Wood,
220A2,Medium Grey #220 Ash,0.5,0.562,0.188,9.9,14.06,19.68,Wood,
FC-220A2,FC Medium Grey #220 Ash,0.5,0.562,0.188,,,28.65,Wood,
220A3,Dark Grey #220 Ash,0.5,0.562,0.188,9.9,14.06,19.68,Wood,
FC-220A3,FC Dark Grey #220 Ash,0.5,0.562,0.188,,,28.65,Wood,
220CR,Raw #220 Cherry,0.5,0.562,0.188,4.11,6,9.6,Wood,
FC-220CR,FC Raw #220 Cherry,0.5,0.562,0.188,,,25.94,Wood,
220CF,Oil & Wax #220 Cherry,0.5,0.562,0.188,7.91,11.55,16.17,Wood,
FC-220CF,FC Oil & Wax #220 Cherry,0.5,0.562,0.188,,,26.63,Wood,
220CL,Clear Lacquer #220 Cherry,0.5,0.562,0.188,9.81,14.32,20.05,Wood,
FC-220CL,FC Clear Lacquer #220 Cherry,0.5,0.562,0.188,,,28,Wood,
220CG,Aged #220 Cherry,0.5,0.562,0.188,9.81,14.32,20.05,Wood,
FC-220CG,FC Aged #220 Cherry,0.5,0.562,0.188,,,28,Wood,
220CQ,Antique #220 Cherry,0.5,0.562,0.188,9.81,14.32,20.05,Wood,
FC-220CQ,FC Antique #220 Cherry,0.5,0.562,0.188,,,28,Wood,
220CD,Black Cherry #220 Cherry,0.5,0.562,0.188,9.81,14.32,20.05,Wood,
FC-220CD,FC Black Cherry #220 Cherry,0.5,0.562,0.188,,,28.69,Wood,
220MR,Raw #220 Maple,0.5,0.562,0.188,4.55,6.28,10.05,Wood,
FC-220MR,FC Raw #220 Maple,0.5,0.562,0.188,,,26.22,Wood,
220MF,Oil & Wax #220 Maple,0.5,0.562,0.188,8.08,11.15,15.61,Wood,
FC-220MF,FC Oil & Wax #220 Maple,0.5,0.562,0.188,,,26.91,Wood,
220ML,Clear Lacquer #220 Maple,0.5,0.562,0.188,8.35,11.52,16.13,Wood,
FC-220ML,FC Clear Lacquer #220 Maple,0.5,0.562,0.188,,,26.91,Wood,
220MW,WhiteWash #220 Maple,0.5,0.562,0.188,9.98,13.77,19.28,Wood,
FC-220MW,FC WhiteWash #220 Maple,0.5,0.562,0.188,,,27.59,Wood,
220MT,White #220 Maple,0.5,0.562,0.188,9.14,12.61,17.65,Wood,
FC-220MT,FC White #220 Maple,0.5,0.562,0.188,,,28.28,Wood,
220MK,Satin Black #220 Maple,0.5,0.562,0.188,9.14,12.61,17.65,Wood,
FC-220MK,FC Satin Black #220 Maple,0.5,0.562,0.188,,,28.28,Wood,
220MA,Warm White #220 Maple,0.5,0.562,0.188,9.14,12.61,17.65,Wood,
FC-220MA,FC Warm White #220 Maple,0.5,0.562,0.188,,,28.28,Wood,
220MI,Rising White #220 Maple,0.5,0.562,0.188,9.14,12.61,17.65,Wood,
FC-220MI,FC Rising White #220 Maple,0.5,0.562,0.188,,,28.28,Wood,
220M1,Light Grey #220 Maple,0.5,0.562,0.188,8.35,11.52,16.13,Wood,
FC-220M1,FC Light Grey #220 Maple,0.5,0.562,0.188,,,28.28,Wood,
220M2,Medium Grey #220 Maple,0.5,0.562,0.188,8.35,11.52,16.13,Wood,
FC-220M2,FC Medium Grey #220 Maple,0.5,0.562,0.188,,,28.28,Wood,
220M3,Dark Grey #220 Maple,0.5,0.562,0.188,8.35,11.52,16.13,Wood,
FC-220M3,FC Dark Grey #220 Maple,0.5,0.562,0.188,,,28.28,Wood,
220M9,Wheat #220 Maple,0.5,0.562,0.188,9.14,12.61,17.65,Wood,
FC-220M9,FC Wheat #220 Maple,0.5,0.562,0.188,,,28.28,Wood,
220OR,Raw #220 Oak,0.5,0.562,0.188,3.83,5.29,8.46,Wood,
FC-220OR,FC Raw #220 Oak,0.5,0.562,0.188,,,25.23,Wood,
220OF,Oil & Wax #220 Oak,0.5,0.562,0.188,7.36,10.16,14.22,Wood,
FC-220OF,FC Oil & Wax #220 Oak,0.5,0.562,0.188,,,25.92,Wood,
220OL,Clear Lacquer #220 Oak,0.5,0.562,0.188,7.63,10.53,14.74,Wood,
FC-220OL,FC Clear Lacquer #220 Oak,0.5,0.562,0.188,,,25.92,Wood,
220WR,Raw #220 Walnut,0.5,0.562,0.188,7.02,10.25,16.4,Wood,
FC-220WR,FC Raw #220 Walnut,0.5,0.562,0.188,,,30.19,Wood,
220WF,Oil & Wax #220 Walnut,0.5,0.562,0.188,12.45,18.18,25.45,Wood,
FC-220WF,FC Oil & Wax #220 Walnut,0.5,0.562,0.188,,,30.88,Wood,
220WP,Padauk #220 Walnut,0.5,0.562,0.188,12.72,18.57,26,Wood,
FC-220WP,FC Padauk #220 Walnut,0.5,0.562,0.188,,,31.56,Wood,
220WB,Special Dark #220 Walnut,0.5,0.562,0.188,12.72,18.57,26,Wood,
FC-220WB,FC Special Dark #220 Walnut,0.5,0.562,0.188,,,31.56,Wood,
220WE,Ebony #220 Walnut,0.5,0.562,0.188,12.45,18.18,25.45,Wood,
FC-220WE,FC Ebony #220 Walnut,0.5,0.562,0.188,,,31.56,Wood,
220WK,Satin Black #220 Walnut,0.5,0.562,0.188,11.61,16.95,23.73,Wood,
FC-220WK,FC Satin Black #220 Walnut,0.5,0.562,0.188,,,30.88,Wood,
220W1,Light Grey #220 Walnut,0.5,0.562,0.188,11.61,16.95,23.73,Wood,
FC-220W1,FC Light Grey #220 Walnut,0.5,0.562,0.188,,,30.88,Wood,
220W2,Medium Grey #220 Walnut,0.5,0.562,0.188,11.61,16.95,23.73,Wood,
FC-220W2,FC Medium Grey #220 Walnut,0.5,0.562,0.188,,,30.88,Wood,
220W3,Dark Grey #220 Walnut,0.5,0.562,0.188,11.61,16.95,23.73,Wood,
FC-220W3,FC Dark Grey #220 Walnut,0.5,0.562,0.188,,,30.88,Wood,
300AR,Raw #300 Ash,1,0.562,0.25,3,4.26,6.39,Wood,
FC-300AR,FC Raw #300 Ash,1,0.562,0.25,,,24.2,Wood,
300AF,Oil & Wax #300 Ash,1,0.562,0.25,6.26,8.89,12,Wood,
FC-300AF,FC Oil & Wax #300 Ash,1,0.562,0.25,,,24.89,Wood,
300AL,Clear Lacquer #300 Ash,1,0.562,0.25,6.8,9.66,13.04,Wood,
FC-300AL,FC Clear Lacquer #300 Ash,1,0.562,0.25,,,24.89,Wood,
300AW,WhiteWash #300 Ash,1,0.562,0.25,8.7,12.35,16.67,Wood,
FC-300AW,FC WhiteWash #300 Ash,1,0.562,0.25,,,25.57,Wood,
300AT,White #300 Ash,1,0.562,0.25,8.7,12.35,16.67,Wood,
FC-300AT,FC White #300 Ash,1,0.562,0.25,,,26.95,Wood,
300AK,Satin Black #300 Ash,1,0.562,0.25,8.7,12.35,16.67,Wood,
FC-300AK,FC Satin Black #300 Ash,1,0.562,0.25,,,26.95,Wood,
300AA,Warm White #300 Ash,1,0.562,0.25,8.7,12.35,16.67,Wood,
FC-300AA,FC Warm White #300 Ash,1,0.562,0.25,,,26.95,Wood,
300AC,Charcoal #300 Ash,1,0.562,0.25,8.7,12.35,16.67,Wood,
FC-300AC,FC Charcoal #300 Ash,1,0.562,0.25,,,26.95,Wood,
300AI,Rising White #300 Ash,1,0.562,0.25,8.7,12.35,16.67,Wood,
FC-300AI,FC Rising White #300 Ash,1,0.562,0.25,,,26.95,Wood,
300A1,Light Grey #300 Ash,1,0.562,0.25,8.7,12.35,16.67,Wood,
FC-300A1,FC Light Grey #300 Ash,1,0.562,0.25,,,26.95,Wood,
300A2,Medium Grey #300 Ash,1,0.562,0.25,8.7,12.35,16.67,Wood,
FC-300A2,FC Medium Grey #300 Ash,1,0.562,0.25,,,26.95,Wood,
300A3,Dark Grey #300 Ash,1,0.562,0.25,8.7,12.35,16.67,Wood,
FC-300A3,FC Dark Grey #300 Ash,1,0.562,0.25,,,26.95,Wood,
300CR,Raw #300 Cherry,1,0.562,0.25,3.23,4.72,7.08,Wood,
FC-300CR,FC Raw #300 Cherry,1,0.562,0.25,,,24.66,Wood,
300CF,Oil & Wax #300 Cherry,1,0.562,0.25,6.76,9.87,13.32,Wood,
FC-300CF,FC Oil & Wax #300 Cherry,1,0.562,0.25,,,25.35,Wood,
300CL,Clear Lacquer #300 Cherry,1,0.562,0.25,8.66,12.64,17.06,Wood,
FC-300CL,FC Clear Lacquer #300 Cherry,1,0.562,0.25,,,26.72,Wood,
300CG,Aged #300 Cherry,1,0.562,0.25,8.66,12.64,17.06,Wood,
FC-300CG,FC Aged #300 Cherry,1,0.562,0.25,,,26.72,Wood,
300CQ,Antique #300 Cherry,1,0.562,0.25,8.66,12.64,17.06,Wood,
FC-300CQ,FC Antique #300 Cherry,1,0.562,0.25,,,26.72,Wood,
300CD,Black Cherry #300 Cherry,1,0.562,0.25,8.66,12.64,17.06,Wood,
FC-300CD,FC Black Cherry #300 Cherry,1,0.562,0.25,,,27.41,Wood,
300MR,Raw #300 Maple,1,0.562,0.25,3.55,4.9,7.35,Wood,
FC-300MR,FC Raw #300 Maple,1,0.562,0.25,,,24.84,Wood,
300MF,Oil & Wax #300 Maple,1,0.562,0.25,6.81,9.4,12.69,Wood,
FC-300MF,FC Oil & Wax #300 Maple,1,0.562,0.25,,,25.53,Wood,
300ML,Clear Lacquer #300 Maple,1,0.562,0.25,7.08,9.77,13.19,Wood,
FC-300ML,FC Clear Lacquer #300 Maple,1,0.562,0.25,,,25.53,Wood,
300MW,WhiteWash #300 Maple,1,0.562,0.25,8.14,11.23,15.16,Wood,
FC-300MW,FC WhiteWash #300 Maple,1,0.562,0.25,,,26.21,Wood,
300MT,White #300 Maple,1,0.562,0.25,7.35,10.14,13.69,Wood,
FC-300MT,FC White #300 Maple,1,0.562,0.25,,,26.9,Wood,
300MK,Satin Black #300 Maple,1,0.562,0.25,7.35,10.14,13.69,Wood,
FC-300MK,FC Satin Black #300 Maple,1,0.562,0.25,,,26.9,Wood,
300MA,Warm White #300 Maple,1,0.562,0.25,7.35,10.14,13.69,Wood,
FC-300MA,FC Warm White #300 Maple,1,0.562,0.25,,,26.9,Wood,
300MI,Rising White #300 Maple,1,0.562,0.25,7.35,10.14,13.69,Wood,
FC-300MI,FC Rising White #300 Maple,1,0.562,0.25,,,26.9,Wood,
300M1,Light Grey #300 Maple,1,0.562,0.25,7.35,10.14,13.69,Wood,
FC-300M1,FC Light Grey #300 Maple,1,0.562,0.25,,,26.9,Wood,
300M2,Medium Grey #300 Maple,1,0.562,0.25,7.35,10.14,13.69,Wood,
FC-300M2,FC Medium Grey #300 Maple,1,0.562,0.25,,,26.9,Wood,
300M3,Dark Grey #300 Maple,1,0.562,0.25,7.35,10.14,13.69,Wood,
FC-300M3,FC Dark Grey #300 Maple,1,0.562,0.25,,,26.9,Wood,
300M9,Wheat #300 Maple,1,0.562,0.25,8.14,11.23,15.16,Wood,
FC-300M9,FC Wheat #300 Maple,1,0.562,0.25,,,26.9,Wood,
300OR,Raw #300 Oak,1,0.562,0.25,3.13,4.32,6.48,Wood,
FC-300OR,FC Raw #300 Oak,1,0.562,0.25,,,24.26,Wood,
300OF,Oil & Wax #300 Oak,1,0.562,0.25,6.39,8.82,11.91,Wood,
FC-300OF,FC Oil & Wax #300 Oak,1,0.562,0.25,,,24.95,Wood,
300OL,Clear Lacquer #300 Oak,1,0.562,0.25,6.66,9.19,12.41,Wood,
FC-300OL,FC Clear Lacquer #300 Oak,1,0.562,0.25,,,24.95,Wood,
300WR,Raw #300 Walnut,1,0.562,0.25,6.38,9.31,13.96,Wood,
FC-300WR,FC Raw #300 Walnut,1,0.562,0.25,,,29.25,Wood,
300WF,Oil & Wax #300 Walnut,1,0.562,0.25,10.97,16.02,21.63,Wood,
FC-300WF,FC Oil & Wax #300 Walnut,1,0.562,0.25,,,29.94,Wood,
300WP,Padauk #300 Walnut,1,0.562,0.25,11.81,17.24,23.27,Wood,
FC-300WP,FC Padauk #300 Walnut,1,0.562,0.25,,,30.62,Wood,
300WB,Special Dark #300 Walnut,1,0.562,0.25,11.81,17.24,23.27,Wood,
FC-300WB,FC Special Dark #300 Walnut,1,0.562,0.25,,,30.62,Wood,
300WE,Ebony #300 Walnut,1,0.562,0.25,10.97,16.02,21.63,Wood,
FC-300WE,FC Ebony #300 Walnut,1,0.562,0.25,,,30.62,Wood,
300WK,Satin Black #300 Walnut,1,0.562,0.25,10.18,14.86,20.06,Wood,
FC-300WK,FC Satin Black #300 Walnut,1,0.562,0.25,,,29.94,Wood,
300W1,Light Grey #300 Walnut,1,0.562,0.25,10.18,14.86,20.06,Wood,
FC-300W1,FC Light Grey #300 Walnut,1,0.562,0.25,,,29.94,Wood,
300W2,Medium Grey #300 Walnut,1,0.562,0.25,10.18,14.86,20.06,Wood,
FC-300W2,FC Medium Grey #300 Walnut,1,0.562,0.25,,,29.94,Wood,
300W3,Dark Grey #300 Walnut,1,0.562,0.25,10.18,14.86,20.06,Wood,
FC-300W3,FC Dark Grey #300 Walnut,1,0.562,0.25,,,29.94,Wood,
300QR,Raw #300 Qtrd W. Oak,1,0.562,0.25,7.2,11.88,17.82,Wood,
FC-300QR,FC Raw #300 Qtrd W. Oak,1,0.562,0.25,,,32.51,Wood,
300QF,Oil & Wax #300 Qtrd W. Oak,1,0.562,0.25,10.46,17.26,23.3,Wood,
FC-300QF,FC Oil & Wax #300 Qtrd W. Oak,1,0.562,0.25,,,33.19,Wood,
300QL,Clear Lacquer #300 Qtrd W. Oak,1,0.562,0.25,10.73,17.7,23.9,Wood,
FC-300QL,FC Clear Lacquer #300 Qtrd W. Oak,1,0.562,0.25,,,33.19,Wood,
300QC,Charcoal #300 Qtrd W. Oak,1,0.562,0.25,12.63,20.84,28.13,Wood,
FC-300QC,FC Charcoal #300 Qtrd W. Oak,1,0.562,0.25,,,33.88,Wood,
300QM,Mission #300 Qtrd W. Oak,1,0.562,0.25,12.63,20.84,28.13,Wood,
FC-300QM,FC Mission #300 Qtrd W. Oak,1,0.562,0.25,,,33.88,Wood,
300Q7,Bleached #300 Qtrd W. Oak,1,0.562,0.25,12.63,20.84,28.13,Wood,
FC-300Q7,FC Bleached #300 Qtrd W. Oak,1,0.562,0.25,,,33.88,Wood,
301AR,Raw #301 Ash,1.25,0.562,0.25,3.37,4.79,7.18,Wood,
FC-301AR,FC Raw #301 Ash,1.25,0.562,0.25,,,24.73,Wood,
301AF,Oil & Wax #301 Ash,1.25,0.562,0.25,6.63,9.41,12.7,Wood,
FC-301AF,FC Oil & Wax #301 Ash,1.25,0.562,0.25,,,25.42,Wood,
301AL,Clear Lacquer #301 Ash,1.25,0.562,0.25,7.17,10.18,13.74,Wood,
FC-301AL,FC Clear Lacquer #301 Ash,1.25,0.562,0.25,,,25.42,Wood,
301AW,WhiteWash #301 Ash,1.25,0.562,0.25,9.07,12.88,17.39,Wood,
FC-301AW,FC WhiteWash #301 Ash,1.25,0.562,0.25,,,26.1,Wood,
301AT,White #301 Ash,1.25,0.562,0.25,9.07,12.88,17.39,Wood,
FC-301AT,FC White #301 Ash,1.25,0.562,0.25,,,27.48,Wood,
301AK,Satin Black #301 Ash,1.25,0.562,0.25,9.07,12.88,17.39,Wood,
FC-301AK,FC Satin Black #301 Ash,1.25,0.562,0.25,,,27.48,Wood,
301AA,Warm White #301 Ash,1.25,0.562,0.25,9.07,12.88,17.39,Wood,
FC-301AA,FC Warm White #301 Ash,1.25,0.562,0.25,,,27.48,Wood,
301AC,Charcoal #301 Ash,1.25,0.562,0.25,9.07,12.88,17.39,Wood,
FC-301AC,FC Charcoal #301 Ash,1.25,0.562,0.25,,,27.48,Wood,
301AI,Rising White #301 Ash,1.25,0.562,0.25,9.07,12.88,17.39,Wood,
FC-301AI,FC Rising White #301 Ash,1.25,0.562,0.25,,,27.48,Wood,
301A1,Light Grey #301 Ash,1.25,0.562,0.25,9.07,12.88,17.39,Wood,
FC-301A1,FC Light Grey #301 Ash,1.25,0.562,0.25,,,27.48,Wood,
301A2,Medium Grey #301 Ash,1.25,0.562,0.25,9.07,12.88,17.39,Wood,
FC-301A2,FC Medium Grey #301 Ash,1.25,0.562,0.25,,,27.48,Wood,
301A3,Dark Grey #301 Ash,1.25,0.562,0.25,9.07,12.88,17.39,Wood,
FC-301A3,FC Dark Grey #301 Ash,1.25,0.562,0.25,,,27.48,Wood,
301CR,Raw #301 Cherry,1.25,0.562,0.25,3.61,5.27,7.9,Wood,
FC-301CR,FC Raw #301 Cherry,1.25,0.562,0.25,,,25.21,Wood,
301CF,Oil & Wax #301 Cherry,1.25,0.562,0.25,7.14,10.42,14.07,Wood,
FC-301CF,FC Oil & Wax #301 Cherry,1.25,0.562,0.25,,,25.9,Wood,
301CL,Clear Lacquer #301 Cherry,1.25,0.562,0.25,9.04,13.2,17.82,Wood,
FC-301CL,FC Clear Lacquer #301 Cherry,1.25,0.562,0.25,,,27.27,Wood,
301CG,Aged #301 Cherry,1.25,0.562,0.25,9.04,13.2,17.82,Wood,
FC-301CG,FC Aged #301 Cherry,1.25,0.562,0.25,,,27.27,Wood,
301CQ,Antique #301 Cherry,1.25,0.562,0.25,9.04,13.2,17.82,Wood,
FC-301CQ,FC Antique #301 Cherry,1.25,0.562,0.25,,,27.27,Wood,
301CD,Black Cherry #301 Cherry,1.25,0.562,0.25,9.04,13.2,17.82,Wood,
FC-301CD,FC Black Cherry #301 Cherry,1.25,0.562,0.25,,,27.96,Wood,
301MR,Raw #301 Maple,1.25,0.562,0.25,4.04,5.58,8.37,Wood,
FC-301MR,FC Raw #301 Maple,1.25,0.562,0.25,,,25.52,Wood,
301MF,Oil & Wax #301 Maple,1.25,0.562,0.25,7.3,10.07,13.59,Wood,
FC-301MF,FC Oil & Wax #301 Maple,1.25,0.562,0.25,,,26.21,Wood,
301ML,Clear Lacquer #301 Maple,1.25,0.562,0.25,7.57,10.45,14.11,Wood,
FC-301ML,FC Clear Lacquer #301 Maple,1.25,0.562,0.25,,,26.21,Wood,
301MW,WhiteWash #301 Maple,1.25,0.562,0.25,8.63,11.91,16.08,Wood,
FC-301MW,FC WhiteWash #301 Maple,1.25,0.562,0.25,,,26.89,Wood,
301MT,White #301 Maple,1.25,0.562,0.25,7.84,10.82,14.61,Wood,
FC-301MT,FC White #301 Maple,1.25,0.562,0.25,,,27.58,Wood,
301MK,Satin Black #301 Maple,1.25,0.562,0.25,7.84,10.82,14.61,Wood,
FC-301MK,FC Satin Black #301 Maple,1.25,0.562,0.25,,,27.58,Wood,
301MA,Warm White #301 Maple,1.25,0.562,0.25,7.84,10.82,14.61,Wood,
FC-301MA,FC Warm White #301 Maple,1.25,0.562,0.25,,,27.58,Wood,
301MI,Rising White #301 Maple,1.25,0.562,0.25,7.84,10.82,14.61,Wood,
FC-301MI,FC Rising White #301 Maple,1.25,0.562,0.25,,,27.58,Wood,
301M1,Light Grey #301 Maple,1.25,0.562,0.25,7.84,10.82,14.61,Wood,
FC-301M1,FC Light Grey #301 Maple,1.25,0.562,0.25,,,27.58,Wood,
301M2,Medium Grey #301 Maple,1.25,0.562,0.25,7.84,10.82,14.61,Wood,
FC-301M2,FC Medium Grey #301 Maple,1.25,0.562,0.25,,,27.58,Wood,
301M3,Dark Grey #301 Maple,1.25,0.562,0.25,7.84,10.82,14.61,Wood,
FC-301M3,FC Dark Grey #301 Maple,1.25,0.562,0.25,,,27.58,Wood,
301M9,Wheat #301 Maple,1.25,0.562,0.25,8.63,11.91,16.08,Wood,
FC-301M9,FC Wheat #301 Maple,1.25,0.562,0.25,,,27.58,Wood,
301OR,Raw #301 Oak,1.25,0.562,0.25,3.13,4.32,6.48,Wood,
FC-301OR,FC Raw #301 Oak,1.25,0.562,0.25,,,24.26,Wood,
301OF,Oil & Wax #301 Oak,1.25,0.562,0.25,6.39,8.82,11.91,Wood,
FC-301OF,FC Oil & Wax #301 Oak,1.25,0.562,0.25,,,24.95,Wood,
301OL,Clear Lacquer #301 Oak,1.25,0.562,0.25,6.66,9.19,12.41,Wood,
FC-301OL,FC Clear Lacquer #301 Oak,1.25,0.562,0.25,,,24.95,Wood,
301WR,Raw #301 Walnut,1.25,0.562,0.25,7.81,11.4,17.1,Wood,
FC-301WR,FC Raw #301 Walnut,1.25,0.562,0.25,,,31.34,Wood,
301WF,Oil & Wax #301 Walnut,1.25,0.562,0.25,12.4,18.1,24.44,Wood,
FC-301WF,FC Oil & Wax #301 Walnut,1.25,0.562,0.25,,,32.03,Wood,
301WP,Padauk #301 Walnut,1.25,0.562,0.25,13.24,19.33,26.1,Wood,
FC-301WP,FC Padauk #301 Walnut,1.25,0.562,0.25,,,32.71,Wood,
301WB,Special Dark #301 Walnut,1.25,0.562,0.25,13.24,19.33,26.1,Wood,
FC-301WB,FC Special Dark #301 Walnut,1.25,0.562,0.25,,,32.71,Wood,
301WE,Ebony #301 Walnut,1.25,0.562,0.25,12.4,18.1,24.44,Wood,
FC-301WE,FC Ebony #301 Walnut,1.25,0.562,0.25,,,32.71,Wood,
301WK,Satin Black #301 Walnut,1.25,0.562,0.25,11.61,16.95,22.88,Wood,
FC-301WK,FC Satin Black #301 Walnut,1.25,0.562,0.25,,,32.03,Wood,
301W1,Light Grey #301 Walnut,1.25,0.562,0.25,11.61,16.95,22.88,Wood,
FC-301W1,FC Light Grey #301 Walnut,1.25,0.562,0.25,,,32.03,Wood,
301W2,Medium Grey #301 Walnut,1.25,0.562,0.25,11.61,16.95,22.88,Wood,
FC-301W2,FC Medium Grey #301 Walnut,1.25,0.562,0.25,,,32.03,Wood,
301W3,Dark Grey #301 Walnut,1.25,0.562,0.25,11.61,16.95,22.88,Wood,
FC-301W3,FC Dark Grey #301 Walnut,1.25,0.562,0.25,,,32.03,Wood,
301QR,Raw #301 Qtrd W. Oak,1.25,0.562,0.25,7.76,12.8,19.2,Wood,
FC-301QR,FC Raw #301 Qtrd W. Oak,1.25,0.562,0.25,,,33.43,Wood,
301QF,Oil & Wax #301 Qtrd W. Oak,1.25,0.562,0.25,11.02,18.18,24.54,Wood,
FC-301QF,FC Oil & Wax #301 Qtrd W. Oak,1.25,0.562,0.25,,,34.11,Wood,
301QL,Clear Lacquer #301 Qtrd W. Oak,1.25,0.562,0.25,11.29,18.63,25.15,Wood,
FC-301QL,FC Clear Lacquer #301 Qtrd W. Oak,1.25,0.562,0.25,,,34.11,Wood,
301QC,Charcoal #301 Qtrd W. Oak,1.25,0.562,0.25,13.19,21.76,29.38,Wood,
FC-301QC,FC Charcoal #301 Qtrd W. Oak,1.25,0.562,0.25,,,34.8,Wood,
301QM,Mission #301 Qtrd W. Oak,1.25,0.562,0.25,13.19,21.76,29.38,Wood,
FC-301QM,FC Mission #301 Qtrd W. Oak,1.25,0.562,0.25,,,34.8,Wood,
301Q7,Bleached #301 Qtrd W. Oak,1.25,0.562,0.25,13.19,21.76,29.38,Wood,
FC-301Q7,FC Bleached #301 Qtrd W. Oak,1.25,0.562,0.25,,,34.8,Wood,
302AR,Raw #302 Ash,1.5,0.562,0.25,3.67,5.21,7.82,Wood,
FC-302AR,FC Raw #302 Ash,1.5,0.562,0.25,,,25.84,Wood,
302AF,Oil & Wax #302 Ash,1.5,0.562,0.25,6.93,9.84,13.28,Wood,
FC-302AF,FC Oil & Wax #302 Ash,1.5,0.562,0.25,,,26.52,Wood,
302AL,Clear Lacquer #302 Ash,1.5,0.562,0.25,7.47,10.61,14.32,Wood,
FC-302AL,FC Clear Lacquer #302 Ash,1.5,0.562,0.25,,,26.52,Wood,
302AW,WhiteWash #302 Ash,1.5,0.562,0.25,9.37,13.31,17.97,Wood,
FC-302AW,FC WhiteWash #302 Ash,1.5,0.562,0.25,,,27.21,Wood,
302AT,White #302 Ash,1.5,0.562,0.25,9.37,13.31,17.97,Wood,
FC-302AT,FC White #302 Ash,1.5,0.562,0.25,,,28.59,Wood,
302AK,Satin Black #302 Ash,1.5,0.562,0.25,9.37,13.31,17.97,Wood,
FC-302AK,FC Satin Black #302 Ash,1.5,0.562,0.25,,,28.59,Wood,
302AA,Warm White #302 Ash,1.5,0.562,0.25,9.37,13.31,17.97,Wood,
FC-302AA,FC Warm White #302 Ash,1.5,0.562,0.25,,,28.59,Wood,
302AC,Charcoal #302 Ash,1.5,0.562,0.25,9.37,13.31,17.97,Wood,
FC-302AC,FC Charcoal #302 Ash,1.5,0.562,0.25,,,28.59,Wood,
302AI,Rising White #302 Ash,1.5,0.562,0.25,9.37,13.31,17.97,Wood,
FC-302AI,FC Rising White #302 Ash,1.5,0.562,0.25,,,28.59,Wood,
302A1,Light Grey #302 Ash,1.5,0.562,0.25,9.37,13.31,17.97,Wood,
FC-302A1,FC Light Grey #302 Ash,1.5,0.562,0.25,,,28.59,Wood,
302A2,Medium Grey #302 Ash,1.5,0.562,0.25,9.37,13.31,17.97,Wood,
FC-302A2,FC Medium Grey #302 Ash,1.5,0.562,0.25,,,28.59,Wood,
302A3,Dark Grey #302 Ash,1.5,0.562,0.25,9.37,13.31,17.97,Wood,
FC-302A3,FC Dark Grey #302 Ash,1.5,0.562,0.25,,,28.59,Wood,
302CR,Raw #302 Cherry,1.5,0.562,0.25,4.06,5.93,8.9,Wood,
FC-302CR,FC Raw #302 Cherry,1.5,0.562,0.25,,,26.56,Wood,
302CF,Oil & Wax #302 Cherry,1.5,0.562,0.25,7.59,11.08,14.96,Wood,
FC-302CF,FC Oil & Wax #302 Cherry,1.5,0.562,0.25,,,27.24,Wood,
302CL,Clear Lacquer #302 Cherry,1.5,0.562,0.25,9.49,13.86,18.71,Wood,
FC-302CL,FC Clear Lacquer #302 Cherry,1.5,0.562,0.25,,,28.62,Wood,
302CG,Aged #302 Cherry,1.5,0.562,0.25,9.49,13.86,18.71,Wood,
FC-302CG,FC Aged #302 Cherry,1.5,0.562,0.25,,,28.62,Wood,
302CQ,Antique #302 Cherry,1.5,0.562,0.25,9.49,13.86,18.71,Wood,
FC-302CQ,FC Antique #302 Cherry,1.5,0.562,0.25,,,28.62,Wood,
302CD,Black Cherry #302 Cherry,1.5,0.562,0.25,9.49,13.86,18.71,Wood,
FC-302CD,FC Black Cherry #302 Cherry,1.5,0.562,0.25,,,29.31,Wood,
302MR,Raw #302 Maple,1.5,0.562,0.25,4.34,5.99,8.98,Wood,
FC-302MR,FC Raw #302 Maple,1.5,0.562,0.25,,,26.62,Wood,
302MF,Oil & Wax #302 Maple,1.5,0.562,0.25,7.6,10.49,14.16,Wood,
FC-302MF,FC Oil & Wax #302 Maple,1.5,0.562,0.25,,,27.3,Wood,
302ML,Clear Lacquer #302 Maple,1.5,0.562,0.25,7.87,10.86,14.66,Wood,
FC-302ML,FC Clear Lacquer #302 Maple,1.5,0.562,0.25,,,27.3,Wood,
302MW,WhiteWash #302 Maple,1.5,0.562,0.25,8.93,12.32,16.63,Wood,
FC-302MW,FC WhiteWash #302 Maple,1.5,0.562,0.25,,,27.99,Wood,
302MT,White #302 Maple,1.5,0.562,0.25,8.14,11.23,15.16,Wood,
FC-302MT,FC White #302 Maple,1.5,0.562,0.25,,,28.68,Wood,
302MK,Satin Black #302 Maple,1.5,0.562,0.25,8.14,11.23,15.16,Wood,
FC-302MK,FC Satin Black #302 Maple,1.5,0.562,0.25,,,28.68,Wood,
302MA,Warm White #302 Maple,1.5,0.562,0.25,8.14,11.23,15.16,Wood,
FC-302MA,FC Warm White #302 Maple,1.5,0.562,0.25,,,28.68,Wood,
302MI,Rising White #302 Maple,1.5,0.562,0.25,8.14,11.23,15.16,Wood,
FC-302MI,FC Rising White #302 Maple,1.5,0.562,0.25,,,28.68,Wood,
302M1,Light Grey #302 Maple,1.5,0.562,0.25,8.14,11.23,15.16,Wood,
FC-302M1,FC Light Grey #302 Maple,1.5,0.562,0.25,,,28.68,Wood,
302M2,Medium Grey #302 Maple,1.5,0.562,0.25,8.14,11.23,15.16,Wood,
FC-302M2,FC Medium Grey #302 Maple,1.5,0.562,0.25,,,28.68,Wood,
302M3,Dark Grey #302 Maple,1.5,0.562,0.25,8.14,11.23,15.16,Wood,
FC-302M3,FC Dark Grey #302 Maple,1.5,0.562,0.25,,,28.68,Wood,
302M9,Wheat #302 Maple,1.5,0.562,0.25,8.93,12.32,16.63,Wood,
FC-302M9,FC Wheat #302 Maple,1.5,0.562,0.25,,,28.68,Wood,
302OR,Raw #302 Oak,1.5,0.562,0.25,3.77,5.2,7.8,Wood,
FC-302OR,FC Raw #302 Oak,1.5,0.562,0.25,,,25.83,Wood,
302OF,Oil & Wax #302 Oak,1.5,0.562,0.25,7.03,9.7,13.1,Wood,
FC-302OF,FC Oil & Wax #302 Oak,1.5,0.562,0.25,,,26.51,Wood,
302OL,Clear Lacquer #302 Oak,1.5,0.562,0.25,7.3,10.07,13.59,Wood,
FC-302OL,FC Clear Lacquer #302 Oak,1.5,0.562,0.25,,,26.51,Wood,
302WR,Raw #302 Walnut,1.5,0.562,0.25,8.42,12.29,18.43,Wood,
FC-302WR,FC Raw #302 Walnut,1.5,0.562,0.25,,,32.92,Wood,
302WF,Oil & Wax #302 Walnut,1.5,0.562,0.25,13.01,18.99,25.64,Wood,
FC-302WF,FC Oil & Wax #302 Walnut,1.5,0.562,0.25,,,33.6,Wood,
302WP,Padauk #302 Walnut,1.5,0.562,0.25,13.85,20.22,27.3,Wood,
FC-302WP,FC Padauk #302 Walnut,1.5,0.562,0.25,,,34.29,Wood,
302WB,Special Dark #302 Walnut,1.5,0.562,0.25,13.85,20.22,27.3,Wood,
FC-302WB,FC Special Dark #302 Walnut,1.5,0.562,0.25,,,34.29,Wood,
302WE,Ebony #302 Walnut,1.5,0.562,0.25,13.01,18.99,25.64,Wood,
FC-302WE,FC Ebony #302 Walnut,1.5,0.562,0.25,,,34.29,Wood,
302WK,Satin Black #302 Walnut,1.5,0.562,0.25,12.22,17.84,24.08,Wood,
FC-302WK,FC Satin Black #302 Walnut,1.5,0.562,0.25,,,33.6,Wood,
302W1,Light Grey #302 Walnut,1.5,0.562,0.25,12.22,17.84,24.08,Wood,
FC-302W1,FC Light Grey #302 Walnut,1.5,0.562,0.25,,,33.6,Wood,
302W2,Medium Grey #302 Walnut,1.5,0.562,0.25,12.22,17.84,24.08,Wood,
FC-302W2,FC Medium Grey #302 Walnut,1.5,0.562,0.25,,,33.6,Wood,
302W3,Dark Grey #302 Walnut,1.5,0.562,0.25,12.22,17.84,24.08,Wood,
FC-302W3,FC Dark Grey #302 Walnut,1.5,0.562,0.25,,,33.6,Wood,
302QR,Raw #302 Qtrd W. Oak,1.5,0.562,0.25,8.34,13.76,20.64,Wood,
FC-302QR,FC Raw #302 Qtrd W. Oak,1.5,0.562,0.25,,,34.39,Wood,
302QF,Oil & Wax #302 Qtrd W. Oak,1.5,0.562,0.25,11.6,19.14,25.84,Wood,
FC-302QF,FC Oil & Wax #302 Qtrd W. Oak,1.5,0.562,0.25,,,35.07,Wood,
302QL,Clear Lacquer #302 Qtrd W. Oak,1.5,0.562,0.25,11.87,19.59,26.45,Wood,
FC-302QL,FC Clear Lacquer #302 Qtrd W. Oak,1.5,0.562,0.25,,,35.07,Wood,
302QC,Charcoal #302 Qtrd W. Oak,1.5,0.562,0.25,13.77,22.72,30.67,Wood,
FC-302QC,FC Charcoal #302 Qtrd W. Oak,1.5,0.562,0.25,,,35.76,Wood,
302QM,Mission #302 Qtrd W. Oak,1.5,0.562,0.25,13.77,22.72,30.67,Wood,
FC-302QM,FC Mission #302 Qtrd W. Oak,1.5,0.562,0.25,,,35.76,Wood,
302Q7,Bleached #302 Qtrd W. Oak,1.5,0.562,0.25,13.77,22.72,30.67,Wood,
FC-302Q7,FC Bleached #302 Qtrd W. Oak,1.5,0.562,0.25,,,35.76,Wood,
304AR,Raw #304 Ash,2,0.562,0.25,4.76,6.76,10.14,Wood,
FC-304AR,FC Raw #304 Ash,2,0.562,0.25,,,27.39,Wood,
304AF,Oil & Wax #304 Ash,2,0.562,0.25,8.02,11.39,15.38,Wood,
FC-304AF,FC Oil & Wax #304 Ash,2,0.562,0.25,,,28.07,Wood,
304AL,Clear Lacquer #304 Ash,2,0.562,0.25,8.56,12.16,16.42,Wood,
FC-304AL,FC Clear Lacquer #304 Ash,2,0.562,0.25,,,28.07,Wood,
304AW,WhiteWash #304 Ash,2,0.562,0.25,10.46,14.85,20.05,Wood,
FC-304AW,FC WhiteWash #304 Ash,2,0.562,0.25,,,28.76,Wood,
304AT,White #304 Ash,2,0.562,0.25,10.46,14.85,20.05,Wood,
FC-304AT,FC White #304 Ash,2,0.562,0.25,,,30.14,Wood,
304AK,Satin Black #304 Ash,2,0.562,0.25,10.46,14.85,20.05,Wood,
FC-304AK,FC Satin Black #304 Ash,2,0.562,0.25,,,30.14,Wood,
304AA,Warm White #304 Ash,2,0.562,0.25,10.46,14.85,20.05,Wood,
FC-304AA,FC Warm White #304 Ash,2,0.562,0.25,,,30.14,Wood,
304AC,Charcoal #304 Ash,2,0.562,0.25,10.46,14.85,20.05,Wood,
FC-304AC,FC Charcoal #304 Ash,2,0.562,0.25,,,30.14,Wood,
304AI,Rising White #304 Ash,2,0.562,0.25,10.46,14.85,20.05,Wood,
FC-304AI,FC Rising White #304 Ash,2,0.562,0.25,,,30.14,Wood,
304A1,Light Grey #304 Ash,2,0.562,0.25,10.46,14.85,20.05,Wood,
FC-304A1,FC Light Grey #304 Ash,2,0.562,0.25,,,30.14,Wood,
304A2,Medium Grey #304 Ash,2,0.562,0.25,10.46,14.85,20.05,Wood,
FC-304A2,FC Medium Grey #304 Ash,2,0.562,0.25,,,30.14,Wood,
304A3,Dark Grey #304 Ash,2,0.562,0.25,10.46,14.85,20.05,Wood,
FC-304A3,FC Dark Grey #304 Ash,2,0.562,0.25,,,30.14,Wood,
304CR,Raw #304 Cherry,2,0.562,0.25,5.98,8.73,13.1,Wood,
FC-304CR,FC Raw #304 Cherry,2,0.562,0.25,,,29.36,Wood,
304CF,Oil & Wax #304 Cherry,2,0.562,0.25,9.51,13.88,18.74,Wood,
FC-304CF,FC Oil & Wax #304 Cherry,2,0.562,0.25,,,30.04,Wood,
304CL,Clear Lacquer #304 Cherry,2,0.562,0.25,11.41,16.66,22.49,Wood,
FC-304CL,FC Clear Lacquer #304 Cherry,2,0.562,0.25,,,31.42,Wood,
304CG,Aged #304 Cherry,2,0.562,0.25,11.41,16.66,22.49,Wood,
FC-304CG,FC Aged #304 Cherry,2,0.562,0.25,,,31.42,Wood,
304CQ,Antique #304 Cherry,2,0.562,0.25,11.41,16.66,22.49,Wood,
FC-304CQ,FC Antique #304 Cherry,2,0.562,0.25,,,31.42,Wood,
304CD,Black Cherry #304 Cherry,2,0.562,0.25,11.41,16.66,22.49,Wood,
FC-304CD,FC Black Cherry #304 Cherry,2,0.562,0.25,,,32.11,Wood,
304MR,Raw #304 Maple,2,0.562,0.25,5.72,7.89,11.84,Wood,
FC-304MR,FC Raw #304 Maple,2,0.562,0.25,,,28.52,Wood,
304MF,Oil & Wax #304 Maple,2,0.562,0.25,8.98,12.39,16.73,Wood,
FC-304MF,FC Oil & Wax #304 Maple,2,0.562,0.25,,,29.2,Wood,
304ML,Clear Lacquer #304 Maple,2,0.562,0.25,9.25,12.76,17.23,Wood,
FC-304ML,FC Clear Lacquer #304 Maple,2,0.562,0.25,,,29.2,Wood,
304MW,WhiteWash #304 Maple,2,0.562,0.25,10.31,14.23,19.21,Wood,
FC-304MW,FC WhiteWash #304 Maple,2,0.562,0.25,,,29.89,Wood,
304MT,White #304 Maple,2,0.562,0.25,9.52,13.14,17.74,Wood,
FC-304MT,FC White #304 Maple,2,0.562,0.25,,,30.58,Wood,
304MK,Satin Black #304 Maple,2,0.562,0.25,9.52,13.14,17.74,Wood,
FC-304MK,FC Satin Black #304 Maple,2,0.562,0.25,,,30.58,Wood,
304MA,Warm White #304 Maple,2,0.562,0.25,9.52,13.14,17.74,Wood,
FC-304MA,FC Warm White #304 Maple,2,0.562,0.25,,,30.58,Wood,
304MI,Rising White #304 Maple,2,0.562,0.25,9.52,13.14,17.74,Wood,
FC-304MI,FC Rising White #304 Maple,2,0.562,0.25,,,30.58,Wood,
304M1,Light Grey #304 Maple,2,0.562,0.25,9.52,13.14,17.74,Wood,
FC-304M1,FC Light Grey #304 Maple,2,0.562,0.25,,,30.58,Wood,
304M2,Medium Grey #304 Maple,2,0.562,0.25,9.52,13.14,17.74,Wood,
FC-304M2,FC Medium Grey #304 Maple,2,0.562,0.25,,,30.58,Wood,
304M3,Dark Grey #304 Maple,2,0.562,0.25,9.52,13.14,17.74,Wood,
FC-304M3,FC Dark Grey #304 Maple,2,0.562,0.25,,,30.58,Wood,
304M9,Wheat #304 Maple,2,0.562,0.25,10.31,14.23,19.21,Wood,
FC-304M9,FC Wheat #304 Maple,2,0.562,0.25,,,30.58,Wood,
304OR,Raw #304 Oak,2,0.562,0.25,4.43,6.11,9.17,Wood,
FC-304OR,FC Raw #304 Oak,2,0.562,0.25,,,26.74,Wood,
304OF,Oil & Wax #304 Oak,2,0.562,0.25,7.69,10.61,14.32,Wood,
FC-304OF,FC Oil & Wax #304 Oak,2,0.562,0.25,,,27.42,Wood,
304OL,Clear Lacquer #304 Oak,2,0.562,0.25,7.96,10.98,14.82,Wood,
FC-304OL,FC Clear Lacquer #304 Oak,2,0.562,0.25,,,27.42,Wood,
304WR,Raw #304 Walnut,2,0.562,0.25,10.59,15.46,23.19,Wood,
FC-304WR,FC Raw #304 Walnut,2,0.562,0.25,,,36.09,Wood,
304WF,Oil & Wax #304 Walnut,2,0.562,0.25,15.18,22.16,29.92,Wood,
FC-304WF,FC Oil & Wax #304 Walnut,2,0.562,0.25,,,36.77,Wood,
304WP,Padauk #304 Walnut,2,0.562,0.25,16.02,23.39,31.58,Wood,
FC-304WP,FC Padauk #304 Walnut,2,0.562,0.25,,,37.46,Wood,
304WB,Special Dark #304 Walnut,2,0.562,0.25,16.02,23.39,31.58,Wood,
FC-304WB,FC Special Dark #304 Walnut,2,0.562,0.25,,,37.46,Wood,
304WE,Ebony #304 Walnut,2,0.562,0.25,15.18,22.16,29.92,Wood,
FC-304WE,FC Ebony #304 Walnut,2,0.562,0.25,,,37.46,Wood,
304WK,Satin Black #304 Walnut,2,0.562,0.25,14.39,21.01,28.36,Wood,
FC-304WK,FC Satin Black #304 Walnut,2,0.562,0.25,,,36.77,Wood,
304W1,Light Grey #304 Walnut,2,0.562,0.25,14.39,21.01,28.36,Wood,
FC-304W1,FC Light Grey #304 Walnut,2,0.562,0.25,,,36.77,Wood,
304W2,Medium Grey #304 Walnut,2,0.562,0.25,14.39,21.01,28.36,Wood,
FC-304W2,FC Medium Grey #304 Walnut,2,0.562,0.25,,,36.77,Wood,
304W3,Dark Grey #304 Walnut,2,0.562,0.25,14.39,21.01,28.36,Wood,
FC-304W3,FC Dark Grey #304 Walnut,2,0.562,0.25,,,36.77,Wood,
304QR,Raw #304 Qtrd W. Oak,2,0.562,0.25,9.5,15.68,23.52,Wood,
FC-304QR,FC Raw #304 Qtrd W. Oak,2,0.562,0.25,,,36.31,Wood,
304QF,Oil & Wax #304 Qtrd W. Oak,2,0.562,0.25,12.76,21.05,28.42,Wood,
FC-304QF,FC Oil & Wax #304 Qtrd W. Oak,2,0.562,0.25,,,36.99,Wood,
304QL,Clear Lacquer #304 Qtrd W. Oak,2,0.562,0.25,13.03,21.5,29.02,Wood,
FC-304QL,FC Clear Lacquer #304 Qtrd W. Oak,2,0.562,0.25,,,36.99,Wood,
304QC,Charcoal #304 Qtrd W. Oak,2,0.562,0.25,14.93,24.63,33.25,Wood,
FC-304QC,FC Charcoal #304 Qtrd W. Oak,2,0.562,0.25,,,37.68,Wood,
304QM,Mission #304 Qtrd W. Oak,2,0.562,0.25,14.93,24.63,33.25,Wood,
FC-304QM,FC Mission #304 Qtrd W. Oak,2,0.562,0.25,,,37.68,Wood,
304Q7,Bleached #304 Qtrd W. Oak,2,0.562,0.25,14.93,24.63,33.25,Wood,
FC-304Q7,FC Bleached #304 Qtrd W. Oak,2,0.562,0.25,,,37.68,Wood,
312CR,Raw #312 Cherry,1.5,0.687,0.25,6.73,9.83,14.74,Wood,
FC-312CR,FC Raw #312 Cherry,1.5,0.687,0.25,,,29.77,Wood,
312CF,Oil & Wax #312 Cherry,1.5,0.687,0.25,10.26,14.98,20.22,Wood,
FC-312CF,FC Oil & Wax #312 Cherry,1.5,0.687,0.25,,,30.46,Wood,
312CL,Clear Lacquer #312 Cherry,1.5,0.687,0.25,12.16,17.75,23.96,Wood,
FC-312CL,FC Clear Lacquer #312 Cherry,1.5,0.687,0.25,,,31.83,Wood,
312CG,Aged #312 Cherry,1.5,0.687,0.25,12.16,17.75,23.96,Wood,
FC-312CG,FC Aged #312 Cherry,1.5,0.687,0.25,,,31.83,Wood,
312CQ,Antique #312 Cherry,1.5,0.687,0.25,12.16,17.75,23.96,Wood,
FC-312CQ,FC Antique #312 Cherry,1.5,0.687,0.25,,,31.83,Wood,
312CD,Black Cherry #312 Cherry,1.5,0.687,0.25,12.16,17.75,23.96,Wood,
FC-312CD,FC Black Cherry #312 Cherry,1.5,0.687,0.25,,,32.52,Wood,
312MR,Raw #312 Maple,1.5,0.687,0.25,7.49,10.34,15.51,Wood,
FC-312MR,FC Raw #312 Maple,1.5,0.687,0.25,,,30.28,Wood,
312MF,Oil & Wax #312 Maple,1.5,0.687,0.25,10.75,14.84,20.03,Wood,
FC-312MF,FC Oil & Wax #312 Maple,1.5,0.687,0.25,,,30.97,Wood,
312ML,Clear Lacquer #312 Maple,1.5,0.687,0.25,11.02,15.21,20.53,Wood,
FC-312ML,FC Clear Lacquer #312 Maple,1.5,0.687,0.25,,,30.97,Wood,
312MW,WhiteWash #312 Maple,1.5,0.687,0.25,12.08,16.67,22.5,Wood,
FC-312MW,FC WhiteWash #312 Maple,1.5,0.687,0.25,,,31.65,Wood,
312MT,White #312 Maple,1.5,0.687,0.25,11.29,15.58,21.03,Wood,
FC-312MT,FC White #312 Maple,1.5,0.687,0.25,,,32.34,Wood,
312MK,Satin Black #312 Maple,1.5,0.687,0.25,11.29,15.58,21.03,Wood,
FC-312MK,FC Satin Black #312 Maple,1.5,0.687,0.25,,,32.34,Wood,
312MA,Warm White #312 Maple,1.5,0.687,0.25,11.29,15.58,21.03,Wood,
FC-312MA,FC Warm White #312 Maple,1.5,0.687,0.25,,,32.34,Wood,
312MI,Rising White #312 Maple,1.5,0.687,0.25,11.29,15.58,21.03,Wood,
FC-312MI,FC Rising White #312 Maple,1.5,0.687,0.25,,,32.34,Wood,
312M1,Light Grey #312 Maple,1.5,0.687,0.25,11.29,15.58,21.03,Wood,
FC-312M1,FC Light Grey #312 Maple,1.5,0.687,0.25,,,32.34,Wood,
312M2,Medium Grey #312 Maple,1.5,0.687,0.25,11.29,15.58,21.03,Wood,
FC-312M2,FC Medium Grey #312 Maple,1.5,0.687,0.25,,,32.34,Wood,
312M3,Dark Grey #312 Maple,1.5,0.687,0.25,11.29,15.58,21.03,Wood,
FC-312M3,FC Dark Grey #312 Maple,1.5,0.687,0.25,,,32.34,Wood,
312M9,Wheat #312 Maple,1.5,0.687,0.25,12.08,16.67,22.5,Wood,
FC-312M9,FC Wheat #312 Maple,1.5,0.687,0.25,,,32.34,Wood,
312WR,Raw #312 Walnut,1.5,0.687,0.25,11.04,16.12,24.18,Wood,
FC-312WR,FC Raw #312 Walnut,1.5,0.687,0.25,,,36.06,Wood,
312WF,Oil & Wax #312 Walnut,1.5,0.687,0.25,15.63,22.82,30.81,Wood,
FC-312WF,FC Oil & Wax #312 Walnut,1.5,0.687,0.25,,,36.75,Wood,
312WP,Padauk #312 Walnut,1.5,0.687,0.25,16.47,24.05,32.47,Wood,
FC-312WP,FC Padauk #312 Walnut,1.5,0.687,0.25,,,37.43,Wood,
312WB,Special Dark #312 Walnut,1.5,0.687,0.25,16.47,24.05,32.47,Wood,
FC-312WB,FC Special Dark #312 Walnut,1.5,0.687,0.25,,,37.43,Wood,
312WE,Ebony #312 Walnut,1.5,0.687,0.25,15.63,22.82,30.81,Wood,
FC-312WE,FC Ebony #312 Walnut,1.5,0.687,0.25,,,37.43,Wood,
312WK,Satin Black #312 Walnut,1.5,0.687,0.25,14.84,21.67,29.25,Wood,
FC-312WK,FC Satin Black #312 Walnut,1.5,0.687,0.25,,,36.75,Wood,
312W1,Light Grey #312 Walnut,1.5,0.687,0.25,14.84,21.67,29.25,Wood,
FC-312W1,FC Light Grey #312 Walnut,1.5,0.687,0.25,,,36.75,Wood,
312W2,Medium Grey #312 Walnut,1.5,0.687,0.25,14.84,21.67,29.25,Wood,
FC-312W2,FC Medium Grey #312 Walnut,1.5,0.687,0.25,,,36.75,Wood,
312W3,Dark Grey #312 Walnut,1.5,0.687,0.25,14.84,21.67,29.25,Wood,
FC-312W3,FC Dark Grey #312 Walnut,1.5,0.687,0.25,,,36.75,Wood,
333CR,Raw #333 Cherry,1.75,0.906,0.313,9.15,13.73,20.6,Wood,
FC-333CR,FC Raw #333 Cherry,1.75,0.906,0.313,,,34.36,Wood,
333CF,Oil & Wax #333 Cherry,1.75,0.906,0.313,12.68,19.02,25.68,Wood,
FC-333CF,FC Oil & Wax #333 Cherry,1.75,0.906,0.313,,,35.04,Wood,
333CL,Clear Lacquer #333 Cherry,1.75,0.906,0.313,14.58,21.87,29.52,Wood,
FC-333CL,FC Clear Lacquer #333 Cherry,1.75,0.906,0.313,,,36.42,Wood,
333CG,Aged #333 Cherry,1.75,0.906,0.313,14.58,21.87,29.52,Wood,
FC-333CG,FC Aged #333 Cherry,1.75,0.906,0.313,,,36.42,Wood,
333CQ,Antique #333 Cherry,1.75,0.906,0.313,14.58,21.87,29.52,Wood,
FC-333CQ,FC Antique #333 Cherry,1.75,0.906,0.313,,,36.42,Wood,
333CD,Black Cherry #333 Cherry,1.75,0.906,0.313,14.58,21.87,29.52,Wood,
FC-333CD,FC Black Cherry #333 Cherry,1.75,0.906,0.313,,,37.11,Wood,
333MR,Raw #333 Maple,1.75,0.906,0.313,9.42,13.38,20.07,Wood,
FC-333MR,FC Raw #333 Maple,1.75,0.906,0.313,,,34.01,Wood,
333MF,Oil & Wax #333 Maple,1.75,0.906,0.313,12.68,18.01,24.31,Wood,
FC-333MF,FC Oil & Wax #333 Maple,1.75,0.906,0.313,,,34.69,Wood,
333ML,Clear Lacquer #333 Maple,1.75,0.906,0.313,12.95,18.39,24.83,Wood,
FC-333ML,FC Clear Lacquer #333 Maple,1.75,0.906,0.313,,,34.69,Wood,
333MW,WhiteWash #333 Maple,1.75,0.906,0.313,14.01,19.89,26.85,Wood,
FC-333MW,FC WhiteWash #333 Maple,1.75,0.906,0.313,,,35.38,Wood,
333MT,White #333 Maple,1.75,0.906,0.313,13.22,18.77,25.34,Wood,
FC-333MT,FC White #333 Maple,1.75,0.906,0.313,,,36.07,Wood,
333MK,Satin Black #333 Maple,1.75,0.906,0.313,13.22,18.77,25.34,Wood,
FC-333MK,FC Satin Black #333 Maple,1.75,0.906,0.313,,,36.07,Wood,
333MA,Warm White #333 Maple,1.75,0.906,0.313,13.22,18.77,25.34,Wood,
FC-333MA,FC Warm White #333 Maple,1.75,0.906,0.313,,,36.07,Wood,
333MI,Rising White #333 Maple,1.75,0.906,0.313,13.22,18.77,25.34,Wood,
FC-333MI,FC Rising White #333 Maple,1.75,0.906,0.313,,,36.07,Wood,
333M1,Light Grey #333 Maple,1.75,0.906,0.313,13.22,18.77,25.34,Wood,
FC-333M1,FC Light Grey #333 Maple,1.75,0.906,0.313,,,36.07,Wood,
333M2,Medium Grey #333 Maple,1.75,0.906,0.313,13.22,18.77,25.34,Wood,
FC-333M2,FC Medium Grey #333 Maple,1.75,0.906,0.313,,,36.07,Wood,
333M3,Dark Grey #333 Maple,1.75,0.906,0.313,13.22,18.77,25.34,Wood,
FC-333M3,FC Dark Grey #333 Maple,1.75,0.906,0.313,,,36.07,Wood,
333M9,Wheat #333 Maple,1.75,0.906,0.313,14.01,19.89,26.85,Wood,
FC-333M9,FC Wheat #333 Maple,1.75,0.906,0.313,,,36.07,Wood,
351AR,Raw #351 Ash,1.25,0.562,0.25,4.56,6.48,10.37,Wood,
FC-351AR,FC Raw #351 Ash,1.25,0.562,0.25,,,27.79,Wood,
351AF,Oil & Wax #351 Ash,1.25,0.562,0.25,7.82,11.1,15.54,Wood,
FC-351AF,FC Oil & Wax #351 Ash,1.25,0.562,0.25,,,28.48,Wood,
351AL,Clear Lacquer #351 Ash,1.25,0.562,0.25,8.36,11.87,16.62,Wood,
FC-351AL,FC Clear Lacquer #351 Ash,1.25,0.562,0.25,,,28.48,Wood,
351AW,WhiteWash #351 Ash,1.25,0.562,0.25,10.26,14.57,20.4,Wood,
FC-351AW,FC WhiteWash #351 Ash,1.25,0.562,0.25,,,29.17,Wood,
351AT,White #351 Ash,1.25,0.562,0.25,10.26,14.57,20.4,Wood,
FC-351AT,FC White #351 Ash,1.25,0.562,0.25,,,30.54,Wood,
351AK,Satin Black #351 Ash,1.25,0.562,0.25,10.26,14.57,20.4,Wood,
FC-351AK,FC Satin Black #351 Ash,1.25,0.562,0.25,,,30.54,Wood,
351AA,Warm White #351 Ash,1.25,0.562,0.25,10.26,14.57,20.4,Wood,
FC-351AA,FC Warm White #351 Ash,1.25,0.562,0.25,,,30.54,Wood,
351AC,Charcoal #351 Ash,1.25,0.562,0.25,10.26,14.57,20.4,Wood,
FC-351AC,FC Charcoal #351 Ash,1.25,0.562,0.25,,,30.54,Wood,
351AI,Rising White #351 Ash,1.25,0.562,0.25,10.26,14.57,20.4,Wood,
FC-351AI,FC Rising White #351 Ash,1.25,0.562,0.25,,,30.54,Wood,
351A1,Light Grey #351 Ash,1.25,0.562,0.25,10.26,14.57,20.4,Wood,
FC-351A1,FC Light Grey #351 Ash,1.25,0.562,0.25,,,30.54,Wood,
351A2,Medium Grey #351 Ash,1.25,0.562,0.25,10.26,14.57,20.4,Wood,
FC-351A2,FC Medium Grey #351 Ash,1.25,0.562,0.25,,,30.54,Wood,
351A3,Dark Grey #351 Ash,1.25,0.562,0.25,10.26,14.57,20.4,Wood,
FC-351A3,FC Dark Grey #351 Ash,1.25,0.562,0.25,,,30.54,Wood,
351CR,Raw #351 Cherry,1.25,0.562,0.25,5.21,7.61,12.18,Wood,
FC-351CR,FC Raw #351 Cherry,1.25,0.562,0.25,,,28.92,Wood,
351CF,Oil & Wax #351 Cherry,1.25,0.562,0.25,8.74,12.76,17.86,Wood,
FC-351CF,FC Oil & Wax #351 Cherry,1.25,0.562,0.25,,,29.61,Wood,
351CL,Clear Lacquer #351 Cherry,1.25,0.562,0.25,10.64,15.53,21.74,Wood,
FC-351CL,FC Clear Lacquer #351 Cherry,1.25,0.562,0.25,,,30.99,Wood,
351CG,Aged #351 Cherry,1.25,0.562,0.25,10.64,15.53,21.74,Wood,
FC-351CG,FC Aged #351 Cherry,1.25,0.562,0.25,,,30.99,Wood,
351CQ,Antique #351 Cherry,1.25,0.562,0.25,10.64,15.53,21.74,Wood,
FC-351CQ,FC Antique #351 Cherry,1.25,0.562,0.25,,,30.99,Wood,
351CD,Black Cherry #351 Cherry,1.25,0.562,0.25,10.64,15.53,21.74,Wood,
FC-351CD,FC Black Cherry #351 Cherry,1.25,0.562,0.25,,,31.67,Wood,
351MR,Raw #351 Maple,1.25,0.562,0.25,5.19,7.16,11.46,Wood,
FC-351MR,FC Raw #351 Maple,1.25,0.562,0.25,,,28.47,Wood,
351MF,Oil & Wax #351 Maple,1.25,0.562,0.25,8.45,11.66,16.32,Wood,
FC-351MF,FC Oil & Wax #351 Maple,1.25,0.562,0.25,,,29.16,Wood,
351ML,Clear Lacquer #351 Maple,1.25,0.562,0.25,8.72,12.03,16.84,Wood,
FC-351ML,FC Clear Lacquer #351 Maple,1.25,0.562,0.25,,,29.16,Wood,
351MW,WhiteWash #351 Maple,1.25,0.562,0.25,9.78,13.5,18.9,Wood,
FC-351MW,FC WhiteWash #351 Maple,1.25,0.562,0.25,,,29.85,Wood,
351MT,White #351 Maple,1.25,0.562,0.25,8.99,12.41,17.37,Wood,
FC-351MT,FC White #351 Maple,1.25,0.562,0.25,,,30.54,Wood,
351MK,Satin Black #351 Maple,1.25,0.562,0.25,8.99,12.41,17.37,Wood,
FC-351MK,FC Satin Black #351 Maple,1.25,0.562,0.25,,,30.54,Wood,
351MA,Warm White #351 Maple,1.25,0.562,0.25,8.99,12.41,17.37,Wood,
FC-351MA,FC Warm White #351 Maple,1.25,0.562,0.25,,,30.54,Wood,
351MI,Rising White #351 Maple,1.25,0.562,0.25,8.99,12.41,17.37,Wood,
FC-351MI,FC Rising White #351 Maple,1.25,0.562,0.25,,,30.54,Wood,
351M1,Light Grey #351 Maple,1.25,0.562,0.25,8.99,12.41,17.37,Wood,
FC-351M1,FC Light Grey #351 Maple,1.25,0.562,0.25,,,30.54,Wood,
351M2,Medium Grey #351 Maple,1.25,0.562,0.25,8.99,12.41,17.37,Wood,
FC-351M2,FC Medium Grey #351 Maple,1.25,0.562,0.25,,,30.54,Wood,
351M3,Dark Grey #351 Maple,1.25,0.562,0.25,8.99,12.41,17.37,Wood,
FC-351M3,FC Dark Grey #351 Maple,1.25,0.562,0.25,,,30.54,Wood,
351M9,Wheat #351 Maple,1.25,0.562,0.25,9.78,13.5,18.9,Wood,
FC-351M9,FC Wheat #351 Maple,1.25,0.562,0.25,,,30.54,Wood,
351OR,Raw #351 Oak,1.25,0.562,0.25,4.17,5.75,9.2,Wood,
FC-351OR,FC Raw #351 Oak,1.25,0.562,0.25,,,27.06,Wood,
351OF,Oil & Wax #351 Oak,1.25,0.562,0.25,7.43,10.25,14.35,Wood,
FC-351OF,FC Oil & Wax #351 Oak,1.25,0.562,0.25,,,27.75,Wood,
351OL,Clear Lacquer #351 Oak,1.25,0.562,0.25,7.7,10.63,14.88,Wood,
FC-351OL,FC Clear Lacquer #351 Oak,1.25,0.562,0.25,,,27.75,Wood,
351WR,Raw #351 Walnut,1.25,0.562,0.25,9.55,13.94,22.3,Wood,
FC-351WR,FC Raw #351 Walnut,1.25,0.562,0.25,,,35.25,Wood,
351WF,Oil & Wax #351 Walnut,1.25,0.562,0.25,14.14,20.64,28.9,Wood,
FC-351WF,FC Oil & Wax #351 Walnut,1.25,0.562,0.25,,,35.94,Wood,
351WP,Padauk #351 Walnut,1.25,0.562,0.25,14.98,21.87,30.62,Wood,
FC-351WP,FC Padauk #351 Walnut,1.25,0.562,0.25,,,36.63,Wood,
351WB,Special Dark #351 Walnut,1.25,0.562,0.25,14.98,21.87,30.62,Wood,
FC-351WB,FC Special Dark #351 Walnut,1.25,0.562,0.25,,,36.63,Wood,
351WE,Ebony #351 Walnut,1.25,0.562,0.25,14.14,20.64,28.9,Wood,
FC-351WE,FC Ebony #351 Walnut,1.25,0.562,0.25,,,36.63,Wood,
351WK,Satin Black #351 Walnut,1.25,0.562,0.25,13.35,19.49,27.29,Wood,
FC-351WK,FC Satin Black #351 Walnut,1.25,0.562,0.25,,,35.94,Wood,
351W1,Light Grey #351 Walnut,1.25,0.562,0.25,13.35,19.49,27.29,Wood,
FC-351W1,FC Light Grey #351 Walnut,1.25,0.562,0.25,,,35.94,Wood,
351W2,Medium Grey #351 Walnut,1.25,0.562,0.25,13.35,19.49,27.29,Wood,
FC-351W2,FC Medium Grey #351 Walnut,1.25,0.562,0.25,,,35.94,Wood,
351W3,Dark Grey #351 Walnut,1.25,0.562,0.25,13.35,19.49,27.29,Wood,
FC-351W3,FC Dark Grey #351 Walnut,1.25,0.562,0.25,,,35.94,Wood,
351QR,Raw #351 Qtrd W. Oak,1.25,0.562,0.25,8.89,14.67,23.47,Wood,
FC-351QR,FC Raw #351 Qtrd W. Oak,1.25,0.562,0.25,,,36.67,Wood,
351QF,Oil & Wax #351 Qtrd W. Oak,1.25,0.562,0.25,12.15,20.05,28.07,Wood,
FC-351QF,FC Oil & Wax #351 Qtrd W. Oak,1.25,0.562,0.25,,,37.36,Wood,
351QL,Clear Lacquer #351 Qtrd W. Oak,1.25,0.562,0.25,12.42,20.49,28.69,Wood,
FC-351QL,FC Clear Lacquer #351 Qtrd W. Oak,1.25,0.562,0.25,,,37.36,Wood,
351QC,Charcoal #351 Qtrd W. Oak,1.25,0.562,0.25,14.32,23.63,33.08,Wood,
FC-351QC,FC Charcoal #351 Qtrd W. Oak,1.25,0.562,0.25,,,38.05,Wood,
351QM,Mission #351 Qtrd W. Oak,1.25,0.562,0.25,14.32,23.63,33.08,Wood,
FC-351QM,FC Mission #351 Qtrd W. Oak,1.25,0.562,0.25,,,38.05,Wood,
351Q7,Bleached #351 Qtrd W. Oak,1.25,0.562,0.25,14.32,23.63,33.08,Wood,
FC-351Q7,FC Bleached #351 Qtrd W. Oak,1.25,0.562,0.25,,,38.05,Wood,
352AR,Raw #352 Ash,1.5,0.562,0.25,4.92,6.99,11.18,Wood,
FC-352AR,FC Raw #352 Ash,1.5,0.562,0.25,,,28.3,Wood,
352AF,Oil & Wax #352 Ash,1.5,0.562,0.25,8.18,11.62,16.27,Wood,
FC-352AF,FC Oil & Wax #352 Ash,1.5,0.562,0.25,,,28.99,Wood,
352AL,Clear Lacquer #352 Ash,1.5,0.562,0.25,8.72,12.38,17.33,Wood,
FC-352AL,FC Clear Lacquer #352 Ash,1.5,0.562,0.25,,,28.99,Wood,
352AW,WhiteWash #352 Ash,1.5,0.562,0.25,10.62,15.08,21.11,Wood,
FC-352AW,FC WhiteWash #352 Ash,1.5,0.562,0.25,,,29.68,Wood,
352AT,White #352 Ash,1.5,0.562,0.25,10.62,15.08,21.11,Wood,
FC-352AT,FC White #352 Ash,1.5,0.562,0.25,,,31.05,Wood,
352AK,Satin Black #352 Ash,1.5,0.562,0.25,10.62,15.08,21.11,Wood,
FC-352AK,FC Satin Black #352 Ash,1.5,0.562,0.25,,,31.05,Wood,
352AA,Warm White #352 Ash,1.5,0.562,0.25,10.62,15.08,21.11,Wood,
FC-352AA,FC Warm White #352 Ash,1.5,0.562,0.25,,,31.05,Wood,
352AC,Charcoal #352 Ash,1.5,0.562,0.25,10.62,15.08,21.11,Wood,
FC-352AC,FC Charcoal #352 Ash,1.5,0.562,0.25,,,31.05,Wood,
352AI,Rising White #352 Ash,1.5,0.562,0.25,10.62,15.08,21.11,Wood,
FC-352AI,FC Rising White #352 Ash,1.5,0.562,0.25,,,31.05,Wood,
352A1,Light Grey #352 Ash,1.5,0.562,0.25,10.62,15.08,21.11,Wood,
FC-352A1,FC Light Grey #352 Ash,1.5,0.562,0.25,,,31.05,Wood,
352A2,Medium Grey #352 Ash,1.5,0.562,0.25,10.62,15.08,21.11,Wood,
FC-352A2,FC Medium Grey #352 Ash,1.5,0.562,0.25,,,31.05,Wood,
352A3,Dark Grey #352 Ash,1.5,0.562,0.25,10.62,15.08,21.11,Wood,
FC-352A3,FC Dark Grey #352 Ash,1.5,0.562,0.25,,,31.05,Wood,
352CR,Raw #352 Cherry,1.5,0.562,0.25,5.66,8.26,13.22,Wood,
FC-352CR,FC Raw #352 Cherry,1.5,0.562,0.25,,,29.57,Wood,
352CF,Oil & Wax #352 Cherry,1.5,0.562,0.25,9.19,13.42,18.79,Wood,
FC-352CF,FC Oil & Wax #352 Cherry,1.5,0.562,0.25,,,30.26,Wood,
352CL,Clear Lacquer #352 Cherry,1.5,0.562,0.25,11.09,16.19,22.67,Wood,
FC-352CL,FC Clear Lacquer #352 Cherry,1.5,0.562,0.25,,,31.64,Wood,
352CG,Aged #352 Cherry,1.5,0.562,0.25,11.09,16.19,22.67,Wood,
FC-352CG,FC Aged #352 Cherry,1.5,0.562,0.25,,,31.64,Wood,
352CQ,Antique #352 Cherry,1.5,0.562,0.25,11.09,16.19,22.67,Wood,
FC-352CQ,FC Antique #352 Cherry,1.5,0.562,0.25,,,31.64,Wood,
352CD,Black Cherry #352 Cherry,1.5,0.562,0.25,11.09,16.19,22.67,Wood,
FC-352CD,FC Black Cherry #352 Cherry,1.5,0.562,0.25,,,32.32,Wood,
352MR,Raw #352 Maple,1.5,0.562,0.25,5.6,7.73,12.37,Wood,
FC-352MR,FC Raw #352 Maple,1.5,0.562,0.25,,,29.04,Wood,
352MF,Oil & Wax #352 Maple,1.5,0.562,0.25,8.86,12.23,17.12,Wood,
FC-352MF,FC Oil & Wax #352 Maple,1.5,0.562,0.25,,,29.73,Wood,
352ML,Clear Lacquer #352 Maple,1.5,0.562,0.25,9.13,12.6,17.64,Wood,
FC-352ML,FC Clear Lacquer #352 Maple,1.5,0.562,0.25,,,29.73,Wood,
352MW,WhiteWash #352 Maple,1.5,0.562,0.25,10.19,14.06,19.68,Wood,
FC-352MW,FC WhiteWash #352 Maple,1.5,0.562,0.25,,,30.42,Wood,
352MT,White #352 Maple,1.5,0.562,0.25,9.4,12.97,18.16,Wood,
FC-352MT,FC White #352 Maple,1.5,0.562,0.25,,,31.11,Wood,
352MK,Satin Black #352 Maple,1.5,0.562,0.25,9.4,12.97,18.16,Wood,
FC-352MK,FC Satin Black #352 Maple,1.5,0.562,0.25,,,31.11,Wood,
352MA,Warm White #352 Maple,1.5,0.562,0.25,9.4,12.97,18.16,Wood,
FC-352MA,FC Warm White #352 Maple,1.5,0.562,0.25,,,31.11,Wood,
352MI,Rising White #352 Maple,1.5,0.562,0.25,9.4,12.97,18.16,Wood,
FC-352MI,FC Rising White #352 Maple,1.5,0.562,0.25,,,31.11,Wood,
352M1,Light Grey #352 Maple,1.5,0.562,0.25,9.4,12.97,18.16,Wood,
FC-352M1,FC Light Grey #352 Maple,1.5,0.562,0.25,,,31.11,Wood,
352M2,Medium Grey #352 Maple,1.5,0.562,0.25,9.4,12.97,18.16,Wood,
FC-352M2,FC Medium Grey #352 Maple,1.5,0.562,0.25,,,31.11,Wood,
352M3,Dark Grey #352 Maple,1.5,0.562,0.25,9.4,12.97,18.16,Wood,
FC-352M3,FC Dark Grey #352 Maple,1.5,0.562,0.25,,,31.11,Wood,
352M9,Wheat #352 Maple,1.5,0.562,0.25,10.19,14.06,19.68,Wood,
FC-352M9,FC Wheat #352 Maple,1.5,0.562,0.25,,,31.11,Wood,
352OR,Raw #352 Oak,1.5,0.562,0.25,4.55,6.28,10.05,Wood,
FC-352OR,FC Raw #352 Oak,1.5,0.562,0.25,,,27.59,Wood,
352OF,Oil & Wax #352 Oak,1.5,0.562,0.25,7.81,10.78,15.09,Wood,
FC-352OF,FC Oil & Wax #352 Oak,1.5,0.562,0.25,,,28.28,Wood,
352OL,Clear Lacquer #352 Oak,1.5,0.562,0.25,8.08,11.15,15.61,Wood,
FC-352OL,FC Clear Lacquer #352 Oak,1.5,0.562,0.25,,,28.28,Wood,
352WR,Raw #352 Walnut,1.5,0.562,0.25,10.07,14.7,23.52,Wood,
FC-352WR,FC Raw #352 Walnut,1.5,0.562,0.25,,,36.01,Wood,
352WF,Oil & Wax #352 Walnut,1.5,0.562,0.25,14.66,21.4,29.96,Wood,
FC-352WF,FC Oil & Wax #352 Walnut,1.5,0.562,0.25,,,36.7,Wood,
352WP,Padauk #352 Walnut,1.5,0.562,0.25,15.5,22.63,31.68,Wood,
FC-352WP,FC Padauk #352 Walnut,1.5,0.562,0.25,,,37.39,Wood,
352WB,Special Dark #352 Walnut,1.5,0.562,0.25,15.5,22.63,31.68,Wood,
FC-352WB,FC Special Dark #352 Walnut,1.5,0.562,0.25,,,37.39,Wood,
352WE,Ebony #352 Walnut,1.5,0.562,0.25,14.66,21.4,29.96,Wood,
FC-352WE,FC Ebony #352 Walnut,1.5,0.562,0.25,,,37.39,Wood,
352WK,Satin Black #352 Walnut,1.5,0.562,0.25,13.87,20.25,28.35,Wood,
FC-352WK,FC Satin Black #352 Walnut,1.5,0.562,0.25,,,36.7,Wood,
352W1,Light Grey #352 Walnut,1.5,0.562,0.25,13.87,20.25,28.35,Wood,
FC-352W1,FC Light Grey #352 Walnut,1.5,0.562,0.25,,,36.7,Wood,
352W2,Medium Grey #352 Walnut,1.5,0.562,0.25,13.87,20.25,28.35,Wood,
FC-352W2,FC Medium Grey #352 Walnut,1.5,0.562,0.25,,,36.7,Wood,
352W3,Dark Grey #352 Walnut,1.5,0.562,0.25,13.87,20.25,28.35,Wood,
FC-352W3,FC Dark Grey #352 Walnut,1.5,0.562,0.25,,,36.7,Wood,
352QR,Raw #352 Qtrd W. Oak,1.5,0.562,0.25,9.47,15.63,25.01,Wood,
FC-352QR,FC Raw #352 Qtrd W. Oak,1.5,0.562,0.25,,,37.63,Wood,
352QF,Oil & Wax #352 Qtrd W. Oak,1.5,0.562,0.25,12.73,21,29.4,Wood,
FC-352QF,FC Oil & Wax #352 Qtrd W. Oak,1.5,0.562,0.25,,,38.32,Wood,
352QL,Clear Lacquer #352 Qtrd W. Oak,1.5,0.562,0.25,13,21.45,30.03,Wood,
FC-352QL,FC Clear Lacquer #352 Qtrd W. Oak,1.5,0.562,0.25,,,38.32,Wood,
352QC,Charcoal #352 Qtrd W. Oak,1.5,0.562,0.25,14.9,24.58,34.41,Wood,
FC-352QC,FC Charcoal #352 Qtrd W. Oak,1.5,0.562,0.25,,,39.01,Wood,
352QM,Mission #352 Qtrd W. Oak,1.5,0.562,0.25,14.9,24.58,34.41,Wood,
FC-352QM,FC Mission #352 Qtrd W. Oak,1.5,0.562,0.25,,,39.01,Wood,
352Q7,Bleached #352 Qtrd W. Oak,1.5,0.562,0.25,14.9,24.58,34.41,Wood,
FC-352Q7,FC Bleached #352 Qtrd W. Oak,1.5,0.562,0.25,,,39.01,Wood,
354AR,Raw #354 Ash,2,0.562,0.25,5.56,7.9,12.64,Wood,
FC-354AR,FC Raw #354 Ash,2,0.562,0.25,,,29.21,Wood,
354AF,Oil & Wax #354 Ash,2,0.562,0.25,8.82,12.52,17.53,Wood,
FC-354AF,FC Oil & Wax #354 Ash,2,0.562,0.25,,,29.9,Wood,
354AL,Clear Lacquer #354 Ash,2,0.562,0.25,9.36,13.29,18.61,Wood,
FC-354AL,FC Clear Lacquer #354 Ash,2,0.562,0.25,,,29.9,Wood,
354AW,WhiteWash #354 Ash,2,0.562,0.25,11.26,15.99,22.39,Wood,
FC-354AW,FC WhiteWash #354 Ash,2,0.562,0.25,,,30.59,Wood,
354AT,White #354 Ash,2,0.562,0.25,11.26,15.99,22.39,Wood,
FC-354AT,FC White #354 Ash,2,0.562,0.25,,,31.96,Wood,
354AK,Satin Black #354 Ash,2,0.562,0.25,11.26,15.99,22.39,Wood,
FC-354AK,FC Satin Black #354 Ash,2,0.562,0.25,,,31.96,Wood,
354AA,Warm White #354 Ash,2,0.562,0.25,11.26,15.99,22.39,Wood,
FC-354AA,FC Warm White #354 Ash,2,0.562,0.25,,,31.96,Wood,
354AC,Charcoal #354 Ash,2,0.562,0.25,11.26,15.99,22.39,Wood,
FC-354AC,FC Charcoal #354 Ash,2,0.562,0.25,,,31.96,Wood,
354AI,Rising White #354 Ash,2,0.562,0.25,11.26,15.99,22.39,Wood,
FC-354AI,FC Rising White #354 Ash,2,0.562,0.25,,,31.96,Wood,
354A1,Light Grey #354 Ash,2,0.562,0.25,11.26,15.99,22.39,Wood,
FC-354A1,FC Light Grey #354 Ash,2,0.562,0.25,,,31.96,Wood,
354A2,Medium Grey #354 Ash,2,0.562,0.25,11.26,15.99,22.39,Wood,
FC-354A2,FC Medium Grey #354 Ash,2,0.562,0.25,,,31.96,Wood,
354A3,Dark Grey #354 Ash,2,0.562,0.25,11.26,15.99,22.39,Wood,
FC-354A3,FC Dark Grey #354 Ash,2,0.562,0.25,,,31.96,Wood,
354CR,Raw #354 Cherry,2,0.562,0.25,6.66,9.72,15.55,Wood,
FC-354CR,FC Raw #354 Cherry,2,0.562,0.25,,,31.03,Wood,
354CF,Oil & Wax #354 Cherry,2,0.562,0.25,10.19,14.88,20.83,Wood,
FC-354CF,FC Oil & Wax #354 Cherry,2,0.562,0.25,,,31.72,Wood,
354CL,Clear Lacquer #354 Cherry,2,0.562,0.25,12.09,17.65,24.71,Wood,
FC-354CL,FC Clear Lacquer #354 Cherry,2,0.562,0.25,,,33.1,Wood,
354CG,Aged #354 Cherry,2,0.562,0.25,12.09,17.65,24.71,Wood,
FC-354CG,FC Aged #354 Cherry,2,0.562,0.25,,,33.1,Wood,
354CQ,Antique #354 Cherry,2,0.562,0.25,12.09,17.65,24.71,Wood,
FC-354CQ,FC Antique #354 Cherry,2,0.562,0.25,,,33.1,Wood,
354CD,Black Cherry #354 Cherry,2,0.562,0.25,12.09,17.65,24.71,Wood,
FC-354CD,FC Black Cherry #354 Cherry,2,0.562,0.25,,,33.78,Wood,
354MR,Raw #354 Maple,2,0.562,0.25,6.56,9.05,14.48,Wood,
FC-354MR,FC Raw #354 Maple,2,0.562,0.25,,,30.36,Wood,
354MF,Oil & Wax #354 Maple,2,0.562,0.25,9.82,13.55,18.97,Wood,
FC-354MF,FC Oil & Wax #354 Maple,2,0.562,0.25,,,31.05,Wood,
354ML,Clear Lacquer #354 Maple,2,0.562,0.25,10.09,13.92,19.49,Wood,
FC-354ML,FC Clear Lacquer #354 Maple,2,0.562,0.25,,,31.05,Wood,
354MW,WhiteWash #354 Maple,2,0.562,0.25,11.15,15.39,21.55,Wood,
FC-354MW,FC WhiteWash #354 Maple,2,0.562,0.25,,,31.74,Wood,
354MT,White #354 Maple,2,0.562,0.25,10.36,14.3,20.02,Wood,
FC-354MT,FC White #354 Maple,2,0.562,0.25,,,32.43,Wood,
354MK,Satin Black #354 Maple,2,0.562,0.25,10.36,14.3,20.02,Wood,
FC-354MK,FC Satin Black #354 Maple,2,0.562,0.25,,,32.43,Wood,
354MA,Warm White #354 Maple,2,0.562,0.25,10.36,14.3,20.02,Wood,
FC-354MA,FC Warm White #354 Maple,2,0.562,0.25,,,32.43,Wood,
354MI,Rising White #354 Maple,2,0.562,0.25,10.36,14.3,20.02,Wood,
FC-354MI,FC Rising White #354 Maple,2,0.562,0.25,,,32.43,Wood,
354M1,Light Grey #354 Maple,2,0.562,0.25,10.36,14.3,20.02,Wood,
FC-354M1,FC Light Grey #354 Maple,2,0.562,0.25,,,32.43,Wood,
354M2,Medium Grey #354 Maple,2,0.562,0.25,10.36,14.3,20.02,Wood,
FC-354M2,FC Medium Grey #354 Maple,2,0.562,0.25,,,32.43,Wood,
354M3,Dark Grey #354 Maple,2,0.562,0.25,10.36,14.3,20.02,Wood,
FC-354M3,FC Dark Grey #354 Maple,2,0.562,0.25,,,32.43,Wood,
354M9,Wheat #354 Maple,2,0.562,0.25,11.15,15.39,21.55,Wood,
FC-354M9,FC Wheat #354 Maple,2,0.562,0.25,,,32.43,Wood,
354OR,Raw #354 Oak,2,0.562,0.25,5.12,7.07,11.31,Wood,
FC-354OR,FC Raw #354 Oak,2,0.562,0.25,,,28.38,Wood,
354OF,Oil & Wax #354 Oak,2,0.562,0.25,8.38,11.56,16.18,Wood,
FC-354OF,FC Oil & Wax #354 Oak,2,0.562,0.25,,,29.07,Wood,
354OL,Clear Lacquer #354 Oak,2,0.562,0.25,8.65,11.94,16.72,Wood,
FC-354OL,FC Clear Lacquer #354 Oak,2,0.562,0.25,,,29.07,Wood,
354WR,Raw #354 Walnut,2,0.562,0.25,11.77,17.18,27.49,Wood,
FC-354WR,FC Raw #354 Walnut,2,0.562,0.25,,,38.49,Wood,
354WF,Oil & Wax #354 Walnut,2,0.562,0.25,16.36,23.89,33.45,Wood,
FC-354WF,FC Oil & Wax #354 Walnut,2,0.562,0.25,,,39.18,Wood,
354WP,Padauk #354 Walnut,2,0.562,0.25,17.2,25.11,35.15,Wood,
FC-354WP,FC Padauk #354 Walnut,2,0.562,0.25,,,39.87,Wood,
354WB,Special Dark #354 Walnut,2,0.562,0.25,17.2,25.11,35.15,Wood,
FC-354WB,FC Special Dark #354 Walnut,2,0.562,0.25,,,39.87,Wood,
354WE,Ebony #354 Walnut,2,0.562,0.25,16.36,23.89,33.45,Wood,
FC-354WE,FC Ebony #354 Walnut,2,0.562,0.25,,,39.87,Wood,
354WK,Satin Black #354 Walnut,2,0.562,0.25,15.57,22.73,31.82,Wood,
FC-354WK,FC Satin Black #354 Walnut,2,0.562,0.25,,,39.18,Wood,
354W1,Light Grey #354 Walnut,2,0.562,0.25,15.57,22.73,31.82,Wood,
FC-354W1,FC Light Grey #354 Walnut,2,0.562,0.25,,,39.18,Wood,
354W2,Medium Grey #354 Walnut,2,0.562,0.25,15.57,22.73,31.82,Wood,
FC-354W2,FC Medium Grey #354 Walnut,2,0.562,0.25,,,39.18,Wood,
354W3,Dark Grey #354 Walnut,2,0.562,0.25,15.57,22.73,31.82,Wood,
FC-354W3,FC Dark Grey #354 Walnut,2,0.562,0.25,,,39.18,Wood,
354QR,Raw #354 Qtrd W. Oak,2,0.562,0.25,10.59,17.47,27.95,Wood,
FC-354QR,FC Raw #354 Qtrd W. Oak,2,0.562,0.25,,,39.47,Wood,
354QF,Oil & Wax #354 Qtrd W. Oak,2,0.562,0.25,13.85,22.85,31.99,Wood,
FC-354QF,FC Oil & Wax #354 Qtrd W. Oak,2,0.562,0.25,,,40.16,Wood,
354QL,Clear Lacquer #354 Qtrd W. Oak,2,0.562,0.25,14.12,23.3,32.62,Wood,
FC-354QL,FC Clear Lacquer #354 Qtrd W. Oak,2,0.562,0.25,,,40.16,Wood,
354QC,Charcoal #354 Qtrd W. Oak,2,0.562,0.25,16.02,26.43,37,Wood,
FC-354QC,FC Charcoal #354 Qtrd W. Oak,2,0.562,0.25,,,40.85,Wood,
354QM,Mission #354 Qtrd W. Oak,2,0.562,0.25,16.02,26.43,37,Wood,
FC-354QM,FC Mission #354 Qtrd W. Oak,2,0.562,0.25,,,40.85,Wood,
354Q7,Bleached #354 Qtrd W. Oak,2,0.562,0.25,16.02,26.43,37,Wood,
FC-354Q7,FC Bleached #354 Qtrd W. Oak,2,0.562,0.25,,,40.85,Wood,
520AR,Raw #520 Ash,0.5,0.953,0.188,4.18,5.94,9.5,Wood,
FC-520AR,FC Raw #520 Ash,0.5,0.953,0.188,,,26.57,Wood,
520AF,Oil & Wax #520 Ash,0.5,0.953,0.188,7.71,10.95,15.33,Wood,
FC-520AF,FC Oil & Wax #520 Ash,0.5,0.953,0.188,,,27.25,Wood,
520AL,Clear Lacquer #520 Ash,0.5,0.953,0.188,8.77,12.45,17.43,Wood,
FC-520AL,FC Clear Lacquer #520 Ash,0.5,0.953,0.188,,,27.25,Wood,
520AW,WhiteWash #520 Ash,0.5,0.953,0.188,9.88,14.03,19.64,Wood,
FC-520AW,FC WhiteWash #520 Ash,0.5,0.953,0.188,,,27.94,Wood,
520AT,White #520 Ash,0.5,0.953,0.188,9.88,14.03,19.64,Wood,
FC-520AT,FC White #520 Ash,0.5,0.953,0.188,,,29.32,Wood,
520AK,Satin Black #520 Ash,0.5,0.953,0.188,9.88,14.03,19.64,Wood,
FC-520AK,FC Satin Black #520 Ash,0.5,0.953,0.188,,,29.32,Wood,
520AA,Warm White #520 Ash,0.5,0.953,0.188,9.88,14.03,19.64,Wood,
FC-520AA,FC Warm White #520 Ash,0.5,0.953,0.188,,,29.32,Wood,
520AC,Charcoal #520 Ash,0.5,0.953,0.188,9.88,14.03,19.64,Wood,
FC-520AC,FC Charcoal #520 Ash,0.5,0.953,0.188,,,29.32,Wood,
520AI,Rising White #520 Ash,0.5,0.953,0.188,9.88,14.03,19.64,Wood,
FC-520AI,FC Rising White #520 Ash,0.5,0.953,0.188,,,29.32,Wood,
520A1,Light Grey #520 Ash,0.5,0.953,0.188,9.88,14.03,19.64,Wood,
FC-520A1,FC Light Grey #520 Ash,0.5,0.953,0.188,,,29.32,Wood,
520A2,Medium Grey #520 Ash,0.5,0.953,0.188,9.88,14.03,19.64,Wood,
FC-520A2,FC Medium Grey #520 Ash,0.5,0.953,0.188,,,29.32,Wood,
520A3,Dark Grey #520 Ash,0.5,0.953,0.188,9.88,14.03,19.64,Wood,
FC-520A3,FC Dark Grey #520 Ash,0.5,0.953,0.188,,,29.32,Wood,
520CR,Raw #520 Cherry,0.5,0.953,0.188,4.42,6.45,10.32,Wood,
FC-520CR,FC Raw #520 Cherry,0.5,0.953,0.188,,,27.08,Wood,
520CF,Oil & Wax #520 Cherry,0.5,0.953,0.188,8.22,12,16.8,Wood,
FC-520CF,FC Oil & Wax #520 Cherry,0.5,0.953,0.188,,,27.76,Wood,
520CL,Clear Lacquer #520 Cherry,0.5,0.953,0.188,10.12,14.78,20.69,Wood,
FC-520CL,FC Clear Lacquer #520 Cherry,0.5,0.953,0.188,,,29.14,Wood,
520CG,Aged #520 Cherry,0.5,0.953,0.188,10.12,14.78,20.69,Wood,
FC-520CG,FC Aged #520 Cherry,0.5,0.953,0.188,,,29.14,Wood,
520CQ,Antique #520 Cherry,0.5,0.953,0.188,10.12,14.78,20.69,Wood,
FC-520CQ,FC Antique #520 Cherry,0.5,0.953,0.188,,,29.14,Wood,
520CD,Black Cherry #520 Cherry,0.5,0.953,0.188,10.12,14.78,20.69,Wood,
FC-520CD,FC Black Cherry #520 Cherry,0.5,0.953,0.188,,,29.83,Wood,
520MR,Raw #520 Maple,0.5,0.953,0.188,5,6.9,11.04,Wood,
FC-520MR,FC Raw #520 Maple,0.5,0.953,0.188,,,27.53,Wood,
520MF,Oil & Wax #520 Maple,0.5,0.953,0.188,8.53,11.77,16.48,Wood,
FC-520MF,FC Oil & Wax #520 Maple,0.5,0.953,0.188,,,28.21,Wood,
520ML,Clear Lacquer #520 Maple,0.5,0.953,0.188,8.8,12.14,17,Wood,
FC-520ML,FC Clear Lacquer #520 Maple,0.5,0.953,0.188,,,28.21,Wood,
520MW,WhiteWash #520 Maple,0.5,0.953,0.188,10.43,14.39,20.15,Wood,
FC-520MW,FC WhiteWash #520 Maple,0.5,0.953,0.188,,,28.9,Wood,
520MT,White #520 Maple,0.5,0.953,0.188,9.59,13.23,18.52,Wood,
FC-520MT,FC White #520 Maple,0.5,0.953,0.188,,,29.59,Wood,
520MK,Satin Black #520 Maple,0.5,0.953,0.188,9.59,13.23,18.52,Wood,
FC-520MK,FC Satin Black #520 Maple,0.5,0.953,0.188,,,29.59,Wood,
520MA,Warm White #520 Maple,0.5,0.953,0.188,9.59,13.23,18.52,Wood,
FC-520MA,FC Warm White #520 Maple,0.5,0.953,0.188,,,29.59,Wood,
520MI,Rising White #520 Maple,0.5,0.953,0.188,9.59,13.23,18.52,Wood,
FC-520MI,FC Rising White #520 Maple,0.5,0.953,0.188,,,29.59,Wood,
520M1,Light Grey #520 Maple,0.5,0.953,0.188,8.8,12.14,17,Wood,
FC-520M1,FC Light Grey #520 Maple,0.5,0.953,0.188,,,29.59,Wood,
520M2,Medium Grey #520 Maple,0.5,0.953,0.188,8.8,12.14,17,Wood,
FC-520M2,FC Medium Grey #520 Maple,0.5,0.953,0.188,,,29.59,Wood,
520M3,Dark Grey #520 Maple,0.5,0.953,0.188,8.8,12.14,17,Wood,
FC-520M3,FC Dark Grey #520 Maple,0.5,0.953,0.188,,,29.59,Wood,
520M9,Wheat #520 Maple,0.5,0.953,0.188,9.59,13.23,18.52,Wood,
FC-520M9,FC Wheat #520 Maple,0.5,0.953,0.188,,,29.59,Wood,
520WR,Raw #520 Walnut,0.5,0.953,0.188,9.25,13.5,21.6,Wood,
FC-520WR,FC Raw #520 Walnut,0.5,0.953,0.188,,,34.13,Wood,
520WF,Oil & Wax #520 Walnut,0.5,0.953,0.188,14.68,21.43,30,Wood,
FC-520WF,FC Oil & Wax #520 Walnut,0.5,0.953,0.188,,,34.81,Wood,
520WP,Padauk #520 Walnut,0.5,0.953,0.188,14.95,21.83,30.56,Wood,
FC-520WP,FC Padauk #520 Walnut,0.5,0.953,0.188,,,35.5,Wood,
520WB,Special Dark #520 Walnut,0.5,0.953,0.188,14.95,21.83,30.56,Wood,
FC-520WB,FC Special Dark #520 Walnut,0.5,0.953,0.188,,,35.5,Wood,
520WE,Ebony #520 Walnut,0.5,0.953,0.188,14.68,21.43,30,Wood,
FC-520WE,FC Ebony #520 Walnut,0.5,0.953,0.188,,,35.5,Wood,
520WK,Satin Black #520 Walnut,0.5,0.953,0.188,13.84,20.21,28.29,Wood,
FC-520WK,FC Satin Black #520 Walnut,0.5,0.953,0.188,,,34.81,Wood,
520W1,Light Grey #520 Walnut,0.5,0.953,0.188,13.84,20.21,28.29,Wood,
FC-520W1,FC Light Grey #520 Walnut,0.5,0.953,0.188,,,34.81,Wood,
520W2,Medium Grey #520 Walnut,0.5,0.953,0.188,13.84,20.21,28.29,Wood,
FC-520W2,FC Medium Grey #520 Walnut,0.5,0.953,0.188,,,34.81,Wood,
520W3,Dark Grey #520 Walnut,0.5,0.953,0.188,13.84,20.21,28.29,Wood,
FC-520W3,FC Dark Grey #520 Walnut,0.5,0.953,0.188,,,34.81,Wood,
520VR,Raw #520 White Oak,0.5,0.953,0.188,6.54,10.79,17.26,Wood,
FC-520VR,FC Raw #520 White Oak,0.5,0.953,0.188,,,31.42,Wood,
520VF,Oil & Wax #520 White Oak,0.5,0.953,0.188,9.8,16.17,22.64,Wood,
FC-520VF,FC Oil & Wax #520 White Oak,0.5,0.953,0.188,,,32.1,Wood,
520VL,Clear Lacquer #520 White Oak,0.5,0.953,0.188,10.07,16.62,23.27,Wood,
FC-520VL,FC Clear Lacquer #520 White Oak,0.5,0.953,0.188,,,32.1,Wood,
520VC,Charcoal #520 White Oak,0.5,0.953,0.188,11.97,19.75,27.65,Wood,
FC-520VC,FC Charcoal #520 White Oak,0.5,0.953,0.188,,,32.79,Wood,
520VM,Mission #520 White Oak,0.5,0.953,0.188,11.97,19.75,27.65,Wood,
FC-520VM,FC Mission #520 White Oak,0.5,0.953,0.188,,,32.79,Wood,
520V7,Bleached #520 White Oak,0.5,0.953,0.188,11.97,19.75,27.65,Wood,
FC-520V7,FC Bleached #520 White Oak,0.5,0.953,0.188,,,32.79,Wood,
532AR,Raw #532 Ash,0.625,1.141,0.25,4.53,6.43,10.29,Wood,
FC-532AR,FC Raw #532 Ash,0.625,1.141,0.25,,,27.06,Wood,
532AF,Oil & Wax #532 Ash,0.625,1.141,0.25,8.06,11.45,16.03,Wood,
FC-532AF,FC Oil & Wax #532 Ash,0.625,1.141,0.25,,,27.74,Wood,
532AL,Clear Lacquer #532 Ash,0.625,1.141,0.25,9.12,12.95,18.13,Wood,
FC-532AL,FC Clear Lacquer #532 Ash,0.625,1.141,0.25,,,27.74,Wood,
532AW,WhiteWash #532 Ash,0.625,1.141,0.25,10.23,14.53,20.34,Wood,
FC-532AW,FC WhiteWash #532 Ash,0.625,1.141,0.25,,,28.43,Wood,
532AT,White #532 Ash,0.625,1.141,0.25,10.23,14.53,20.34,Wood,
FC-532AT,FC White #532 Ash,0.625,1.141,0.25,,,29.81,Wood,
532AK,Satin Black #532 Ash,0.625,1.141,0.25,10.23,14.53,20.34,Wood,
FC-532AK,FC Satin Black #532 Ash,0.625,1.141,0.25,,,29.81,Wood,
532AA,Warm White #532 Ash,0.625,1.141,0.25,10.23,14.53,20.34,Wood,
FC-532AA,FC Warm White #532 Ash,0.625,1.141,0.25,,,29.81,Wood,
532AC,Charcoal #532 Ash,0.625,1.141,0.25,10.23,14.53,20.34,Wood,
FC-532AC,FC Charcoal #532 Ash,0.625,1.141,0.25,,,29.81,Wood,
532AI,Rising White #532 Ash,0.625,1.141,0.25,10.23,14.53,20.34,Wood,
FC-532AI,FC Rising White #532 Ash,0.625,1.141,0.25,,,29.81,Wood,
532A1,Light Grey #532 Ash,0.625,1.141,0.25,10.23,14.53,20.34,Wood,
FC-532A1,FC Light Grey #532 Ash,0.625,1.141,0.25,,,29.81,Wood,
532A2,Medium Grey #532 Ash,0.625,1.141,0.25,10.23,14.53,20.34,Wood,
FC-532A2,FC Medium Grey #532 Ash,0.625,1.141,0.25,,,29.81,Wood,
532A3,Dark Grey #532 Ash,0.625,1.141,0.25,10.23,14.53,20.34,Wood,
FC-532A3,FC Dark Grey #532 Ash,0.625,1.141,0.25,,,29.81,Wood,
532CR,Raw #532 Cherry,0.625,1.141,0.25,4.93,7.2,11.52,Wood,
FC-532CR,FC Raw #532 Cherry,0.625,1.141,0.25,,,27.83,Wood,
532CF,Oil & Wax #532 Cherry,0.625,1.141,0.25,8.73,12.75,17.85,Wood,
FC-532CF,FC Oil & Wax #532 Cherry,0.625,1.141,0.25,,,28.51,Wood,
532CL,Clear Lacquer #532 Cherry,0.625,1.141,0.25,10.63,15.52,21.73,Wood,
FC-532CL,FC Clear Lacquer #532 Cherry,0.625,1.141,0.25,,,29.89,Wood,
532CG,Aged #532 Cherry,0.625,1.141,0.25,10.63,15.52,21.73,Wood,
FC-532CG,FC Aged #532 Cherry,0.625,1.141,0.25,,,29.89,Wood,
532CQ,Antique #532 Cherry,0.625,1.141,0.25,10.63,15.52,21.73,Wood,
FC-532CQ,FC Antique #532 Cherry,0.625,1.141,0.25,,,29.89,Wood,
532CD,Black Cherry #532 Cherry,0.625,1.141,0.25,10.63,15.52,21.73,Wood,
FC-532CD,FC Black Cherry #532 Cherry,0.625,1.141,0.25,,,30.58,Wood,
532MR,Raw #532 Maple,0.625,1.141,0.25,5.25,7.24,11.58,Wood,
FC-532MR,FC Raw #532 Maple,0.625,1.141,0.25,,,27.87,Wood,
532MF,Oil & Wax #532 Maple,0.625,1.141,0.25,8.78,12.12,16.97,Wood,
FC-532MF,FC Oil & Wax #532 Maple,0.625,1.141,0.25,,,28.55,Wood,
532ML,Clear Lacquer #532 Maple,0.625,1.141,0.25,9.05,12.49,17.49,Wood,
FC-532ML,FC Clear Lacquer #532 Maple,0.625,1.141,0.25,,,28.55,Wood,
532MW,WhiteWash #532 Maple,0.625,1.141,0.25,10.68,14.74,20.64,Wood,
FC-532MW,FC WhiteWash #532 Maple,0.625,1.141,0.25,,,29.24,Wood,
532MT,White #532 Maple,0.625,1.141,0.25,9.84,13.58,19.01,Wood,
FC-532MT,FC White #532 Maple,0.625,1.141,0.25,,,29.93,Wood,
532MK,Satin Black #532 Maple,0.625,1.141,0.25,9.84,13.58,19.01,Wood,
FC-532MK,FC Satin Black #532 Maple,0.625,1.141,0.25,,,29.93,Wood,
532MA,Warm White #532 Maple,0.625,1.141,0.25,9.84,13.58,19.01,Wood,
FC-532MA,FC Warm White #532 Maple,0.625,1.141,0.25,,,29.93,Wood,
532MI,Rising White #532 Maple,0.625,1.141,0.25,9.84,13.58,19.01,Wood,
FC-532MI,FC Rising White #532 Maple,0.625,1.141,0.25,,,29.93,Wood,
532M1,Light Grey #532 Maple,0.625,1.141,0.25,9.05,12.49,17.49,Wood,
FC-532M1,FC Light Grey #532 Maple,0.625,1.141,0.25,,,29.93,Wood,
532M2,Medium Grey #532 Maple,0.625,1.141,0.25,9.05,12.49,17.49,Wood,
FC-532M2,FC Medium Grey #532 Maple,0.625,1.141,0.25,,,29.93,Wood,
532M3,Dark Grey #532 Maple,0.625,1.141,0.25,9.05,12.49,17.49,Wood,
FC-532M3,FC Dark Grey #532 Maple,0.625,1.141,0.25,,,29.93,Wood,
532M9,Wheat #532 Maple,0.625,1.141,0.25,9.84,13.58,19.01,Wood,
FC-532M9,FC Wheat #532 Maple,0.625,1.141,0.25,,,29.93,Wood,
532WR,Raw #532 Walnut,0.625,1.141,0.25,9.95,14.53,23.25,Wood,
FC-532WR,FC Raw #532 Walnut,0.625,1.141,0.25,,,35.16,Wood,
532WF,Oil & Wax #532 Walnut,0.625,1.141,0.25,15.38,22.45,31.43,Wood,
FC-532WF,FC Oil & Wax #532 Walnut,0.625,1.141,0.25,,,35.84,Wood,
532WP,Padauk #532 Walnut,0.625,1.141,0.25,15.65,22.85,31.99,Wood,
FC-532WP,FC Padauk #532 Walnut,0.625,1.141,0.25,,,36.53,Wood,
532WB,Special Dark #532 Walnut,0.625,1.141,0.25,15.65,22.85,31.99,Wood,
FC-532WB,FC Special Dark #532 Walnut,0.625,1.141,0.25,,,36.53,Wood,
532WE,Ebony #532 Walnut,0.625,1.141,0.25,15.38,22.45,31.43,Wood,
FC-532WE,FC Ebony #532 Walnut,0.625,1.141,0.25,,,36.53,Wood,
532WK,Satin Black #532 Walnut,0.625,1.141,0.25,14.54,21.23,29.72,Wood,
FC-532WK,FC Satin Black #532 Walnut,0.625,1.141,0.25,,,35.84,Wood,
532W1,Light Grey #532 Walnut,0.625,1.141,0.25,14.54,21.23,29.72,Wood,
FC-532W1,FC Light Grey #532 Walnut,0.625,1.141,0.25,,,35.84,Wood,
532W2,Medium Grey #532 Walnut,0.625,1.141,0.25,14.54,21.23,29.72,Wood,
FC-532W2,FC Medium Grey #532 Walnut,0.625,1.141,0.25,,,35.84,Wood,
532W3,Dark Grey #532 Walnut,0.625,1.141,0.25,14.54,21.23,29.72,Wood,
FC-532W3,FC Dark Grey #532 Walnut,0.625,1.141,0.25,,,35.84,Wood,
532VR,Raw #532 White Oak,0.625,1.141,0.25,6.95,11.47,18.35,Wood,
FC-532VR,FC Raw #532 White Oak,0.625,1.141,0.25,,,32.1,Wood,
532VF,Oil & Wax #532 White Oak,0.625,1.141,0.25,10.21,16.85,23.59,Wood,
FC-532VF,FC Oil & Wax #532 White Oak,0.625,1.141,0.25,,,32.78,Wood,
532VL,Clear Lacquer #532 White Oak,0.625,1.141,0.25,10.48,17.29,24.21,Wood,
FC-532VL,FC Clear Lacquer #532 White Oak,0.625,1.141,0.25,,,32.78,Wood,
532VC,Charcoal #532 White Oak,0.625,1.141,0.25,12.38,20.43,28.6,Wood,
FC-532VC,FC Charcoal #532 White Oak,0.625,1.141,0.25,,,33.47,Wood,
532VM,Mission #532 White Oak,0.625,1.141,0.25,12.38,20.43,28.6,Wood,
FC-532VM,FC Mission #532 White Oak,0.625,1.141,0.25,,,33.47,Wood,
532V7,Bleached #532 White Oak,0.625,1.141,0.25,12.38,20.43,28.6,Wood,
FC-532V7,FC Bleached #532 White Oak,0.625,1.141,0.25,,,33.47,Wood,
544AR,Raw #544 Ash,0.75,1.328,0.25,5.13,7.28,11.65,Wood,
FC-544AR,FC Raw #544 Ash,0.75,1.328,0.25,,,27.91,Wood,
544AF,Oil & Wax #544 Ash,0.75,1.328,0.25,8.66,12.3,17.22,Wood,
FC-544AF,FC Oil & Wax #544 Ash,0.75,1.328,0.25,,,28.59,Wood,
544AL,Clear Lacquer #544 Ash,0.75,1.328,0.25,9.72,13.8,19.32,Wood,
FC-544AL,FC Clear Lacquer #544 Ash,0.75,1.328,0.25,,,28.59,Wood,
544AW,WhiteWash #544 Ash,0.75,1.328,0.25,10.83,15.38,21.53,Wood,
FC-544AW,FC WhiteWash #544 Ash,0.75,1.328,0.25,,,29.28,Wood,
544AT,White #544 Ash,0.75,1.328,0.25,10.83,15.38,21.53,Wood,
FC-544AT,FC White #544 Ash,0.75,1.328,0.25,,,30.66,Wood,
544AK,Satin Black #544 Ash,0.75,1.328,0.25,10.83,15.38,21.53,Wood,
FC-544AK,FC Satin Black #544 Ash,0.75,1.328,0.25,,,30.66,Wood,
544AA,Warm White #544 Ash,0.75,1.328,0.25,10.83,15.38,21.53,Wood,
FC-544AA,FC Warm White #544 Ash,0.75,1.328,0.25,,,30.66,Wood,
544AC,Charcoal #544 Ash,0.75,1.328,0.25,10.83,15.38,21.53,Wood,
FC-544AC,FC Charcoal #544 Ash,0.75,1.328,0.25,,,30.66,Wood,
544AI,Rising White #544 Ash,0.75,1.328,0.25,10.83,15.38,21.53,Wood,
FC-544AI,FC Rising White #544 Ash,0.75,1.328,0.25,,,30.66,Wood,
544A1,Light Grey #544 Ash,0.75,1.328,0.25,10.83,15.38,21.53,Wood,
FC-544A1,FC Light Grey #544 Ash,0.75,1.328,0.25,,,30.66,Wood,
544A2,Medium Grey #544 Ash,0.75,1.328,0.25,10.83,15.38,21.53,Wood,
FC-544A2,FC Medium Grey #544 Ash,0.75,1.328,0.25,,,30.66,Wood,
544A3,Dark Grey #544 Ash,0.75,1.328,0.25,10.83,15.38,21.53,Wood,
FC-544A3,FC Dark Grey #544 Ash,0.75,1.328,0.25,,,30.66,Wood,
544CR,Raw #544 Cherry,0.75,1.328,0.25,5.69,8.31,13.3,Wood,
FC-544CR,FC Raw #544 Cherry,0.75,1.328,0.25,,,28.94,Wood,
544CF,Oil & Wax #544 Cherry,0.75,1.328,0.25,9.49,13.86,19.4,Wood,
FC-544CF,FC Oil & Wax #544 Cherry,0.75,1.328,0.25,,,29.62,Wood,
544CL,Clear Lacquer #544 Cherry,0.75,1.328,0.25,11.39,16.63,23.28,Wood,
FC-544CL,FC Clear Lacquer #544 Cherry,0.75,1.328,0.25,,,31,Wood,
544CG,Aged #544 Cherry,0.75,1.328,0.25,11.39,16.63,23.28,Wood,
FC-544CG,FC Aged #544 Cherry,0.75,1.328,0.25,,,31,Wood,
544CQ,Antique #544 Cherry,0.75,1.328,0.25,11.39,16.63,23.28,Wood,
FC-544CQ,FC Antique #544 Cherry,0.75,1.328,0.25,,,31,Wood,
544CD,Black Cherry #544 Cherry,0.75,1.328,0.25,11.39,16.63,23.28,Wood,
FC-544CD,FC Black Cherry #544 Cherry,0.75,1.328,0.25,,,31.69,Wood,
544MR,Raw #544 Maple,0.75,1.328,0.25,5.9,8.14,13.02,Wood,
FC-544MR,FC Raw #544 Maple,0.75,1.328,0.25,,,28.77,Wood,
544MF,Oil & Wax #544 Maple,0.75,1.328,0.25,9.43,13.01,18.21,Wood,
FC-544MF,FC Oil & Wax #544 Maple,0.75,1.328,0.25,,,29.45,Wood,
544ML,Clear Lacquer #544 Maple,0.75,1.328,0.25,9.7,13.39,18.75,Wood,
FC-544ML,FC Clear Lacquer #544 Maple,0.75,1.328,0.25,,,29.45,Wood,
544MW,WhiteWash #544 Maple,0.75,1.328,0.25,11.33,15.64,21.9,Wood,
FC-544MW,FC WhiteWash #544 Maple,0.75,1.328,0.25,,,30.14,Wood,
544MT,White #544 Maple,0.75,1.328,0.25,10.49,14.48,20.27,Wood,
FC-544MT,FC White #544 Maple,0.75,1.328,0.25,,,30.83,Wood,
544MK,Satin Black #544 Maple,0.75,1.328,0.25,10.49,14.48,20.27,Wood,
FC-544MK,FC Satin Black #544 Maple,0.75,1.328,0.25,,,30.83,Wood,
544MA,Warm White #544 Maple,0.75,1.328,0.25,10.49,14.48,20.27,Wood,
FC-544MA,FC Warm White #544 Maple,0.75,1.328,0.25,,,30.83,Wood,
544MI,Rising White #544 Maple,0.75,1.328,0.25,10.49,14.48,20.27,Wood,
FC-544MI,FC Rising White #544 Maple,0.75,1.328,0.25,,,30.83,Wood,
544M1,Light Grey #544 Maple,0.75,1.328,0.25,9.7,13.39,18.75,Wood,
FC-544M1,FC Light Grey #544 Maple,0.75,1.328,0.25,,,30.83,Wood,
544M2,Medium Grey #544 Maple,0.75,1.328,0.25,9.7,13.39,18.75,Wood,
FC-544M2,FC Medium Grey #544 Maple,0.75,1.328,0.25,,,30.83,Wood,
544M3,Dark Grey #544 Maple,0.75,1.328,0.25,9.7,13.39,18.75,Wood,
FC-544M3,FC Dark Grey #544 Maple,0.75,1.328,0.25,,,30.83,Wood,
544M9,Wheat #544 Maple,0.75,1.328,0.25,10.49,14.48,20.27,Wood,
FC-544M9,FC Wheat #544 Maple,0.75,1.328,0.25,,,30.83,Wood,
544WR,Raw #544 Walnut,0.75,1.328,0.25,10.23,14.94,23.9,Wood,
FC-544WR,FC Raw #544 Walnut,0.75,1.328,0.25,,,35.57,Wood,
544WF,Oil & Wax #544 Walnut,0.75,1.328,0.25,15.66,22.86,32,Wood,
FC-544WF,FC Oil & Wax #544 Walnut,0.75,1.328,0.25,,,36.25,Wood,
544WP,Padauk #544 Walnut,0.75,1.328,0.25,15.93,23.26,32.56,Wood,
FC-544WP,FC Padauk #544 Walnut,0.75,1.328,0.25,,,36.94,Wood,
544WB,Special Dark #544 Walnut,0.75,1.328,0.25,15.93,23.26,32.56,Wood,
FC-544WB,FC Special Dark #544 Walnut,0.75,1.328,0.25,,,36.94,Wood,
544WE,Ebony #544 Walnut,0.75,1.328,0.25,15.66,22.86,32,Wood,
FC-544WE,FC Ebony #544 Walnut,0.75,1.328,0.25,,,36.94,Wood,
544WK,Satin Black #544 Walnut,0.75,1.328,0.25,14.82,21.64,30.3,Wood,
FC-544WK,FC Satin Black #544 Walnut,0.75,1.328,0.25,,,36.25,Wood,
544W1,Light Grey #544 Walnut,0.75,1.328,0.25,14.82,21.64,30.3,Wood,
FC-544W1,FC Light Grey #544 Walnut,0.75,1.328,0.25,,,36.25,Wood,
544W2,Medium Grey #544 Walnut,0.75,1.328,0.25,14.82,21.64,30.3,Wood,
FC-544W2,FC Medium Grey #544 Walnut,0.75,1.328,0.25,,,36.25,Wood,
544W3,Dark Grey #544 Walnut,0.75,1.328,0.25,14.82,21.64,30.3,Wood,
FC-544W3,FC Dark Grey #544 Walnut,0.75,1.328,0.25,,,36.25,Wood,
544VR,Raw #544 White Oak,0.75,1.328,0.25,7.36,12.14,19.42,Wood,
FC-544VR,FC Raw #544 White Oak,0.75,1.328,0.25,,,32.77,Wood,
544VF,Oil & Wax #544 White Oak,0.75,1.328,0.25,10.62,17.52,24.53,Wood,
FC-544VF,FC Oil & Wax #544 White Oak,0.75,1.328,0.25,,,33.45,Wood,
544VL,Clear Lacquer #544 White Oak,0.75,1.328,0.25,10.89,17.97,25.16,Wood,
FC-544VL,FC Clear Lacquer #544 White Oak,0.75,1.328,0.25,,,33.45,Wood,
544VC,Charcoal #544 White Oak,0.75,1.328,0.25,12.79,21.1,29.54,Wood,
FC-544VC,FC Charcoal #544 White Oak,0.75,1.328,0.25,,,34.14,Wood,
544VM,Mission #544 White Oak,0.75,1.328,0.25,12.79,21.1,29.54,Wood,
FC-544VM,FC Mission #544 White Oak,0.75,1.328,0.25,,,34.14,Wood,
544V7,Bleached #544 White Oak,0.75,1.328,0.25,12.79,21.1,29.54,Wood,
FC-544V7,FC Bleached #544 White Oak,0.75,1.328,0.25,,,34.14,Wood,
900BR,Raw #900 Basswood,0.75,0.375,0.313,2.15,3.14,4.71,Wood,
FC-900BR,FC Raw #900 Basswood,0.75,0.375,0.313,,,23.08,Wood,
900BF,Oil & Wax #900 Basswood,0.75,0.375,0.313,5.41,7.9,10.66,Wood,
FC-900BF,FC Oil & Wax #900 Basswood,0.75,0.375,0.313,,,23.77,Wood,
900CR,Raw #900 Cherry,0.75,0.375,0.313,3.61,5.27,7.9,Wood,
FC-900CR,FC Raw #900 Cherry,0.75,0.375,0.313,,,25.21,Wood,
900CF,Oil & Wax #900 Cherry,0.75,0.375,0.313,7.14,10.42,14.07,Wood,
FC-900CF,FC Oil & Wax #900 Cherry,0.75,0.375,0.313,,,25.9,Wood,
900CL,Clear Lacquer #900 Cherry,0.75,0.375,0.313,9.04,13.2,17.82,Wood,
FC-900CL,FC Clear Lacquer #900 Cherry,0.75,0.375,0.313,,,27.27,Wood,
900CG,Aged #900 Cherry,0.75,0.375,0.313,9.04,13.2,17.82,Wood,
FC-900CG,FC Aged #900 Cherry,0.75,0.375,0.313,,,27.27,Wood,
900CQ,Antique #900 Cherry,0.75,0.375,0.313,9.04,13.2,17.82,Wood,
FC-900CQ,FC Antique #900 Cherry,0.75,0.375,0.313,,,27.27,Wood,
900CD,Black Cherry #900 Cherry,0.75,0.375,0.313,9.04,13.2,17.82,Wood,
FC-900CD,FC Black Cherry #900 Cherry,0.75,0.375,0.313,,,27.96,Wood,
900MR,Raw #900 Maple,0.75,0.375,0.313,4.04,5.58,8.37,Wood,
FC-900MR,FC Raw #900 Maple,0.75,0.375,0.313,,,25.52,Wood,
900MF,Oil & Wax #900 Maple,0.75,0.375,0.313,7.3,10.07,13.59,Wood,
FC-900MF,FC Oil & Wax #900 Maple,0.75,0.375,0.313,,,26.21,Wood,
900ML,Clear Lacquer #900 Maple,0.75,0.375,0.313,7.57,10.45,14.11,Wood,
FC-900ML,FC Clear Lacquer #900 Maple,0.75,0.375,0.313,,,26.21,Wood,
900MW,WhiteWash #900 Maple,0.75,0.375,0.313,8.63,11.91,16.08,Wood,
FC-900MW,FC WhiteWash #900 Maple,0.75,0.375,0.313,,,26.89,Wood,
900MT,White #900 Maple,0.75,0.375,0.313,7.84,10.82,14.61,Wood,
FC-900MT,FC White #900 Maple,0.75,0.375,0.313,,,27.58,Wood,
900MK,Satin Black #900 Maple,0.75,0.375,0.313,7.84,10.82,14.61,Wood,
FC-900MK,FC Satin Black #900 Maple,0.75,0.375,0.313,,,27.58,Wood,
900MA,Warm White #900 Maple,0.75,0.375,0.313,7.84,10.82,14.61,Wood,
FC-900MA,FC Warm White #900 Maple,0.75,0.375,0.313,,,27.58,Wood,
900MI,Rising White #900 Maple,0.75,0.375,0.313,7.84,10.82,14.61,Wood,
FC-900MI,FC Rising White #900 Maple,0.75,0.375,0.313,,,27.58,Wood,
900M1,Light Grey #900 Maple,0.75,0.375,0.313,7.84,10.82,14.61,Wood,
FC-900M1,FC Light Grey #900 Maple,0.75,0.375,0.313,,,27.58,Wood,
900M2,Medium Grey #900 Maple,0.75,0.375,0.313,7.84,10.82,14.61,Wood,
FC-900M2,FC Medium Grey #900 Maple,0.75,0.375,0.313,,,27.58,Wood,
900M3,Dark Grey #900 Maple,0.75,0.375,0.313,7.84,10.82,14.61,Wood,
FC-900M3,FC Dark Grey #900 Maple,0.75,0.375,0.313,,,27.58,Wood,
900M9,Wheat #900 Maple,0.75,0.375,0.313,7.84,10.82,14.61,Wood,
FC-900M9,FC Wheat #900 Maple,0.75,0.375,0.313,,,27.58,Wood,
901BR,Raw #901 Basswood,0.75,0.687,0.313,2.27,3.31,4.96,Wood,
FC-901BR,FC Raw #901 Basswood,0.75,0.687,0.313,,,23.94,Wood,
901BF,Oil & Wax #901 Basswood,0.75,0.687,0.313,5.53,8.07,10.89,Wood,
FC-901BF,FC Oil & Wax #901 Basswood,0.75,0.687,0.313,,,24.62,Wood,
901CR,Raw #901 Cherry,0.75,0.687,0.313,4.71,6.88,10.32,Wood,
FC-901CR,FC Raw #901 Cherry,0.75,0.687,0.313,,,27.51,Wood,
901CF,Oil & Wax #901 Cherry,0.75,0.687,0.313,8.24,12.03,16.24,Wood,
FC-901CF,FC Oil & Wax #901 Cherry,0.75,0.687,0.313,,,28.19,Wood,
901CL,Clear Lacquer #901 Cherry,0.75,0.687,0.313,10.14,14.8,19.98,Wood,
FC-901CL,FC Clear Lacquer #901 Cherry,0.75,0.687,0.313,,,29.57,Wood,
901CG,Aged #901 Cherry,0.75,0.687,0.313,10.14,14.8,19.98,Wood,
FC-901CG,FC Aged #901 Cherry,0.75,0.687,0.313,,,29.57,Wood,
901CQ,Antique #901 Cherry,0.75,0.687,0.313,10.14,14.8,19.98,Wood,
FC-901CQ,FC Antique #901 Cherry,0.75,0.687,0.313,,,29.57,Wood,
901CD,Black Cherry #901 Cherry,0.75,0.687,0.313,10.14,14.8,19.98,Wood,
FC-901CD,FC Black Cherry #901 Cherry,0.75,0.687,0.313,,,30.26,Wood,
901MR,Raw #901 Maple,0.75,0.687,0.313,4.9,6.76,10.14,Wood,
FC-901MR,FC Raw #901 Maple,0.75,0.687,0.313,,,27.39,Wood,
901MF,Oil & Wax #901 Maple,0.75,0.687,0.313,8.16,11.26,15.2,Wood,
FC-901MF,FC Oil & Wax #901 Maple,0.75,0.687,0.313,,,28.07,Wood,
901ML,Clear Lacquer #901 Maple,0.75,0.687,0.313,8.43,11.63,15.7,Wood,
FC-901ML,FC Clear Lacquer #901 Maple,0.75,0.687,0.313,,,28.07,Wood,
901MW,WhiteWash #901 Maple,0.75,0.687,0.313,9.49,13.1,17.69,Wood,
FC-901MW,FC WhiteWash #901 Maple,0.75,0.687,0.313,,,28.76,Wood,
901MT,White #901 Maple,0.75,0.687,0.313,8.7,12.01,16.21,Wood,
FC-901MT,FC White #901 Maple,0.75,0.687,0.313,,,29.45,Wood,
901MK,Satin Black #901 Maple,0.75,0.687,0.313,8.7,12.01,16.21,Wood,
FC-901MK,FC Satin Black #901 Maple,0.75,0.687,0.313,,,29.45,Wood,
901MA,Warm White #901 Maple,0.75,0.687,0.313,8.7,12.01,16.21,Wood,
FC-901MA,FC Warm White #901 Maple,0.75,0.687,0.313,,,29.45,Wood,
901MI,Rising White #901 Maple,0.75,0.687,0.313,8.7,12.01,16.21,Wood,
FC-901MI,FC Rising White #901 Maple,0.75,0.687,0.313,,,29.45,Wood,
901M1,Light Grey #901 Maple,0.75,0.687,0.313,8.7,12.01,16.21,Wood,
FC-901M1,FC Light Grey #901 Maple,0.75,0.687,0.313,,,29.45,Wood,
901M2,Medium Grey #901 Maple,0.75,0.687,0.313,8.7,12.01,16.21,Wood,
FC-901M2,FC Medium Grey #901 Maple,0.75,0.687,0.313,,,29.45,Wood,
901M3,Dark Grey #901 Maple,0.75,0.687,0.313,8.7,12.01,16.21,Wood,
FC-901M3,FC Dark Grey #901 Maple,0.75,0.687,0.313,,,29.45,Wood,
901M9,Wheat #901 Maple,0.75,0.687,0.313,8.7,12.01,16.21,Wood,
FC-901M9,FC Wheat #901 Maple,0.75,0.687,0.313,,,29.45,Wood,
902BR,Raw #902 Basswood,0.75,0.625,0.313,2.65,3.87,5.8,Wood,
FC-902BR,FC Raw #902 Basswood,0.75,0.625,0.313,,,24.5,Wood,
902BF,Oil & Wax #902 Basswood,0.75,0.625,0.313,5.91,8.63,11.65,Wood,
FC-902BF,FC Oil & Wax #902 Basswood,0.75,0.625,0.313,,,25.18,Wood,
902CR,Raw #902 Cherry,0.75,0.625,0.313,5.72,8.35,12.52,Wood,
FC-902CR,FC Raw #902 Cherry,0.75,0.625,0.313,,,28.98,Wood,
902CF,Oil & Wax #902 Cherry,0.75,0.625,0.313,9.25,13.5,18.23,Wood,
FC-902CF,FC Oil & Wax #902 Cherry,0.75,0.625,0.313,,,29.66,Wood,
902CL,Clear Lacquer #902 Cherry,0.75,0.625,0.313,11.15,16.28,21.98,Wood,
FC-902CL,FC Clear Lacquer #902 Cherry,0.75,0.625,0.313,,,31.04,Wood,
902CG,Aged #902 Cherry,0.75,0.625,0.313,11.15,16.28,21.98,Wood,
FC-902CG,FC Aged #902 Cherry,0.75,0.625,0.313,,,31.04,Wood,
902CQ,Antique #902 Cherry,0.75,0.625,0.313,11.15,16.28,21.98,Wood,
FC-902CQ,FC Antique #902 Cherry,0.75,0.625,0.313,,,31.04,Wood,
902CD,Black Cherry #902 Cherry,0.75,0.625,0.313,11.15,16.28,21.98,Wood,
FC-902CD,FC Black Cherry #902 Cherry,0.75,0.625,0.313,,,31.73,Wood,
902MR,Raw #902 Maple,0.75,0.625,0.313,5.71,7.88,11.82,Wood,
FC-902MR,FC Raw #902 Maple,0.75,0.625,0.313,,,28.51,Wood,
902MF,Oil & Wax #902 Maple,0.75,0.625,0.313,8.97,12.38,16.71,Wood,
FC-902MF,FC Oil & Wax #902 Maple,0.75,0.625,0.313,,,29.19,Wood,
902ML,Clear Lacquer #902 Maple,0.75,0.625,0.313,9.24,12.75,17.21,Wood,
FC-902ML,FC Clear Lacquer #902 Maple,0.75,0.625,0.313,,,29.19,Wood,
902MW,WhiteWash #902 Maple,0.75,0.625,0.313,10.3,14.21,19.18,Wood,
FC-902MW,FC WhiteWash #902 Maple,0.75,0.625,0.313,,,29.88,Wood,
902MT,White #902 Maple,0.75,0.625,0.313,9.51,13.12,17.71,Wood,
FC-902MT,FC White #902 Maple,0.75,0.625,0.313,,,30.57,Wood,
902MK,Satin Black #902 Maple,0.75,0.625,0.313,9.51,13.12,17.71,Wood,
FC-902MK,FC Satin Black #902 Maple,0.75,0.625,0.313,,,30.57,Wood,
902MA,Warm White #902 Maple,0.75,0.625,0.313,9.51,13.12,17.71,Wood,
FC-902MA,FC Warm White #902 Maple,0.75,0.625,0.313,,,30.57,Wood,
902MI,Rising White #902 Maple,0.75,0.625,0.313,9.51,13.12,17.71,Wood,
FC-902MI,FC Rising White #902 Maple,0.75,0.625,0.313,,,30.57,Wood,
902M1,Light Grey #902 Maple,0.75,0.625,0.313,9.51,13.12,17.71,Wood,
FC-902M1,FC Light Grey #902 Maple,0.75,0.625,0.313,,,30.57,Wood,
902M2,Medium Grey #902 Maple,0.75,0.625,0.313,9.51,13.12,17.71,Wood,
FC-902M2,FC Medium Grey #902 Maple,0.75,0.625,0.313,,,30.57,Wood,
902M3,Dark Grey #902 Maple,0.75,0.625,0.313,9.51,13.12,17.71,Wood,
FC-902M3,FC Dark Grey #902 Maple,0.75,0.625,0.313,,,30.57,Wood,
902M9,Wheat #902 Maple,0.75,0.625,0.313,9.51,13.12,17.71,Wood,
FC-902M9,FC Wheat #902 Maple,0.75,0.625,0.313,,,30.57,Wood,
916CR,Raw #916 Cherry,0.5,1.875,0,5.72,8.35,12.52,Wood,
FC-916CR,FC Raw #916 Cherry,0.5,1.875,0,,,29.66,Wood,
916CF,Oil & Wax #916 Cherry,0.5,1.875,0,9.25,13.5,18.23,Wood,
FC-916CF,FC Oil & Wax #916 Cherry,0.5,1.875,0,,,30.35,Wood,
916CL,Clear Lacquer #916 Cherry,0.5,1.875,0,11.15,16.28,21.98,Wood,
FC-916CL,FC Clear Lacquer #916 Cherry,0.5,1.875,0,,,31.73,Wood,
916CG,Aged #916 Cherry,0.5,1.875,0,11.15,16.28,21.98,Wood,
FC-916CG,FC Aged #916 Cherry,0.5,1.875,0,,,31.73,Wood,
916CQ,Antique #916 Cherry,0.5,1.875,0,11.15,16.28,21.98,Wood,
FC-916CQ,FC Antique #916 Cherry,0.5,1.875,0,,,31.73,Wood,
916CD,Black Cherry #916 Cherry,0.5,1.875,0,11.15,16.28,21.98,Wood,
FC-916CD,FC Black Cherry #916 Cherry,0.5,1.875,0,,,32.41,Wood,
916MR,Raw #916 Maple,0.5,1.875,0,5.71,7.88,11.82,Wood,
FC-916MR,FC Raw #916 Maple,0.5,1.875,0,,,29.19,Wood,
916MF,Oil & Wax #916 Maple,0.5,1.875,0,8.97,12.38,16.71,Wood,
FC-916MF,FC Oil & Wax #916 Maple,0.5,1.875,0,,,29.88,Wood,
916ML,Clear Lacquer #916 Maple,0.5,1.875,0,9.24,12.75,17.21,Wood,
FC-916ML,FC Clear Lacquer #916 Maple,0.5,1.875,0,,,29.88,Wood,
916MW,WhiteWash #916 Maple,0.5,1.875,0,10.3,14.21,19.18,Wood,
FC-916MW,FC WhiteWash #916 Maple,0.5,1.875,0,,,30.57,Wood,
916MT,White #916 Maple,0.5,1.875,0,9.51,13.12,17.71,Wood,
FC-916MT,FC White #916 Maple,0.5,1.875,0,,,31.26,Wood,
916MK,Satin Black #916 Maple,0.5,1.875,0,9.51,13.12,17.71,Wood,
FC-916MK,FC Satin Black #916 Maple,0.5,1.875,0,,,31.26,Wood,
916MA,Warm White #916 Maple,0.5,1.875,0,9.51,13.12,17.71,Wood,
FC-916MA,FC Warm White #916 Maple,0.5,1.875,0,,,31.26,Wood,
916MI,Rising White #916 Maple,0.5,1.875,0,9.51,13.12,17.71,Wood,
FC-916MI,FC Rising White #916 Maple,0.5,1.875,0,,,31.26,Wood,
916M1,Light Grey #916 Maple,0.5,1.875,0,9.51,13.12,17.71,Wood,
FC-916M1,FC Light Grey #916 Maple,0.5,1.875,0,,,31.26,Wood,
916M2,Medium Grey #916 Maple,0.5,1.875,0,9.51,13.12,17.71,Wood,
FC-916M2,FC Medium Grey #916 Maple,0.5,1.875,0,,,31.26,Wood,
916M3,Dark Grey #916 Maple,0.5,1.875,0,9.51,13.12,17.71,Wood,
FC-916M3,FC Dark Grey #916 Maple,0.5,1.875,0,,,31.26,Wood,
916M9,Wheat #916 Maple,0.5,1.875,0,9.51,13.12,17.71,Wood,
FC-916M9,FC Wheat #916 Maple,0.5,1.875,0,,,31.26,Wood,
916WR,Raw #916 Walnut,0.5,1.875,0,10.52,15.36,23.04,Wood,
FC-916WR,FC Raw #916 Walnut,0.5,1.875,0,,,39.42,Wood,
916WF,Oil & Wax #916 Walnut,0.5,1.875,0,15.11,22.06,29.78,Wood,
FC-916WF,FC Oil & Wax #916 Walnut,0.5,1.875,0,,,50.36,Wood,
916WP,Padauk #916 Walnut,0.5,1.875,0,15.95,23.29,31.44,Wood,
FC-916WP,FC Padauk #916 Walnut,0.5,1.875,0,,,55.36,Wood,
916WB,Special Dark #916 Walnut,0.5,1.875,0,15.95,23.29,31.44,Wood,
FC-916WB,FC Special Dark #916 Walnut,0.5,1.875,0,,,55.36,Wood,
916WE,Ebony #916 Walnut,0.5,1.875,0,15.11,22.06,29.78,Wood,
FC-916WE,FC Ebony #916 Walnut,0.5,1.875,0,,,55.36,Wood,
916WK,Satin Black #916 Walnut,0.5,1.875,0,14.32,20.91,28.23,Wood,
FC-916WK,FC Satin Black #916 Walnut,0.5,1.875,0,,,50.36,Wood,
916W1,Light Grey #916 Walnut,0.5,1.875,0,14.32,20.91,28.23,Wood,
FC-916W1,FC Light Grey #916 Walnut,0.5,1.875,0,,,50.36,Wood,
916W2,Medium Grey #916 Walnut,0.5,1.875,0,14.32,20.91,28.23,Wood,
FC-916W2,FC Medium Grey #916 Walnut,0.5,1.875,0,,,50.36,Wood,
916W3,Dark Grey #916 Walnut,0.5,1.875,0,14.32,20.91,28.23,Wood,
FC-916W3,FC Dark Grey #916 Walnut,0.5,1.875,0,,,50.36,Wood,
917AR,Raw #917 Ash,0.5,1.875,0,9.26,13.52,21.63,Wood,
FC-917AR,FC Raw #917 Ash,0.5,1.875,0,,,34.15,Wood,
917AF,Oil & Wax #917 Ash,0.5,1.875,0,12.79,18.67,26.14,Wood,
FC-917AF,FC Oil & Wax #917 Ash,0.5,1.875,0,,,34.83,Wood,
917AL,Clear Lacquer #917 Ash,0.5,1.875,0,13.85,20.22,28.31,Wood,
FC-917AL,FC Clear Lacquer #917 Ash,0.5,1.875,0,,,34.83,Wood,
917AW,WhiteWash #917 Ash,0.5,1.875,0,14.96,21.84,30.58,Wood,
FC-917AW,FC WhiteWash #917 Ash,0.5,1.875,0,,,35.52,Wood,
917AT,White #917 Ash,0.5,1.875,0,14.96,21.84,30.58,Wood,
FC-917AT,FC White #917 Ash,0.5,1.875,0,,,36.9,Wood,
917AK,Satin Black #917 Ash,0.5,1.875,0,14.96,21.84,30.58,Wood,
FC-917AK,FC Satin Black #917 Ash,0.5,1.875,0,,,36.9,Wood,
917AA,Warm White #917 Ash,0.5,1.875,0,14.96,21.84,30.58,Wood,
FC-917AA,FC Warm White #917 Ash,0.5,1.875,0,,,36.9,Wood,
917AC,Charcoal #917 Ash,0.5,1.875,0,14.96,21.84,30.58,Wood,
FC-917AC,FC Charcoal #917 Ash,0.5,1.875,0,,,36.9,Wood,
917AI,Rising White #917 Ash,0.5,1.875,0,14.96,21.84,30.58,Wood,
FC-917AI,FC Rising White #917 Ash,0.5,1.875,0,,,36.9,Wood,
917A1,Light Grey #917 Ash,0.5,1.875,0,14.96,21.84,30.58,Wood,
FC-917A1,FC Light Grey #917 Ash,0.5,1.875,0,,,36.9,Wood,
917A2,Medium Grey #917 Ash,0.5,1.875,0,14.96,21.84,30.58,Wood,
FC-917A2,FC Medium Grey #917 Ash,0.5,1.875,0,,,36.9,Wood,
917A3,Dark Grey #917 Ash,0.5,1.875,0,14.96,21.84,30.58,Wood,
FC-917A3,FC Dark Grey #917 Ash,0.5,1.875,0,,,36.9,Wood,
917CR,Raw #917 Cherry,0.5,1.875,0,9.9,14.45,23.12,Wood,
FC-917CR,FC Raw #917 Cherry,0.5,1.875,0,,,35.76,Wood,
917CF,Oil & Wax #917 Cherry,0.5,1.875,0,13.7,20,28,Wood,
FC-917CF,FC Oil & Wax #917 Cherry,0.5,1.875,0,,,36.45,Wood,
917CL,Clear Lacquer #917 Cherry,0.5,1.875,0,15.6,22.78,31.89,Wood,
FC-917CL,FC Clear Lacquer #917 Cherry,0.5,1.875,0,,,37.83,Wood,
917CG,Aged #917 Cherry,0.5,1.875,0,15.6,22.78,31.89,Wood,
FC-917CG,FC Aged #917 Cherry,0.5,1.875,0,,,37.83,Wood,
917CQ,Antique #917 Cherry,0.5,1.875,0,15.6,22.78,31.89,Wood,
FC-917CQ,FC Antique #917 Cherry,0.5,1.875,0,,,37.83,Wood,
917CD,Black Cherry #917 Cherry,0.5,1.875,0,15.6,22.78,31.89,Wood,
FC-917CD,FC Black Cherry #917 Cherry,0.5,1.875,0,,,38.51,Wood,
917MR,Raw #917 Maple,0.5,1.875,0,10.48,14.46,23.14,Wood,
FC-917MR,FC Raw #917 Maple,0.5,1.875,0,,,35.77,Wood,
917MF,Oil & Wax #917 Maple,0.5,1.875,0,14.01,19.33,27.06,Wood,
FC-917MF,FC Oil & Wax #917 Maple,0.5,1.875,0,,,36.46,Wood,
917ML,Clear Lacquer #917 Maple,0.5,1.875,0,14.28,19.71,27.59,Wood,
FC-917ML,FC Clear Lacquer #917 Maple,0.5,1.875,0,,,36.46,Wood,
917MW,WhiteWash #917 Maple,0.5,1.875,0,15.91,21.96,30.74,Wood,
FC-917MW,FC WhiteWash #917 Maple,0.5,1.875,0,,,37.15,Wood,
917MT,White #917 Maple,0.5,1.875,0,15.07,20.8,29.12,Wood,
FC-917MT,FC White #917 Maple,0.5,1.875,0,,,37.84,Wood,
917MK,Satin Black #917 Maple,0.5,1.875,0,15.07,20.8,29.12,Wood,
FC-917MK,FC Satin Black #917 Maple,0.5,1.875,0,,,37.84,Wood,
917MA,Warm White #917 Maple,0.5,1.875,0,15.07,20.8,29.12,Wood,
FC-917MA,FC Warm White #917 Maple,0.5,1.875,0,,,37.84,Wood,
917MI,Rising White #917 Maple,0.5,1.875,0,15.07,20.8,29.12,Wood,
FC-917MI,FC Rising White #917 Maple,0.5,1.875,0,,,37.84,Wood,
917M1,Light Grey #917 Maple,0.5,1.875,0,15.07,20.8,29.12,Wood,
FC-917M1,FC Light Grey #917 Maple,0.5,1.875,0,,,37.84,Wood,
917M2,Medium Grey #917 Maple,0.5,1.875,0,15.07,20.8,29.12,Wood,
FC-917M2,FC Medium Grey #917 Maple,0.5,1.875,0,,,37.84,Wood,
917M3,Dark Grey #917 Maple,0.5,1.875,0,15.07,20.8,29.12,Wood,
FC-917M3,FC Dark Grey #917 Maple,0.5,1.875,0,,,37.84,Wood,
917M9,Wheat #917 Maple,0.5,1.875,0,15.07,20.8,29.12,Wood,
FC-917M9,FC Wheat #917 Maple,0.5,1.875,0,,,37.84,Wood,
917WR,Raw #917 Walnut,0.5,1.875,0,17.51,25.56,40.9,Wood,
FC-917WR,FC Raw #917 Walnut,0.5,1.875,0,,,49.62,Wood,
917WF,Oil & Wax #917 Walnut,0.5,1.875,0,22.94,33.49,46.89,Wood,
FC-917WF,FC Oil & Wax #917 Walnut,0.5,1.875,0,,,60.56,Wood,
917WP,Padauk #917 Walnut,0.5,1.875,0,23.21,33.89,47.45,Wood,
FC-917WP,FC Padauk #917 Walnut,0.5,1.875,0,,,65.56,Wood,
917WB,Special Dark #917 Walnut,0.5,1.875,0,23.21,33.89,47.45,Wood,
FC-917WB,FC Special Dark #917 Walnut,0.5,1.875,0,,,65.56,Wood,
917WE,Ebony #917 Walnut,0.5,1.875,0,22.94,33.49,46.89,Wood,
FC-917WE,FC Ebony #917 Walnut,0.5,1.875,0,,,65.56,Wood,
917WK,Satin Black #917 Walnut,0.5,1.875,0,22.1,32.27,45.18,Wood,
FC-917WK,FC Satin Black #917 Walnut,0.5,1.875,0,,,60.56,Wood,
917W1,Light Grey #917 Walnut,0.5,1.875,0,22.1,32.27,45.18,Wood,
FC-917W1,FC Light Grey #917 Walnut,0.5,1.875,0,,,60.56,Wood,
917W2,Medium Grey #917 Walnut,0.5,1.875,0,22.1,32.27,45.18,Wood,
FC-917W2,FC Medium Grey #917 Walnut,0.5,1.875,0,,,60.56,Wood,
917W3,Dark Grey #917 Walnut,0.5,1.875,0,22.1,32.27,45.18,Wood,
FC-917W3,FC Dark Grey #917 Walnut,0.5,1.875,0,,,60.56,Wood,
917VR,Raw #917 White Oak,0.5,1.875,0,14.15,23.35,37.36,Wood,
FC-917VR,FC Raw #917 White Oak,0.5,1.875,0,,,46.73,Wood,
917VF,Oil & Wax #917 White Oak,0.5,1.875,0,17.41,28.73,40.22,Wood,
FC-917VF,FC Oil & Wax #917 White Oak,0.5,1.875,0,,,47.41,Wood,
917VL,Clear Lacquer #917 White Oak,0.5,1.875,0,17.95,29.62,41.47,Wood,
FC-917VL,FC Clear Lacquer #917 White Oak,0.5,1.875,0,,,47.41,Wood,
917VC,Charcoal #917 White Oak,0.5,1.875,0,19.58,32.31,45.23,Wood,
FC-917VC,FC Charcoal #917 White Oak,0.5,1.875,0,,,58.35,Wood,
917VM,Mission #917 White Oak,0.5,1.875,0,19.58,32.31,45.23,Wood,
FC-917VM,FC Mission #917 White Oak,0.5,1.875,0,,,58.35,Wood,
917V7,Bleached #917 White Oak,0.5,1.875,0,19.58,32.31,45.23,Wood,
FC-917V7,FC Bleached #917 White Oak,0.5,1.875,0,,,58.35,Wood,
918AR,Raw #918 Ash,0.5,2.625,0,9.84,14.37,22.99,Wood,
FC-918AR,FC Raw #918 Ash,0.5,2.625,0,,,35,Wood,
918AF,Oil & Wax #918 Ash,0.5,2.625,0,13.37,19.52,27.33,Wood,
FC-918AF,FC Oil & Wax #918 Ash,0.5,2.625,0,,,35.68,Wood,
918AL,Clear Lacquer #918 Ash,0.5,2.625,0,14.43,21.07,29.5,Wood,
FC-918AL,FC Clear Lacquer #918 Ash,0.5,2.625,0,,,35.68,Wood,
918AW,WhiteWash #918 Ash,0.5,2.625,0,15.54,22.69,31.77,Wood,
FC-918AW,FC WhiteWash #918 Ash,0.5,2.625,0,,,36.37,Wood,
918AT,White #918 Ash,0.5,2.625,0,15.54,22.69,31.77,Wood,
FC-918AT,FC White #918 Ash,0.5,2.625,0,,,37.75,Wood,
918AK,Satin Black #918 Ash,0.5,2.625,0,15.54,22.69,31.77,Wood,
FC-918AK,FC Satin Black #918 Ash,0.5,2.625,0,,,37.75,Wood,
918AA,Warm White #918 Ash,0.5,2.625,0,15.54,22.69,31.77,Wood,
FC-918AA,FC Warm White #918 Ash,0.5,2.625,0,,,37.75,Wood,
918AC,Charcoal #918 Ash,0.5,2.625,0,15.54,22.69,31.77,Wood,
FC-918AC,FC Charcoal #918 Ash,0.5,2.625,0,,,37.75,Wood,
918AI,Rising White #918 Ash,0.5,2.625,0,15.54,22.69,31.77,Wood,
FC-918AI,FC Rising White #918 Ash,0.5,2.625,0,,,37.75,Wood,
918A1,Light Grey #918 Ash,0.5,2.625,0,15.54,22.69,31.77,Wood,
FC-918A1,FC Light Grey #918 Ash,0.5,2.625,0,,,37.75,Wood,
918A2,Medium Grey #918 Ash,0.5,2.625,0,15.54,22.69,31.77,Wood,
FC-918A2,FC Medium Grey #918 Ash,0.5,2.625,0,,,37.75,Wood,
918A3,Dark Grey #918 Ash,0.5,2.625,0,15.54,22.69,31.77,Wood,
FC-918A3,FC Dark Grey #918 Ash,0.5,2.625,0,,,37.75,Wood,
918CR,Raw #918 Cherry,0.5,2.625,0,10.93,15.96,25.54,Wood,
FC-918CR,FC Raw #918 Cherry,0.5,2.625,0,,,37.27,Wood,
918CF,Oil & Wax #918 Cherry,0.5,2.625,0,14.73,21.51,30.11,Wood,
FC-918CF,FC Oil & Wax #918 Cherry,0.5,2.625,0,,,37.96,Wood,
918CL,Clear Lacquer #918 Cherry,0.5,2.625,0,16.63,24.28,33.99,Wood,
FC-918CL,FC Clear Lacquer #918 Cherry,0.5,2.625,0,,,39.34,Wood,
918CG,Aged #918 Cherry,0.5,2.625,0,16.63,24.28,33.99,Wood,
FC-918CG,FC Aged #918 Cherry,0.5,2.625,0,,,39.34,Wood,
918CQ,Antique #918 Cherry,0.5,2.625,0,16.63,24.28,33.99,Wood,
FC-918CQ,FC Antique #918 Cherry,0.5,2.625,0,,,39.34,Wood,
918CD,Black Cherry #918 Cherry,0.5,2.625,0,16.63,24.28,33.99,Wood,
FC-918CD,FC Black Cherry #918 Cherry,0.5,2.625,0,,,40.02,Wood,
918MR,Raw #918 Maple,0.5,2.625,0,11.37,15.69,25.1,Wood,
FC-918MR,FC Raw #918 Maple,0.5,2.625,0,,,37,Wood,
918MF,Oil & Wax #918 Maple,0.5,2.625,0,14.9,20.56,28.78,Wood,
FC-918MF,FC Oil & Wax #918 Maple,0.5,2.625,0,,,37.69,Wood,
918ML,Clear Lacquer #918 Maple,0.5,2.625,0,15.17,20.93,29.3,Wood,
FC-918ML,FC Clear Lacquer #918 Maple,0.5,2.625,0,,,37.69,Wood,
918MW,WhiteWash #918 Maple,0.5,2.625,0,16.8,23.18,32.45,Wood,
FC-918MW,FC WhiteWash #918 Maple,0.5,2.625,0,,,38.38,Wood,
918MT,White #918 Maple,0.5,2.625,0,15.96,22.02,30.83,Wood,
FC-918MT,FC White #918 Maple,0.5,2.625,0,,,39.07,Wood,
918MK,Satin Black #918 Maple,0.5,2.625,0,15.96,22.02,30.83,Wood,
FC-918MK,FC Satin Black #918 Maple,0.5,2.625,0,,,39.07,Wood,
918MA,Warm White #918 Maple,0.5,2.625,0,15.96,22.02,30.83,Wood,
FC-918MA,FC Warm White #918 Maple,0.5,2.625,0,,,39.07,Wood,
918MI,Rising White #918 Maple,0.5,2.625,0,15.96,22.02,30.83,Wood,
FC-918MI,FC Rising White #918 Maple,0.5,2.625,0,,,39.07,Wood,
918M1,Light Grey #918 Maple,0.5,2.625,0,15.96,22.02,30.83,Wood,
FC-918M1,FC Light Grey #918 Maple,0.5,2.625,0,,,39.07,Wood,
918M2,Medium Grey #918 Maple,0.5,2.625,0,15.96,22.02,30.83,Wood,
FC-918M2,FC Medium Grey #918 Maple,0.5,2.625,0,,,39.07,Wood,
918M3,Dark Grey #918 Maple,0.5,2.625,0,15.96,22.02,30.83,Wood,
FC-918M3,FC Dark Grey #918 Maple,0.5,2.625,0,,,39.07,Wood,
918M9,Wheat #918 Maple,0.5,2.625,0,15.96,22.02,30.83,Wood,
FC-918M9,FC Wheat #918 Maple,0.5,2.625,0,,,39.07,Wood,
918WR,Raw #918 Walnut,0.5,2.625,0,20.11,29.36,46.98,Wood,
FC-918WR,FC Raw #918 Walnut,0.5,2.625,0,,,53.42,Wood,
918WF,Oil & Wax #918 Walnut,0.5,2.625,0,25.54,37.29,52.21,Wood,
FC-918WF,FC Oil & Wax #918 Walnut,0.5,2.625,0,,,64.36,Wood,
918WP,Padauk #918 Walnut,0.5,2.625,0,25.81,37.68,52.75,Wood,
FC-918WP,FC Padauk #918 Walnut,0.5,2.625,0,,,69.36,Wood,
918WB,Special Dark #918 Walnut,0.5,2.625,0,25.81,37.68,52.75,Wood,
FC-918WB,FC Special Dark #918 Walnut,0.5,2.625,0,,,69.36,Wood,
918WE,Ebony #918 Walnut,0.5,2.625,0,25.54,37.29,52.21,Wood,
FC-918WE,FC Ebony #918 Walnut,0.5,2.625,0,,,69.36,Wood,
918WK,Satin Black #918 Walnut,0.5,2.625,0,24.7,36.06,50.48,Wood,
FC-918WK,FC Satin Black #918 Walnut,0.5,2.625,0,,,64.36,Wood,
918W1,Light Grey #918 Walnut,0.5,2.625,0,24.7,36.06,50.48,Wood,
FC-918W1,FC Light Grey #918 Walnut,0.5,2.625,0,,,64.36,Wood,
918W2,Medium Grey #918 Walnut,0.5,2.625,0,24.7,36.06,50.48,Wood,
FC-918W2,FC Medium Grey #918 Walnut,0.5,2.625,0,,,64.36,Wood,
918W3,Dark Grey #918 Walnut,0.5,2.625,0,24.7,36.06,50.48,Wood,
FC-918W3,FC Dark Grey #918 Walnut,0.5,2.625,0,,,64.36,Wood,
918VR,Raw #918 White Oak,0.5,2.625,0,15.48,25.54,40.86,Wood,
FC-918VR,FC Raw #918 White Oak,0.5,2.625,0,,,48.92,Wood,
918VF,Oil & Wax #918 White Oak,0.5,2.625,0,18.74,30.92,43.29,Wood,
FC-918VF,FC Oil & Wax #918 White Oak,0.5,2.625,0,,,49.6,Wood,
918VL,Clear Lacquer #918 White Oak,0.5,2.625,0,19.28,31.81,44.53,Wood,
FC-918VL,FC Clear Lacquer #918 White Oak,0.5,2.625,0,,,49.6,Wood,
918VC,Charcoal #918 White Oak,0.5,2.625,0,20.91,34.5,48.3,Wood,
FC-918VC,FC Charcoal #918 White Oak,0.5,2.625,0,,,60.54,Wood,
918VM,Mission #918 White Oak,0.5,2.625,0,20.91,34.5,48.3,Wood,
FC-918VM,FC Mission #918 White Oak,0.5,2.625,0,,,60.54,Wood,
918V7,Bleached #918 White Oak,0.5,2.625,0,20.91,34.5,48.3,Wood,
FC-918V7,FC Bleached #918 White Oak,0.5,2.625,0,,,60.54,Wood,
919AR,Raw #919 Ash,0.75,2.625,0,9.84,14.37,22.99,Wood,
FC-919AR,FC Raw #919 Ash,0.75,2.625,0,,,35,Wood,
919AF,Oil & Wax #919 Ash,0.75,2.625,0,13.37,19.52,27.33,Wood,
FC-919AF,FC Oil & Wax #919 Ash,0.75,2.625,0,,,35.68,Wood,
919AL,Clear Lacquer #919 Ash,0.75,2.625,0,14.43,21.07,29.5,Wood,
FC-919AL,FC Clear Lacquer #919 Ash,0.75,2.625,0,,,35.68,Wood,
919AW,WhiteWash #919 Ash,0.75,2.625,0,15.54,22.69,31.77,Wood,
FC-919AW,FC WhiteWash #919 Ash,0.75,2.625,0,,,36.37,Wood,
919AT,White #919 Ash,0.75,2.625,0,15.54,22.69,31.77,Wood,
FC-919AT,FC White #919 Ash,0.75,2.625,0,,,37.75,Wood,
919AK,Satin Black #919 Ash,0.75,2.625,0,15.54,22.69,31.77,Wood,
FC-919AK,FC Satin Black #919 Ash,0.75,2.625,0,,,37.75,Wood,
919AA,Warm White #919 Ash,0.75,2.625,0,15.54,22.69,31.77,Wood,
FC-919AA,FC Warm White #919 Ash,0.75,2.625,0,,,37.75,Wood,
919AC,Charcoal #919 Ash,0.75,2.625,0,15.54,22.69,31.77,Wood,
FC-919AC,FC Charcoal #919 Ash,0.75,2.625,0,,,37.75,Wood,
919AI,Rising White #919 Ash,0.75,2.625,0,15.54,22.69,31.77,Wood,
FC-919AI,FC Rising White #919 Ash,0.75,2.625,0,,,37.75,Wood,
919A1,Light Grey #919 Ash,0.75,2.625,0,15.54,22.69,31.77,Wood,
FC-919A1,FC Light Grey #919 Ash,0.75,2.625,0,,,37.75,Wood,
919A2,Medium Grey #919 Ash,0.75,2.625,0,15.54,22.69,31.77,Wood,
FC-919A2,FC Medium Grey #919 Ash,0.75,2.625,0,,,37.75,Wood,
919A3,Dark Grey #919 Ash,0.75,2.625,0,15.54,22.69,31.77,Wood,
FC-919A3,FC Dark Grey #919 Ash,0.75,2.625,0,,,37.75,Wood,
919CR,Raw #919 Cherry,0.75,2.625,0,10.93,15.96,25.54,Wood,
FC-919CR,FC Raw #919 Cherry,0.75,2.625,0,,,37.27,Wood,
919CF,Oil & Wax #919 Cherry,0.75,2.625,0,14.73,21.51,30.11,Wood,
FC-919CF,FC Oil & Wax #919 Cherry,0.75,2.625,0,,,37.96,Wood,
919CL,Clear Lacquer #919 Cherry,0.75,2.625,0,16.63,24.28,33.99,Wood,
FC-919CL,FC Clear Lacquer #919 Cherry,0.75,2.625,0,,,39.34,Wood,
919CG,Aged #919 Cherry,0.75,2.625,0,16.63,24.28,33.99,Wood,
FC-919CG,FC Aged #919 Cherry,0.75,2.625,0,,,39.34,Wood,
919CQ,Antique #919 Cherry,0.75,2.625,0,16.63,24.28,33.99,Wood,
FC-919CQ,FC Antique #919 Cherry,0.75,2.625,0,,,39.34,Wood,
919CD,Black Cherry #919 Cherry,0.75,2.625,0,16.63,24.28,33.99,Wood,
FC-919CD,FC Black Cherry #919 Cherry,0.75,2.625,0,,,40.02,Wood,
919MR,Raw #919 Maple,0.75,2.625,0,11.37,15.69,25.1,Wood,
FC-919MR,FC Raw #919 Maple,0.75,2.625,0,,,37,Wood,
919MF,Oil & Wax #919 Maple,0.75,2.625,0,14.9,20.56,28.78,Wood,
FC-919MF,FC Oil & Wax #919 Maple,0.75,2.625,0,,,37.69,Wood,
919ML,Clear Lacquer #919 Maple,0.75,2.625,0,15.17,20.93,29.3,Wood,
FC-919ML,FC Clear Lacquer #919 Maple,0.75,2.625,0,,,37.69,Wood,
919MW,WhiteWash #919 Maple,0.75,2.625,0,16.8,23.18,32.45,Wood,
FC-919MW,FC WhiteWash #919 Maple,0.75,2.625,0,,,38.38,Wood,
919MT,White #919 Maple,0.75,2.625,0,15.96,22.02,30.83,Wood,
FC-919MT,FC White #919 Maple,0.75,2.625,0,,,39.07,Wood,
919MK,Satin Black #919 Maple,0.75,2.625,0,15.96,22.02,30.83,Wood,
FC-919MK,FC Satin Black #919 Maple,0.75,2.625,0,,,39.07,Wood,
919MA,Warm White #919 Maple,0.75,2.625,0,15.96,22.02,30.83,Wood,
FC-919MA,FC Warm White #919 Maple,0.75,2.625,0,,,39.07,Wood,
919MI,Rising White #919 Maple,0.75,2.625,0,15.96,22.02,30.83,Wood,
FC-919MI,FC Rising White #919 Maple,0.75,2.625,0,,,39.07,Wood,
919M1,Light Grey #919 Maple,0.75,2.625,0,15.96,22.02,30.83,Wood,
FC-919M1,FC Light Grey #919 Maple,0.75,2.625,0,,,39.07,Wood,
919M2,Medium Grey #919 Maple,0.75,2.625,0,15.96,22.02,30.83,Wood,
FC-919M2,FC Medium Grey #919 Maple,0.75,2.625,0,,,39.07,Wood,
919M3,Dark Grey #919 Maple,0.75,2.625,0,15.96,22.02,30.83,Wood,
FC-919M3,FC Dark Grey #919 Maple,0.75,2.625,0,,,39.07,Wood,
919M9,Wheat #919 Maple,0.75,2.625,0,15.96,22.02,30.83,Wood,
FC-919M9,FC Wheat #919 Maple,0.75,2.625,0,,,39.07,Wood,
919WR,Raw #919 Walnut,0.75,2.625,0,20.11,32.18,51.49,Wood,
FC-919WR,FC Raw #919 Walnut,0.75,2.625,0,,,56.24,Wood,
919WF,Oil & Wax #919 Walnut,0.75,2.625,0,25.54,40.86,57.2,Wood,
FC-919WF,FC Oil & Wax #919 Walnut,0.75,2.625,0,,,67.18,Wood,
919WP,Padauk #919 Walnut,0.75,2.625,0,25.81,41.3,57.82,Wood,
FC-919WP,FC Padauk #919 Walnut,0.75,2.625,0,,,72.18,Wood,
919WB,Special Dark #919 Walnut,0.75,2.625,0,25.81,41.3,57.82,Wood,
FC-919WB,FC Special Dark #919 Walnut,0.75,2.625,0,,,72.18,Wood,
919WE,Ebony #919 Walnut,0.75,2.625,0,25.54,40.86,57.2,Wood,
FC-919WE,FC Ebony #919 Walnut,0.75,2.625,0,,,72.18,Wood,
919WK,Satin Black #919 Walnut,0.75,2.625,0,24.7,39.52,55.33,Wood,
FC-919WK,FC Satin Black #919 Walnut,0.75,2.625,0,,,67.18,Wood,
919W1,Light Grey #919 Walnut,0.75,2.625,0,24.7,39.52,55.33,Wood,
FC-919W1,FC Light Grey #919 Walnut,0.75,2.625,0,,,67.18,Wood,
919W2,Medium Grey #919 Walnut,0.75,2.625,0,24.7,39.52,55.33,Wood,
FC-919W2,FC Medium Grey #919 Walnut,0.75,2.625,0,,,67.18,Wood,
919W3,Dark Grey #919 Walnut,0.75,2.625,0,24.7,39.52,55.33,Wood,
FC-919W3,FC Dark Grey #919 Walnut,0.75,2.625,0,,,67.18,Wood,
919VR,Raw #919 White Oak,0.75,2.625,0,15.48,25.54,40.86,Wood,
FC-919VR,FC Raw #919 White Oak,0.75,2.625,0,,,48.92,Wood,
919VF,Oil & Wax #919 White Oak,0.75,2.625,0,18.74,30.92,43.29,Wood,
FC-919VF,FC Oil & Wax #919 White Oak,0.75,2.625,0,,,49.6,Wood,
919VL,Clear Lacquer #919 White Oak,0.75,2.625,0,19.28,31.81,44.53,Wood,
FC-919VL,FC Clear Lacquer #919 White Oak,0.75,2.625,0,,,49.6,Wood,
919VC,Charcoal #919 White Oak,0.75,2.625,0,20.91,34.5,48.3,Wood,
FC-919VC,FC Charcoal #919 White Oak,0.75,2.625,0,,,60.54,Wood,
919VM,Mission #919 White Oak,0.75,2.625,0,20.91,34.5,48.3,Wood,
FC-919VM,FC Mission #919 White Oak,0.75,2.625,0,,,60.54,Wood,
919V7,Bleached #919 White Oak,0.75,2.625,0,20.91,34.5,48.3,Wood,
FC-919V7,FC Bleached #919 White Oak,0.75,2.625,0,,,60.54,Wood,
921AR,Raw #921 Ash,0.375,1.875,0,9.26,13.52,21.63,Wood,
FC-921AR,FC Raw #921 Ash,0.375,1.875,0,,,34.15,Wood,
921AF,Oil & Wax #921 Ash,0.375,1.875,0,12.79,18.67,26.14,Wood,
FC-921AF,FC Oil & Wax #921 Ash,0.375,1.875,0,,,34.83,Wood,
921AL,Clear Lacquer #921 Ash,0.375,1.875,0,13.85,20.22,28.31,Wood,
FC-921AL,FC Clear Lacquer #921 Ash,0.375,1.875,0,,,34.83,Wood,
921AW,WhiteWash #921 Ash,0.375,1.875,0,14.96,21.84,30.58,Wood,
FC-921AW,FC WhiteWash #921 Ash,0.375,1.875,0,,,35.52,Wood,
921AT,White #921 Ash,0.375,1.875,0,14.96,21.84,30.58,Wood,
FC-921AT,FC White #921 Ash,0.375,1.875,0,,,36.9,Wood,
921AK,Satin Black #921 Ash,0.375,1.875,0,14.96,21.84,30.58,Wood,
FC-921AK,FC Satin Black #921 Ash,0.375,1.875,0,,,36.9,Wood,
921AA,Warm White #921 Ash,0.375,1.875,0,14.96,21.84,30.58,Wood,
FC-921AA,FC Warm White #921 Ash,0.375,1.875,0,,,36.9,Wood,
921AC,Charcoal #921 Ash,0.375,1.875,0,14.96,21.84,30.58,Wood,
FC-921AC,FC Charcoal #921 Ash,0.375,1.875,0,,,36.9,Wood,
921AI,Rising White #921 Ash,0.375,1.875,0,14.96,21.84,30.58,Wood,
FC-921AI,FC Rising White #921 Ash,0.375,1.875,0,,,36.9,Wood,
921A1,Light Grey #921 Ash,0.375,1.875,0,14.96,21.84,30.58,Wood,
FC-921A1,FC Light Grey #921 Ash,0.375,1.875,0,,,36.9,Wood,
921A2,Medium Grey #921 Ash,0.375,1.875,0,14.96,21.84,30.58,Wood,
FC-921A2,FC Medium Grey #921 Ash,0.375,1.875,0,,,36.9,Wood,
921A3,Dark Grey #921 Ash,0.375,1.875,0,14.96,21.84,30.58,Wood,
FC-921A3,FC Dark Grey #921 Ash,0.375,1.875,0,,,36.9,Wood,
921CR,Raw #921 Cherry,0.375,1.875,0,9.9,14.45,23.12,Wood,
FC-921CR,FC Raw #921 Cherry,0.375,1.875,0,,,35.76,Wood,
921CF,Oil & Wax #921 Cherry,0.375,1.875,0,13.7,20,28,Wood,
FC-921CF,FC Oil & Wax #921 Cherry,0.375,1.875,0,,,36.45,Wood,
921CL,Clear Lacquer #921 Cherry,0.375,1.875,0,15.6,22.78,31.89,Wood,
FC-921CL,FC Clear Lacquer #921 Cherry,0.375,1.875,0,,,37.83,Wood,
921CG,Aged #921 Cherry,0.375,1.875,0,15.6,22.78,31.89,Wood,
FC-921CG,FC Aged #921 Cherry,0.375,1.875,0,,,37.83,Wood,
921CQ,Antique #921 Cherry,0.375,1.875,0,15.6,22.78,31.89,Wood,
FC-921CQ,FC Antique #921 Cherry,0.375,1.875,0,,,37.83,Wood,
921CD,Black Cherry #921 Cherry,0.375,1.875,0,15.6,22.78,31.89,Wood,
FC-921CD,FC Black Cherry #921 Cherry,0.375,1.875,0,,,38.51,Wood,
921MR,Raw #921 Maple,0.375,1.875,0,10.48,14.46,23.14,Wood,
FC-921MR,FC Raw #921 Maple,0.375,1.875,0,,,35.77,Wood,
921MF,Oil & Wax #921 Maple,0.375,1.875,0,14.01,19.33,27.06,Wood,
FC-921MF,FC Oil & Wax #921 Maple,0.375,1.875,0,,,36.46,Wood,
921ML,Clear Lacquer #921 Maple,0.375,1.875,0,14.28,19.71,27.59,Wood,
FC-921ML,FC Clear Lacquer #921 Maple,0.375,1.875,0,,,36.46,Wood,
921MW,WhiteWash #921 Maple,0.375,1.875,0,15.91,21.96,30.74,Wood,
FC-921MW,FC WhiteWash #921 Maple,0.375,1.875,0,,,37.15,Wood,
921MT,White #921 Maple,0.375,1.875,0,15.07,20.8,29.12,Wood,
FC-921MT,FC White #921 Maple,0.375,1.875,0,,,37.84,Wood,
921MK,Satin Black #921 Maple,0.375,1.875,0,15.07,20.8,29.12,Wood,
FC-921MK,FC Satin Black #921 Maple,0.375,1.875,0,,,37.84,Wood,
921MA,Warm White #921 Maple,0.375,1.875,0,15.07,20.8,29.12,Wood,
FC-921MA,FC Warm White #921 Maple,0.375,1.875,0,,,37.84,Wood,
921MI,Rising White #921 Maple,0.375,1.875,0,15.07,20.8,29.12,Wood,
FC-921MI,FC Rising White #921 Maple,0.375,1.875,0,,,37.84,Wood,
921M1,Light Grey #921 Maple,0.375,1.875,0,15.07,20.8,29.12,Wood,
FC-921M1,FC Light Grey #921 Maple,0.375,1.875,0,,,37.84,Wood,
921M2,Medium Grey #921 Maple,0.375,1.875,0,15.07,20.8,29.12,Wood,
FC-921M2,FC Medium Grey #921 Maple,0.375,1.875,0,,,37.84,Wood,
921M3,Dark Grey #921 Maple,0.375,1.875,0,15.07,20.8,29.12,Wood,
FC-921M3,FC Dark Grey #921 Maple,0.375,1.875,0,,,37.84,Wood,
921M9,Wheat #921 Maple,0.375,1.875,0,15.07,20.8,29.12,Wood,
FC-921M9,FC Wheat #921 Maple,0.375,1.875,0,,,37.84,Wood,
921WR,Raw #921 Walnut,0.375,1.875,0,17.51,28.02,44.83,Wood,
FC-921WR,FC Raw #921 Walnut,0.375,1.875,0,,,52.08,Wood,
921WF,Oil & Wax #921 Walnut,0.375,1.875,0,22.94,36.7,51.38,Wood,
FC-921WF,FC Oil & Wax #921 Walnut,0.375,1.875,0,,,63.02,Wood,
921WP,Padauk #921 Walnut,0.375,1.875,0,23.21,37.14,52,Wood,
FC-921WP,FC Padauk #921 Walnut,0.375,1.875,0,,,68.02,Wood,
921WB,Special Dark #921 Walnut,0.375,1.875,0,23.21,37.14,52,Wood,
FC-921WB,FC Special Dark #921 Walnut,0.375,1.875,0,,,68.02,Wood,
921WE,Ebony #921 Walnut,0.375,1.875,0,22.94,36.7,51.38,Wood,
FC-921WE,FC Ebony #921 Walnut,0.375,1.875,0,,,68.02,Wood,
921WK,Satin Black #921 Walnut,0.375,1.875,0,22.1,35.36,49.5,Wood,
FC-921WK,FC Satin Black #921 Walnut,0.375,1.875,0,,,63.02,Wood,
921W1,Light Grey #921 Walnut,0.375,1.875,0,22.1,35.36,49.5,Wood,
FC-921W1,FC Light Grey #921 Walnut,0.375,1.875,0,,,63.02,Wood,
921W2,Medium Grey #921 Walnut,0.375,1.875,0,22.1,35.36,49.5,Wood,
FC-921W2,FC Medium Grey #921 Walnut,0.375,1.875,0,,,63.02,Wood,
921W3,Dark Grey #921 Walnut,0.375,1.875,0,22.1,35.36,49.5,Wood,
FC-921W3,FC Dark Grey #921 Walnut,0.375,1.875,0,,,63.02,Wood,
921VR,Raw #921 White Oak,0.375,1.875,0,14.15,23.35,37.36,Wood,
FC-921VR,FC Raw #921 White Oak,0.375,1.875,0,,,46.73,Wood,
921VF,Oil & Wax #921 White Oak,0.375,1.875,0,17.41,28.73,40.22,Wood,
FC-921VF,FC Oil & Wax #921 White Oak,0.375,1.875,0,,,47.41,Wood,
921VL,Clear Lacquer #921 White Oak,0.375,1.875,0,17.95,29.62,41.47,Wood,
FC-921VL,FC Clear Lacquer #921 White Oak,0.375,1.875,0,,,47.41,Wood,
921VC,Charcoal #921 White Oak,0.375,1.875,0,19.58,32.31,45.23,Wood,
FC-921VC,FC Charcoal #921 White Oak,0.375,1.875,0,,,58.35,Wood,
921VM,Mission #921 White Oak,0.375,1.875,0,19.58,32.31,45.23,Wood,
FC-921VM,FC Mission #921 White Oak,0.375,1.875,0,,,58.35,Wood,
921V7,Bleached #921 White Oak,0.375,1.875,0,19.58,32.31,45.23,Wood,
FC-921V7,FC Bleached #921 White Oak,0.375,1.875,0,,,58.35,Wood,
940AR,Raw #940 Ash,0.18,0,0,0.65,0.98,1.37,Wood,
940AF,Oil & Wax #940 Ash,0.18,0,0,2.3,3.45,4.66,Wood,
940AL,Clear Lacquer #940 Ash,0.18,0,0,2.54,3.81,5.14,Wood,
940AW,WhiteWash #940 Ash,0.18,0,0,2.4,3.6,4.86,Wood,
940AT,White #940 Ash,0.18,0,0,2.4,3.6,4.86,Wood,
940AK,Satin Black #940 Ash,0.18,0,0,2.4,3.6,4.86,Wood,
940AA,Warm White #940 Ash,0.18,0,0,2.4,3.6,4.86,Wood,
940AC,Charcoal #940 Ash,0.18,0,0,2.4,3.6,4.86,Wood,
940AI,Rising White #940 Ash,0.18,0,0,2.4,3.6,4.86,Wood,
940A1,Light Grey #940 Ash,0.18,0,0,2.4,3.6,4.86,Wood,
940A2,Medium Grey #940 Ash,0.18,0,0,2.4,3.6,4.86,Wood,
940A3,Dark Grey #940 Ash,0.18,0,0,2.4,3.6,4.86,Wood,
940BR,Raw #940 Basswood,0.18,0,0,0.44,0.7,0.98,Wood,
940BF,Oil & Wax #940 Basswood,0.18,0,0,2.09,3.34,4.51,Wood,
940CR,Raw #940 Cherry,0.18,0,0,0.82,1.31,1.83,Wood,
940CF,Oil & Wax #940 Cherry,0.18,0,0,3.52,5.63,7.6,Wood,
940CL,Clear Lacquer #940 Cherry,0.18,0,0,3.52,5.63,7.6,Wood,
940CG,Aged #940 Cherry,0.18,0,0,3.52,5.63,7.6,Wood,
940CQ,Antique #940 Cherry,0.18,0,0,3.52,5.63,7.6,Wood,
940CD,Black Cherry #940 Cherry,0.18,0,0,3.52,5.63,7.6,Wood,
940MR,Raw #940 Maple,0.18,0,0,0.79,1.18,1.65,Wood,
940MF,Oil & Wax #940 Maple,0.18,0,0,2.44,3.66,4.94,Wood,
940ML,Clear Lacquer #940 Maple,0.18,0,0,2.68,4.02,5.43,Wood,
940MW,WhiteWash #940 Maple,0.18,0,0,3.09,4.64,6.26,Wood,
940MT,White #940 Maple,0.18,0,0,2.68,4.02,5.43,Wood,
940MK,Satin Black #940 Maple,0.18,0,0,2.68,4.02,5.43,Wood,
940MA,Warm White #940 Maple,0.18,0,0,2.68,4.02,5.43,Wood,
940MI,Rising White #940 Maple,0.18,0,0,2.68,4.02,5.43,Wood,
940M1,Light Grey #940 Maple,0.18,0,0,2.68,4.02,5.43,Wood,
940M2,Medium Grey #940 Maple,0.18,0,0,2.68,4.02,5.43,Wood,
940M3,Dark Grey #940 Maple,0.18,0,0,2.68,4.02,5.43,Wood,
940M9,Wheat #940 Maple,0.18,0,0,2.68,4.02,5.43,Wood,
940OR,Raw #940 Oak,0.18,0,0,0.69,1.03,1.44,Wood,
940OF,Oil & Wax #940 Oak,0.18,0,0,2.34,3.51,4.74,Wood,
940OL,Clear Lacquer #940 Oak,0.18,0,0,3.23,4.84,6.53,Wood,
940WR,Raw #940 Walnut,0.18,0,0,1.39,2.22,3.11,Wood,
940WF,Oil & Wax #940 Walnut,0.18,0,0,3.14,5.02,6.78,Wood,
940WP,Padauk #940 Walnut,0.18,0,0,4.09,6.54,8.83,Wood,
940WB,Special Dark #940 Walnut,0.18,0,0,4.09,6.54,8.83,Wood,
940WE,Ebony #940 Walnut,0.18,0,0,3.69,5.9,7.97,Wood,
940WK,Satin Black #940 Walnut,0.18,0,0,3.28,5.25,7.09,Wood,
940W1,Light Grey #940 Walnut,0.18,0,0,3.28,5.25,7.09,Wood,
940W2,Medium Grey #940 Walnut,0.18,0,0,3.28,5.25,7.09,Wood,
940W3,Dark Grey #940 Walnut,0.18,0,0,3.28,5.25,7.09,Wood,
940VR,Raw #940 White Oak,0.18,0,0,1.15,1.9,2.66,Wood,
940VF,Oil & Wax #940 White Oak,0.18,0,0,2.9,4.78,6.45,Wood,
940VL,Clear Lacquer #940 White Oak,0.18,0,0,3.04,5.02,6.78,Wood,
940VC,Charcoal #940 White Oak,0.18,0,0,3.85,6.35,8.57,Wood,
940VM,Mission #940 White Oak,0.18,0,0,3.85,6.35,8.57,Wood,
940V7,Bleached #940 White Oak,0.18,0,0,3.85,6.35,8.57,Wood,
941AR,Raw #941 Ash,0.18,0,0,0.71,1.06,1.48,Wood,
941AF,Oil & Wax #941 Ash,0.18,0,0,2.36,3.54,4.78,Wood,
941AL,Clear Lacquer #941 Ash,0.18,0,0,2.6,3.9,5.26,Wood,
941AW,WhiteWash #941 Ash,0.18,0,0,2.46,3.69,4.98,Wood,
941AT,White #941 Ash,0.18,0,0,2.46,3.69,4.98,Wood,
941AK,Satin Black #941 Ash,0.18,0,0,2.46,3.69,4.98,Wood,
941AA,Warm White #941 Ash,0.18,0,0,2.46,3.69,4.98,Wood,
941AC,Charcoal #941 Ash,0.18,0,0,2.46,3.69,4.98,Wood,
941AI,Rising White #941 Ash,0.18,0,0,2.46,3.69,4.98,Wood,
941A1,Light Grey #941 Ash,0.18,0,0,2.46,3.69,4.98,Wood,
941A2,Medium Grey #941 Ash,0.18,0,0,2.46,3.69,4.98,Wood,
941A3,Dark Grey #941 Ash,0.18,0,0,2.46,3.69,4.98,Wood,
941BR,Raw #941 Basswood,0.18,0,0,0.54,0.86,1.2,Wood,
941BF,Oil & Wax #941 Basswood,0.18,0,0,2.19,3.5,4.73,Wood,
941CR,Raw #941 Cherry,0.18,0,0,0.98,1.57,2.2,Wood,
941CF,Oil & Wax #941 Cherry,0.18,0,0,3.68,5.89,7.95,Wood,
941CL,Clear Lacquer #941 Cherry,0.18,0,0,3.68,5.89,7.95,Wood,
941CG,Aged #941 Cherry,0.18,0,0,3.68,5.89,7.95,Wood,
941CQ,Antique #941 Cherry,0.18,0,0,3.68,5.89,7.95,Wood,
941CD,Black Cherry #941 Cherry,0.18,0,0,3.68,5.89,7.95,Wood,
941MR,Raw #941 Maple,0.18,0,0,0.92,1.38,1.93,Wood,
941MF,Oil & Wax #941 Maple,0.18,0,0,2.57,3.85,5.2,Wood,
941ML,Clear Lacquer #941 Maple,0.18,0,0,2.81,4.22,5.7,Wood,
941MW,WhiteWash #941 Maple,0.18,0,0,3.22,4.83,6.52,Wood,
941MT,White #941 Maple,0.18,0,0,2.81,4.22,5.7,Wood,
941MK,Satin Black #941 Maple,0.18,0,0,2.81,4.22,5.7,Wood,
941MA,Warm White #941 Maple,0.18,0,0,2.81,4.22,5.7,Wood,
941MI,Rising White #941 Maple,0.18,0,0,2.81,4.22,5.7,Wood,
941M1,Light Grey #941 Maple,0.18,0,0,2.81,4.22,5.7,Wood,
941M2,Medium Grey #941 Maple,0.18,0,0,2.81,4.22,5.7,Wood,
941M3,Dark Grey #941 Maple,0.18,0,0,2.81,4.22,5.7,Wood,
941M9,Wheat #941 Maple,0.18,0,0,2.81,4.22,5.7,Wood,
941OR,Raw #941 Oak,0.18,0,0,0.76,1.14,1.6,Wood,
941OF,Oil & Wax #941 Oak,0.18,0,0,2.41,3.62,4.89,Wood,
941OL,Clear Lacquer #941 Oak,0.18,0,0,3.3,4.95,6.68,Wood,
941WR,Raw #941 Walnut,0.18,0,0,1.77,2.83,3.96,Wood,
941WF,Oil & Wax #941 Walnut,0.18,0,0,3.52,5.63,7.6,Wood,
941WP,Padauk #941 Walnut,0.18,0,0,4.47,7.15,9.65,Wood,
941WB,Special Dark #941 Walnut,0.18,0,0,4.47,7.15,9.65,Wood,
941WE,Ebony #941 Walnut,0.18,0,0,4.07,6.51,8.79,Wood,
941WK,Satin Black #941 Walnut,0.18,0,0,3.66,5.86,7.91,Wood,
941W1,Light Grey #941 Walnut,0.18,0,0,3.66,5.86,7.91,Wood,
941W2,Medium Grey #941 Walnut,0.18,0,0,3.66,5.86,7.91,Wood,
941W3,Dark Grey #941 Walnut,0.18,0,0,3.66,5.86,7.91,Wood,
941VR,Raw #941 White Oak,0.18,0,0,1.41,2.33,3.26,Wood,
941VF,Oil & Wax #941 White Oak,0.18,0,0,3.16,5.21,7.03,Wood,
941VL,Clear Lacquer #941 White Oak,0.18,0,0,3.3,5.44,7.34,Wood,
941VC,Charcoal #941 White Oak,0.18,0,0,4.11,6.78,9.15,Wood,
941VM,Mission #941 White Oak,0.18,0,0,4.11,6.78,9.15,Wood,
941V7,Bleached #941 White Oak,0.18,0,0,4.11,6.78,9.15,Wood,
942AR,Raw #942 Ash,0.18,0,0,0.89,1.34,1.88,Wood,
942AF,Oil & Wax #942 Ash,0.18,0,0,2.54,3.81,5.14,Wood,
942AL,Clear Lacquer #942 Ash,0.18,0,0,2.78,4.17,5.63,Wood,
942AW,WhiteWash #942 Ash,0.18,0,0,2.64,3.96,5.35,Wood,
942AT,White #942 Ash,0.18,0,0,2.64,3.96,5.35,Wood,
942AK,Satin Black #942 Ash,0.18,0,0,2.64,3.96,5.35,Wood,
942AA,Warm White #942 Ash,0.18,0,0,2.64,3.96,5.35,Wood,
942AC,Charcoal #942 Ash,0.18,0,0,2.64,3.96,5.35,Wood,
942AI,Rising White #942 Ash,0.18,0,0,2.64,3.96,5.35,Wood,
942A1,Light Grey #942 Ash,0.18,0,0,2.64,3.96,5.35,Wood,
942A2,Medium Grey #942 Ash,0.18,0,0,2.64,3.96,5.35,Wood,
942A3,Dark Grey #942 Ash,0.18,0,0,2.64,3.96,5.35,Wood,
942BR,Raw #942 Basswood,0.18,0,0,0.59,0.94,1.32,Wood,
942BF,Oil & Wax #942 Basswood,0.18,0,0,2.24,3.58,4.83,Wood,
942CR,Raw #942 Cherry,0.18,0,0,1.31,2.1,2.94,Wood,
942CF,Oil & Wax #942 Cherry,0.18,0,0,4.01,6.42,8.67,Wood,
942CL,Clear Lacquer #942 Cherry,0.18,0,0,4.01,6.42,8.67,Wood,
942CG,Aged #942 Cherry,0.18,0,0,4.01,6.42,8.67,Wood,
942CQ,Antique #942 Cherry,0.18,0,0,4.01,6.42,8.67,Wood,
942CD,Black Cherry #942 Cherry,0.18,0,0,4.01,6.42,8.67,Wood,
942MR,Raw #942 Maple,0.18,0,0,1.26,1.89,2.65,Wood,
942MF,Oil & Wax #942 Maple,0.18,0,0,2.91,4.36,5.89,Wood,
942ML,Clear Lacquer #942 Maple,0.18,0,0,3.15,4.72,6.37,Wood,
942MW,WhiteWash #942 Maple,0.18,0,0,3.56,5.34,7.21,Wood,
942MT,White #942 Maple,0.18,0,0,3.15,4.72,6.37,Wood,
942MK,Satin Black #942 Maple,0.18,0,0,3.15,4.72,6.37,Wood,
942MA,Warm White #942 Maple,0.18,0,0,3.15,4.72,6.37,Wood,
942MI,Rising White #942 Maple,0.18,0,0,3.15,4.72,6.37,Wood,
942M1,Light Grey #942 Maple,0.18,0,0,3.15,4.72,6.37,Wood,
942M2,Medium Grey #942 Maple,0.18,0,0,3.15,4.72,6.37,Wood,
942M3,Dark Grey #942 Maple,0.18,0,0,3.15,4.72,6.37,Wood,
942M9,Wheat #942 Maple,0.18,0,0,3.15,4.72,6.37,Wood,
942OR,Raw #942 Oak,0.18,0,0,1.04,1.56,2.18,Wood,
942OF,Oil & Wax #942 Oak,0.18,0,0,2.69,4.04,5.45,Wood,
942OL,Clear Lacquer #942 Oak,0.18,0,0,3.58,5.37,7.25,Wood,
942WR,Raw #942 Walnut,0.18,0,0,2.4,3.84,5.38,Wood,
942WF,Oil & Wax #942 Walnut,0.18,0,0,4.15,6.64,8.96,Wood,
942WP,Padauk #942 Walnut,0.18,0,0,5.1,8.16,11.02,Wood,
942WB,Special Dark #942 Walnut,0.18,0,0,5.1,8.16,11.02,Wood,
942WE,Ebony #942 Walnut,0.18,0,0,4.7,7.52,10.15,Wood,
942WK,Satin Black #942 Walnut,0.18,0,0,4.29,6.86,9.26,Wood,
942W1,Light Grey #942 Walnut,0.18,0,0,4.29,6.86,9.26,Wood,
942W2,Medium Grey #942 Walnut,0.18,0,0,4.29,6.86,9.26,Wood,
942W3,Dark Grey #942 Walnut,0.18,0,0,4.29,6.86,9.26,Wood,
942VR,Raw #942 White Oak,0.18,0,0,1.89,3.12,4.37,Wood,
942VF,Oil & Wax #942 White Oak,0.18,0,0,3.64,6.01,8.11,Wood,
942VL,Clear Lacquer #942 White Oak,0.18,0,0,3.78,6.24,8.42,Wood,
942VC,Charcoal #942 White Oak,0.18,0,0,4.59,7.57,10.22,Wood,
942VM,Mission #942 White Oak,0.18,0,0,4.59,7.57,10.22,Wood,
942V7,Bleached #942 White Oak,0.18,0,0,4.59,7.57,10.22,Wood,
943AR,Raw #943 Ash,0.18,0,0,1.02,1.53,2.14,Wood,
943AF,Oil & Wax #943 Ash,0.18,0,0,2.67,4,5.4,Wood,
943AL,Clear Lacquer #943 Ash,0.18,0,0,2.91,4.36,5.89,Wood,
943AW,WhiteWash #943 Ash,0.18,0,0,2.77,4.16,5.62,Wood,
943AT,White #943 Ash,0.18,0,0,2.77,4.16,5.62,Wood,
943AK,Satin Black #943 Ash,0.18,0,0,2.77,4.16,5.62,Wood,
943AA,Warm White #943 Ash,0.18,0,0,2.77,4.16,5.62,Wood,
943AC,Charcoal #943 Ash,0.18,0,0,2.77,4.16,5.62,Wood,
943AI,Rising White #943 Ash,0.18,0,0,2.77,4.16,5.62,Wood,
943A1,Light Grey #943 Ash,0.18,0,0,2.77,4.16,5.62,Wood,
943A2,Medium Grey #943 Ash,0.18,0,0,2.77,4.16,5.62,Wood,
943A3,Dark Grey #943 Ash,0.18,0,0,2.77,4.16,5.62,Wood,
943BR,Raw #943 Basswood,0.18,0,0,0.65,1.04,1.46,Wood,
943BF,Oil & Wax #943 Basswood,0.18,0,0,2.3,3.68,4.97,Wood,
943CR,Raw #943 Cherry,0.18,0,0,1.51,2.42,3.39,Wood,
943CF,Oil & Wax #943 Cherry,0.18,0,0,4.21,6.74,9.1,Wood,
943CL,Clear Lacquer #943 Cherry,0.18,0,0,4.21,6.74,9.1,Wood,
943CG,Aged #943 Cherry,0.18,0,0,4.21,6.74,9.1,Wood,
943CQ,Antique #943 Cherry,0.18,0,0,4.21,6.74,9.1,Wood,
943CD,Black Cherry #943 Cherry,0.18,0,0,4.21,6.74,9.1,Wood,
943MR,Raw #943 Maple,0.18,0,0,1.39,2.08,2.91,Wood,
943MF,Oil & Wax #943 Maple,0.18,0,0,3.04,4.56,6.16,Wood,
943ML,Clear Lacquer #943 Maple,0.18,0,0,3.28,4.92,6.64,Wood,
943MW,WhiteWash #943 Maple,0.18,0,0,3.69,5.54,7.48,Wood,
943MT,White #943 Maple,0.18,0,0,3.28,4.92,6.64,Wood,
943MK,Satin Black #943 Maple,0.18,0,0,3.28,4.92,6.64,Wood,
943MA,Warm White #943 Maple,0.18,0,0,3.28,4.92,6.64,Wood,
943MI,Rising White #943 Maple,0.18,0,0,3.28,4.92,6.64,Wood,
943M1,Light Grey #943 Maple,0.18,0,0,3.28,4.92,6.64,Wood,
943M2,Medium Grey #943 Maple,0.18,0,0,3.28,4.92,6.64,Wood,
943M3,Dark Grey #943 Maple,0.18,0,0,3.28,4.92,6.64,Wood,
943M9,Wheat #943 Maple,0.18,0,0,3.28,4.92,6.64,Wood,
943OR,Raw #943 Oak,0.18,0,0,1.11,1.66,2.32,Wood,
943OF,Oil & Wax #943 Oak,0.18,0,0,2.76,4.14,5.59,Wood,
943OL,Clear Lacquer #943 Oak,0.18,0,0,3.65,5.48,7.4,Wood,
943WR,Raw #943 Walnut,0.18,0,0,2.71,4.34,6.08,Wood,
943WF,Oil & Wax #943 Walnut,0.18,0,0,4.46,7.14,9.64,Wood,
943WP,Padauk #943 Walnut,0.18,0,0,5.41,8.66,11.69,Wood,
943WB,Special Dark #943 Walnut,0.18,0,0,5.41,8.66,11.69,Wood,
943WE,Ebony #943 Walnut,0.18,0,0,5.01,8.02,10.83,Wood,
943WK,Satin Black #943 Walnut,0.18,0,0,4.6,7.36,9.94,Wood,
943W1,Light Grey #943 Walnut,0.18,0,0,4.6,7.36,9.94,Wood,
943W2,Medium Grey #943 Walnut,0.18,0,0,4.6,7.36,9.94,Wood,
943W3,Dark Grey #943 Walnut,0.18,0,0,4.6,7.36,9.94,Wood,
943VR,Raw #943 White Oak,0.18,0,0,2.13,3.51,4.91,Wood,
943VF,Oil & Wax #943 White Oak,0.18,0,0,3.88,6.4,8.64,Wood,
943VL,Clear Lacquer #943 White Oak,0.18,0,0,4.02,6.63,8.95,Wood,
943VC,Charcoal #943 White Oak,0.18,0,0,4.83,7.97,10.76,Wood,
943VM,Mission #943 White Oak,0.18,0,0,4.83,7.97,10.76,Wood,
943V7,Bleached #943 White Oak,0.18,0,0,4.83,7.97,10.76,Wood,
944AR,Raw #944 Ash,0.18,0,0,1.14,1.71,2.39,Wood,
944AF,Oil & Wax #944 Ash,0.18,0,0,2.79,4.19,5.66,Wood,
944AL,Clear Lacquer #944 Ash,0.18,0,0,3.03,4.54,6.13,Wood,
944AW,WhiteWash #944 Ash,0.18,0,0,2.89,4.34,5.86,Wood,
944AT,White #944 Ash,0.18,0,0,2.89,4.34,5.86,Wood,
944AK,Satin Black #944 Ash,0.18,0,0,2.89,4.34,5.86,Wood,
944AA,Warm White #944 Ash,0.18,0,0,2.89,4.34,5.86,Wood,
944AC,Charcoal #944 Ash,0.18,0,0,2.89,4.34,5.86,Wood,
944AI,Rising White #944 Ash,0.18,0,0,2.89,4.34,5.86,Wood,
944A1,Light Grey #944 Ash,0.18,0,0,2.89,4.34,5.86,Wood,
944A2,Medium Grey #944 Ash,0.18,0,0,2.89,4.34,5.86,Wood,
944A3,Dark Grey #944 Ash,0.18,0,0,2.89,4.34,5.86,Wood,
944BR,Raw #944 Basswood,0.18,0,0,0.74,1.18,1.65,Wood,
944BF,Oil & Wax #944 Basswood,0.18,0,0,2.39,3.82,5.16,Wood,
944CR,Raw #944 Cherry,0.18,0,0,1.8,2.88,4.03,Wood,
944CF,Oil & Wax #944 Cherry,0.18,0,0,4.5,7.2,9.72,Wood,
944CL,Clear Lacquer #944 Cherry,0.18,0,0,4.5,7.2,9.72,Wood,
944CG,Aged #944 Cherry,0.18,0,0,4.5,7.2,9.72,Wood,
944CQ,Antique #944 Cherry,0.18,0,0,4.5,7.2,9.72,Wood,
944CD,Black Cherry #944 Cherry,0.18,0,0,4.5,7.2,9.72,Wood,
944MR,Raw #944 Maple,0.18,0,0,1.61,2.42,3.39,Wood,
944MF,Oil & Wax #944 Maple,0.18,0,0,3.26,4.89,6.6,Wood,
944ML,Clear Lacquer #944 Maple,0.18,0,0,3.5,5.25,7.09,Wood,
944MW,WhiteWash #944 Maple,0.18,0,0,3.91,5.86,7.91,Wood,
944MT,White #944 Maple,0.18,0,0,3.5,5.25,7.09,Wood,
944MK,Satin Black #944 Maple,0.18,0,0,3.5,5.25,7.09,Wood,
944MA,Warm White #944 Maple,0.18,0,0,3.5,5.25,7.09,Wood,
944MI,Rising White #944 Maple,0.18,0,0,3.5,5.25,7.09,Wood,
944M1,Light Grey #944 Maple,0.18,0,0,3.5,5.25,7.09,Wood,
944M2,Medium Grey #944 Maple,0.18,0,0,3.5,5.25,7.09,Wood,
944M3,Dark Grey #944 Maple,0.18,0,0,3.5,5.25,7.09,Wood,
944M9,Wheat #944 Maple,0.18,0,0,3.5,5.25,7.09,Wood,
944OR,Raw #944 Oak,0.18,0,0,1.33,2,2.8,Wood,
944OF,Oil & Wax #944 Oak,0.18,0,0,2.98,4.47,6.03,Wood,
944OL,Clear Lacquer #944 Oak,0.18,0,0,3.87,5.8,7.83,Wood,
944WR,Raw #944 Walnut,0.18,0,0,3.27,5.23,7.32,Wood,
944WF,Oil & Wax #944 Walnut,0.18,0,0,5.02,8.03,10.84,Wood,
944WP,Padauk #944 Walnut,0.18,0,0,5.97,9.55,12.89,Wood,
944WB,Special Dark #944 Walnut,0.18,0,0,5.97,9.55,12.89,Wood,
944WE,Ebony #944 Walnut,0.18,0,0,5.57,8.91,12.03,Wood,
944WK,Satin Black #944 Walnut,0.18,0,0,5.16,8.26,11.15,Wood,
944W1,Light Grey #944 Walnut,0.18,0,0,5.16,8.26,11.15,Wood,
944W2,Medium Grey #944 Walnut,0.18,0,0,5.16,8.26,11.15,Wood,
944W3,Dark Grey #944 Walnut,0.18,0,0,5.16,8.26,11.15,Wood,
944VR,Raw #944 White Oak,0.18,0,0,2.45,4.04,5.66,Wood,
944VF,Oil & Wax #944 White Oak,0.18,0,0,4.2,6.93,9.36,Wood,
944VL,Clear Lacquer #944 White Oak,0.18,0,0,4.34,7.16,9.67,Wood,
944VC,Charcoal #944 White Oak,0.18,0,0,5.15,8.5,11.48,Wood,
944VM,Mission #944 White Oak,0.18,0,0,5.15,8.5,11.48,Wood,
944V7,Bleached #944 White Oak,0.18,0,0,5.15,8.5,11.48,Wood,
946AR,Raw #946 Ash,0.18,0,0,1.54,2.31,3.23,Wood,
946AF,Oil & Wax #946 Ash,0.18,0,0,3.19,4.78,6.45,Wood,
946AL,Clear Lacquer #946 Ash,0.18,0,0,3.43,5.14,6.94,Wood,
946AW,WhiteWash #946 Ash,0.18,0,0,3.29,4.94,6.67,Wood,
946AT,White #946 Ash,0.18,0,0,3.29,4.94,6.67,Wood,
946AK,Satin Black #946 Ash,0.18,0,0,3.29,4.94,6.67,Wood,
946AA,Warm White #946 Ash,0.18,0,0,3.29,4.94,6.67,Wood,
946AC,Charcoal #946 Ash,0.18,0,0,3.29,4.94,6.67,Wood,
946AI,Rising White #946 Ash,0.18,0,0,3.29,4.94,6.67,Wood,
946A1,Light Grey #946 Ash,0.18,0,0,3.29,4.94,6.67,Wood,
946A2,Medium Grey #946 Ash,0.18,0,0,3.29,4.94,6.67,Wood,
946A3,Dark Grey #946 Ash,0.18,0,0,3.29,4.94,6.67,Wood,
946BR,Raw #946 Basswood,0.18,0,0,1.04,1.66,2.32,Wood,
946BF,Oil & Wax #946 Basswood,0.18,0,0,2.69,4.3,5.8,Wood,
946CR,Raw #946 Cherry,0.18,0,0,2.57,4.11,5.75,Wood,
946CF,Oil & Wax #946 Cherry,0.18,0,0,5.27,8.43,11.38,Wood,
946CL,Clear Lacquer #946 Cherry,0.18,0,0,5.27,8.43,11.38,Wood,
946CG,Aged #946 Cherry,0.18,0,0,5.27,8.43,11.38,Wood,
946CQ,Antique #946 Cherry,0.18,0,0,5.27,8.43,11.38,Wood,
946CD,Black Cherry #946 Cherry,0.18,0,0,5.27,8.43,11.38,Wood,
946MR,Raw #946 Maple,0.18,0,0,2.24,3.36,4.7,Wood,
946MF,Oil & Wax #946 Maple,0.18,0,0,3.89,5.84,7.88,Wood,
946ML,Clear Lacquer #946 Maple,0.18,0,0,4.13,6.2,8.37,Wood,
946MW,WhiteWash #946 Maple,0.18,0,0,4.54,6.81,9.19,Wood,
946MT,White #946 Maple,0.18,0,0,4.13,6.2,8.37,Wood,
946MK,Satin Black #946 Maple,0.18,0,0,4.13,6.2,8.37,Wood,
946MA,Warm White #946 Maple,0.18,0,0,4.13,6.2,8.37,Wood,
946MI,Rising White #946 Maple,0.18,0,0,4.13,6.2,8.37,Wood,
946M1,Light Grey #946 Maple,0.18,0,0,4.13,6.2,8.37,Wood,
946M2,Medium Grey #946 Maple,0.18,0,0,4.13,6.2,8.37,Wood,
946M3,Dark Grey #946 Maple,0.18,0,0,4.13,6.2,8.37,Wood,
946M9,Wheat #946 Maple,0.18,0,0,4.13,6.2,8.37,Wood,
946OR,Raw #946 Oak,0.18,0,0,1.8,2.7,3.78,Wood,
946OF,Oil & Wax #946 Oak,0.18,0,0,3.45,5.18,6.99,Wood,
946OL,Clear Lacquer #946 Oak,0.18,0,0,4.34,6.51,8.79,Wood,
946WR,Raw #946 Walnut,0.18,0,0,4.68,7.49,10.49,Wood,
946WF,Oil & Wax #946 Walnut,0.18,0,0,6.43,10.29,13.89,Wood,
946WP,Padauk #946 Walnut,0.18,0,0,7.38,11.81,15.94,Wood,
946WB,Special Dark #946 Walnut,0.18,0,0,7.38,11.81,15.94,Wood,
946WE,Ebony #946 Walnut,0.18,0,0,6.98,11.17,15.08,Wood,
946WK,Satin Black #946 Walnut,0.18,0,0,6.57,10.51,14.19,Wood,
946W1,Light Grey #946 Walnut,0.18,0,0,6.57,10.51,14.19,Wood,
946W2,Medium Grey #946 Walnut,0.18,0,0,6.57,10.51,14.19,Wood,
946W3,Dark Grey #946 Walnut,0.18,0,0,6.57,10.51,14.19,Wood,
946VR,Raw #946 White Oak,0.18,0,0,2.64,4.36,6.1,Wood,
946VF,Oil & Wax #946 White Oak,0.18,0,0,4.39,7.24,9.77,Wood,
946VL,Clear Lacquer #946 White Oak,0.18,0,0,4.53,7.47,10.08,Wood,
946VC,Charcoal #946 White Oak,0.18,0,0,5.34,8.81,11.89,Wood,
946VM,Mission #946 White Oak,0.18,0,0,5.34,8.81,11.89,Wood,
946V7,Bleached #946 White Oak,0.18,0,0,5.34,8.81,11.89,Wood,
960-150BR,Raw #960-150 Basswood,1.5,0,0,1.59,2.39,3.58,Wood,
961-150BR,Raw #961-150 Basswood,1.5,0,0,1.59,2.39,3.58,Wood,
962-150BR,Raw #962-150 Basswood,1.5,0,0,1.59,2.39,3.58,Wood,
965-150BR,Raw #965-150 Basswood,1.5,0,0,1.86,2.79,4.19,Wood,
971-175BR,Raw #971-175 Basswood,1.75,0,0,2.11,3.16,4.74,Wood,
972-175BR,Raw #972-175 Basswood,1.75,0,0,4.57,6.86,10.29,Wood,
973-225BR,Raw #973-225 Basswood,2.25,0,0,3.65,5.48,8.22,Wood,
974-225BR,Raw #974-225 Basswood,2.25,0,0,4.06,6.09,9.14,Wood,
960-200BR,Raw #960-200 Basswood,2,0,0,1.83,2.74,4.11,Wood,
961-200BR,Raw #961-200 Basswood,2,0,0,1.83,2.74,4.11,Wood,
963-200BR,Raw #963-200 Basswood,2,0,0,1.83,2.74,4.11,Wood,
963-300BR,Raw #963-300 Basswood,3,0,0,2.48,3.72,5.58,Wood,
119AR,Raw #119 Ash,0.375,0.812,0.156,3,4.26,6.82,Wood,
FC-119AR,FC Raw #119 Ash,0.375,0.812,0.156,,,23.51,Wood,
119AF,Oil & Wax #119 Ash,0.375,0.812,0.156,6.26,8.89,12.45,Wood,
FC-119AF,FC Oil & Wax #119 Ash,0.375,0.812,0.156,,,24.2,Wood,
119AL,Clear Lacquer #119 Ash,0.375,0.812,0.156,6.8,9.66,13.52,Wood,
FC-119AL,FC Clear Lacquer #119 Ash,0.375,0.812,0.156,,,24.2,Wood,
119AW,WhiteWash #119 Ash,0.375,0.812,0.156,8.7,12.35,17.29,Wood,
FC-119AW,FC WhiteWash #119 Ash,0.375,0.812,0.156,,,24.89,Wood,
119AT,White #119 Ash,0.375,0.812,0.156,8.7,12.35,17.29,Wood,
FC-119AT,FC White #119 Ash,0.375,0.812,0.156,,,26.26,Wood,
119AK,Satin Black #119 Ash,0.375,0.812,0.156,8.7,12.35,17.29,Wood,
FC-119AK,FC Satin Black #119 Ash,0.375,0.812,0.156,,,26.26,Wood,
119AA,Warm White #119 Ash,0.375,0.812,0.156,8.7,12.35,17.29,Wood,
FC-119AA,FC Warm White #119 Ash,0.375,0.812,0.156,,,26.26,Wood,
119AC,Charcoal #119 Ash,0.375,0.812,0.156,8.7,12.35,17.29,Wood,
FC-119AC,FC Charcoal #119 Ash,0.375,0.812,0.156,,,26.26,Wood,
119AI,Rising White #119 Ash,0.375,0.812,0.156,8.7,12.35,17.29,Wood,
FC-119AI,FC Rising White #119 Ash,0.375,0.812,0.156,,,26.26,Wood,
119A1,Light Grey #119 Ash,0.375,0.812,0.156,8.7,12.35,17.29,Wood,
FC-119A1,FC Light Grey #119 Ash,0.375,0.812,0.156,,,26.26,Wood,
119A2,Medium Grey #119 Ash,0.375,0.812,0.156,8.7,12.35,17.29,Wood,
FC-119A2,FC Medium Grey #119 Ash,0.375,0.812,0.156,,,26.26,Wood,
119A3,Dark Grey #119 Ash,0.375,0.812,0.156,8.7,12.35,17.29,Wood,
FC-119A3,FC Dark Grey #119 Ash,0.375,0.812,0.156,,,26.26,Wood,
119CR,Raw #119 Cherry,0.375,0.812,0.156,3.23,4.72,7.55,Wood,
FC-119CR,FC Raw #119 Cherry,0.375,0.812,0.156,,,23.97,Wood,
119CF,Oil & Wax #119 Cherry,0.375,0.812,0.156,6.76,9.87,13.82,Wood,
FC-119CF,FC Oil & Wax #119 Cherry,0.375,0.812,0.156,,,24.66,Wood,
119CL,Clear Lacquer #119 Cherry,0.375,0.812,0.156,8.66,12.64,17.7,Wood,
FC-119CL,FC Clear Lacquer #119 Cherry,0.375,0.812,0.156,,,26.03,Wood,
119CG,Aged #119 Cherry,0.375,0.812,0.156,8.66,12.64,17.7,Wood,
FC-119CG,FC Aged #119 Cherry,0.375,0.812,0.156,,,26.03,Wood,
119CQ,Antique #119 Cherry,0.375,0.812,0.156,8.66,12.64,17.7,Wood,
FC-119CQ,FC Antique #119 Cherry,0.375,0.812,0.156,,,26.03,Wood,
119CD,Black Cherry #119 Cherry,0.375,0.812,0.156,8.66,12.64,17.7,Wood,
FC-119CD,FC Black Cherry #119 Cherry,0.375,0.812,0.156,,,26.72,Wood,
119MR,Raw #119 Maple,0.375,0.812,0.156,3.55,4.9,7.84,Wood,
FC-119MR,FC Raw #119 Maple,0.375,0.812,0.156,,,24.15,Wood,
119MF,Oil & Wax #119 Maple,0.375,0.812,0.156,6.81,9.4,13.16,Wood,
FC-119MF,FC Oil & Wax #119 Maple,0.375,0.812,0.156,,,24.84,Wood,
119ML,Clear Lacquer #119 Maple,0.375,0.812,0.156,7.08,9.77,13.68,Wood,
FC-119ML,FC Clear Lacquer #119 Maple,0.375,0.812,0.156,,,24.84,Wood,
119MW,WhiteWash #119 Maple,0.375,0.812,0.156,8.14,11.23,15.72,Wood,
FC-119MW,FC WhiteWash #119 Maple,0.375,0.812,0.156,,,25.53,Wood,
119MT,White #119 Maple,0.375,0.812,0.156,7.35,10.14,14.2,Wood,
FC-119MT,FC White #119 Maple,0.375,0.812,0.156,,,26.21,Wood,
119MK,Satin Black #119 Maple,0.375,0.812,0.156,7.35,10.14,14.2,Wood,
FC-119MK,FC Satin Black #119 Maple,0.375,0.812,0.156,,,26.21,Wood,
119MA,Warm White #119 Maple,0.375,0.812,0.156,7.35,10.14,14.2,Wood,
FC-119MA,FC Warm White #119 Maple,0.375,0.812,0.156,,,26.21,Wood,
119MI,Rising White #119 Maple,0.375,0.812,0.156,7.35,10.14,14.2,Wood,
FC-119MI,FC Rising White #119 Maple,0.375,0.812,0.156,,,26.21,Wood,
119M1,Light Grey #119 Maple,0.375,0.812,0.156,7.35,10.14,14.2,Wood,
FC-119M1,FC Light Grey #119 Maple,0.375,0.812,0.156,,,26.21,Wood,
119M2,Medium Grey #119 Maple,0.375,0.812,0.156,7.35,10.14,14.2,Wood,
FC-119M2,FC Medium Grey #119 Maple,0.375,0.812,0.156,,,26.21,Wood,
119M3,Dark Grey #119 Maple,0.375,0.812,0.156,7.35,10.14,14.2,Wood,
FC-119M3,FC Dark Grey #119 Maple,0.375,0.812,0.156,,,26.21,Wood,
119M9,Wheat #119 Maple,0.375,0.812,0.156,7.35,10.14,14.2,Wood,
FC-119M9,FC Wheat #119 Maple,0.375,0.812,0.156,,,26.21,Wood,
119WR,Raw #119 Walnut,0.375,0.812,0.156,6.38,9.31,14.9,Wood,
FC-119WR,FC Raw #119 Walnut,0.375,0.812,0.156,,,28.56,Wood,
119WF,Oil & Wax #119 Walnut,0.375,0.812,0.156,10.97,16.02,22.43,Wood,
FC-119WF,FC Oil & Wax #119 Walnut,0.375,0.812,0.156,,,29.25,Wood,
119WP,Padauk #119 Walnut,0.375,0.812,0.156,11.81,17.24,24.14,Wood,
FC-119WP,FC Padauk #119 Walnut,0.375,0.812,0.156,,,29.94,Wood,
119WB,Special Dark #119 Walnut,0.375,0.812,0.156,11.81,17.24,24.14,Wood,
FC-119WB,FC Special Dark #119 Walnut,0.375,0.812,0.156,,,29.94,Wood,
119WE,Ebony #119 Walnut,0.375,0.812,0.156,10.97,16.02,22.43,Wood,
FC-119WE,FC Ebony #119 Walnut,0.375,0.812,0.156,,,29.94,Wood,
119WK,Satin Black #119 Walnut,0.375,0.812,0.156,10.18,14.86,20.8,Wood,
FC-119WK,FC Satin Black #119 Walnut,0.375,0.812,0.156,,,29.25,Wood,
119W1,Light Grey #119 Walnut,0.375,0.812,0.156,10.18,14.86,20.8,Wood,
FC-119W1,FC Light Grey #119 Walnut,0.375,0.812,0.156,,,29.25,Wood,
119W2,Medium Grey #119 Walnut,0.375,0.812,0.156,10.18,14.86,20.8,Wood,
FC-119W2,FC Medium Grey #119 Walnut,0.375,0.812,0.156,,,29.25,Wood,
119W3,Dark Grey #119 Walnut,0.375,0.812,0.156,10.18,14.86,20.8,Wood,
FC-119W3,FC Dark Grey #119 Walnut,0.375,0.812,0.156,,,29.25,Wood,
119VR,Raw #119 White Oak,0.375,0.812,0.156,5.08,8.38,13.41,Wood,
FC-119VR,FC Raw #119 White Oak,0.375,0.812,0.156,,,29.01,Wood,
119VF,Oil & Wax #119 White Oak,0.375,0.812,0.156,8.34,13.76,19.26,Wood,
FC-119VF,FC Oil & Wax #119 White Oak,0.375,0.812,0.156,,,29.69,Wood,
119VL,Clear Lacquer #119 White Oak,0.375,0.812,0.156,8.61,14.21,19.89,Wood,
FC-119VL,FC Clear Lacquer #119 White Oak,0.375,0.812,0.156,,,29.69,Wood,
119VC,Charcoal #119 White Oak,0.375,0.812,0.156,10.51,17.34,24.28,Wood,
FC-119VC,FC Charcoal #119 White Oak,0.375,0.812,0.156,,,30.38,Wood,
119VM,Mission #119 White Oak,0.375,0.812,0.156,10.51,17.34,24.28,Wood,
FC-119VM,FC Mission #119 White Oak,0.375,0.812,0.156,,,30.38,Wood,
119V7,Bleached #119 White Oak,0.375,0.812,0.156,10.51,17.34,24.28,Wood,
FC-119V7,FC Bleached #119 White Oak,0.375,0.812,0.156,,,30.38,Wood,
194AR,Raw #194 Ash,0.75,3.75,0.25,6.39,9.33,14.93,Wood,
FC-194AR,FC Raw #194 Ash,0.75,3.75,0.25,,,29.96,Wood,
194AF,Oil & Wax #194 Ash,0.75,3.75,0.25,9.92,14.48,20.27,Wood,
FC-194AF,FC Oil & Wax #194 Ash,0.75,3.75,0.25,,,30.64,Wood,
194AL,Clear Lacquer #194 Ash,0.75,3.75,0.25,10.98,16.03,22.44,Wood,
FC-194AL,FC Clear Lacquer #194 Ash,0.75,3.75,0.25,,,30.64,Wood,
194AW,WhiteWash #194 Ash,0.75,3.75,0.25,12.09,17.65,24.71,Wood,
FC-194AW,FC WhiteWash #194 Ash,0.75,3.75,0.25,,,31.33,Wood,
194AT,White #194 Ash,0.75,3.75,0.25,12.09,17.65,24.71,Wood,
FC-194AT,FC White #194 Ash,0.75,3.75,0.25,,,32.71,Wood,
194AK,Satin Black #194 Ash,0.75,3.75,0.25,12.09,17.65,24.71,Wood,
FC-194AK,FC Satin Black #194 Ash,0.75,3.75,0.25,,,32.71,Wood,
194AA,Warm White #194 Ash,0.75,3.75,0.25,12.09,17.65,24.71,Wood,
FC-194AA,FC Warm White #194 Ash,0.75,3.75,0.25,,,32.71,Wood,
194AC,Charcoal #194 Ash,0.75,3.75,0.25,12.09,17.65,24.71,Wood,
FC-194AC,FC Charcoal #194 Ash,0.75,3.75,0.25,,,32.71,Wood,
194AI,Rising White #194 Ash,0.75,3.75,0.25,12.09,17.65,24.71,Wood,
FC-194AI,FC Rising White #194 Ash,0.75,3.75,0.25,,,32.71,Wood,
194A1,Light Grey #194 Ash,0.75,3.75,0.25,12.09,17.65,24.71,Wood,
FC-194A1,FC Light Grey #194 Ash,0.75,3.75,0.25,,,32.71,Wood,
194A2,Medium Grey #194 Ash,0.75,3.75,0.25,12.09,17.65,24.71,Wood,
FC-194A2,FC Medium Grey #194 Ash,0.75,3.75,0.25,,,32.71,Wood,
194A3,Dark Grey #194 Ash,0.75,3.75,0.25,12.09,17.65,24.71,Wood,
FC-194A3,FC Dark Grey #194 Ash,0.75,3.75,0.25,,,32.71,Wood,
194CR,Raw #194 Cherry,0.75,3.75,0.25,9.07,13.6,21.76,Wood,
FC-194CR,FC Raw #194 Cherry,0.75,3.75,0.25,,,34.23,Wood,
194CF,Oil & Wax #194 Cherry,0.75,3.75,0.25,12.6,18.9,26.46,Wood,
FC-194CF,FC Oil & Wax #194 Cherry,0.75,3.75,0.25,,,34.91,Wood,
194CL,Clear Lacquer #194 Cherry,0.75,3.75,0.25,14.5,21.75,30.45,Wood,
FC-194CL,FC Clear Lacquer #194 Cherry,0.75,3.75,0.25,,,36.29,Wood,
194CG,Aged #194 Cherry,0.75,3.75,0.25,14.5,21.75,30.45,Wood,
FC-194CG,FC Aged #194 Cherry,0.75,3.75,0.25,,,36.29,Wood,
194CQ,Antique #194 Cherry,0.75,3.75,0.25,14.5,21.75,30.45,Wood,
FC-194CQ,FC Antique #194 Cherry,0.75,3.75,0.25,,,36.29,Wood,
194CD,Black Cherry #194 Cherry,0.75,3.75,0.25,14.5,21.75,30.45,Wood,
FC-194CD,FC Black Cherry #194 Cherry,0.75,3.75,0.25,,,36.98,Wood,
194MR,Raw #194 Maple,0.75,3.75,0.25,8.59,12.2,19.52,Wood,
FC-194MR,FC Raw #194 Maple,0.75,3.75,0.25,,,32.83,Wood,
194MF,Oil & Wax #194 Maple,0.75,3.75,0.25,11.85,16.83,23.56,Wood,
FC-194MF,FC Oil & Wax #194 Maple,0.75,3.75,0.25,,,33.51,Wood,
194ML,Clear Lacquer #194 Maple,0.75,3.75,0.25,12.12,17.21,24.09,Wood,
FC-194ML,FC Clear Lacquer #194 Maple,0.75,3.75,0.25,,,33.51,Wood,
194MW,WhiteWash #194 Maple,0.75,3.75,0.25,13.18,18.72,26.21,Wood,
FC-194MW,FC WhiteWash #194 Maple,0.75,3.75,0.25,,,34.2,Wood,
194MT,White #194 Maple,0.75,3.75,0.25,12.39,17.59,24.63,Wood,
FC-194MT,FC White #194 Maple,0.75,3.75,0.25,,,34.89,Wood,
194MK,Satin Black #194 Maple,0.75,3.75,0.25,12.39,17.59,24.63,Wood,
FC-194MK,FC Satin Black #194 Maple,0.75,3.75,0.25,,,34.89,Wood,
194MA,Warm White #194 Maple,0.75,3.75,0.25,12.39,17.59,24.63,Wood,
FC-194MA,FC Warm White #194 Maple,0.75,3.75,0.25,,,34.89,Wood,
194MI,Rising White #194 Maple,0.75,3.75,0.25,12.39,17.59,24.63,Wood,
FC-194MI,FC Rising White #194 Maple,0.75,3.75,0.25,,,34.89,Wood,
194M1,Light Grey #194 Maple,0.75,3.75,0.25,12.39,17.59,24.63,Wood,
FC-194M1,FC Light Grey #194 Maple,0.75,3.75,0.25,,,34.89,Wood,
194M2,Medium Grey #194 Maple,0.75,3.75,0.25,12.39,17.59,24.63,Wood,
FC-194M2,FC Medium Grey #194 Maple,0.75,3.75,0.25,,,34.89,Wood,
194M3,Dark Grey #194 Maple,0.75,3.75,0.25,12.39,17.59,24.63,Wood,
FC-194M3,FC Dark Grey #194 Maple,0.75,3.75,0.25,,,34.89,Wood,
194M9,Wheat #194 Maple,0.75,3.75,0.25,12.39,17.59,24.63,Wood,
FC-194M9,FC Wheat #194 Maple,0.75,3.75,0.25,,,34.89,Wood,
194WR,Raw #194 Walnut,0.75,3.75,0.25,20.1,30.15,48.24,Wood,
FC-194WR,FC Raw #194 Walnut,0.75,3.75,0.25,,,50.78,Wood,
194WF,Oil & Wax #194 Walnut,0.75,3.75,0.25,24.69,37.04,51.86,Wood,
FC-194WF,FC Oil & Wax #194 Walnut,0.75,3.75,0.25,,,51.46,Wood,
194WP,Padauk #194 Walnut,0.75,3.75,0.25,25.53,38.3,53.62,Wood,
FC-194WP,FC Padauk #194 Walnut,0.75,3.75,0.25,,,52.15,Wood,
194WB,Special Dark #194 Walnut,0.75,3.75,0.25,25.53,38.3,53.62,Wood,
FC-194WB,FC Special Dark #194 Walnut,0.75,3.75,0.25,,,52.15,Wood,
194WE,Ebony #194 Walnut,0.75,3.75,0.25,24.69,37.04,51.86,Wood,
FC-194WE,FC Ebony #194 Walnut,0.75,3.75,0.25,,,52.15,Wood,
194WK,Satin Black #194 Walnut,0.75,3.75,0.25,23.9,35.85,50.19,Wood,
FC-194WK,FC Satin Black #194 Walnut,0.75,3.75,0.25,,,51.46,Wood,
194W1,Light Grey #194 Walnut,0.75,3.75,0.25,23.9,35.85,50.19,Wood,
FC-194W1,FC Light Grey #194 Walnut,0.75,3.75,0.25,,,51.46,Wood,
194W2,Medium Grey #194 Walnut,0.75,3.75,0.25,23.9,35.85,50.19,Wood,
FC-194W2,FC Medium Grey #194 Walnut,0.75,3.75,0.25,,,51.46,Wood,
194W3,Dark Grey #194 Walnut,0.75,3.75,0.25,23.9,35.85,50.19,Wood,
FC-194W3,FC Dark Grey #194 Walnut,0.75,3.75,0.25,,,51.46,Wood,
194VR,Raw #194 White Oak,0.75,3.75,0.25,10.32,17.03,27.25,Wood,
FC-194VR,FC Raw #194 White Oak,0.75,3.75,0.25,,,39.03,Wood,
194VF,Oil & Wax #194 White Oak,0.75,3.75,0.25,13.58,22.41,31.37,Wood,
FC-194VF,FC Oil & Wax #194 White Oak,0.75,3.75,0.25,,,39.72,Wood,
194VL,Clear Lacquer #194 White Oak,0.75,3.75,0.25,13.85,22.85,31.99,Wood,
FC-194VL,FC Clear Lacquer #194 White Oak,0.75,3.75,0.25,,,39.72,Wood,
194VC,Charcoal #194 White Oak,0.75,3.75,0.25,15.75,25.99,36.39,Wood,
FC-194VC,FC Charcoal #194 White Oak,0.75,3.75,0.25,,,40.41,Wood,
194VM,Mission #194 White Oak,0.75,3.75,0.25,15.75,25.99,36.39,Wood,
FC-194VM,FC Mission #194 White Oak,0.75,3.75,0.25,,,40.41,Wood,
194V7,Bleached #194 White Oak,0.75,3.75,0.25,15.75,25.99,36.39,Wood,
FC-194V7,FC Bleached #194 White Oak,0.75,3.75,0.25,,,40.41,Wood,
129AR,Raw #129 Ash,0.375,1.312,0.156,3.67,5.21,7.82,Wood,
FC-129AR,FC Raw #129 Ash,0.375,1.312,0.156,,,24.46,Wood,
129AF,Oil & Wax #129 Ash,0.375,1.312,0.156,6.93,9.84,13.28,Wood,
FC-129AF,FC Oil & Wax #129 Ash,0.375,1.312,0.156,,,25.15,Wood,
129AL,Clear Lacquer #129 Ash,0.375,1.312,0.156,7.47,10.61,14.32,Wood,
FC-129AL,FC Clear Lacquer #129 Ash,0.375,1.312,0.156,,,25.15,Wood,
129AW,WhiteWash #129 Ash,0.375,1.312,0.156,9.37,13.31,17.97,Wood,
FC-129AW,FC WhiteWash #129 Ash,0.375,1.312,0.156,,,25.84,Wood,
129AT,White #129 Ash,0.375,1.312,0.156,9.37,13.31,17.97,Wood,
FC-129AT,FC White #129 Ash,0.375,1.312,0.156,,,27.21,Wood,
129AK,Satin Black #129 Ash,0.375,1.312,0.156,9.37,13.31,17.97,Wood,
FC-129AK,FC Satin Black #129 Ash,0.375,1.312,0.156,,,27.21,Wood,
129AA,Warm White #129 Ash,0.375,1.312,0.156,9.37,13.31,17.97,Wood,
FC-129AA,FC Warm White #129 Ash,0.375,1.312,0.156,,,27.21,Wood,
129AC,Charcoal #129 Ash,0.375,1.312,0.156,9.37,13.31,17.97,Wood,
FC-129AC,FC Charcoal #129 Ash,0.375,1.312,0.156,,,27.21,Wood,
129AI,Rising White #129 Ash,0.375,1.312,0.156,9.37,13.31,17.97,Wood,
FC-129AI,FC Rising White #129 Ash,0.375,1.312,0.156,,,27.21,Wood,
129A1,Light Grey #129 Ash,0.375,1.312,0.156,9.37,13.31,17.97,Wood,
FC-129A1,FC Light Grey #129 Ash,0.375,1.312,0.156,,,27.21,Wood,
129A2,Medium Grey #129 Ash,0.375,1.312,0.156,9.37,13.31,17.97,Wood,
FC-129A2,FC Medium Grey #129 Ash,0.375,1.312,0.156,,,27.21,Wood,
129A3,Dark Grey #129 Ash,0.375,1.312,0.156,9.37,13.31,17.97,Wood,
FC-129A3,FC Dark Grey #129 Ash,0.375,1.312,0.156,,,27.21,Wood,
129CR,Raw #129 Cherry,0.375,1.312,0.156,4.06,5.93,8.9,Wood,
FC-129CR,FC Raw #129 Cherry,0.375,1.312,0.156,,,25.18,Wood,
129CF,Oil & Wax #129 Cherry,0.375,1.312,0.156,7.59,11.08,14.96,Wood,
FC-129CF,FC Oil & Wax #129 Cherry,0.375,1.312,0.156,,,25.87,Wood,
129CL,Clear Lacquer #129 Cherry,0.375,1.312,0.156,9.49,13.86,18.71,Wood,
FC-129CL,FC Clear Lacquer #129 Cherry,0.375,1.312,0.156,,,27.24,Wood,
129CG,Aged #129 Cherry,0.375,1.312,0.156,9.49,13.86,18.71,Wood,
FC-129CG,FC Aged #129 Cherry,0.375,1.312,0.156,,,27.24,Wood,
129CQ,Antique #129 Cherry,0.375,1.312,0.156,9.49,13.86,18.71,Wood,
FC-129CQ,FC Antique #129 Cherry,0.375,1.312,0.156,,,27.24,Wood,
129CD,Black Cherry #129 Cherry,0.375,1.312,0.156,9.49,13.86,18.71,Wood,
FC-129CD,FC Black Cherry #129 Cherry,0.375,1.312,0.156,,,27.93,Wood,
129MR,Raw #129 Maple,0.375,1.312,0.156,4.34,5.99,8.98,Wood,
FC-129MR,FC Raw #129 Maple,0.375,1.312,0.156,,,25.24,Wood,
129MF,Oil & Wax #129 Maple,0.375,1.312,0.156,7.6,10.49,14.16,Wood,
FC-129MF,FC Oil & Wax #129 Maple,0.375,1.312,0.156,,,25.93,Wood,
129ML,Clear Lacquer #129 Maple,0.375,1.312,0.156,7.87,10.86,14.66,Wood,
FC-129ML,FC Clear Lacquer #129 Maple,0.375,1.312,0.156,,,25.93,Wood,
129MW,WhiteWash #129 Maple,0.375,1.312,0.156,8.93,12.32,16.63,Wood,
FC-129MW,FC WhiteWash #129 Maple,0.375,1.312,0.156,,,26.62,Wood,
129MT,White #129 Maple,0.375,1.312,0.156,8.14,11.23,15.16,Wood,
FC-129MT,FC White #129 Maple,0.375,1.312,0.156,,,27.3,Wood,
129MK,Satin Black #129 Maple,0.375,1.312,0.156,8.14,11.23,15.16,Wood,
FC-129MK,FC Satin Black #129 Maple,0.375,1.312,0.156,,,27.3,Wood,
129MA,Warm White #129 Maple,0.375,1.312,0.156,8.14,11.23,15.16,Wood,
FC-129MA,FC Warm White #129 Maple,0.375,1.312,0.156,,,27.3,Wood,
129MI,Rising White #129 Maple,0.375,1.312,0.156,8.14,11.23,15.16,Wood,
FC-129MI,FC Rising White #129 Maple,0.375,1.312,0.156,,,27.3,Wood,
129M1,Light Grey #129 Maple,0.375,1.312,0.156,8.14,11.23,15.16,Wood,
FC-129M1,FC Light Grey #129 Maple,0.375,1.312,0.156,,,27.3,Wood,
129M2,Medium Grey #129 Maple,0.375,1.312,0.156,8.14,11.23,15.16,Wood,
FC-129M2,FC Medium Grey #129 Maple,0.375,1.312,0.156,,,27.3,Wood,
129M3,Dark Grey #129 Maple,0.375,1.312,0.156,8.14,11.23,15.16,Wood,
FC-129M3,FC Dark Grey #129 Maple,0.375,1.312,0.156,,,27.3,Wood,
129M9,Wheat #129 Maple,0.375,1.312,0.156,8.14,11.23,15.16,Wood,
FC-129M9,FC Wheat #129 Maple,0.375,1.312,0.156,,,27.3,Wood,
129WR,Raw #129 Walnut,0.375,1.312,0.156,8.42,12.29,18.43,Wood,
FC-129WR,FC Raw #129 Walnut,0.375,1.312,0.156,,,31.54,Wood,
129WF,Oil & Wax #129 Walnut,0.375,1.312,0.156,13.01,18.99,25.64,Wood,
FC-129WF,FC Oil & Wax #129 Walnut,0.375,1.312,0.156,,,32.23,Wood,
129WP,Padauk #129 Walnut,0.375,1.312,0.156,13.85,20.22,27.3,Wood,
FC-129WP,FC Padauk #129 Walnut,0.375,1.312,0.156,,,32.92,Wood,
129WB,Special Dark #129 Walnut,0.375,1.312,0.156,13.85,20.22,27.3,Wood,
FC-129WB,FC Special Dark #129 Walnut,0.375,1.312,0.156,,,32.92,Wood,
129WE,Ebony #129 Walnut,0.375,1.312,0.156,13.01,18.99,25.64,Wood,
FC-129WE,FC Ebony #129 Walnut,0.375,1.312,0.156,,,32.92,Wood,
129WK,Satin Black #129 Walnut,0.375,1.312,0.156,12.22,17.84,24.08,Wood,
FC-129WK,FC Satin Black #129 Walnut,0.375,1.312,0.156,,,32.23,Wood,
129W1,Light Grey #129 Walnut,0.375,1.312,0.156,12.22,17.84,24.08,Wood,
FC-129W1,FC Light Grey #129 Walnut,0.375,1.312,0.156,,,32.23,Wood,
129W2,Medium Grey #129 Walnut,0.375,1.312,0.156,12.22,17.84,24.08,Wood,
FC-129W2,FC Medium Grey #129 Walnut,0.375,1.312,0.156,,,32.23,Wood,
129W3,Dark Grey #129 Walnut,0.375,1.312,0.156,12.22,17.84,24.08,Wood,
FC-129W3,FC Dark Grey #129 Walnut,0.375,1.312,0.156,,,32.23,Wood,
129VR,Raw #129 White Oak,0.375,1.312,0.156,5.8,9.57,14.36,Wood,
FC-129VR,FC Raw #129 White Oak,0.375,1.312,0.156,,,30.2,Wood,
129VF,Oil & Wax #129 White Oak,0.375,1.312,0.156,9.06,14.95,20.18,Wood,
FC-129VF,FC Oil & Wax #129 White Oak,0.375,1.312,0.156,,,30.88,Wood,
129VL,Clear Lacquer #129 White Oak,0.375,1.312,0.156,9.33,15.39,20.78,Wood,
FC-129VL,FC Clear Lacquer #129 White Oak,0.375,1.312,0.156,,,30.88,Wood,
129VC,Charcoal #129 White Oak,0.375,1.312,0.156,11.23,18.53,25.02,Wood,
FC-129VC,FC Charcoal #129 White Oak,0.375,1.312,0.156,,,31.57,Wood,
129VM,Mission #129 White Oak,0.375,1.312,0.156,11.23,18.53,25.02,Wood,
FC-129VM,FC Mission #129 White Oak,0.375,1.312,0.156,,,31.57,Wood,
129V7,Bleached #129 White Oak,0.375,1.312,0.156,11.23,18.53,25.02,Wood,
FC-129V7,FC Bleached #129 White Oak,0.375,1.312,0.156,,,31.57,Wood,
134AR,Raw #134 Ash,0.75,1.312,0.25,3.67,5.21,7.82,Wood,
FC-134AR,FC Raw #134 Ash,0.75,1.312,0.25,,,24.46,Wood,
134AF,Oil & Wax #134 Ash,0.75,1.312,0.25,6.93,9.84,13.28,Wood,
FC-134AF,FC Oil & Wax #134 Ash,0.75,1.312,0.25,,,25.15,Wood,
134AL,Clear Lacquer #134 Ash,0.75,1.312,0.25,7.47,10.61,14.32,Wood,
FC-134AL,FC Clear Lacquer #134 Ash,0.75,1.312,0.25,,,25.15,Wood,
134AW,WhiteWash #134 Ash,0.75,1.312,0.25,9.37,13.31,17.97,Wood,
FC-134AW,FC WhiteWash #134 Ash,0.75,1.312,0.25,,,25.84,Wood,
134AT,White #134 Ash,0.75,1.312,0.25,9.37,13.31,17.97,Wood,
FC-134AT,FC White #134 Ash,0.75,1.312,0.25,,,27.21,Wood,
134AK,Satin Black #134 Ash,0.75,1.312,0.25,9.37,13.31,17.97,Wood,
FC-134AK,FC Satin Black #134 Ash,0.75,1.312,0.25,,,27.21,Wood,
134AA,Warm White #134 Ash,0.75,1.312,0.25,9.37,13.31,17.97,Wood,
FC-134AA,FC Warm White #134 Ash,0.75,1.312,0.25,,,27.21,Wood,
134AC,Charcoal #134 Ash,0.75,1.312,0.25,9.37,13.31,17.97,Wood,
FC-134AC,FC Charcoal #134 Ash,0.75,1.312,0.25,,,27.21,Wood,
134AI,Rising White #134 Ash,0.75,1.312,0.25,9.37,13.31,17.97,Wood,
FC-134AI,FC Rising White #134 Ash,0.75,1.312,0.25,,,27.21,Wood,
134A1,Light Grey #134 Ash,0.75,1.312,0.25,9.37,13.31,17.97,Wood,
FC-134A1,FC Light Grey #134 Ash,0.75,1.312,0.25,,,27.21,Wood,
134A2,Medium Grey #134 Ash,0.75,1.312,0.25,9.37,13.31,17.97,Wood,
FC-134A2,FC Medium Grey #134 Ash,0.75,1.312,0.25,,,27.21,Wood,
134A3,Dark Grey #134 Ash,0.75,1.312,0.25,9.37,13.31,17.97,Wood,
FC-134A3,FC Dark Grey #134 Ash,0.75,1.312,0.25,,,27.21,Wood,
134CR,Raw #134 Cherry,0.75,1.312,0.25,4.06,6.09,9.14,Wood,
FC-134CR,FC Raw #134 Cherry,0.75,1.312,0.25,,,25.34,Wood,
134CF,Oil & Wax #134 Cherry,0.75,1.312,0.25,7.59,11.38,15.36,Wood,
FC-134CF,FC Oil & Wax #134 Cherry,0.75,1.312,0.25,,,26.03,Wood,
134CL,Clear Lacquer #134 Cherry,0.75,1.312,0.25,9.49,14.24,19.22,Wood,
FC-134CL,FC Clear Lacquer #134 Cherry,0.75,1.312,0.25,,,27.4,Wood,
134CG,Aged #134 Cherry,0.75,1.312,0.25,9.49,14.24,19.22,Wood,
FC-134CG,FC Aged #134 Cherry,0.75,1.312,0.25,,,27.4,Wood,
134CQ,Antique #134 Cherry,0.75,1.312,0.25,9.49,14.24,19.22,Wood,
FC-134CQ,FC Antique #134 Cherry,0.75,1.312,0.25,,,27.4,Wood,
134CD,Black Cherry #134 Cherry,0.75,1.312,0.25,9.49,14.24,19.22,Wood,
FC-134CD,FC Black Cherry #134 Cherry,0.75,1.312,0.25,,,28.09,Wood,
134MR,Raw #134 Maple,0.75,1.312,0.25,4.34,6.16,9.24,Wood,
FC-134MR,FC Raw #134 Maple,0.75,1.312,0.25,,,25.41,Wood,
134MF,Oil & Wax #134 Maple,0.75,1.312,0.25,7.6,10.79,14.57,Wood,
FC-134MF,FC Oil & Wax #134 Maple,0.75,1.312,0.25,,,26.1,Wood,
134ML,Clear Lacquer #134 Maple,0.75,1.312,0.25,7.87,11.18,15.09,Wood,
FC-134ML,FC Clear Lacquer #134 Maple,0.75,1.312,0.25,,,26.1,Wood,
134MW,WhiteWash #134 Maple,0.75,1.312,0.25,8.93,12.68,17.12,Wood,
FC-134MW,FC WhiteWash #134 Maple,0.75,1.312,0.25,,,26.79,Wood,
134MT,White #134 Maple,0.75,1.312,0.25,8.14,11.56,15.61,Wood,
FC-134MT,FC White #134 Maple,0.75,1.312,0.25,,,27.47,Wood,
134MK,Satin Black #134 Maple,0.75,1.312,0.25,8.14,11.56,15.61,Wood,
FC-134MK,FC Satin Black #134 Maple,0.75,1.312,0.25,,,27.47,Wood,
134MA,Warm White #134 Maple,0.75,1.312,0.25,8.14,11.56,15.61,Wood,
FC-134MA,FC Warm White #134 Maple,0.75,1.312,0.25,,,27.47,Wood,
134MI,Rising White #134 Maple,0.75,1.312,0.25,8.14,11.56,15.61,Wood,
FC-134MI,FC Rising White #134 Maple,0.75,1.312,0.25,,,27.47,Wood,
134M1,Light Grey #134 Maple,0.75,1.312,0.25,8.14,11.56,15.61,Wood,
FC-134M1,FC Light Grey #134 Maple,0.75,1.312,0.25,,,27.47,Wood,
134M2,Medium Grey #134 Maple,0.75,1.312,0.25,8.14,11.56,15.61,Wood,
FC-134M2,FC Medium Grey #134 Maple,0.75,1.312,0.25,,,27.47,Wood,
134M3,Dark Grey #134 Maple,0.75,1.312,0.25,8.14,11.56,15.61,Wood,
FC-134M3,FC Dark Grey #134 Maple,0.75,1.312,0.25,,,27.47,Wood,
134M9,Wheat #134 Maple,0.75,1.312,0.25,8.14,11.56,15.61,Wood,
FC-134M9,FC Wheat #134 Maple,0.75,1.312,0.25,,,27.47,Wood,
134WR,Raw #134 Walnut,0.75,1.312,0.25,8.42,12.63,18.94,Wood,
FC-134WR,FC Raw #134 Walnut,0.75,1.312,0.25,,,31.88,Wood,
134WF,Oil & Wax #134 Walnut,0.75,1.312,0.25,13.01,19.52,26.35,Wood,
FC-134WF,FC Oil & Wax #134 Walnut,0.75,1.312,0.25,,,32.57,Wood,
134WP,Padauk #134 Walnut,0.75,1.312,0.25,13.85,20.78,28.05,Wood,
FC-134WP,FC Padauk #134 Walnut,0.75,1.312,0.25,,,33.26,Wood,
134WB,Special Dark #134 Walnut,0.75,1.312,0.25,13.85,20.78,28.05,Wood,
FC-134WB,FC Special Dark #134 Walnut,0.75,1.312,0.25,,,33.26,Wood,
134WE,Ebony #134 Walnut,0.75,1.312,0.25,13.01,19.52,26.35,Wood,
FC-134WE,FC Ebony #134 Walnut,0.75,1.312,0.25,,,33.26,Wood,
134WK,Satin Black #134 Walnut,0.75,1.312,0.25,12.22,18.33,24.75,Wood,
FC-134WK,FC Satin Black #134 Walnut,0.75,1.312,0.25,,,32.57,Wood,
134W1,Light Grey #134 Walnut,0.75,1.312,0.25,12.22,18.33,24.75,Wood,
FC-134W1,FC Light Grey #134 Walnut,0.75,1.312,0.25,,,32.57,Wood,
134W2,Medium Grey #134 Walnut,0.75,1.312,0.25,12.22,18.33,24.75,Wood,
FC-134W2,FC Medium Grey #134 Walnut,0.75,1.312,0.25,,,32.57,Wood,
134W3,Dark Grey #134 Walnut,0.75,1.312,0.25,12.22,18.33,24.75,Wood,
FC-134W3,FC Dark Grey #134 Walnut,0.75,1.312,0.25,,,32.57,Wood,
134VR,Raw #134 White Oak,0.75,1.312,0.25,5.8,9.57,14.36,Wood,
FC-134VR,FC Raw #134 White Oak,0.75,1.312,0.25,,,30.2,Wood,
134VF,Oil & Wax #134 White Oak,0.75,1.312,0.25,9.06,14.95,20.18,Wood,
FC-134VF,FC Oil & Wax #134 White Oak,0.75,1.312,0.25,,,30.88,Wood,
134VL,Clear Lacquer #134 White Oak,0.75,1.312,0.25,9.33,15.39,20.78,Wood,
FC-134VL,FC Clear Lacquer #134 White Oak,0.75,1.312,0.25,,,30.88,Wood,
134VC,Charcoal #134 White Oak,0.75,1.312,0.25,11.23,18.53,25.02,Wood,
FC-134VC,FC Charcoal #134 White Oak,0.75,1.312,0.25,,,31.57,Wood,
134VM,Mission #134 White Oak,0.75,1.312,0.25,11.23,18.53,25.02,Wood,
FC-134VM,FC Mission #134 White Oak,0.75,1.312,0.25,,,31.57,Wood,
134V7,Bleached #134 White Oak,0.75,1.312,0.25,11.23,18.53,25.02,Wood,
FC-134V7,FC Bleached #134 White Oak,0.75,1.312,0.25,,,31.57,Wood,
922AR,Raw #922 Ash,0.375,2.625,0,9.84,14.37,22.99,Wood,
FC-922AR,FC Raw #922 Ash,0.375,2.625,0,,,35,Wood,
922AF,Oil & Wax #922 Ash,0.375,2.625,0,13.37,19.52,27.33,Wood,
FC-922AF,FC Oil & Wax #922 Ash,0.375,2.625,0,,,35.68,Wood,
922AL,Clear Lacquer #922 Ash,0.375,2.625,0,14.43,21.07,29.5,Wood,
FC-922AL,FC Clear Lacquer #922 Ash,0.375,2.625,0,,,35.68,Wood,
922AW,WhiteWash #922 Ash,0.375,2.625,0,15.54,22.69,31.77,Wood,
FC-922AW,FC WhiteWash #922 Ash,0.375,2.625,0,,,36.37,Wood,
922AT,White #922 Ash,0.375,2.625,0,15.54,22.69,31.77,Wood,
FC-922AT,FC White #922 Ash,0.375,2.625,0,,,37.75,Wood,
922AK,Satin Black #922 Ash,0.375,2.625,0,15.54,22.69,31.77,Wood,
FC-922AK,FC Satin Black #922 Ash,0.375,2.625,0,,,37.75,Wood,
922AA,Warm White #922 Ash,0.375,2.625,0,15.54,22.69,31.77,Wood,
FC-922AA,FC Warm White #922 Ash,0.375,2.625,0,,,37.75,Wood,
922AC,Charcoal #922 Ash,0.375,2.625,0,15.54,22.69,31.77,Wood,
FC-922AC,FC Charcoal #922 Ash,0.375,2.625,0,,,37.75,Wood,
922AI,Rising White #922 Ash,0.375,2.625,0,15.54,22.69,31.77,Wood,
FC-922AI,FC Rising White #922 Ash,0.375,2.625,0,,,37.75,Wood,
922A1,Light Grey #922 Ash,0.375,2.625,0,15.54,22.69,31.77,Wood,
FC-922A1,FC Light Grey #922 Ash,0.375,2.625,0,,,37.75,Wood,
922A2,Medium Grey #922 Ash,0.375,2.625,0,15.54,22.69,31.77,Wood,
FC-922A2,FC Medium Grey #922 Ash,0.375,2.625,0,,,37.75,Wood,
922A3,Dark Grey #922 Ash,0.375,2.625,0,15.54,22.69,31.77,Wood,
FC-922A3,FC Dark Grey #922 Ash,0.375,2.625,0,,,37.75,Wood,
922CR,Raw #922 Cherry,0.375,2.625,0,10.93,16.4,26.24,Wood,
FC-922CR,FC Raw #922 Cherry,0.375,2.625,0,,,37.71,Wood,
922CF,Oil & Wax #922 Cherry,0.375,2.625,0,14.73,22.1,30.94,Wood,
FC-922CF,FC Oil & Wax #922 Cherry,0.375,2.625,0,,,38.4,Wood,
922CL,Clear Lacquer #922 Cherry,0.375,2.625,0,16.63,24.94,34.92,Wood,
FC-922CL,FC Clear Lacquer #922 Cherry,0.375,2.625,0,,,39.78,Wood,
922CG,Aged #922 Cherry,0.375,2.625,0,16.63,24.94,34.92,Wood,
FC-922CG,FC Aged #922 Cherry,0.375,2.625,0,,,39.78,Wood,
922CQ,Antique #922 Cherry,0.375,2.625,0,16.63,24.94,34.92,Wood,
FC-922CQ,FC Antique #922 Cherry,0.375,2.625,0,,,39.78,Wood,
922CD,Black Cherry #922 Cherry,0.375,2.625,0,16.63,24.94,34.92,Wood,
FC-922CD,FC Black Cherry #922 Cherry,0.375,2.625,0,,,40.46,Wood,
922MR,Raw #922 Maple,0.375,2.625,0,11.37,16.15,25.84,Wood,
FC-922MR,FC Raw #922 Maple,0.375,2.625,0,,,37.46,Wood,
922MF,Oil & Wax #922 Maple,0.375,2.625,0,14.9,21.16,29.62,Wood,
FC-922MF,FC Oil & Wax #922 Maple,0.375,2.625,0,,,38.15,Wood,
922ML,Clear Lacquer #922 Maple,0.375,2.625,0,15.17,21.54,30.16,Wood,
FC-922ML,FC Clear Lacquer #922 Maple,0.375,2.625,0,,,38.15,Wood,
922MW,WhiteWash #922 Maple,0.375,2.625,0,16.8,23.86,33.4,Wood,
FC-922MW,FC WhiteWash #922 Maple,0.375,2.625,0,,,38.84,Wood,
922MT,White #922 Maple,0.375,2.625,0,15.96,22.66,31.72,Wood,
FC-922MT,FC White #922 Maple,0.375,2.625,0,,,39.53,Wood,
922MK,Satin Black #922 Maple,0.375,2.625,0,15.96,22.66,31.72,Wood,
FC-922MK,FC Satin Black #922 Maple,0.375,2.625,0,,,39.53,Wood,
922MA,Warm White #922 Maple,0.375,2.625,0,15.96,22.66,31.72,Wood,
FC-922MA,FC Warm White #922 Maple,0.375,2.625,0,,,39.53,Wood,
922MI,Rising White #922 Maple,0.375,2.625,0,15.96,22.66,31.72,Wood,
FC-922MI,FC Rising White #922 Maple,0.375,2.625,0,,,39.53,Wood,
922M1,Light Grey #922 Maple,0.375,2.625,0,15.96,22.66,31.72,Wood,
FC-922M1,FC Light Grey #922 Maple,0.375,2.625,0,,,39.53,Wood,
922M2,Medium Grey #922 Maple,0.375,2.625,0,15.96,22.66,31.72,Wood,
FC-922M2,FC Medium Grey #922 Maple,0.375,2.625,0,,,39.53,Wood,
922M3,Dark Grey #922 Maple,0.375,2.625,0,15.96,22.66,31.72,Wood,
FC-922M3,FC Dark Grey #922 Maple,0.375,2.625,0,,,39.53,Wood,
922M9,Wheat #922 Maple,0.375,2.625,0,15.96,22.66,31.72,Wood,
FC-922M9,FC Wheat #922 Maple,0.375,2.625,0,,,39.53,Wood,
922WR,Raw #922 Walnut,0.375,2.625,0,20.11,30.16,48.26,Wood,
FC-922WR,FC Raw #922 Walnut,0.375,2.625,0,,,54.22,Wood,
922WF,Oil & Wax #922 Walnut,0.375,2.625,0,25.54,38.31,53.63,Wood,
FC-922WF,FC Oil & Wax #922 Walnut,0.375,2.625,0,,,65.16,Wood,
922WP,Padauk #922 Walnut,0.375,2.625,0,25.81,38.71,54.19,Wood,
FC-922WP,FC Padauk #922 Walnut,0.375,2.625,0,,,70.16,Wood,
922WB,Special Dark #922 Walnut,0.375,2.625,0,25.81,38.71,54.19,Wood,
FC-922WB,FC Special Dark #922 Walnut,0.375,2.625,0,,,70.16,Wood,
922WE,Ebony #922 Walnut,0.375,2.625,0,25.54,38.31,53.63,Wood,
FC-922WE,FC Ebony #922 Walnut,0.375,2.625,0,,,70.16,Wood,
922WK,Satin Black #922 Walnut,0.375,2.625,0,24.7,37.05,51.87,Wood,
FC-922WK,FC Satin Black #922 Walnut,0.375,2.625,0,,,65.16,Wood,
922W1,Light Grey #922 Walnut,0.375,2.625,0,24.7,37.05,51.87,Wood,
FC-922W1,FC Light Grey #922 Walnut,0.375,2.625,0,,,65.16,Wood,
922W2,Medium Grey #922 Walnut,0.375,2.625,0,24.7,37.05,51.87,Wood,
FC-922W2,FC Medium Grey #922 Walnut,0.375,2.625,0,,,65.16,Wood,
922W3,Dark Grey #922 Walnut,0.375,2.625,0,24.7,37.05,51.87,Wood,
FC-922W3,FC Dark Grey #922 Walnut,0.375,2.625,0,,,65.16,Wood,
922VR,Raw #922 White Oak,0.375,2.625,0,15.48,25.54,40.86,Wood,
FC-922VR,FC Raw #922 White Oak,0.375,2.625,0,,,48.92,Wood,
922VF,Oil & Wax #922 White Oak,0.375,2.625,0,18.74,30.92,43.29,Wood,
FC-922VF,FC Oil & Wax #922 White Oak,0.375,2.625,0,,,49.6,Wood,
922VL,Clear Lacquer #922 White Oak,0.375,2.625,0,19.28,31.81,44.53,Wood,
FC-922VL,FC Clear Lacquer #922 White Oak,0.375,2.625,0,,,49.6,Wood,
922VC,Charcoal #922 White Oak,0.375,2.625,0,20.91,34.5,48.3,Wood,
FC-922VC,FC Charcoal #922 White Oak,0.375,2.625,0,,,60.54,Wood,
922VM,Mission #922 White Oak,0.375,2.625,0,20.91,34.5,48.3,Wood,
FC-922VM,FC Mission #922 White Oak,0.375,2.625,0,,,60.54,Wood,
922V7,Bleached #922 White Oak,0.375,2.625,0,20.91,34.5,48.3,Wood,
FC-922V7,FC Bleached #922 White Oak,0.375,2.625,0,,,60.54,Wood,
964-200BR,Raw #964-200 Basswood,2,0,0,1.83,2.74,4.11,Wood,
966-200BR,Raw #966-200 Basswood,2,0,0,2.15,3.22,4.83,Wood,
968-200BR,Raw #968-200 Basswood,2,0,0,2.74,4.11,6.17,Wood,
121AR,Raw #121 Ash,0.375,1.062,0.15625,3.37,4.79,7.66,Wood,
FC-121AR,FC Raw #121 Ash,0.375,1.062,0.15625,,,24.04,Wood,
121AF,Oil & Wax #121 Ash,0.375,1.062,0.15625,6.63,9.41,13.17,Wood,
FC-121AF,FC Oil & Wax #121 Ash,0.375,1.062,0.15625,,,24.73,Wood,
121AL,Clear Lacquer #121 Ash,0.375,1.062,0.15625,7.17,10.18,14.25,Wood,
FC-121AL,FC Clear Lacquer #121 Ash,0.375,1.062,0.15625,,,24.73,Wood,
121AW,WhiteWash #121 Ash,0.375,1.062,0.15625,9.07,12.88,18.03,Wood,
FC-121AW,FC WhiteWash #121 Ash,0.375,1.062,0.15625,,,25.42,Wood,
121AT,White #121 Ash,0.375,1.062,0.15625,9.07,12.88,18.03,Wood,
FC-121AT,FC White #121 Ash,0.375,1.062,0.15625,,,26.79,Wood,
121AK,Satin Black #121 Ash,0.375,1.062,0.15625,9.07,12.88,18.03,Wood,
FC-121AK,FC Satin Black #121 Ash,0.375,1.062,0.15625,,,26.79,Wood,
121AA,Warm White #121 Ash,0.375,1.062,0.15625,9.07,12.88,18.03,Wood,
FC-121AA,FC Warm White #121 Ash,0.375,1.062,0.15625,,,26.79,Wood,
121AC,Charcoal #121 Ash,0.375,1.062,0.15625,9.07,12.88,18.03,Wood,
FC-121AC,FC Charcoal #121 Ash,0.375,1.062,0.15625,,,26.79,Wood,
121AI,Rising White #121 Ash,0.375,1.062,0.15625,9.07,12.88,18.03,Wood,
FC-121AI,FC Rising White #121 Ash,0.375,1.062,0.15625,,,26.79,Wood,
121A1,Light Grey #121 Ash,0.375,1.062,0.15625,9.07,12.88,18.03,Wood,
FC-121A1,FC Light Grey #121 Ash,0.375,1.062,0.15625,,,26.79,Wood,
121A2,Medium Grey #121 Ash,0.375,1.062,0.15625,9.07,12.88,18.03,Wood,
FC-121A2,FC Medium Grey #121 Ash,0.375,1.062,0.15625,,,26.79,Wood,
121A3,Dark Grey #121 Ash,0.375,1.062,0.15625,9.07,12.88,18.03,Wood,
FC-121A3,FC Dark Grey #121 Ash,0.375,1.062,0.15625,,,26.79,Wood,
121CR,Raw #121 Cherry,0.375,1.062,0.15625,3.61,5.27,8.43,Wood,
FC-121CR,FC Raw #121 Cherry,0.375,1.062,0.15625,,,24.52,Wood,
121CF,Oil & Wax #121 Cherry,0.375,1.062,0.15625,7.14,10.42,14.59,Wood,
FC-121CF,FC Oil & Wax #121 Cherry,0.375,1.062,0.15625,,,25.21,Wood,
121CL,Clear Lacquer #121 Cherry,0.375,1.062,0.15625,9.04,13.2,18.48,Wood,
FC-121CL,FC Clear Lacquer #121 Cherry,0.375,1.062,0.15625,,,26.58,Wood,
121CG,Aged #121 Cherry,0.375,1.062,0.15625,9.04,13.2,18.48,Wood,
FC-121CG,FC Aged #121 Cherry,0.375,1.062,0.15625,,,26.58,Wood,
121CQ,Antique #121 Cherry,0.375,1.062,0.15625,9.04,13.2,18.48,Wood,
FC-121CQ,FC Antique #121 Cherry,0.375,1.062,0.15625,,,26.58,Wood,
121CD,Black Cherry #121 Cherry,0.375,1.062,0.15625,9.04,13.2,18.48,Wood,
FC-121CD,FC Black Cherry #121 Cherry,0.375,1.062,0.15625,,,27.27,Wood,
121MR,Raw #121 Maple,0.375,1.062,0.15625,4.11,5.67,9.07,Wood,
FC-121MR,FC Raw #121 Maple,0.375,1.062,0.15625,,,24.92,Wood,
121MF,Oil & Wax #121 Maple,0.375,1.062,0.15625,7.37,10.17,14.24,Wood,
FC-121MF,FC Oil & Wax #121 Maple,0.375,1.062,0.15625,,,25.61,Wood,
121ML,Clear Lacquer #121 Maple,0.375,1.062,0.15625,7.64,10.54,14.76,Wood,
FC-121ML,FC Clear Lacquer #121 Maple,0.375,1.062,0.15625,,,25.61,Wood,
121MW,WhiteWash #121 Maple,0.375,1.062,0.15625,8.7,12.01,16.81,Wood,
FC-121MW,FC WhiteWash #121 Maple,0.375,1.062,0.15625,,,26.3,Wood,
121MT,White #121 Maple,0.375,1.062,0.15625,7.91,10.92,15.29,Wood,
FC-121MT,FC White #121 Maple,0.375,1.062,0.15625,,,26.98,Wood,
121MK,Satin Black #121 Maple,0.375,1.062,0.15625,7.91,10.92,15.29,Wood,
FC-121MK,FC Satin Black #121 Maple,0.375,1.062,0.15625,,,26.98,Wood,
121MA,Warm White #121 Maple,0.375,1.062,0.15625,7.91,10.92,15.29,Wood,
FC-121MA,FC Warm White #121 Maple,0.375,1.062,0.15625,,,26.98,Wood,
121MI,Rising White #121 Maple,0.375,1.062,0.15625,7.91,10.92,15.29,Wood,
FC-121MI,FC Rising White #121 Maple,0.375,1.062,0.15625,,,26.98,Wood,
121M1,Light Grey #121 Maple,0.375,1.062,0.15625,7.91,10.92,15.29,Wood,
FC-121M1,FC Light Grey #121 Maple,0.375,1.062,0.15625,,,26.98,Wood,
121M2,Medium Grey #121 Maple,0.375,1.062,0.15625,7.91,10.92,15.29,Wood,
FC-121M2,FC Medium Grey #121 Maple,0.375,1.062,0.15625,,,26.98,Wood,
121M3,Dark Grey #121 Maple,0.375,1.062,0.15625,7.91,10.92,15.29,Wood,
FC-121M3,FC Dark Grey #121 Maple,0.375,1.062,0.15625,,,26.98,Wood,
121M9,Wheat #121 Maple,0.375,1.062,0.15625,7.91,10.92,15.29,Wood,
FC-121M9,FC Wheat #121 Maple,0.375,1.062,0.15625,,,26.98,Wood,
121WR,Raw #121 Walnut,0.375,1.062,0.15625,7.81,11.4,18.24,Wood,
FC-121WR,FC Raw #121 Walnut,0.375,1.062,0.15625,,,30.65,Wood,
121WF,Oil & Wax #121 Walnut,0.375,1.062,0.15625,12.4,18.1,25.34,Wood,
FC-121WF,FC Oil & Wax #121 Walnut,0.375,1.062,0.15625,,,31.34,Wood,
121WP,Padauk #121 Walnut,0.375,1.062,0.15625,13.24,19.33,27.06,Wood,
FC-121WP,FC Padauk #121 Walnut,0.375,1.062,0.15625,,,32.03,Wood,
121WB,Special Dark #121 Walnut,0.375,1.062,0.15625,13.24,19.33,27.06,Wood,
FC-121WB,FC Special Dark #121 Walnut,0.375,1.062,0.15625,,,32.03,Wood,
121WE,Ebony #121 Walnut,0.375,1.062,0.15625,12.4,18.1,25.34,Wood,
FC-121WE,FC Ebony #121 Walnut,0.375,1.062,0.15625,,,32.03,Wood,
121WK,Satin Black #121 Walnut,0.375,1.062,0.15625,11.61,16.95,23.73,Wood,
FC-121WK,FC Satin Black #121 Walnut,0.375,1.062,0.15625,,,31.34,Wood,
121W1,Light Grey #121 Walnut,0.375,1.062,0.15625,11.61,16.95,23.73,Wood,
FC-121W1,FC Light Grey #121 Walnut,0.375,1.062,0.15625,,,31.34,Wood,
121W2,Medium Grey #121 Walnut,0.375,1.062,0.15625,11.61,16.95,23.73,Wood,
FC-121W2,FC Medium Grey #121 Walnut,0.375,1.062,0.15625,,,31.34,Wood,
121W3,Dark Grey #121 Walnut,0.375,1.062,0.15625,11.61,16.95,23.73,Wood,
FC-121W3,FC Dark Grey #121 Walnut,0.375,1.062,0.15625,,,31.34,Wood,
121VR,Raw #121 White Oak,0.375,1.062,0.15625,5.44,8.98,14.37,Wood,
FC-121VR,FC Raw #121 White Oak,0.375,1.062,0.15625,,,29.61,Wood,
121VF,Oil & Wax #121 White Oak,0.375,1.062,0.15625,8.7,14.35,20.09,Wood,
FC-121VF,FC Oil & Wax #121 White Oak,0.375,1.062,0.15625,,,30.29,Wood,
121VL,Clear Lacquer #121 White Oak,0.375,1.062,0.15625,8.97,14.8,20.72,Wood,
FC-121VL,FC Clear Lacquer #121 White Oak,0.375,1.062,0.15625,,,30.29,Wood,
121VC,Charcoal #121 White Oak,0.375,1.062,0.15625,10.87,17.94,25.12,Wood,
FC-121VC,FC Charcoal #121 White Oak,0.375,1.062,0.15625,,,30.98,Wood,
121VM,Mission #121 White Oak,0.375,1.062,0.15625,10.87,17.94,25.12,Wood,
FC-121VM,FC Mission #121 White Oak,0.375,1.062,0.15625,,,30.98,Wood,
121V7,Bleached #121 White Oak,0.375,1.062,0.15625,10.87,17.94,25.12,Wood,
FC-121V7,FC Bleached #121 White Oak,0.375,1.062,0.15625,,,30.98,Wood,
188AR,Raw #188 Ash,1,2.5,0.3125,7.32,10.69,17.1,Wood,
FC-188AR,FC Raw #188 Ash,1,2.5,0.3125,,,31.32,Wood,
188AF,Oil & Wax #188 Ash,1,2.5,0.3125,10.85,15.84,22.18,Wood,
FC-188AF,FC Oil & Wax #188 Ash,1,2.5,0.3125,,,32,Wood,
188AL,Clear Lacquer #188 Ash,1,2.5,0.3125,11.91,17.39,24.35,Wood,
FC-188AL,FC Clear Lacquer #188 Ash,1,2.5,0.3125,,,32,Wood,
188AW,WhiteWash #188 Ash,1,2.5,0.3125,13.02,19.01,26.61,Wood,
FC-188AW,FC WhiteWash #188 Ash,1,2.5,0.3125,,,32.69,Wood,
188AT,White #188 Ash,1,2.5,0.3125,13.02,19.01,26.61,Wood,
FC-188AT,FC White #188 Ash,1,2.5,0.3125,,,34.07,Wood,
188AK,Satin Black #188 Ash,1,2.5,0.3125,13.02,19.01,26.61,Wood,
FC-188AK,FC Satin Black #188 Ash,1,2.5,0.3125,,,34.07,Wood,
188AA,Warm White #188 Ash,1,2.5,0.3125,13.02,19.01,26.61,Wood,
FC-188AA,FC Warm White #188 Ash,1,2.5,0.3125,,,34.07,Wood,
188AC,Charcoal #188 Ash,1,2.5,0.3125,13.02,19.01,26.61,Wood,
FC-188AC,FC Charcoal #188 Ash,1,2.5,0.3125,,,34.07,Wood,
188AI,Rising White #188 Ash,1,2.5,0.3125,13.02,19.01,26.61,Wood,
FC-188AI,FC Rising White #188 Ash,1,2.5,0.3125,,,34.07,Wood,
188A1,Light Grey #188 Ash,1,2.5,0.3125,13.02,19.01,26.61,Wood,
FC-188A1,FC Light Grey #188 Ash,1,2.5,0.3125,,,34.07,Wood,
188A2,Medium Grey #188 Ash,1,2.5,0.3125,13.02,19.01,26.61,Wood,
FC-188A2,FC Medium Grey #188 Ash,1,2.5,0.3125,,,34.07,Wood,
188A3,Dark Grey #188 Ash,1,2.5,0.3125,13.02,19.01,26.61,Wood,
FC-188A3,FC Dark Grey #188 Ash,1,2.5,0.3125,,,34.07,Wood,
188CR,Raw #188 Cherry,1,2.5,0.3125,9.07,13.6,21.76,Wood,
FC-188CR,FC Raw #188 Cherry,1,2.5,0.3125,,,34.23,Wood,
188CF,Oil & Wax #188 Cherry,1,2.5,0.3125,12.6,18.9,26.46,Wood,
FC-188CF,FC Oil & Wax #188 Cherry,1,2.5,0.3125,,,34.91,Wood,
188CL,Clear Lacquer #188 Cherry,1,2.5,0.3125,14.5,21.75,30.45,Wood,
FC-188CL,FC Clear Lacquer #188 Cherry,1,2.5,0.3125,,,36.29,Wood,
188CG,Aged #188 Cherry,1,2.5,0.3125,14.5,21.75,30.45,Wood,
FC-188CG,FC Aged #188 Cherry,1,2.5,0.3125,,,36.29,Wood,
188CQ,Antique #188 Cherry,1,2.5,0.3125,14.5,21.75,30.45,Wood,
FC-188CQ,FC Antique #188 Cherry,1,2.5,0.3125,,,36.29,Wood,
188CD,Black Cherry #188 Cherry,1,2.5,0.3125,14.5,21.75,30.45,Wood,
FC-188CD,FC Black Cherry #188 Cherry,1,2.5,0.3125,,,36.98,Wood,
188MR,Raw #188 Maple,1,2.5,0.3125,8.79,12.48,19.97,Wood,
FC-188MR,FC Raw #188 Maple,1,2.5,0.3125,,,33.11,Wood,
188MF,Oil & Wax #188 Maple,1,2.5,0.3125,12.05,17.11,23.95,Wood,
FC-188MF,FC Oil & Wax #188 Maple,1,2.5,0.3125,,,33.79,Wood,
188ML,Clear Lacquer #188 Maple,1,2.5,0.3125,12.32,17.49,24.49,Wood,
FC-188ML,FC Clear Lacquer #188 Maple,1,2.5,0.3125,,,33.79,Wood,
188MW,WhiteWash #188 Maple,1,2.5,0.3125,13.38,19,26.6,Wood,
FC-188MW,FC WhiteWash #188 Maple,1,2.5,0.3125,,,34.48,Wood,
188MT,White #188 Maple,1,2.5,0.3125,12.59,17.88,25.03,Wood,
FC-188MT,FC White #188 Maple,1,2.5,0.3125,,,35.17,Wood,
188MK,Satin Black #188 Maple,1,2.5,0.3125,12.59,17.88,25.03,Wood,
FC-188MK,FC Satin Black #188 Maple,1,2.5,0.3125,,,35.17,Wood,
188MA,Warm White #188 Maple,1,2.5,0.3125,12.59,17.88,25.03,Wood,
FC-188MA,FC Warm White #188 Maple,1,2.5,0.3125,,,35.17,Wood,
188MI,Rising White #188 Maple,1,2.5,0.3125,12.59,17.88,25.03,Wood,
FC-188MI,FC Rising White #188 Maple,1,2.5,0.3125,,,35.17,Wood,
188M1,Light Grey #188 Maple,1,2.5,0.3125,12.59,17.88,25.03,Wood,
FC-188M1,FC Light Grey #188 Maple,1,2.5,0.3125,,,35.17,Wood,
188M2,Medium Grey #188 Maple,1,2.5,0.3125,12.59,17.88,25.03,Wood,
FC-188M2,FC Medium Grey #188 Maple,1,2.5,0.3125,,,35.17,Wood,
188M3,Dark Grey #188 Maple,1,2.5,0.3125,12.59,17.88,25.03,Wood,
FC-188M3,FC Dark Grey #188 Maple,1,2.5,0.3125,,,35.17,Wood,
188M9,Wheat #188 Maple,1,2.5,0.3125,12.59,17.88,25.03,Wood,
FC-188M9,FC Wheat #188 Maple,1,2.5,0.3125,,,35.17,Wood,
188WR,Raw #188 Walnut,1,2.5,0.3125,18.54,27.81,44.5,Wood,
FC-188WR,FC Raw #188 Walnut,1,2.5,0.3125,,,48.44,Wood,
188WF,Oil & Wax #188 Walnut,1,2.5,0.3125,23.13,34.7,48.58,Wood,
FC-188WF,FC Oil & Wax #188 Walnut,1,2.5,0.3125,,,49.12,Wood,
188WP,Padauk #188 Walnut,1,2.5,0.3125,23.97,35.96,50.34,Wood,
FC-188WP,FC Padauk #188 Walnut,1,2.5,0.3125,,,49.81,Wood,
188WB,Special Dark #188 Walnut,1,2.5,0.3125,23.97,35.96,50.34,Wood,
FC-188WB,FC Special Dark #188 Walnut,1,2.5,0.3125,,,49.81,Wood,
188WE,Ebony #188 Walnut,1,2.5,0.3125,23.13,34.7,48.58,Wood,
FC-188WE,FC Ebony #188 Walnut,1,2.5,0.3125,,,49.81,Wood,
188WK,Satin Black #188 Walnut,1,2.5,0.3125,22.34,33.51,46.91,Wood,
FC-188WK,FC Satin Black #188 Walnut,1,2.5,0.3125,,,49.12,Wood,
188W1,Light Grey #188 Walnut,1,2.5,0.3125,22.34,33.51,46.91,Wood,
FC-188W1,FC Light Grey #188 Walnut,1,2.5,0.3125,,,49.12,Wood,
188W2,Medium Grey #188 Walnut,1,2.5,0.3125,22.34,33.51,46.91,Wood,
FC-188W2,FC Medium Grey #188 Walnut,1,2.5,0.3125,,,49.12,Wood,
188W3,Dark Grey #188 Walnut,1,2.5,0.3125,22.34,33.51,46.91,Wood,
FC-188W3,FC Dark Grey #188 Walnut,1,2.5,0.3125,,,49.12,Wood,
188VR,Raw #188 White Oak,1,2.5,0.3125,11.92,19.67,31.47,Wood,
FC-188VR,FC Raw #188 White Oak,1,2.5,0.3125,,,41.67,Wood,
188VF,Oil & Wax #188 White Oak,1,2.5,0.3125,15.18,25.05,35.07,Wood,
FC-188VF,FC Oil & Wax #188 White Oak,1,2.5,0.3125,,,42.36,Wood,
188VL,Clear Lacquer #188 White Oak,1,2.5,0.3125,15.45,25.49,35.69,Wood,
FC-188VL,FC Clear Lacquer #188 White Oak,1,2.5,0.3125,,,42.36,Wood,
188VC,Charcoal #188 White Oak,1,2.5,0.3125,17.35,28.63,40.08,Wood,
FC-188VC,FC Charcoal #188 White Oak,1,2.5,0.3125,,,43.05,Wood,
188VM,Mission #188 White Oak,1,2.5,0.3125,17.35,28.63,40.08,Wood,
FC-188VM,FC Mission #188 White Oak,1,2.5,0.3125,,,43.05,Wood,
188V7,Bleached #188 White Oak,1,2.5,0.3125,17.35,28.63,40.08,Wood,
FC-188V7,FC Bleached #188 White Oak,1,2.5,0.3125,,,43.05,Wood,
923AR,Raw #923 Ash,0.375,3.25,0,11.32,16.53,26.45,Wood,
FC-923AR,FC Raw #923 Ash,0.375,3.25,0,,,37.16,Wood,
923AF,Oil & Wax #923 Ash,0.375,3.25,0,14.85,21.68,30.35,Wood,
FC-923AF,FC Oil & Wax #923 Ash,0.375,3.25,0,,,37.84,Wood,
923AL,Clear Lacquer #923 Ash,0.375,3.25,0,15.91,23.23,32.52,Wood,
FC-923AL,FC Clear Lacquer #923 Ash,0.375,3.25,0,,,37.84,Wood,
923AW,WhiteWash #923 Ash,0.375,3.25,0,17.02,24.85,34.79,Wood,
FC-923AW,FC WhiteWash #923 Ash,0.375,3.25,0,,,38.53,Wood,
923AT,White #923 Ash,0.375,3.25,0,17.02,24.85,34.79,Wood,
FC-923AT,FC White #923 Ash,0.375,3.25,0,,,39.91,Wood,
923AK,Satin Black #923 Ash,0.375,3.25,0,17.02,24.85,34.79,Wood,
FC-923AK,FC Satin Black #923 Ash,0.375,3.25,0,,,39.91,Wood,
923AA,Warm White #923 Ash,0.375,3.25,0,17.02,24.85,34.79,Wood,
FC-923AA,FC Warm White #923 Ash,0.375,3.25,0,,,39.91,Wood,
923AC,Charcoal #923 Ash,0.375,3.25,0,17.02,24.85,34.79,Wood,
FC-923AC,FC Charcoal #923 Ash,0.375,3.25,0,,,39.91,Wood,
923AI,Rising White #923 Ash,0.375,3.25,0,17.02,24.85,34.79,Wood,
FC-923AI,FC Rising White #923 Ash,0.375,3.25,0,,,39.91,Wood,
923A1,Light Grey #923 Ash,0.375,3.25,0,17.02,24.85,34.79,Wood,
FC-923A1,FC Light Grey #923 Ash,0.375,3.25,0,,,39.91,Wood,
923A2,Medium Grey #923 Ash,0.375,3.25,0,17.02,24.85,34.79,Wood,
FC-923A2,FC Medium Grey #923 Ash,0.375,3.25,0,,,39.91,Wood,
923A3,Dark Grey #923 Ash,0.375,3.25,0,17.02,24.85,34.79,Wood,
FC-923A3,FC Dark Grey #923 Ash,0.375,3.25,0,,,39.91,Wood,
923CR,Raw #923 Cherry,0.375,3.25,0,12.57,18.86,30.18,Wood,
FC-923CR,FC Raw #923 Cherry,0.375,3.25,0,,,39.49,Wood,
923CF,Oil & Wax #923 Cherry,0.375,3.25,0,16.37,24.56,34.38,Wood,
FC-923CF,FC Oil & Wax #923 Cherry,0.375,3.25,0,,,40.17,Wood,
923CL,Clear Lacquer #923 Cherry,0.375,3.25,0,18.27,27.4,38.36,Wood,
FC-923CL,FC Clear Lacquer #923 Cherry,0.375,3.25,0,,,41.55,Wood,
923CG,Aged #923 Cherry,0.375,3.25,0,18.27,27.4,38.36,Wood,
FC-923CG,FC Aged #923 Cherry,0.375,3.25,0,,,41.55,Wood,
923CQ,Antique #923 Cherry,0.375,3.25,0,18.27,27.4,38.36,Wood,
FC-923CQ,FC Antique #923 Cherry,0.375,3.25,0,,,41.55,Wood,
923CD,Black Cherry #923 Cherry,0.375,3.25,0,18.27,27.4,38.36,Wood,
FC-923CD,FC Black Cherry #923 Cherry,0.375,3.25,0,,,42.24,Wood,
923MR,Raw #923 Maple,0.375,3.25,0,13.06,18.55,29.68,Wood,
FC-923MR,FC Raw #923 Maple,0.375,3.25,0,,,39.18,Wood,
923MF,Oil & Wax #923 Maple,0.375,3.25,0,16.59,23.56,32.98,Wood,
FC-923MF,FC Oil & Wax #923 Maple,0.375,3.25,0,,,39.86,Wood,
923ML,Clear Lacquer #923 Maple,0.375,3.25,0,16.86,23.94,33.52,Wood,
FC-923ML,FC Clear Lacquer #923 Maple,0.375,3.25,0,,,39.86,Wood,
923MW,WhiteWash #923 Maple,0.375,3.25,0,18.49,26.26,36.76,Wood,
FC-923MW,FC WhiteWash #923 Maple,0.375,3.25,0,,,40.55,Wood,
923MT,White #923 Maple,0.375,3.25,0,17.65,25.06,35.08,Wood,
FC-923MT,FC White #923 Maple,0.375,3.25,0,,,41.24,Wood,
923MK,Satin Black #923 Maple,0.375,3.25,0,17.65,25.06,35.08,Wood,
FC-923MK,FC Satin Black #923 Maple,0.375,3.25,0,,,41.24,Wood,
923MA,Warm White #923 Maple,0.375,3.25,0,17.65,25.06,35.08,Wood,
FC-923MA,FC Warm White #923 Maple,0.375,3.25,0,,,41.24,Wood,
923MI,Rising White #923 Maple,0.375,3.25,0,17.65,25.06,35.08,Wood,
FC-923MI,FC Rising White #923 Maple,0.375,3.25,0,,,41.24,Wood,
923M1,Light Grey #923 Maple,0.375,3.25,0,17.65,25.06,35.08,Wood,
FC-923M1,FC Light Grey #923 Maple,0.375,3.25,0,,,41.24,Wood,
923M2,Medium Grey #923 Maple,0.375,3.25,0,17.65,25.06,35.08,Wood,
FC-923M2,FC Medium Grey #923 Maple,0.375,3.25,0,,,41.24,Wood,
923M3,Dark Grey #923 Maple,0.375,3.25,0,17.65,25.06,35.08,Wood,
FC-923M3,FC Dark Grey #923 Maple,0.375,3.25,0,,,41.24,Wood,
923M9,Wheat #923 Maple,0.375,3.25,0,17.65,25.06,35.08,Wood,
FC-923M9,FC Wheat #923 Maple,0.375,3.25,0,,,41.24,Wood,
923WR,Raw #923 Walnut,0.375,3.25,0,23.12,34.68,55.49,Wood,
FC-923WR,FC Raw #923 Walnut,0.375,3.25,0,,,58.74,Wood,
923WF,Oil & Wax #923 Walnut,0.375,3.25,0,28.55,42.82,59.95,Wood,
FC-923WF,FC Oil & Wax #923 Walnut,0.375,3.25,0,,,69.68,Wood,
923WP,Padauk #923 Walnut,0.375,3.25,0,28.82,43.23,60.52,Wood,
FC-923WP,FC Padauk #923 Walnut,0.375,3.25,0,,,74.68,Wood,
923WB,Special Dark #923 Walnut,0.375,3.25,0,28.82,43.23,60.52,Wood,
FC-923WB,FC Special Dark #923 Walnut,0.375,3.25,0,,,74.68,Wood,
923WE,Ebony #923 Walnut,0.375,3.25,0,28.55,42.82,59.95,Wood,
FC-923WE,FC Ebony #923 Walnut,0.375,3.25,0,,,74.68,Wood,
923WK,Satin Black #923 Walnut,0.375,3.25,0,27.71,41.56,58.18,Wood,
FC-923WK,FC Satin Black #923 Walnut,0.375,3.25,0,,,69.68,Wood,
923W1,Light Grey #923 Walnut,0.375,3.25,0,27.71,41.56,58.18,Wood,
FC-923W1,FC Light Grey #923 Walnut,0.375,3.25,0,,,69.68,Wood,
923W2,Medium Grey #923 Walnut,0.375,3.25,0,27.71,41.56,58.18,Wood,
FC-923W2,FC Medium Grey #923 Walnut,0.375,3.25,0,,,69.68,Wood,
923W3,Dark Grey #923 Walnut,0.375,3.25,0,27.71,41.56,58.18,Wood,
FC-923W3,FC Dark Grey #923 Walnut,0.375,3.25,0,,,69.68,Wood,
923VR,Raw #923 White Oak,0.375,3.25,0,17.82,29.4,47.04,Wood,
FC-923VR,FC Raw #923 White Oak,0.375,3.25,0,,,52.78,Wood,
923VF,Oil & Wax #923 White Oak,0.375,3.25,0,21.08,34.78,48.69,Wood,
FC-923VF,FC Oil & Wax #923 White Oak,0.375,3.25,0,,,53.46,Wood,
923VL,Clear Lacquer #923 White Oak,0.375,3.25,0,21.62,35.67,49.94,Wood,
FC-923VL,FC Clear Lacquer #923 White Oak,0.375,3.25,0,,,53.46,Wood,
923VC,Charcoal #923 White Oak,0.375,3.25,0,23.25,38.36,53.7,Wood,
FC-923VC,FC Charcoal #923 White Oak,0.375,3.25,0,,,64.4,Wood,
923VM,Mission #923 White Oak,0.375,3.25,0,23.25,38.36,53.7,Wood,
FC-923VM,FC Mission #923 White Oak,0.375,3.25,0,,,64.4,Wood,
923V7,Bleached #923 White Oak,0.375,3.25,0,23.25,38.36,53.7,Wood,
FC-923V7,FC Bleached #923 White Oak,0.375,3.25,0,,,64.4,Wood,
