ITEM,DESC,WIDTH,UM,UPC,LISTPRICE,CHOPPRICE,JOINPRICE,CLASS,BOXQTY,BOXPRICE,ISFILLET,ISCUTMAT,ISMATBOARD
10-036M,"WHITE WASH MAPLE CAP 5/8""",0.625,FT,720472184441,10.05,13.52,14.52,Frame Moulding,276,6.62,N,N,N
100750,"W0 SOFIA BRONZE FILLET 1/4""",0.25,FT,720472154925,4.65,7.07,8.07,Fillet,1200,3.02,Y,N,N
100751,"W0 SOFIA GOLD FILLET 1/4""",0.25,FT,720472154871,4.65,7.07,8.07,Fillet,1587,3.02,Y,N,N
100752,"W0 SOFIA IRON FILLET 1/4""",0.25,FT,720472154826,4.65,7.07,8.07,Fillet,1000,3.02,Y,N,N
10-100M,"NATURAL MAPLE CAP 5/8""",0.625,FT,720472184458,9.71,12.75,13.75,Frame Moulding,375,6.34,N,N,N
102CG,W0 CLASSIC GOLD 1/2,0.5,FT,720472100021,4.26,6.75,7.75,Frame Moulding,350,2,N,N,N
103180,W0 HUDSON GLD BEAD FILLET 5/16,0.5625,FT,720472172790,3.58,5.84,6.84,Fillet,900,1.68,Y,N,N
103190,W0 HUDSON SLV BEAD FILLET 5/16,0.5625,FT,720472172806,3.42,5.57,6.57,Fillet,900,1.61,Y,N,N
103235,"W0 ACADEMIE GOLD FILLET 5/16""",0.3125,FT,720472139243,3.65,5.92,6.92,Fillet,1290,1.66,Y,N,N
103237,W0 ACADEMIE SILVER FILLET 7/16,0.3125,FT,720472139250,3.61,5.87,6.87,Fillet,1296,1.64,Y,N,N
10-507M,"MSTEMS HANDRUBBED GRY CAP 5/8""",0.625,FT,720472191241,9.91,13,14,Frame Moulding,306,6.52,N,N,N
10545,*100 grit sanding disk PK of 3,0,EA,720472218917,32.1,0,0,Supplies,0,0,N,N,N
10554,*Putnam 7mm V-nails HW 4000/bx,0,EA,720472218948,64.35,0,0,Supplies,0,0,N,N,N
10558,*Putnam 10mm V-nails HW 3000/b,0,EA,720472218962,53.59,0,0,Supplies,0,0,N,N,N
10562,*Putnam 12mm V-nails HW 3000/b,0,EA,720472218986,59.44,0,0,Supplies,0,0,N,N,N
10566,*Putnam 15mm V-nails HW 2000/b,0,EA,720472219006,42.67,0,0,Supplies,0,0,N,N,N
105CB,W0 CLASSIC BLACK 1/2 VIENNA,0.5,FT,720472100052,3.81,6,7,Frame Moulding,270,2.54,N,N,N
106180,"W0 HUDSON GOLD FILLET 1/4""",0.5,FT,720472172813,3.44,5.58,6.58,Fillet,900,1.6,Y,N,N
106190,"W0 HUDSON SILVER FILLET 1/4""",0.5,FT,720472172820,3.25,5.34,6.34,Fillet,900,1.52,Y,N,N
108185,"W0 L7 GOLD W/BLACK FILLET 1/8""",0.125,FT,720472168717,8.1,10.28,11.28,Fillet,950,5.52,Y,N,N
11-036M,"WHITE WASH MAPLE STEM 5/8""",0.625,FT,720472191180,12.66,16.13,17.13,Frame Moulding,200,7.9,N,N,N
11-100M,"NATURAL MAPLE CAP 5/8""",0.625,FT,720472191197,12.38,15.74,16.74,Frame Moulding,195,7.71,N,N,N
112-060C,"MSTEMS NATURAL CHERRY 1/2""",0.5625,FT,720472187411,8.66,11.34,12.34,Frame Moulding,375,5.51,N,N,N
112-100M,"MSTEMS NATURAL MAPLE 1 1/8""",0.5625,FT,720472187428,8.84,11.3,12.3,Frame Moulding,360,5.74,N,N,N
112-500A,"MSTEMS SATIN BLACK ASH 1 1/8""",0.5625,FT,720472187435,5.84,7.8,8.8,Frame Moulding,483,4.41,N,N,N
112-506W,"MSTEMS ESPRESSO WAL 1 1/8""",0.5625,FT,720472187442,8.62,11.48,12.48,Frame Moulding,360,5.48,N,N,N
11415,"CO8 Staples 35,000/box",0,EA,720472200066,71.06,0,0,Supplies,0,0,N,N,N
114153,"W0 SPENCER II SILVER FIL 5/16""",0.3125,FT,720472199018,1.69,2.3,3.3,Fillet,1080,1.15,Y,N,N
114154,"W0 SPENCER II GOLD FIL 5/16""",0.3125,FT,720472199025,1.69,2.3,3.3,Fillet,1080,1.15,Y,N,N
11440,*Senco Brad Nailer #SLP20,0,EA,720472205764,395.63,0,0,Equipment,0,0,N,N,N
115-100M,"MSTEMS NATURAL MAPLE 1/2""",0.5625,FT,720472187466,10.45,14.1,15.1,Frame Moulding,330,6.87,N,N,N
115-500A,"MSTEMS BLACK ASH 1/2""",0.5625,FT,720472187473,5.84,7.77,8.77,Frame Moulding,378,4.24,N,N,N
115-506W,"MSTEMS ESPRESSO WALNUT 1/2""",0.5625,FT,720472187480,11.1,15.42,16.42,Frame Moulding,300,6.95,N,N,N
115632,"W0 CONFETTI YELLOW FILLET 1/4""",0.25,FT,720472163590,2.39,3.95,4.95,Fillet,1080,1.41,Y,N,N
115635,"W0 CONFETTI RED FILLET 1/4""",0.25,FT,720472163613,2.39,3.95,4.95,Fillet,1080,1.41,Y,N,N
115636,"W0 CONFETTI LT BLUE FLT 1/4""",0.25,FT,720472163620,2.38,3.94,4.94,Fillet,1080,1.4,Y,N,N
115640,"W0 CONFETTI BLUE FILLET 1/4""",0.25,FT,720472163668,2.37,3.92,4.92,Fillet,1080,1.4,Y,N,N
115651,W0 CONFETTI METALLIC GLD FLT,0.25,FT,720472163767,2.37,3.92,4.92,Fillet,1080,1.4,Y,N,N
115652,"W0 CONFETTI BLACK FILLET 1/4""",0.25,FT,720472163774,2.39,3.95,4.95,Fillet,1080,1.41,Y,N,N
115653,"W0 CONFETTI WHITE FILLET 1/4""",0.25,FT,720472163781,2.39,3.95,4.95,Fillet,1080,1.41,Y,N,N
11612,*Work Station Coil Hose,0,EA,720472200134,74.27,0,0,Equipment,0,0,N,N,N
11815,Medium Thumbnail Inserts (500),0,EA,720472200172,84.99,0,0,Supplies,0,0,N,N,N
11817,Large Thumbnail Inserts (250),0,EA,720472200189,48.03,0,0,Supplies,0,0,N,N,N
119206,"W0 SHOJI DK WAL TALL CAP 1""",1,FT,720472199575,4.16,5.44,6.44,Frame Moulding,150,3.05,N,N,N
119208,"W0 SHOJI EB WAL TALL CAP 1""",1,FT,720472199582,4.16,5.44,6.44,Frame Moulding,137,3.05,N,N,N
119286,"W0 WHITE FILLET 5/16""",0.3125,FT,720472142687,3.1,5.6,6.6,Fillet,380,1.3,Y,N,N
119630,"W1 CONFETTI BLACK CAP 1""",1,FT,720472149891,7.45,11,12,Frame Moulding,135,3.46,N,N,N
119631,"W1 CONFETTI WHITE CAP 1""",1,FT,720472149907,7.45,11,12,Frame Moulding,130,3.46,N,N,N
120660,"W0 MANTILLA GOLD FILLET 1/4""",0.25,FT,720472150422,5.78,8.88,9.88,Fillet,688,3.68,Y,N,N
120662,"W0 MANTILLA SILVER FIL 1/4""",0.25,FT,720472150446,5.77,8.87,9.87,Fillet,787,3.68,Y,N,N
12-100M,"NATURAL MAPLE CAP 13/16""",0.8125,FT,720472187497,17.02,22.55,23.55,Frame Moulding,126,10.56,N,N,N
123960,"W1 FLAX OYSTER LINER 3/4""",0.75,FT,720472159845,2.99,6.42,7.42,Frame Moulding,216,1.6,N,N,N
123962,"W1 FLAX SAND LINER 3/4""",0.75,FT,720472159852,2.96,6.34,7.34,Frame Moulding,216,1.59,N,N,N
123964,"W1 FLAX PEBBLE LINER 3/4""",0.75,FT,720472159869,2.85,6.13,7.13,Frame Moulding,216,1.53,N,N,N
123966,"W1 FLAX BLACK LINER 3/4""",0.75,FT,720472159876,2.67,5.72,6.72,Frame Moulding,200,1.44,N,N,N
12-507M,"MSTEMS GREY MAPLE CAP 13/16""",0.8125,FT,720472187503,16.63,22.25,23.25,Frame Moulding,129,10.22,N,N,N
132902,"W0 FOUNDRY IRON FILLET 3/8""",0.625,FT,720472179898,5.48,9.73,10.73,Fillet,590,3.5,Y,N,N
13644,"Buffermount 40.5"" x 90 ft.",0,EA,720472200509,220.25,0,0,Supplies,0,0,N,N,N
13652,"Release Board 32"" X 40""(5/pkg)",0,EA,720472200516,122.37,0,0,Supplies,0,0,N,N,N
13653,"Seal Release Board 40"" x 60""",0,EA,720472214681,42.56,0,0,Supplies,0,0,N,N,N
138120,"W0 DRESDEN SILVER FILLET 1/4""",0.25,FT,720472163385,5.3,7.3,8.3,Fillet,600,3.34,Y,N,N
13813,"TM2 24.5"" x 150 ft.",0,EA,720472200615,234.28,0,0,Supplies,0,0,N,N,N
13815,"TM2 40.5"" x 150 ft.",0,EA,720472200639,370.25,0,0,Supplies,0,0,N,N,N
140632,"W1 CONFETTI YELLOW 7/8""",0.875,FT,720472150019,3.35,5.36,6.36,Frame Moulding,162,2.04,N,N,N
140634,"W1 CONFETTI ORANGE 7/8""",0.875,FT,720472150033,3.35,5.36,6.36,Frame Moulding,162,2.04,N,N,N
140635,"W1 CONFETTI RED 7/8""",0.875,FT,720472150040,3.35,5.36,6.36,Frame Moulding,162,2.04,N,N,N
140636,"W1 CONFETTI LT BLUE 7/8""",0.875,FT,720472150057,3.35,5.36,6.36,Frame Moulding,162,2.04,N,N,N
140638,"W1 CONFETTI MAROON 7/8""",0.875,FT,720472150071,3.35,5.36,6.36,Frame Moulding,162,2.04,N,N,N
140639,"W1 CONFETTI PURPLE 7/8""",0.875,FT,720472150088,3.35,5.36,6.36,Frame Moulding,162,2.04,N,N,N
140640,"W1 CONFETTI BLUE 7/8""",0.875,FT,720472150095,3.35,5.36,6.36,Frame Moulding,162,2.04,N,N,N
140641,"W1 CONFETTI DK BLUE 7/8""",0.875,FT,720472150101,3.35,5.36,6.36,Frame Moulding,162,2.04,N,N,N
140642,"W1 CONFETTI BABY GREEN 7/8""",0.875,FT,720472160148,3.35,5.36,6.36,Frame Moulding,162,2.04,N,N,N
140643,"W1 CONFETTI BABY BLUE 7/8""",0.875,FT,720472160155,3.35,5.36,6.36,Frame Moulding,160,2.04,N,N,N
140644,"W1 CONFETTI BABY YELLOW 7/8""",0.875,FT,720472160162,3.35,5.36,6.36,Frame Moulding,162,2.04,N,N,N
140645,"W1 CONFETTI BABY PINK 7/8""",0.875,FT,720472160179,3.35,5.34,6.34,Frame Moulding,162,2.04,N,N,N
140646,"W1 CONFETTI CITRON GREEN 7/8""",0.875,FT,720472160186,3.35,5.36,6.36,Frame Moulding,162,2.04,N,N,N
140647,"W1 CONFETTI TWEEN PINK 7/8""",0.875,FT,720472160193,3.35,5.36,6.36,Frame Moulding,162,2.04,N,N,N
140648,"W1 CONFETTI TEAL 7/8""",0.875,FT,720472160209,3.35,5.36,6.36,Frame Moulding,162,2.04,N,N,N
140649,"W1 CONFETTI RED ORANGE 7/8""",0.875,FT,720472160216,3.35,5.36,6.36,Frame Moulding,158,2.04,N,N,N
140650,"W1 CONFETTI SHAMROCK 7/8""",0.875,FT,720472160223,3.35,5.36,6.36,Frame Moulding,162,2.04,N,N,N
140651,"W1 CONFETTI METALLIC GOLD 7/8""",0.875,FT,720472160230,3.35,5.36,6.36,Frame Moulding,162,2.04,N,N,N
140652,"W1 CONFETTI BLACK 7/8""",0.875,FT,720472160247,3.35,5.36,6.36,Frame Moulding,162,2.04,N,N,N
140653,"W1 CONFETTI WHITE 7/8""",0.875,FT,720472160254,3.35,5.36,6.36,Frame Moulding,162,2.04,N,N,N
144508,W1 Lancaster II Deep Cap,0.8125,FT,720472196437,3.74,6.7,7.7,Frame Moulding,308,2.49,N,N,N
144510,W1 Lancaster II Deep Cap 13/16,0.8125,FT,720472196444,4.29,7.04,8.04,Frame Moulding,313,2.86,N,N,N
145790,"W1 GRAMERCY BLACK CAP 13/16""",0.8125,FT,720472153287,4.7,6.58,7.58,Frame Moulding,162,2.91,N,N,N
145791,"W1 GRAMERCY SILVER CAP 13/16""",0.8125,FT,720472153294,3.97,5.25,6.25,Frame Moulding,246,2.66,N,N,N
145BL,W0 145BL 1/2,0.5,FT,720472100137,4.86,6.86,7.86,Frame Moulding,171,2.5,N,N,N
146790,"GRAMERCY BLACK CAP 5/8""",0.625,FT,720472153300,4.92,7.21,8.21,Frame Moulding,190,3.07,N,N,N
147791,"GRAMERCY SILVER CAP 9/16""",0.5625,FT,720472153331,3.15,4.25,5.25,Frame Moulding,430,2.02,N,N,N
150CG,"W0 FILLETS GOLD FILLET  1/4""",0.25,FT,720472100144,3.45,5.06,6.06,Fillet,1296,1.2,Y,N,N
150CS,W0 VIENNA 2 SILVER FILLET 3/16,0.1875,FT,720472114165,3.2,5.02,6.02,Fillet,1296,1.21,Y,N,N
150G,"W0 FL/GOLD FILLET 1/4""",0.25,FT,720472100151,3.46,5.6,6.6,Fillet,1140,1.78,Y,N,N
150S,"W0 FL/SILVER FILLET 1/4""",0.25,FT,720472100168,3.46,5.6,6.6,Fillet,1140,1.78,Y,N,N
15816,C+H 1200 SE Blades/100,0,EA,720472206129,32.15,0,0,Supplies,0,0,N,N,N
15817,**C+H #1500 SE Blades 100/Box,0,EA,720472217590,32.15,0,0,Supplies,0,0,N,N,N
15822,Fletcher #1200 Blades 100/Box,0,EA,720472201032,61.52,0,0,Supplies,0,0,N,N,N
15824,Fletcher #1500 Blades (100),0,EA,720472201049,61.61,0,0,Supplies,0,0,N,N,N
15825,Fletcher #1500SE Blade 100/Bx,0,EA,720472217958,47.21,0,0,Supplies,0,0,N,N,N
15836,No. 12 Heavy Duty Blds 100/Box,0,EA,720472201056,13.32,0,0,Supplies,0,0,N,N,N
15840,No. 991 Utility Blades 100/Box,0,EA,720472201063,39.63,0,0,Supplies,0,0,N,N,N
15842,#992 HD Utility Blades Box 100,0,EA,720472201070,29.58,0,0,Supplies,0,0,N,N,N
160810,"W0 CALAIS GOLD FILLET 1/4""",0.25,FT,720472156202,3.73,6.03,7.03,Fillet,1032,1.54,Y,N,N
160812,"W0 CALAIS SILVER FILLET 1/4""",0.25,FT,720472156219,3.7,5.99,6.99,Fillet,1080,1.53,Y,N,N
160814,"W0 CALAIS BLACK FILLET 1/4""",0.25,FT,720472156226,3.65,5.88,6.88,Fillet,1080,1.5,Y,N,N
161810,"W0 CALAIS GOLD BEAD FLT 5/16""",0.3125,FT,720472156233,4.52,7.21,8.21,Fillet,1000,2.08,Y,N,N
161812,W0 CALAIS SILVER BEAD FLT 5/16,0.3125,FT,720472156240,4.51,7.19,8.19,Fillet,954,2.07,Y,N,N
16202,APB-12 Plastic Scoring Blade,0,EA,720472201124,85.26,0,0,Supplies,0,0,N,N,N
16612,*M3000 Blade 100/Pkg.,0,EA,720472217965,86.08,0,0,Supplies,0,0,N,N,N
16613,M3000 Blade 10/Pkg.,0,EA,720472201292,14.07,0,0,Supplies,0,0,N,N,N
16615,SU-01 Glass Wheel 10/Pkg.,0,EA,720472201308,65.54,0,0,Supplies,0,0,N,N,N
16620,"*Fletcher Mat Blades, 100/Box",0,EA,720472215251,90.28,0,0,Supplies,0,0,N,N,N
166900,"W0 LISBON AGED HONEY FLT 5/16""",0.3125,FT,720472158251,7.01,10.5,11.5,Fillet,1000,4.38,Y,N,N
16705,**45Deg. PREMBlade (8000/8500),0,EA,NULL,70.64,0,0,Supplies,0,0,N,N,N
184508,W1 Lancaster II Rev Bev Cap 1,1.125,FT,720472196451,6.13,9.71,10.71,Frame Moulding,137,4.06,N,N,N
192706,"W1 OLSEN MAPLE SM CUBE 3/4""",0.75,FT,720472199674,4.16,5.8,6.8,Frame Moulding,386,2.65,N,N,N
192708,"W1 OLSEN OAK SM CUBE 3/4""",0.75,FT,720472199681,4.16,5.8,6.8,Frame Moulding,386,2.65,N,N,N
195203,"MADISON NATURAL CAP 1""",1.125,FT,720472197649,5.67,8.53,9.53,Frame Moulding,190,3.9,N,N,N
195204,"MADISON BLACK CAP 1""",1.125,FT,720472197656,5.57,8.36,9.36,Frame Moulding,187,3.84,N,N,N
195205,"MADISON GREY CAP 1""",1.125,FT,720472197663,5.58,8.41,9.41,Frame Moulding,196,3.85,N,N,N
196870,W1 COLOSSEUM II SFT PEWTER 3/4,0.75,FT,720472199308,4.92,7.19,8.19,Frame Moulding,390,3.29,N,N,N
196871,"W1 COLOSSEUM II TARN SIL 3/4""",0.75,FT,720472199315,4.92,7.19,8.19,Frame Moulding,375,3.29,N,N,N
196872,"W1 COLOSSEUM II MOON GOLD 3/4""",0.75,FT,720472199322,4.92,7.19,8.19,Frame Moulding,390,3.29,N,N,N
196874,"W1 COLOSSEUM II TITANIUM 3/4""",0.75,FT,720472199339,4.92,7.19,8.19,Frame Moulding,266,3.29,N,N,N
196876,W1 COLOSSEUM II STEEL BLUE 3/4,0.75,FT,720472199346,4.92,7.19,8.19,Frame Moulding,276,3.29,N,N,N
196877,"W1 COLOSSEUM SLP BL OXIDE 3/4""",0.75,FT,720472197212,4.92,7.19,8.19,Frame Moulding,337,3.29,N,N,N
197440,"W0 BAUHAUS II WHITE FILET 1/4""",0.25,FT,720472199131,3.62,4.64,5.64,Fillet,500,2.07,Y,Y,Y
197450,"W0 BAUHAUS II BLACK FILET 1/4""",0.25,FT,720472199148,3.5,4.55,5.55,Fillet,500,1.96,Y,N,N
197508,W1 Lancaster II  Rev Bev Cap,0.8125,FT,720472196475,4.59,8.27,9.27,Frame Moulding,357,2.85,N,N,N
198500,"W1 FINN CAP 9/16"" BLACK",0.5625,FT,720472193474,4.4,7.29,8.29,Frame Moulding,450,2.96,N,N,N
198510,"W1 FINN CAP 9/16"" NATURAL",0.5625,FT,720472193481,4.4,7.29,8.29,Frame Moulding,470,2.96,N,N,N
198520,"W1 FINN CAP 9/16"" ESPRESSO",0.5625,FT,720472193498,4.4,7.29,8.29,Frame Moulding,494,2.97,N,N,N
200285,"W1 TRIBECA SMALL RIBBED 3/4""",0.6875,FT,720472139694,2.39,4.35,5.35,Frame Moulding,333,1.61,N,N,N
200350,"WO BRIMFIELD SLP BLK W/DT 7/8""",0.875,FT,720472190879,7.16,9.81,10.81,Frame Moulding,450,4.78,N,N,N
200360,"WO BRIMFIELD SLP WHT W/DT 7/8""",0.875,FT,720472190886,7.3,9.99,10.99,Frame Moulding,470,5.11,N,N,N
200750,"W1 SOFIA BRZ SLP W/DENTIL 7/8""",0.875,FT,720472154888,7.52,10.4,11.4,Frame Moulding,350,5.04,N,N,N
200751,"W1 SOFIA GLD SLP W/DENTIL 7/8""",0.875,FT,720472154833,7.77,10.33,11.33,Frame Moulding,450,5,N,N,N
200752,"W1 SOFIA IRN SLP W/DENTIL 7/8""",0.875,FT,720472154789,8.41,10.85,11.85,Frame Moulding,470,5.26,N,N,N
201317,"W1 DRAYTON BLK&GLD SM CAP 3/4""",0.75,FT,720472194235,3.37,4.88,5.88,Frame Moulding,531,2.24,N,N,N
202110,"W1 STITCH LT. TANGERINE 3/4""",0.75,FT,720472173469,6.37,11.73,12.73,Frame Moulding,350,3.94,N,N,N
202113,"W1 STITCH LT CITRON GREEN 3/4""",0.75,FT,720472173476,6.2,11.43,12.43,Frame Moulding,358,3.83,N,N,N
202118,"W1 STITCH DK ROYAL BLUE 3/4""",0.75,FT,720472173513,5.61,10.33,11.33,Frame Moulding,357,3.45,N,N,N
202123,"W1 STITCH BLACK 3/4""",0.75,FT,720472173537,5.54,10.21,11.21,Frame Moulding,344,3.43,N,N,N
203235,"W1 ACADEMIE GOLD 3/4""",0.75,FT,720472139267,4.47,6.84,7.84,Frame Moulding,190,1.96,N,N,N
203237,"W1 ACADEMIE SILVER 3/4""",0.75,FT,720472139274,4.49,6.86,7.86,Frame Moulding,198,1.96,N,N,N
203239,"W1 ACADEMIE BLACK W/GOLD 3/4""",0.75,FT,720472139281,4.46,6.83,7.83,Frame Moulding,192,1.96,N,N,N
204706,"W1 OLSEN MAPLE CAP 3/4""",0.75,FT,720472199810,5.41,7.52,8.52,Frame Moulding,313,3.44,N,N,N
204708,"W1 OLSEN OAK CAP 3/4""",0.75,FT,720472199827,5.41,7.52,8.52,Frame Moulding,313,3.44,N,N,N
206180,"W1 HUDSON GOLD SCP W/BEAD 7/8""",0.875,FT,720472172752,5.21,8.93,9.93,Frame Moulding,162,3.7,N,N,N
206190,"W1 HUDSON SILV SCP W/BEAD 7/8""",0.875,FT,720472172769,5.08,8.69,9.69,Frame Moulding,162,3.28,N,N,N
206200,"W1 HUDSON II IVORY SCP 7/8""",0.875,FT,720472183710,4.66,7.92,8.92,Frame Moulding,162,2.94,N,N,N
206220,W1 HUDSONII BLKGL SCP 7/8,0.875,FT,720472183727,4.92,8.36,9.36,Frame Moulding,162,3.52,N,N,N
206CG,W1 CLASSIC GOLD 3/4,0.75,FT,720472100274,5,7.9,8.9,Frame Moulding,270,2.39,N,N,N
206S,W1 SILVER 3/4,0.75,FT,720472100281,5,7.9,8.9,Frame Moulding,270,2.39,N,N,N
207234,"W1 MODERNE GOLD CAP 3/4""",0.75,FT,720472196758,3.07,4.45,5.45,Frame Moulding,480,2.05,N,N,N
207236,"W1 MODERNE SILVER CAP 3/4""",0.75,FT,720472196765,3.07,4.45,5.45,Frame Moulding,480,2.05,N,N,N
207650,"W0 TATE BLACK CAP 3/4""",0.75,FT,720472181150,3.59,4.84,5.84,Frame Moulding,216,1.89,N,N,N
207660,"W0 TATE SILVER CAP 3/4""",0.75,FT,720472181167,3.54,4.84,5.84,Frame Moulding,216,1.89,N,N,N
207670,"W0 TATE GOLD CAP 3/4""",0.75,FT,720472182409,4.51,6.01,7.01,Frame Moulding,210,2.43,N,N,N
208710,"ALDEN EBON WALNUT CURVE 3/4""",0.75,FT,720472199858,7.84,12.54,13.54,Frame Moulding,230,6.36,N,N,N
208712,"ALDEN DK WALNUT CURVE 3/4""",0.75,FT,720472199865,7.84,12.54,13.54,Frame Moulding,163,6.36,N,N,N
208CG,W1 CLASSIC GOLD 3/4,0.75,FT,720472100298,5,7.9,8.9,Frame Moulding,216,2.39,N,N,N
208CS,W1 CLASSIC SILVER 3/4,0.75,FT,720472100304,5,7.9,8.9,Frame Moulding,216,2.39,N,N,N
209706,"W2 OLSEN MAPLE CUBE 1 3/16""",1.1875,FT,720472199735,7.6,10.58,11.58,Frame Moulding,235,4.84,N,N,N
209708,"W2 OLSEN OAK CUBE 1 3/16""",1.1875,FT,720472199742,7.6,10.58,11.58,Frame Moulding,215,4.84,N,N,N
21003,Corner Weld Glue White-1 pint,0,EA,NULL,10.41,0,0,Supplies,0,0,N,N,N
21004,Corner Weld - Gallon,0,EA,720472201643,53.84,0,0,Supplies,0,0,N,N,N
210124,W1 RAVELLO CRSGRN MAPLE CP 3/4,0.75,FT,720472197021,3.45,5.52,6.52,Frame Moulding,450,2.8,N,N,N
210125,"W1 RAVELLO ELM BURL CAP 3/4""",0.75,FT,720472197038,3.45,5.52,6.52,Frame Moulding,450,2.8,N,N,N
210126,"W1 RAVELLO DANIELA WAL CP 3/4""",0.75,FT,720472197045,3.45,5.52,6.52,Frame Moulding,450,2.8,N,N,N
210127,"W1 RAVELLO POPLAR BURL CP 3/4""",0.75,FT,720472197052,3.45,5.52,6.52,Frame Moulding,450,2.8,N,N,N
210128,W1 RAVELLO BIRDSEYE MAP CP 3/4,0.75,FT,720472197069,3.45,5.52,6.52,Frame Moulding,450,2.8,N,N,N
210247,"W1 RENZO BLONDE BURL CAP 3/4""",0.75,FT,720472197915,5.78,8.05,9.05,Frame Moulding,470,3.68,N,N,N
210285,"W1 TRIBECA SQUARE CAP 3/4""",0.6875,FT,720472139700,3.14,5.44,6.44,Frame Moulding,223,1.87,N,N,N
210286,"W1 WHITE SQUARE CAP 3/4""",0.6875,FT,720472142625,3.52,6.29,7.29,Frame Moulding,450,2.17,N,N,N
210440,"W1 BAUHAUS II WHITE 3/4""",0.75,FT,720472199032,6.41,7.31,8.31,Frame Moulding,470,4.34,N,N,N
210450,"W1 BAUHAUS II BLACK 3/4""",0.75,FT,720472199049,6.19,7.07,8.07,Frame Moulding,400,4.07,N,N,N
210G,W1 GOLD 7/8,0.875,FT,720472100311,5.21,8.2,9.2,Frame Moulding,220,2.48,N,N,N
211317,"W1 DRAYTON BLK&GLD LG CAP 3/4""",0.8125,FT,720472194242,3.75,5.44,6.44,Frame Moulding,394,2.5,N,N,N
21203,3M Photo Mount Adhesive,0,EA,720472201681,22.67,0,0,Supplies,0,0,N,N,N
21207,3M No. 77 Spray Adhesive,0,EA,NULL,35.76,0,0,Supplies,0,0,N,N,N
212285,"W1 TRIBECA SMALL BEVELED 7/8""",0.8125,FT,720472139717,2.7,4.94,5.94,Frame Moulding,210,1.62,N,N,N
212403,"W1 WHITMAN BLACK FLAT 3/4""",0.75,FT,720472181495,7.29,10.22,11.22,Frame Moulding,252,4.97,N,N,N
212405,"W1 WHITMAN TORTOISE  3/4""",0.75,FT,720472181501,7.45,10.21,11.21,Frame Moulding,252,4.97,N,N,N
213403,"W1 WHITMAN Silver3/4""",0.75,FT,720472181518,7.23,10.06,11.06,Frame Moulding,216,4.98,N,N,N
21401,"ATG Tape 1/4"" x 36 yds.",0,BX,NULL,106.99,0,0,Supplies,0,0,N,N,N
21402,"ATG Tape 1/2"" x 36 Yds.",0,BX,NULL,97.1,0,0,Supplies,0,0,N,N,N
21404,"ATG Tape 3/4"" x 36 Yds.",0,BX,NULL,159.84,0,0,Supplies,0,0,N,N,N
21405,"969 ATG Tape 1/2"" Double Thick",0,BX,NULL,174.3,0,0,Supplies,0,0,N,N,N
21406,"924 ATG Tape 1/2"" x 11 yds.",0,BX,70006115367,45.03,0,0,Supplies,0,0,N,N,N
21411,"465 ATG Tape 1/4"" x 60 yds",0,BX,NULL,154.33,0,0,Supplies,0,0,N,N,N
21412,"ATG Tape Large Core 3/8""",0,BX,NULL,186.43,0,0,Supplies,0,0,N,N,N
21416,"810 Magic Tape 3/4"" x 72",0,BX,70012802206,83.1,0,0,Supplies,0,0,N,N,N
21418,"Masking Tape Lg. Core 3/4""x 60",0,EA,NULL,4.58,0,0,Supplies,0,0,N,N,N
21419,"Masking Tape 234 1""",0,EA,70006319290,16.44,0,0,Supplies,0,0,N,N,N
21422,"Sealing Tape 2"" x 60 Yds.",0,EA,70006079316,6.73,0,0,Supplies,0,0,N,N,N
214234,"W1 MODERNE GOLD TALL CAP 3/4""",0.75,FT,720472196772,4.27,6.19,7.19,Frame Moulding,335,2.85,N,N,N
214236,"W1 MODERNE SILV TALL CAP 3/4""",0.75,FT,720472196789,4.27,6.19,7.19,Frame Moulding,335,2.85,N,N,N
21443,"Artist's Tape 3/4"" x 60 White",0,EA,NULL,39.29,0,0,Supplies,0,0,N,N,N
21452,"Highland ATG Tape 1/2""x36 yds",0,BX,70006112919,74.37,0,0,Supplies,0,0,N,N,N
21453,"987 Hghlnd ATG Tape 1/2""x60yds",0,BX,NULL,124.89,0,0,Supplies,0,0,N,N,N
21454,"Highland ATG Tape 3/4""x 36 yds",0,BX,NULL,111.83,0,0,Supplies,0,0,N,N,N
21460,ATG Dispenser #700,0,EA,NULL,121.91,0,0,Supplies,0,0,N,N,N
214650,"W1 TATE BLACK CAP 11/16""",0.6875,FT,720472181174,4.36,6.37,7.37,Frame Moulding,288,2.14,N,N,N
21466,"ATG Tape 1/2"" x 60 Yds.",0,BX,NULL,146.02,0,0,Supplies,0,0,N,N,N
214660,"W1 TATE SILVER CAP 11/16""",0.6875,FT,720472181181,4.36,6.37,7.37,Frame Moulding,260,2.14,N,N,N
214670,"W1 TATE GOLD CAP 11/16""",0.6875,FT,720472182416,6.06,8.9,9.9,Frame Moulding,288,3.74,N,N,N
21468,"ATG Tape 3/4"" x 60 Yds.",0,BX,70006060795,248.66,0,0,Supplies,0,0,N,N,N
21518,"LJ ATG Tape 1/2""x36 yds",0,BX,720472219242,72.56,0,0,Supplies,0,0,N,N,N
21520,"LJ ATG Tape 1/2""x60 yds",0,BX,720472219259,115.52,0,0,Supplies,0,0,N,N,N
215680,"W0 ARTIFACT ANT GREY BB 5/8""",0.625,FT,720472142335,9.72,14.19,15.19,Frame Moulding,340,7.88,N,N,N
21601,"Filmoplast P-90 3/4"" x 165'",0,EA,720472201858,26.94,0,0,Supplies,0,0,N,N,N
21602,"Filmoplast P-90 3/4""x165' plus",0,EA,NULL,28.26,0,0,Supplies,0,0,N,N,N
21603,Filmoplast - SH Linen Tape,0,EA,720472201865,29.95,0,0,Supplies,0,0,N,N,N
21607,"Acid Free Linen Tape 1"" x 150'",0,EA,720472201889,54.87,0,0,Supplies,0,0,N,N,N
21608,"Framer's Tape II 3/4""",0,EA,NULL,22,0,0,Supplies,0,0,N,N,N
21609,"Framer's Tape II  1""",0,EA,720472204125,28.05,0,0,Supplies,0,0,N,N,N
21610,"Stitchery Tape 3/4""",0,EA,720472211703,59.87,0,0,Supplies,0,0,N,N,N
21612,"Lineco Rabbet Foam Tape 1/4""",0,EA,NULL,23.14,0,0,Supplies,0,0,N,N,N
216180,"W1 HUDSON GOLD WHISTLER 13/16""",0.8125,FT,720472172639,4.86,8.32,9.32,Frame Moulding,162,3.2,N,N,N
21619,Archival See-Thru Mount Strips,0,EA,720472204132,25.14,0,0,Supplies,0,0,N,N,N
216190,W1 HUDSON SILVER WHISTLR 13/16,0.8125,FT,720472172646,4.72,8.03,9.03,Frame Moulding,162,2.86,N,N,N
21649,Frame Sealing Tape 1 1/4,0,EA,NULL,19.63,0,0,Supplies,0,0,N,N,N
21657,Self-Adhesive Linen Cloth Tape,0,EA,720472207492,22.51,0,0,Supplies,0,0,N,N,N
21658,"Lineco Backing Paper 36""X300",0,EA,720472218740,129.43,0,0,Supplies,0,0,N,N,N
21662,"Fillet Tape #2572 1/4"" X 36 YD",0,EA,NULL,16.35,0,0,Supplies,0,0,N,N,N
21665,*Abaca S/A Paper Hinging Tape,0,EA,NULL,26.91,0,0,Supplies,0,0,N,N,N
21670,"LJ Backing Paper 36""x500'",0,EA,NULL,67.17,0,0,Supplies,0,0,N,N,N
21700,"**30""x40"" .008"" Print Sleeves",0,EA,720472218047,13.39,0,0,Supplies,0,0,N,N,N
21712,"L-J Cons. Corners, 1 1/4"" Full",0,EA,720472213042,22.61,0,0,Supplies,0,0,N,N,N
21714,"L-J Cons. Corners, 1 1/4"" Maxi",0,EA,720472213059,19.09,0,0,Supplies,0,0,N,N,N
21716,L-J Cons. Corners 2 15/16 Full,0,EA,720472213066,20.9,0,0,Supplies,0,0,N,N,N
21718,L-J Cons. Corners 2 15/16 Maxi,0,EA,720472213073,17.99,0,0,Supplies,0,0,N,N,N
217680,"W0 ARTIFACT ANT GREY GK 7/8""",0.875,FT,720472139229,10.12,14.78,15.78,Frame Moulding,240,8.21,N,N,N
217682,"W0 ARTIFACT ANT BLACK GK 7/8""",0.875,FT,720472139236,10.12,14.78,15.78,Frame Moulding,240,8.21,N,N,N
220940,"W1 GALLERY 1 BLACK CAP 11/16""",0.6875,FT,720472159722,4.62,7.38,8.38,Frame Moulding,171,2.33,N,N,N
220941,"W1 GALLERY 1 WHITE CAP 11/16""",0.6875,FT,720472159739,4.62,7.38,8.38,Frame Moulding,171,2.74,N,N,N
221276,"W1 MILO MAPLE SM CAP 5/8""",0.625,FT,720472199452,4.39,5.74,6.74,Frame Moulding,705,3.21,N,N,N
221277,"W1 MILO WALNUT SM CAP 5/8""",0.625,FT,720472199490,4.39,5.74,6.74,Frame Moulding,705,3.21,N,N,N
221278,W1 MILO CERUSED OAK SM CAP 5/8,0.625,FT,720472199537,4.16,5.44,6.44,Frame Moulding,392,3.05,N,N,N
221516,"W1 ANSLEY CHERRY CAP 5/8""",0.625,FT,720472178877,4.75,7.51,8.51,Frame Moulding,315,2.66,N,N,N
221517,"W1 ANSLEY COFFEE CAP 5/8""",0.625,FT,720472178884,4.68,7.39,8.39,Frame Moulding,315,2.61,N,N,N
221518,"W1 ANSLEY GREY CAP 5/8""",0.625,FT,720472178891,3.93,6.79,7.79,Frame Moulding,315,2.19,N,N,N
221519,"W1 ANSLEY MAHOGANY CAP 5/8""",0.625,FT,720472178907,4.75,7.51,8.51,Frame Moulding,315,2.66,N,N,N
221520,"W1 ANSLEY NATURAL CAP 5/8""",0.625,FT,720472178914,4.72,7.43,8.43,Frame Moulding,315,2.62,N,N,N
221521,"W1 ANSLEY WALNUT CAP 5/8""",0.625,FT,720472178921,4.68,7.39,8.39,Frame Moulding,315,2.61,N,N,N
221526,"W1 ANSLEY BLACK CAP 5/8""",0.625,FT,720472179218,4.8,7.56,8.56,Frame Moulding,315,2.67,N,N,N
22201,Fletcher FrameMaster,0,EA,720472202008,148.34,0,0,Equipment,0,0,N,N,N
22203,*Fleximaster Point Driver,0,EA,720472207560,154.51,0,0,Equipment,0,0,N,N,N
22205,"Fletcher Framer's Points/3,000",0,EA,720472202015,21.84,0,0,Supplies,0,0,N,N,N
22209,Flexible Framer's Points,0,EA,720472207591,34.27,0,0,Supplies,0,0,N,N,N
22213,No. 02 Glass Cutter,0,BX,720472202046,89.15,0,0,Supplies,0,0,N,N,N
22215,*No. CA2 Carbide Glass Cutter,0,EA,720472202053,21.45,0,0,Supplies,0,0,N,N,N
22216,Carbide Glass Wheel (PA3-01),0,EA,720472207621,35.53,0,0,Supplies,0,0,N,N,N
22231,Fletcher MultiMaster Points,0,EA,NULL,35.19,0,0,Supplies,0,0,N,N,N
22234,Fletcher FrameMaster Points,0,EA,NULL,81.2,0,0,Supplies,0,0,N,N,N
222940,"W1 GALLERY 1 BLACK CAP 3/4""",0.75,FT,720472159746,5.16,8.27,9.27,Frame Moulding,181,2.74,N,N,N
222941,"W1 GALLERY 1 WHITE CAP 3/4""",0.75,FT,720472159753,5.16,8.27,9.27,Frame Moulding,190,3.19,N,N,N
223146,"W1 KYOTO BLACK 3/4""",0.75,FT,720472139168,6.45,9.43,10.43,Frame Moulding,394,5.23,N,N,N
223147,"W1 KYOTO NATURAL 3/4""",0.75,FT,720472139175,6.45,9.43,10.43,Frame Moulding,392,5.23,N,N,N
223148,"W1 KYOTO GREY 3/4""",0.75,FT,720472139182,6.45,9.43,10.43,Frame Moulding,162,5.23,N,N,N
22412,"F-18 11/16"" Brads 5000/Box",0,EA,NULL,17.62,0,0,Supplies,0,0,N,N,N
224963,"W1 PETITE GOLD 3/4""",0.75,FT,720472160490,8.17,12.25,13.25,Frame Moulding,460,5.22,N,N,N
224965,"W1 PETITE BLACK 3/4""",0.75,FT,720472160506,6.64,10.56,11.56,Frame Moulding,470,4.69,N,N,N
224967,"W1 PETITE SILVER 3/4""",0.75,FT,720472160513,6.44,11.43,12.43,Frame Moulding,470,5.05,N,N,N
225482,"W0 JASPER BLACK CAP 5/8""",0.625,FT,720472199155,2.96,4.39,5.39,Frame Moulding,216,1.96,N,N,N
225484,"W0 JASPER WHITE CAP 5/8""",0.625,FT,720472199162,3.31,5.02,6.02,Frame Moulding,216,2,N,N,N
226180,"W1 HUDSON GOLD SCOOP 13/16""",0.8125,FT,720472172653,4.58,7.82,8.82,Frame Moulding,216,2.75,N,N,N
226190,"W1 HUDSON SILVER SCOOP 13/16""",0.8125,FT,720472172660,4.46,7.62,8.62,Frame Moulding,216,2.7,N,N,N
226210,W1 HUDSON II BLK SCOOP 13/16,0.8125,FT,720472183758,4.31,7.35,8.35,Frame Moulding,203,2.63,N,N,N
227276,"W0 MILO MAPLE MED CAP 3/4""",0.75,FT,720472199469,5.21,6.8,7.8,Frame Moulding,390,3.81,N,N,N
227277,"W0 MILO WALNUT MED CAP 3/4""",0.75,FT,720472199506,5.21,6.8,7.8,Frame Moulding,392,3.81,N,N,N
227278,W0 MILO CERUSED OAK MD CAP 3/4,0.75,FT,720472199544,4.91,6.42,7.42,Frame Moulding,392,3.59,N,N,N
227516,"W0 ANSLEY CHERRY SM CAP 3/4""",0.75,FT,720472144346,5.11,7.8,8.8,Frame Moulding,214,3.24,N,N,N
227517,"W0 ANSLEY COFFEE SM CAP 3/4""",0.75,FT,720472144353,5.21,7.96,8.96,Frame Moulding,221,3.3,N,N,N
227519,"W0 ANSLEY MAHOGANY SM CAP 3/4""",0.75,FT,720472144377,4.99,7.6,8.6,Frame Moulding,216,3.16,N,N,N
227526,"W0 ANSLEY BLACK SM CAP 3/4""",0.75,FT,720472180030,4.89,7.5,8.5,Frame Moulding,216,2.25,N,N,N
22907,Dexter #3 Blades for 22905 (5),0,BX,720472202169,37.98,0,0,Supplies,0,0,N,N,N
22914,*Rapid 23 HDuty Canvas Stapler,0,EA,720472218085,41.46,0,0,Equipment,0,0,N,N,N
22919,Burnishing Bone,0,EA,720472202206,20.01,0,0,Equipment,0,0,N,N,N
229602,"W1 WALNUT BURL/REV 7/8""",0.8125,FT,720472126380,7.75,11.13,12.13,Frame Moulding,500,4.85,N,N,N
230130,"W1 PETITE SILVER SLANT 3/4""",0.75,FT,720472172400,7.28,11.91,12.91,Frame Moulding,336,5.35,N,N,N
230132,"W1 PETITE BLACK SLANT 3/4""",0.75,FT,720472172424,7.28,11.11,12.11,Frame Moulding,230,5.49,N,N,N
230285,W1 TRIBECA SM.TRAD. W/BEAD 7/8,0.8125,FT,720472139731,3.25,5.65,6.65,Frame Moulding,114,2.44,N,N,N
230286,W1 WHITE SM.TRAD. W/BEAD 7/8,0.8125,FT,720472142632,3.55,6.17,7.17,Frame Moulding,114,2.35,N,N,N
231482,"W1 JASPER BLACK SHADOWBOX 1""",1,FT,720472199254,9.02,10.29,11.29,Frame Moulding,162,6.37,N,N,N
231484,"W1 JASPER WHITE SHADOWBOX 1""",1,FT,720472199261,9.2,10.5,11.5,Frame Moulding,162,6.82,N,N,N
23212,Gold Putty 2 oz.,0,EA,720472202367,20.17,0,0,Supplies,0,0,N,N,N
23213,Dark Gold Putty 2 oz.,0,EA,720472202374,19.99,0,0,Supplies,0,0,N,N,N
23214,Silver Putty 2 oz.,0,EA,720472202381,19.55,0,0,Supplies,0,0,N,N,N
23215,Black Putty 2 oz.,0,EA,720472202398,21.04,0,0,Supplies,0,0,N,N,N
23216,White Putty 2 oz.,0,EA,720472202404,21.02,0,0,Supplies,0,0,N,N,N
23220,Dark Walnut Putty 2 oz.,0,EA,NULL,21.08,0,0,Supplies,0,0,N,N,N
23225,Walnut Putty  2 oz.,0,EA,NULL,21.04,0,0,Supplies,0,0,N,N,N
232403,"W0 WHITMAN SILVER CAP 3/4""",0.75,FT,720472181525,10.96,13.51,14.51,Frame Moulding,162,7.65,N,N,N
233680,"W0 ARTIFACT ANT GREY CD 7/8""",0.875,FT,720472142342,10.12,14.78,15.78,Frame Moulding,240,8.21,N,N,N
234927,"W1 PETITE GOLD 13/16""",0.8125,FT,720472160575,6.84,12.31,13.31,Frame Moulding,218,5.38,N,N,N
234929,"W1 PETITE BLACK 13/16""",0.8125,FT,720472160599,6.66,12,13,Frame Moulding,230,5.24,N,N,N
235556,"W1 FERROSA BRONZE 3/4""",0.8125,FT,720472146562,6.83,10.34,11.34,Frame Moulding,345,4.07,N,N,N
236350,"W1 BROOKLYN BLK W/GRVS 13/16""",0.8125,FT,720472163163,2.69,5.23,6.23,Frame Moulding,285,1.68,N,N,N
236351,"BROOKLYN WHT W/GRVS 13/16""",0.8125,FT,720472197564,2.69,5.23,6.23,Frame Moulding,285,1.68,N,N,N
23700,Basic Gray Touch Up Marker,0,EA,NULL,8.51,0,0,Supplies,0,0,N,N,N
23701,Black Touch-Up Marker,0,EA,NULL,8.51,0,0,Supplies,0,0,N,N,N
23702,Light Oak Touch-Up Marker,0,EA,NULL,8.51,0,0,Supplies,0,0,N,N,N
23703,Medium Oak Touch-Up Marker,0,EA,NULL,8.51,0,0,Supplies,0,0,N,N,N
23704,Dark Oak Touch-Up Marker,0,EA,NULL,8.51,0,0,Supplies,0,0,N,N,N
23709,Walnut/Mahogany Touch-Up Markr,0,EA,NULL,8.51,0,0,Supplies,0,0,N,N,N
23710,Dark Walnut Touch-Up Markr,0,EA,NULL,8.51,0,0,Supplies,0,0,N,N,N
237904,"W1 METALIA BLACK 3/4""",0.75,FT,720472129886,3.71,5.43,6.43,Frame Moulding,472,3.01,N,N,N
237905,"W1 METALIA SILVER 3/4""",0.75,FT,720472129893,3.71,5.43,6.43,Frame Moulding,472,3.01,N,N,N
237906,"W1 METALIA GOLD 3/4""",0.75,FT,720472129909,3.71,5.43,6.43,Frame Moulding,440,3.01,N,N,N
237907,"W1 METALIA CHAMPAGNE 3/4""",0.75,FT,720472129916,3.71,5.43,6.43,Frame Moulding,472,3.01,N,N,N
237908,"W1 METALIA BRASS 3/4""",0.75,FT,720472129923,3.71,5.43,6.43,Frame Moulding,472,3.01,N,N,N
237909,"W1 METALIA II GUNMETAL 3/4""",0.75,FT,720472196864,3.55,5.68,6.68,Frame Moulding,456,2.88,N,N,N
23802,Picture Wire Caddy,0,EA,720472202619,20.72,0,0,Supplies,0,0,N,N,N
23812,No. 2 Picture Wire/1350' Spool,0,EA,720472202626,51.06,0,0,Supplies,0,0,N,N,N
238120,"W1 DRESDEN BLACK 15/16""",0.9375,FT,720472163408,10.33,14.18,15.18,Frame Moulding,285,6.81,N,N,N
23813,No. 3 Picture Wire/1000' Spool,0,EA,720472202633,47.03,0,0,Supplies,0,0,N,N,N
23814,No. 4 Picture Wire/750' Spool,0,EA,720472200899,44.42,0,0,Supplies,0,0,N,N,N
23816,No. 6 Picture Wire/575' Spool,0,EA,720472202640,43.45,0,0,Supplies,0,0,N,N,N
23833,No. 3 Plastic Coated Wire,0,EA,720472202718,60.98,0,0,Supplies,0,0,N,N,N
23834,No. 4 Plastic Coated Wire,0,EA,720472202725,60.85,0,0,Supplies,0,0,N,N,N
23836,Super Max Plastic Coated Wire,0,EA,720472202732,56.64,0,0,Supplies,0,0,N,N,N
23853,No. 3 Super Softstrand,0,EA,720472216227,39.83,0,0,Supplies,0,0,N,N,N
23854,No. 4 Super Softstrand,0,EA,720472216234,39.83,0,0,Supplies,0,0,N,N,N
23856,No. 5 Super Softstrand,0,EA,720472216241,37.35,0,0,Supplies,0,0,N,N,N
23858,No. #6 Super Softstrand,0,EA,NULL,39.82,0,0,Supplies,0,0,N,N,N
23860,No. 8 Super Softstrand,0,EA,NULL,39.24,0,0,Supplies,0,0,N,N,N
239680,"W0 ARTIFACT ANT GREY CR 7/8""",0.875,FT,720472142359,10.24,14.95,15.95,Frame Moulding,220,8.3,N,N,N
24000,211 1/2 Screw Eye/Short Shank,0,EA,NULL,11.87,0,0,Supplies,0,0,N,N,N
24011,Super Steel I Hangers (200),0,EA,720472204392,26.24,0,0,Supplies,0,0,N,N,N
24013,Super Steel II Hangers (200),0,EA,720472204408,58.2,0,0,Supplies,0,0,N,N,N
24014,WallBuddies Metal Bulk,0,EA,NULL,45.91,0,0,Supplies,0,0,N,N,N
24015,WallBuddies Wood Small Bulk,0,EA,NULL,44.13,0,0,Supplies,0,0,N,N,N
24016,WallBuddies Wood Large Bulk,0,EA,NULL,46.08,0,0,Supplies,0,0,N,N,N
24021,Single-Screw Strap Hangers/100,0,EA,720472202831,14.05,0,0,Supplies,0,0,N,N,N
24023,Double-Screw Strap Hangers/100,0.625,EA,720472202848,22.02,0,0,Supplies,0,0,N,N,N
24025,2 Hole Mirror Hangers 100/bag,0.875,EA,720472208086,31.41,0,0,Supplies,0,0,N,N,N
24026,Three-Hole Wide Strap Hangers,0,EA,NULL,28.37,0,0,Supplies,0,0,N,N,N
24027,Single-Screw Hvy Duty Hangers,0,EA,NULL,25.31,0,0,Supplies,0,0,N,N,N
24036,Kwik Foamboard Hangers 100/bag,0,EA,720472204439,9.44,0,0,Supplies,0,0,N,N,N
24041,Metal Security Polybag,0,EA,720472204446,2.09,0,0,Supplies,0,0,N,N,N
24045,Wood Security Polybag,0,EA,720472204453,2.25,0,0,Supplies,0,0,N,N,N
240452,"W1 MUSEO GOLD 1 1/16""",1.0625,FT,720472196574,3.25,5.2,6.2,Frame Moulding,360,2.63,N,N,N
240453,"W1 MUSEO SILVER 1 1/16""",1.0625,FT,720472196581,3.25,5.2,6.2,Frame Moulding,360,2.63,N,N,N
240454,"W1 MUSEO BLACK 1 1/16""",1.0625,FT,720472196598,3.04,4.86,5.86,Frame Moulding,360,2.46,N,N,N
24047,Bulk Wood Security Hangers,0,EA,720472208178,107.25,0,0,Supplies,0,0,N,N,N
24050,"4 x 1/2"" Flat Head screw 100pk",0,EA,720472218214,2.47,0,0,Supplies,0,0,N,N,N
24051,Wrench for Security Hangers,0,EA,720472204460,2.14,0,0,Supplies,0,0,N,N,N
24052,"4 x 3/4"" Flat Head screw 100",0,EA,NULL,3.56,0,0,Supplies,0,0,N,N,N
24054,"6 x 1/2""Flat Head screw 100pk",0,EA,NULL,3.74,0,0,Supplies,0,0,N,N,N
24056,"6 x 3/8"" Pan Head screw 100pk",0,EA,720472218245,3.52,0,0,Supplies,0,0,N,N,N
24058,"6 x 1/2"" Pan Head screw 100pk",0,EA,720472218252,5.37,0,0,Supplies,0,0,N,N,N
24060,"8 x 1/2"" Pan Head screw 100pk",0,EA,NULL,6.26,0,0,Supplies,0,0,N,N,N
241240,"W1 KOMODO RED SM CAP 3/4""",0.75,FT,720472182577,5.26,7.37,8.37,Frame Moulding,360,3.67,N,N,N
241250,"W1 KOMODO BLACK SM CAP 3/4""",0.75,FT,720472182584,5.31,7.46,8.46,Frame Moulding,360,3.7,N,N,N
242250,W1 ANDOVER PETITE BLACK 5/8,0.625,FT,720472183123,5.57,7.27,8.27,Frame Moulding,934,3.22,N,N,N
242260,W1 ANDOVER PETITE WHITE 5/8,0.625,FT,720472183130,5.57,7.27,8.27,Frame Moulding,916,3.15,N,N,N
242270,W1 ANDOVER PETITE SILVER 5/8,0.625,FT,720472183147,5.57,7.27,8.27,Frame Moulding,642,3.02,N,N,N
242290,W1 ANDOVER PETITE SUEDE 5/8,0.625,FT,720472183161,5.57,7.27,8.27,Frame Moulding,941,3.02,N,N,N
24306,LJ Hangers 30# 100 bags/box,0,EA,720472202947,55.68,0,0,Supplies,0,0,N,N,N
243500,"W1 ALTO BLK CAP 13/16""",0.8125,FT,720472184250,4.35,7.04,8.04,Frame Moulding,350,2.42,N,N,N
243510,"W1 ALTO WHT CAP 13/16""",0.8125,FT,720472184304,4.35,7.04,8.04,Frame Moulding,354,2.42,N,N,N
244500,"W1 ALTO BLK 13/16""",0.875,FT,720472184281,3.34,5.88,6.88,Frame Moulding,432,1.98,N,N,N
244510,"W1 ALTO WHT 13/16""",0.875,FT,720472184335,3.34,5.88,6.88,Frame Moulding,470,1.98,N,N,N
24502,10 lb. Courtesy Hangers 100/pk,0,EA,NULL,12.86,0,0,Supplies,0,0,N,N,N
24504,20 lb. Courtesy Hangers 100/pk,0,EA,720472203173,17.64,0,0,Supplies,0,0,N,N,N
24506,30 lb. Courtesy Hangers 100/pk,0,EA,720472203180,19,0,0,Supplies,0,0,N,N,N
245150,"W1 SPENCER GOLD CAP    3/4""",0.75,FT,720472184076,4.57,6.25,7.25,Frame Moulding,360,3.11,N,N,N
245151,"W1 SPENCER SIL/BRN CAP 3/4""",0.75,FT,720472184083,4.55,6.23,7.23,Frame Moulding,282,3.11,N,N,N
245152,"W1 SPENCER SIL/BLK CAP 3/4""",0.75,FT,720472184090,4.6,6.29,7.29,Frame Moulding,360,3.13,N,N,N
245153,"W1 SPENCER II SIL CAP 3/4""",0.75,FT,720472198875,4.68,6.37,7.37,Frame Moulding,310,3.17,N,N,N
245154,"W1 SPENCER II GOLD CAP 3/4""",0.75,FT,720472198943,4.68,6.37,7.37,Frame Moulding,282,3.17,N,N,N
24519,**FLETCHR Easel Mate (12 Pack),0,EA,720472211918,32.21,0,0,Supplies,0,0,N,N,N
246350,"W1 BROOKLYN BLK DOME 7/8""",0.875,FT,720472163170,2.77,5.39,6.39,Frame Moulding,285,1.73,N,N,N
247192,"W1 DOMUS CHMPGNE SLANT 1 1/8""",1.0625,FT,720472177689,9.43,13.09,14.09,Frame Moulding,262,6.23,N,N,N
247194,"W1 DOMUS SILVER SLANT 1 1/8""",1.0625,FT,720472177696,8.04,12.25,13.25,Frame Moulding,216,5.34,N,N,N
24801,S-1 Large Turnbuttons w/screws,0,EA,720472200905,14.62,0,0,Supplies,0,0,N,N,N
24803,S-12 Small Turnbuttons w/screw,0,EA,720472203197,15.41,0,0,Supplies,0,0,N,N,N
24808,"Single Canvas Offset 1""",0,EA,NULL,17.15,0,0,Supplies,0,0,N,N,N
24809,"Single Canvas Offset 3/4""",0,EA,NULL,12.19,0,0,Supplies,0,0,N,N,N
24811,"1/8"" Offsets + Screws 100/pkg.",0,EA,720472203203,9.83,0,0,Supplies,0,0,N,N,N
24813,"1/4"" Offsets + Screws 100/pkg.",0,EA,720472203210,9.83,0,0,Supplies,0,0,N,N,N
24815,"3/8"" Offsets + Screws 100/pkg.",0,EA,720472203227,11.91,0,0,Supplies,0,0,N,N,N
248150,"W1 SPENCER GOLD TALL CAP 3/4""",0.75,FT,720472184106,4.98,6.8,7.8,Frame Moulding,240,3.44,N,N,N
248151,"W1 SPENCER SIL/BRN LG/CAP 3/4""",0.75,FT,720472184113,5,6.54,7.54,Frame Moulding,264,3.01,N,N,N
248153,"W1 SPENCER II SIL LG/CAP 3/4""",0.75,FT,720472198882,6.29,8.56,9.56,Frame Moulding,300,4.27,N,N,N
248154,W1 SPENCER II GLD TALL CAP 3/4,0.75,FT,720472198950,6.29,8.56,9.56,Frame Moulding,240,4.27,N,N,N
24817,"1/2"" Offsets + Screws 100/pkg.",0,EA,720472203234,11.91,0,0,Supplies,0,0,N,N,N
24830,"1 1/2"" 4-Hole Corner Angle 4pk",0,EA,720472218313,3.15,0,0,Supplies,0,0,N,N,N
24832,"2"" 4-Hole Corner Angle 4pk",0,EA,720472218320,3.05,0,0,Supplies,0,0,N,N,N
249500,"W1 FINN DEEP 3/4"" LIP CAP BLK",0.75,FT,720472193511,5.85,8.17,9.17,Frame Moulding,235,4.13,N,N,N
249510,"W1 FINN DEEP 3/4"" LIP CAP NAT",0.75,FT,720472193528,5.75,8.01,9.01,Frame Moulding,235,4.03,N,N,N
249520,"W1 FINN DEEP 3/4"" LIP CAP ESPR",0.75,FT,720472193535,5.75,8.01,9.01,Frame Moulding,255,3.98,N,N,N
250200,"W1 AURA SM BEVEL NIMBUS  1""",1,FT,720472191623,5.74,9.93,10.93,Frame Moulding,162,4.01,N,N,N
25201,3M Brown Bumpons 1000/box,0,EA,NULL,95.73,0,0,Supplies,0,0,N,N,N
25203,3M Clear Bumpons 1000/box,0,EA,70070578953,94.34,0,0,Supplies,0,0,N,N,N
25205,3M Half-Round Clear Bumpons,0,EA,NULL,93.95,0,0,Supplies,0,0,N,N,N
25211,"3/8"" Felt Pad Bumpers (1000)",0,EA,720472203296,37.44,0,0,Supplies,0,0,N,N,N
25213,"5/8"" Felt Pad Bumpers (1000)",0,EA,720472203302,48.22,0,0,Supplies,0,0,N,N,N
25219,LJ Large Clear Bumpers 1000/bx,0,EA,NULL,44.34,0,0,Supplies,0,0,N,N,N
252234,"W1 MODERNE GOLD ROUND 13/16""",0.8125,FT,720472196819,4.05,5.86,6.86,Frame Moulding,360,2.7,N,N,N
252236,"W1 MODERNE SILV ROUND 13/16""",0.8125,FT,720472196826,4.05,5.86,6.86,Frame Moulding,360,2.7,N,N,N
253206,"W0 SHOJI DK WAL SM CAP 3/4""",0.75,FT,720472199599,2.68,3.5,4.5,Frame Moulding,360,1.96,N,N,N
253208,"W0 SHOJI EB WAL SM CAP 3/4""",0.75,FT,720472199605,2.68,3.5,4.5,Frame Moulding,431,1.96,N,N,N
25404,"5x7 Easel Back with 5/8"" drop",0,EA,NULL,3.21,0,0,Supplies,0,0,N,N,N
25406,"8x10 Easel Back with 5/8"" drop",0,EA,NULL,3.68,0,0,Supplies,0,0,N,N,N
25408,"11x14 Easel Back w/ 5/8"" drop",0,EA,NULL,6.17,0,0,Supplies,0,0,N,N,N
254904,"W1 METALIA BLACK TALL CAP 3/4""",0.75,FT,720472129930,6.01,8.79,9.79,Frame Moulding,236,4.88,N,N,N
254905,"W1 METALIA SILVER TL CAP 3/4""",0.75,FT,720472129947,6.01,8.79,9.79,Frame Moulding,236,4.88,N,N,N
254906,"W1 METALIA GOLD TALL CAP 3/4""",0.75,FT,720472129954,6.01,8.79,9.79,Frame Moulding,209,4.88,N,N,N
254907,"W1 METALIA CHAMPAGNE CAP 3/4""",0.75,FT,720472129961,6.01,8.79,9.79,Frame Moulding,236,4.88,N,N,N
254908,"W1 METALIA BRASS TALL CAP 3/4""",0.75,FT,720472129978,6.01,8.79,9.79,Frame Moulding,236,4.88,N,N,N
254909,W1 METALIA II GMETAL LG CP 3/4,0.75,FT,720472196895,5.76,9.21,10.21,Frame Moulding,236,4.67,N,N,N
255482,"W1 JASPER BLK SHADOWBOX XL 1""",1,FT,720472199278,9.33,11.67,12.67,Frame Moulding,108,7.43,N,N,N
255484,"W1 JASPER WHT SHADOWBOX XL 1""",1,FT,720472199285,9.68,12.15,13.15,Frame Moulding,108,7.72,N,N,N
256350,"W1 BROOKLYN BLK EASTR I 13/16""",0.8125,FT,720472163187,4.97,8.3,9.3,Frame Moulding,152,3.11,N,N,N
258602,W2 CARNIVALE FLA PINACOL 1 1/4,1.25,FT,720472197397,4.96,9.91,10.91,Frame Moulding,264,3.57,N,N,N
258603,W2 CARNIVALE FLAT GD SUN 1 1/4,1.25,FT,720472197403,4.97,9.93,10.93,Frame Moulding,209,3.48,N,N,N
258604,W2 CARNIVALE FLAT HB PNK 1 1/4,1.25,FT,720472197410,4.83,9.67,10.67,Frame Moulding,339,3.38,N,N,N
258605,W2 CARNIVALE FLAT CH RED 1 1/4,1.25,FT,720472197427,4.98,9.96,10.96,Frame Moulding,300,3.5,N,N,N
258608,W2 CARNIVALE FLAT RF BLU 1 1/4,1.25,FT,720472197441,4.93,9.89,10.89,Frame Moulding,220,3.53,N,N,N
258609,W2 CARNIVALE FLAT SEA BL 1 1/4,1.25,FT,720472197458,4.97,9.94,10.94,Frame Moulding,247,3.57,N,N,N
258610,W2 CARNIVALE FLAT COF BN 1 1/4,1.25,FT,720472197465,4.99,10.01,11.01,Frame Moulding,310,3.57,N,N,N
259405,"Lars 1 9/16"" Panel Antque Slvr",1.5625,FT,720472198455,5.3,7.74,8.74,Frame Moulding,198,3.48,N,N,N
259406,"Lars 1 9/16"" Panel Antque Gold",1.5625,FT,720472198462,5.34,7.8,8.8,Frame Moulding,198,3.51,N,N,N
26021,Arlo Spacer 1/8 Black 100',0,EA,720472204149,48.12,0,0,Supplies,0,0,N,N,N
26023," Arlo Spacer 1/8"" Smoke 100'",0,EA,720472218368,48.12,0,0,Supplies,0,0,N,N,N
26025,Arlo Spacer 1/8 Clear 100',0,EA,720472204156,48.12,0,0,Supplies,0,0,N,N,N
26031,"Arlo Spacer 1/4"" Black 50'",0,EA,720472204200,34.46,0,0,Supplies,0,0,N,N,N
26033," Arlo Spacer 1/4"" Smoke 50'",0,EA,720472204163,34.46,0,0,Supplies,0,0,N,N,N
26035,"Arlo Spacer 1/4"" Clear 50'",0,EA,720472204170,34.46,0,0,Supplies,0,0,N,N,N
26070,"EconoSpace 1/16"" Clear 100'",0,EA,NULL,46.2,0,0,Supplies,0,0,N,N,N
261240,"W1 KOMODO RED TALL CAP 1""",1.0625,FT,720472182591,6.47,9.8,10.8,Frame Moulding,171,4.49,N,N,N
26202,Small Strainer stock,1.1875,FT,720472141291,1.7,3.13,4.13,Frame Moulding,570,1.07,N,N,N
26204,Medium Strainer Stock,1.625,FT,720472141307,2.75,4.58,5.58,Frame Moulding,374,1.47,N,N,N
26206,Large Strainer Stock,2.25,FT,720472141314,4.34,6.34,7.34,Frame Moulding,133,2.38,N,N,N
26208,"EZ-Bar, Regular, 24 ft./tube",0,EA,720472218375,60.2,0,0,Supplies,0,0,N,N,N
26210,"EZ-Bar, Super, 24 ft./tube",0,EA,720472218382,69.22,0,0,Supplies,0,0,N,N,N
262407,"Lars 1 3/4"" Ripple Black",1.75,FT,720472198479,6.97,10.12,11.12,Frame Moulding,180,4.78,N,N,N
26406,L-J Printweights (Brown),0,EA,720472211956,74.6,0,0,Supplies,0,0,N,N,N
26407,"Stitchery Tape 1 1/2"" x 60 yds",0,EA,720472211963,64.79,0,0,Supplies,0,0,N,N,N
264970,"W1 PETITE BRUSHED NICKEL 3/4""",0.75,FT,720472198554,4.93,8.78,9.78,Frame Moulding,331,3.81,N,N,N
264971,"W1 PETITE BRUSHED BRASS 3/4""",0.75,FT,720472198561,4.93,8.78,9.78,Frame Moulding,330,3.83,N,N,N
264972,"W1 PETITE BRUSHED BRONZE 3/4""",0.75,FT,720472198578,4.93,8.78,9.78,Frame Moulding,275,3.83,N,N,N
264973,"W1 PETITE BRUSHED STEEL 3/4""",0.75,FT,720472198585,4.93,8.78,9.78,Frame Moulding,275,3.81,N,N,N
265974,"W1 PETITE GOLD PANEL 7/8""",0.875,FT,720472198592,4.82,8.57,9.57,Frame Moulding,268,3.75,N,N,N
265975,"W1 PETITE SILVER PANEL 7/8""",0.875,FT,720472198608,4.81,8.56,9.56,Frame Moulding,275,3.71,N,N,N
265976,"W1 PETITE PEWTER PANEL 7/8""",0.875,FT,720472198615,4.81,8.56,9.56,Frame Moulding,275,3.74,N,N,N
265977,"W1 PETITE BRONZE PANEL 7/8""",0.875,FT,720472198622,4.82,8.57,9.57,Frame Moulding,275,3.74,N,N,N
266900,"W1 LISBON AGED HONEY REV 7/8""",0.8125,FT,720472158299,9.53,12.79,13.79,Frame Moulding,591,5.93,N,N,N
266902,"W1 LISBON AGED WALNUT REV 7/8""",0.8125,FT,720472158312,9.53,12.79,13.79,Frame Moulding,589,5.93,N,N,N
266903,"W1 LISBON AGED BLACK REV 7/8""",0.8125,FT,720472158329,9.52,12.79,13.79,Frame Moulding,591,5.93,N,N,N
267975,"W1 PETITE SILVER BEVEL 13/16""",0.8125,FT,720472198646,5.15,9.17,10.17,Frame Moulding,236,4.03,N,N,N
267976,"W1 PETITE PEWTER BEVEL 13/16""",0.8125,FT,720472198653,5.16,9.21,10.21,Frame Moulding,236,4.04,N,N,N
267977,"W1 PETITE BRONZE BEVEL 13/16""",0.8125,FT,720472198660,5.14,9.17,10.17,Frame Moulding,236,4.03,N,N,N
269240,"W1 LANCASTER GREY CAP 13/16""",0.8125,FT,720472173308,8.73,12.41,13.41,Frame Moulding,275,5.16,N,N,N
269250,"W1 LANCASTER TAN CAP 13/16""",0.8125,FT,720472173315,8.98,13.39,14.39,Frame Moulding,314,5.81,N,N,N
269260,"W1 LANCASTER BLACK CAP 13/16""",0.8125,FT,720472173322,8.73,12.41,13.41,Frame Moulding,350,5.15,N,N,N
270706,"W2 OLSEN MAPLE FLAT 1 1/2""",1.5,FT,720472199698,5.75,8,9,Frame Moulding,235,3.66,N,N,N
270708,"W2 OLSEN OAK FLAT 1 1/2""",1.5,FT,720472199704,5.75,8,9,Frame Moulding,235,3.66,N,N,N
271153,"W1 SPENCER SIL SLOPE 3/4""",0.75,FT,720472198899,6.3,8.58,9.58,Frame Moulding,310,4.28,N,N,N
271154,"W1 SPENCER II GOLD SLOPE 3/4""",0.75,FT,720472198967,6.3,8.58,9.58,Frame Moulding,320,4.28,N,N,N
272110,"W1 Cumberland 3/4""Cap Whte Oak",0.75,FT,720472195775,8.79,13.23,14.23,Frame Moulding,177,6.11,N,N,N
272111,"W1 Cumberland 3/4"" Cap Cherry",0.75,FT,720472195782,6.35,9.55,10.55,Frame Moulding,240,4.41,N,N,N
272112,"W1 Cumberland 3/4"" Cap Cherry",0.75,FT,720472195799,6.73,10.09,11.09,Frame Moulding,220,4.66,N,N,N
272113,"W1 Cumberland II 3/4"" Cap",0.75,FT,720472196499,10.78,17.1,18.1,Frame Moulding,209,7.48,N,N,N
272310,"HANS WISHBONE CAP 3/4""",0.75,FT,720472198370,4.93,7.91,8.91,Frame Moulding,274,3.54,N,N,N
272311,"HANS HARE CAP 3/4""",0.75,FT,720472198387,4.95,7.92,8.92,Frame Moulding,274,3.46,N,N,N
272312,"HANS MUSKRAT CAP 3/4""",0.75,FT,720472198394,4.95,7.93,8.93,Frame Moulding,274,3.5,N,N,N
272313,"HANS PHEASANT CAP 3/4""",0.75,FT,720472198400,4.93,7.91,8.91,Frame Moulding,274,3.52,N,N,N
272710,"ALDEN EBON WALNUT CAP 3/4""",0.75,FT,720472199834,7.84,12.54,13.54,Frame Moulding,180,6.36,N,N,N
272712,"ALDEN DK WALNUT CAP 3/4""",0.75,FT,720472199841,7.84,12.54,13.54,Frame Moulding,210,6.36,N,N,N
274110,"W1 Alloy 3/4"" Cap Rev Bevel",0.75,FT,720472196161,5.18,8.65,9.65,Frame Moulding,370,4.09,N,N,N
274111,"W1 Alloy 3/4"" Cap Rev Bevel GU",0.75,FT,720472196178,5.89,8.61,9.61,Frame Moulding,295,4.13,N,N,N
274112,"W1 Alloy 3/4"" Cap Rev Bevel",0.75,FT,720472196185,6.07,8.86,9.86,Frame Moulding,274,4.26,N,N,N
274113,"W1 Alloy 3/4"" Cap Rev Bevel",0.75,FT,720472196192,5.96,8.7,9.7,Frame Moulding,264,4.16,N,N,N
275870,W2 COLOSSEUM II ST PEWTR 1 1/2,1.5,FT,720472199353,8.95,13.04,14.04,Frame Moulding,109,6.27,N,N,N
275871,W2 COLOSSEUM II TARN SIL 1 1/2,1.5,FT,720472199360,8.95,13.04,14.04,Frame Moulding,109,6.27,N,N,N
275872,W2 COLOSSEUM II MOON GLD 1 1/2,1.5,FT,720472199377,8.95,13.04,14.04,Frame Moulding,109,6.27,N,N,N
275874,W2 COLOSSEUM II TITANIUM 1 1/2,1.5,FT,720472199384,8.95,13.04,14.04,Frame Moulding,109,6.27,N,N,N
275876,W2 COLOSSEUM II STEEL BL 1 1/2,1.5,FT,720472199391,8.95,13.04,14.04,Frame Moulding,109,6.27,N,N,N
275877,"W2 COLOSSEUM CP BL OXID 1 1/2""",1.5,FT,720472197229,8.95,13.04,14.04,Frame Moulding,109,6.27,N,N,N
277605,"W0 AXEL ANT CHESTNUT CAP 3/4""",0.75,FT,720472181310,13.58,15.63,16.63,Frame Moulding,320,8.74,N,N,N
277610,"W0 AXEL SMOKED TIMBER CAP 3/4""",0.75,FT,720472181327,13.57,15.62,16.62,Frame Moulding,235,8.72,N,N,N
28001,TV PREMIUM GLASS CLEANER 26oz,0,CS,NULL,66.89,0,0,Supplies,0,0,N,N,N
28002,Sprayway Glass Cleaner,0,CS,720472203777,48.7,0,0,Supplies,0,0,N,N,N
28006,Kaydry Wipes,0,EA,720472203784,16.73,0,0,Supplies,0,0,N,N,N
28008,Larson-Juhl Super Wipes,0,EA,720472203791,14.36,0,0,Supplies,0,0,N,N,N
281320,"W1 HARLOW TALL SLANT MIRROR 1""",1,FT,720472180856,10.13,14.28,15.28,Frame Moulding,295,7.67,N,N,N
28136,*Glass Handling Gloves Small,0,EA,NULL,8.85,0,0,Supplies,0,0,N,N,N
28138,*Glass Handling Gloves Large,0,EA,NULL,8.85,0,0,Supplies,0,0,N,N,N
282212,"W2 SENELAR 1"" NOUVEAU",1.0625,FT,720472140041,18.46,24.69,25.69,Frame Moulding,235,12.27,N,N,N
284712,"W1 ALLEGRA ANTIQUE GOLD 3/4""",0.75,FT,720472127271,5.53,8.47,9.47,Frame Moulding,297,3.74,N,N,N
284714,"W1 ALLEGRA ANTIQUE SILVER 3/4""",0.75,FT,720472127288,5.53,8.47,9.47,Frame Moulding,324,3.74,N,N,N
287615,"W1 EASTLAKE BLACK 7/8""",0.875,FT,720472128223,3.46,4.86,5.86,Frame Moulding,162,1.78,N,N,N
28812,"36"" Brown Kraft Paper",0,EA,720472208789,60.31,0,0,Supplies,0,0,N,N,N
28813,"36"" Black Kraft Paper",0,EA,720472212045,92.44,0,0,Supplies,0,0,N,N,N
28815,"24"" Brown Kraft Paper",0,EA,720472216531,48.04,0,0,Supplies,0,0,N,N,N
28817,"48"" Brown Kraft Paper",0,EA,NULL,72.75,0,0,Supplies,0,0,N,N,N
288615,"W1 ANVIL BOLTED STEEL 3/4""",0.6875,FT,720472181419,8.8,11.54,12.54,Frame Moulding,589,5.95,N,N,N
288620,"W1 ANVIL REBAR AGED STEEL 3/4""",0.6875,FT,720472181426,8.8,11.54,12.54,Frame Moulding,488,5.97,N,N,N
289630,"W1 ANVIL II ENHNCR 3/4"" OIL ST",0.6875,FT,720472182485,8.41,10.85,11.85,Frame Moulding,330,5.81,N,N,N
29002,"Plastic Bags 16.5"" x 21"" (575)",0,EA,720472218771,69.04,0,0,Supplies,0,0,N,N,N
29006,"Plastic Bags 24.5""x36.5"" (320)",0,EA,720472218788,75.11,0,0,Supplies,0,0,N,N,N
29007,"Plastic Bags 36"" x 48"" (325)",0,EA,720472203876,156.89,0,0,Supplies,0,0,N,N,N
29008,"Plastic Bags 44"" x 66"" (200)",0,EA,NULL,165.35,0,0,Supplies,0,0,N,N,N
29076," 50-lb. Courtesy Hangers, 1000",0,EA,NULL,86.57,0,0,Supplies,0,0,N,N,N
29080," 4 x 5 Easel Back with 5/8""",0,EA,NULL,2.99,0,0,Supplies,0,0,N,N,N
291615,"W0 ANVIL BOLTED STEEL CAP 3/4""",0.6875,FT,720472181433,11.74,13.86,14.86,Frame Moulding,274,8.12,N,N,N
291BDG,W1 291BDG 3/4,0.8125,FT,720472100861,6.68,9.72,10.72,Frame Moulding,285,3.85,N,N,N
29206,No. 3 Cardboard Corners (200),0,EA,720472208703,52.29,0,0,Supplies,0,0,N,N,N
292630,"W1 ANVIL II CAP 3/4"" OILD STL",0.6875,FT,720472182492,11.35,12.96,13.96,Frame Moulding,174,7.89,N,N,N
294110,"W1 Alloy 1"" Cap Rev Bevel",1,FT,720472196208,8.18,11.97,12.97,Frame Moulding,190,5.75,N,N,N
294112,"W1 Alloy 1"" Cap Rev Bevel GOLD",1,FT,720472196222,8.17,11.94,12.94,Frame Moulding,150,5.74,N,N,N
294113,"W1 Alloy 1"" Cap Rev Bevel ChMP",1,FT,720472196239,8.14,11.93,12.93,Frame Moulding,172,5.74,N,N,N
294526,"W0 ANSLEY BLACK LG CAP 3/4""",0.75,FT,720472180047,5.59,8.84,9.84,Frame Moulding,130,3.07,N,N,N
296350,"W1 BROOKLYN BLK DOME  1""",1,FT,720472163279,3,5.46,6.46,Frame Moulding,180,1.91,N,N,N
296351,"BROOKLYN WHITE DOME 1""",1,FT,720472197571,3,5.46,6.46,Frame Moulding,247,1.91,N,N,N
297602,"W1 CARNIVALE CAP PINCOL 13/16""",0.8125,FT,720472197489,4.85,9.47,10.47,Frame Moulding,274,3.53,N,N,N
297603,"W1 CARNIVALE CAP GD SUN 13/16""",0.8125,FT,720472197496,5.19,9.3,10.3,Frame Moulding,325,3.11,N,N,N
297605,"W1 CARNIVALE CAP CHLRED 13/16""",0.8125,FT,720472197519,4.22,9.23,10.23,Frame Moulding,250,3.07,N,N,N
297607,"W1 CARNIVALE CAP RFBLUE 13/16""",0.8125,FT,720472197533,5.08,8.98,9.98,Frame Moulding,294,2.98,N,N,N
297608,"W1 CARNIVALE CAP SEA BL 13/16""",0.8125,FT,720472197540,5.12,9.3,10.3,Frame Moulding,207,3.11,N,N,N
297609,"W1 CARNIVALE CAP COF BN 13/16""",0.8125,FT,720472197557,5.41,9.23,10.23,Frame Moulding,270,3.53,N,N,N
298201,"Shutter 1 9/16"" Black",1.5625,FT,720472196352,5.12,7.81,8.81,Frame Moulding,143,3.43,N,N,N
300750,"W1 SOFIA BRZ CAP W/LEAF 15/16""",0.9375,FT,720472154895,9.98,13.93,14.93,Frame Moulding,215,6.62,N,N,N
300751,"W1 SOFIA GLD CAP W/LEAF 15/16""",0.9375,FT,720472154840,10.58,14.78,15.78,Frame Moulding,215,7.14,N,N,N
300752,"W1 SOFIA IRN CAP W/LEAF 15/16""",0.9375,FT,720472154796,10.48,14.66,15.66,Frame Moulding,194,7.08,N,N,N
302100,"W1 H4 Sm Scoop 1 1/4"" Nat",1.25,FT,720472191890,8.31,12.81,13.81,Frame Moulding,196,5.74,N,N,N
303175,W1 CRANBROOK NAT WAL SLANT 3/4,0.75,FT,720472167932,8.75,13.82,14.82,Frame Moulding,297,5.74,N,N,N
303176,W1 CRANBROOK DRK WAL SLANT 3/4,0.75,FT,720472167925,8.95,14.16,15.16,Frame Moulding,335,5.59,N,N,N
303177,W1 CRANBROOK NAT MPL SLANT 3/4,0.75,FT,720472167901,8.63,14.31,15.31,Frame Moulding,320,5.81,N,N,N
303180,W1 CRANBROOK EBN WAL SLANT 3/4,0.75,FT,720472167918,8.89,14,15,Frame Moulding,320,5.55,N,N,N
303181,W1 CRANBROOK NAT CHR SLANT 3/4,0.75,FT,720472167888,10.26,14.49,15.49,Frame Moulding,300,6.13,N,N,N
303CG,W1 CLASSIC GOLD 1,1,FT,720472101035,6.89,10.98,11.98,Frame Moulding,108,3.27,N,N,N
304452,"W2 MUSEO GOLD SCOOP 1 3/16""",1.1875,FT,720472196604,3.97,6.34,7.34,Frame Moulding,216,3.22,N,N,N
304453,"W2 MUSEO SILVER SCOOP 1 3/16""",1.1875,FT,720472196611,3.97,6.34,7.34,Frame Moulding,216,3.22,N,N,N
304454,"W2 MUSEO BLACK SCOOP 1 3/16""",1.1875,FT,720472196628,3.71,5.94,6.94,Frame Moulding,216,3.01,N,N,N
305621,"W1 MAISON ASH 1 1/8""",1.125,FT,720472197137,5.41,8.65,9.65,Frame Moulding,125,3.79,N,N,N
306180,"W2 HUDSON GOLD WHISTLER 1 1/2""",1.5,FT,720472172615,7.43,11.04,12.04,Frame Moulding,135,4.95,N,N,N
307680,"W2 ARTIFACT ANT GREY GC 1 1/8""",1.125,FT,720472142366,9.36,13.68,14.68,Frame Moulding,185,7.59,N,N,N
307682,"W2 ARTIFACT ANT BLK GC 1 1/8""",1.125,FT,720472142373,9.36,13.68,14.68,Frame Moulding,185,7.59,N,N,N
309100,"W2 EIFFEL 1 9/16"" SWAN SILVER",1.5625,FT,720472193351,9.98,14.5,15.5,Frame Moulding,216,7,N,N,N
309110,"W2 EIFFEL 1 9/16"" SWAN PEWTER",1.5625,FT,720472193368,9.58,13.89,14.89,Frame Moulding,170,6.7,N,N,N
309120,"W2 EIFFEL 1 9/16"" SWAN GOLD",1.5625,FT,720472193375,9.63,13.98,14.98,Frame Moulding,177,6.75,N,N,N
309130,"W2 EIFFEL 1 9/16"" SWAN BRONZE",1.5625,FT,720472193382,9.72,14.1,15.1,Frame Moulding,216,6.82,N,N,N
312680,"W2 ARTIFACT ANT GREY DB 1 1/4""",1.25,FT,720472155267,11.22,16.4,17.4,Frame Moulding,150,9.11,N,N,N
312682,"W2 ARTIFACT ANT BLK DB 1 1/4""",1.25,FT,720472155274,11.22,16.4,17.4,Frame Moulding,150,9.11,N,N,N
313183,"CRANBROOK WHT WASH MAPLE 1""",1,FT,720472197601,5.82,8.62,9.62,Frame Moulding,295,4.12,N,N,N
313674,"W1 CRANBROOK EBONIZED WAL 1""",1,FT,720472150606,7.77,10.04,11.04,Frame Moulding,260,4.48,N,N,N
313675,"W1 CRANBROOK NATURAL WAL 1""",1,FT,720472150613,6.88,10.01,11.01,Frame Moulding,270,4.55,N,N,N
313676,"W1 CRANBROOK DARK WALNUT 1""",1,FT,720472150620,7.29,9.88,10.88,Frame Moulding,220,4.55,N,N,N
313677,"W1 CRANBROOK NAT MAPLE 1""",1,FT,720472150637,6.58,10.72,11.72,Frame Moulding,250,4.66,N,N,N
313710,"ALDEN EBON WAL CURVE 1 1/8""",1.125,FT,720472199872,18.75,30,31,Frame Moulding,100,15.21,N,N,N
313712,"ALDEN DK WAL CURVE 1 1/8""",1.125,FT,720472199889,18.75,30,31,Frame Moulding,100,15.21,N,N,N
314240,"W2 KOMODO RED CUBE 1 1/2""",1.5,FT,720472182614,7.77,10.76,11.76,Frame Moulding,130,5.38,N,N,N
314250,"W2 KOMODO BLACK CUBE 1 1/2""",1.5,FT,720472182621,7.76,10.74,11.74,Frame Moulding,135,5.38,N,N,N
315173,"W1 OLMSTED SILVER 15/16""",0.9375,FT,720472167710,9.18,13.73,14.73,Frame Moulding,216,6.13,N,N,N
316180,"W2 HUDSON GOLD SCOOP 1 5/8""",1.625,FT,720472172677,6.6,10.75,11.75,Frame Moulding,162,4.35,N,N,N
316190,"W2 HUDSON SILVER SCP 1 5/8""",1.625,FT,720472172684,6.66,10.72,11.72,Frame Moulding,162,4.47,N,N,N
316200,W2 HUDSON II IVORY SCOOP 1 5/8,1.625,FT,720472183772,6.13,9.86,10.86,Frame Moulding,162,4.06,N,N,N
316210,W2 HUDSON II BLK SCOOP 1 5/8,1.625,FT,720472183789,6.41,10.32,11.32,Frame Moulding,162,4.26,N,N,N
316220,W2 HUDSON II BLKGLD SCP 1 5/8,1.625,FT,720472183796,6.52,10.42,11.42,Frame Moulding,162,4.31,N,N,N
316516,"W1 ANSLEY CHERRY 1""",1,FT,720472144469,5.03,7.6,8.6,Frame Moulding,216,3.12,N,N,N
316519,"W1 ANSLEY MAHOGANY 1""",1,FT,720472144490,3.98,6.59,7.59,Frame Moulding,216,2.47,N,N,N
316526,"W1 ANSLEY BLACK 1""",1,FT,720472180054,4.44,6.81,7.81,Frame Moulding,216,2.1,N,N,N
317100,"W2 SPOLETO SM CUBE SIL 1 1/8""",1.125,FT,720472191340,8.44,13.85,14.85,Frame Moulding,270,4.52,N,N,N
317110,"W2 SPOLETO SM CUBE PT  1 1/8""",1.125,FT,720472191357,8.58,14.1,15.1,Frame Moulding,270,4.6,N,N,N
317130,"W2 SPOLETO SM CUBE BRZ  1 1/8""",1.125,FT,720472191364,8.48,13.91,14.91,Frame Moulding,270,4.54,N,N,N
317602,"W2 WALNUT BURL FLAT 1 1/4""",1.1875,FT,720472126403,7.67,11.01,12.01,Frame Moulding,288,4.84,N,N,N
318317,W2 DRAYTON BLK&GLD CURVE 1 1/4,1.1875,FT,720472194259,4.25,6.16,7.16,Frame Moulding,295,2.83,N,N,N
319712,"W1 ALLEGRA ANTIQUE GOLD 1""",1,FT,720472127318,7.89,12.45,13.45,Frame Moulding,180,5.3,N,N,N
320940,"W2 GALLERY 1 BLACK SCP 1 1/2""",1.5,FT,720472159760,5.61,9.33,10.33,Frame Moulding,190,3.53,N,N,N
320941,"W2 GALLERY 1 WHITE SCP 1 1/2""",1.5,FT,720472159777,5.45,9.06,10.06,Frame Moulding,190,3.43,N,N,N
321720,"W1 VERMONT BRICK RED 1""",1,FT,720472154246,6.65,10.93,11.93,Frame Moulding,332,2.8,N,N,N
321721,"W1 VERMONT DENIM 1""",1,FT,720472154253,6.44,10.59,11.59,Frame Moulding,370,2.72,N,N,N
321723,"W1 VERMONT THUNDER GRAY 1""",1,FT,720472154277,6.62,10.89,11.89,Frame Moulding,320,2.79,N,N,N
321725,"W1 VERMONT SADDLE BROWN 1""",1,FT,720472154291,6.44,10.58,11.58,Frame Moulding,370,2.72,N,N,N
322206,"W0 SHOJI DK WAL FLOAT 2""",2,FT,720472199636,7.52,9.83,10.83,Frame Moulding,98,5.5,N,N,N
322208,"W0 SHOJI EB WAL FLOAT 2""",2,FT,720472199643,7.52,9.83,10.83,Frame Moulding,88,5.5,N,N,N
322440,"W0 BAUHAUS II WHITE FLOAT 2""",1.875,FT,720472199056,10.19,11.63,12.63,Frame Moulding,78,8.12,N,N,N
322450,"W0 BAUHAUS II BLACK FLOAT 2""",1.875,FT,720472199063,9.57,10.92,11.92,Frame Moulding,98,7.62,N,N,N
323960,"W2 FLAX OYSTER LINER 1 1/16""",1.0625,FT,720472159883,3.36,6.89,7.89,Frame Moulding,144,1.97,N,N,N
323962,"W2 FLAX SAND LINER 1 1/16""",1.0625,FT,720472159890,3.6,7.37,8.37,Frame Moulding,144,2.1,N,N,N
324940,"W0 GALLERY 1 BLACK FLOAT 2""",2,FT,720472159807,6.53,10.45,11.45,Frame Moulding,70,3.5,N,N,N
324941,"W0 GALLERY 1 WHITE FLOAT 2""",2,FT,720472159814,6.53,10.45,11.45,Frame Moulding,76,3.5,N,N,N
325100,"W2 SPOLETO LG CUBE SIL 1 9/16""",1.5625,FT,720472191371,11.44,17.42,18.42,Frame Moulding,137,6.79,N,N,N
325110,"W2 SPOLETO LG CUBE PT  1 9/16""",1.5625,FT,720472191388,11.4,17.36,18.36,Frame Moulding,143,6.75,N,N,N
325130,"W2 SPOLETO LG CUBE BRZ 1 9/16""",1.5625,FT,720472191395,11.43,17.4,18.4,Frame Moulding,112,6.76,N,N,N
325904,W1 METALIA II BLACK LG CUBE,1.5625,FT,720472196901,6.72,10.74,11.74,Frame Moulding,133,5.45,N,N,N
325905,W1 METALIA II SILVER LG CUBE,1.5625,FT,720472196918,6.72,10.74,11.74,Frame Moulding,133,5.45,N,N,N
325906,W1 METALIA II GOLD LG CUBE,1.5625,FT,720472196925,6.72,10.74,11.74,Frame Moulding,133,5.45,N,N,N
325907,W1 METALIA II CHAMPAGNE LG CU,1.5625,FT,720472196932,6.72,10.74,11.74,Frame Moulding,133,5.45,N,N,N
325908,W1 METALIA II BRASS LG CUBE,1.5625,FT,720472196949,6.72,10.74,11.74,Frame Moulding,133,5.45,N,N,N
325909,W1 METALIA II GMETAL LG CUBE,1.5625,FT,720472196956,6.72,10.74,11.74,Frame Moulding,133,5.45,N,N,N
326180,"W2 HUDSON GOLD SCOOP 1 3/4""",1.75,FT,720472172691,7.99,11.55,12.55,Frame Moulding,162,5.36,N,N,N
326190,"W2 HUDSON SILVER SCP 1 3/4""",1.75,FT,720472172707,7.49,11.11,12.11,Frame Moulding,162,5.16,N,N,N
326200,W2 HUDSON II IVORY SCOOP 1 3/4,1.75,FT,720472183802,7.31,11.13,12.13,Frame Moulding,162,4.89,N,N,N
326210,W2 HUDSON II BLACK SCOOP 1 3/4,1.75,FT,720472183819,7.31,11.13,12.13,Frame Moulding,176,4.89,N,N,N
326220,W2 HUDSON II BLKGLD SCP 1 3/4,1.75,FT,720472183826,8.11,11.66,12.66,Frame Moulding,162,5.45,N,N,N
327100,W2 SPOLETO SCOOP SILVER 1 3/16,1.1875,FT,720472191401,6.88,11.72,12.72,Frame Moulding,250,3.92,N,N,N
327110,W2 SPOLETO SCOOP PEWTER 1 3/16,1.1875,FT,720472191418,6.98,11.9,12.9,Frame Moulding,190,3.98,N,N,N
332900,"W1 FOUNDRY FLAT BRASS 1 1/8""",1.125,FT,720472179737,9.6,13.7,14.7,Frame Moulding,165,6.49,N,N,N
332902,"W1 FOUNDRY FLAT IRON 1 1/8""",1.125,FT,720472179744,9.75,13.93,14.93,Frame Moulding,171,6.6,N,N,N
332904,"W1 METALIA BLACK 1 1/8""",1.125,FT,720472137355,6.28,9.18,10.18,Frame Moulding,177,5.05,N,N,N
332905,"W1 METALIA SILVER 1 1/8""",1.125,FT,720472137362,6.28,9.18,10.18,Frame Moulding,170,5.05,N,N,N
332906,"W1 METALIA GOLD 1 1/8""",1.125,FT,720472137379,6.28,9.18,10.18,Frame Moulding,177,5.05,N,N,N
332907,"W1 METALIA CHAMPAGNE 1 1/8""",1.125,FT,720472137386,6.28,9.18,10.18,Frame Moulding,165,5.05,N,N,N
332908,"W1 METALIA BRASS 1 1/8""",1.125,FT,720472137393,6.28,9.18,10.18,Frame Moulding,170,5.05,N,N,N
332909,"W1 METALIA II GUNMETAL 1 1/8""",1.125,FT,720472196871,6.01,9.61,10.61,Frame Moulding,170,4.87,N,N,N
334082,"W1 SOHO BLK SHT CAP W/BEV 7/8""",0.875,FT,720472134842,3.78,5.15,6.15,Frame Moulding,158,1.96,N,N,N
334084,"W1 SOHO BLK W/SIL CAP/BEV 7/8""",0.875,FT,720472134859,3.73,5.05,6.05,Frame Moulding,162,1.93,N,N,N
334086,"W1 SOHO BLK W/GLD CAP/BEV 7/8""",0.875,FT,720472134866,3.77,5.05,6.05,Frame Moulding,162,1.93,N,N,N
334134,"W1 PETITE TWO TONED SLV 15/16""",0.9375,FT,720472172448,6.34,10.54,11.54,Frame Moulding,247,4.91,N,N,N
334916,"W1 PETITE BLK/SLVR 15/16""",0.9375,FT,720472160612,6.23,10.45,11.45,Frame Moulding,248,4.63,N,N,N
334917,"W1 PETITE BLK/GOLD 15/16""",0.9375,FT,720472160629,6.23,10.44,11.44,Frame Moulding,270,4.69,N,N,N
335554,"W2 FERROSA IRON 1 1/8""",1.125,FT,720472146623,9.63,13.97,14.97,Frame Moulding,290,6.35,N,N,N
335556,"W2 FERROSA BRONZE 1 1/8""",1.125,FT,720472146630,9.37,13.6,14.6,Frame Moulding,228,6.2,N,N,N
336180,"W2 HUDSON GOLD FLAT 1 1/2""",1.4375,FT,720472172776,5.12,8.72,9.72,Frame Moulding,162,3.37,N,N,N
336190,"W2 HUDSON SILVER FLAT 1 1/2""",1.4375,FT,720472172783,4.86,8.32,9.32,Frame Moulding,162,2.97,N,N,N
336200,W2 HUDSON II IVORY FLAT 1 1/2,1.5,FT,720472183833,4.67,7.86,8.86,Frame Moulding,162,2.82,N,N,N
336210,W2 HUDSON II BLACK FLAT 1 1/2,1.5,FT,720472183840,4.69,7.92,8.92,Frame Moulding,141,2.83,N,N,N
336220,W2 HUDSON II BLKGLD FLAT 1 1/2,1.5,FT,720472183857,4.83,8.23,9.23,Frame Moulding,162,3.34,N,N,N
337591,"W2 MARAIS EUR GOLD 1""",1,FT,720472146746,5.57,8.36,9.36,Frame Moulding,270,3.29,N,N,N
337592,"W2 MARAIS EUR SILVER 1""",1,FT,720472146753,5.57,8.36,9.36,Frame Moulding,270,3.28,N,N,N
337593,"W2 MARAIS BLACK SCOOP 1""",1,FT,720472156653,6.3,9.49,10.49,Frame Moulding,300,3.44,N,N,N
338120,"W1 DRESDEN BLACK 1 3/8""",1.375,FT,720472163415,7.84,10.93,11.93,Frame Moulding,300,5.19,N,N,N
340CB,W2 CLASSIC BLACK 1 1/8,1.125,FT,720472101233,5.38,8.45,9.45,Frame Moulding,270,3.22,N,N,N
341482,"W1 JASPER BLACK CAP 1 1/2""",1.5,FT,720472199179,6.58,9.75,10.75,Frame Moulding,126,4.83,N,N,N
341484,"W1 JASPER WHITE CAP 1 1/2""",1.5,FT,720472199186,7.53,10.1,11.1,Frame Moulding,126,4.91,N,N,N
343804,"W0 GAL1/SILH BLK FLOAT 1 3/4""",1.75,FT,720472159784,5.38,8.84,9.84,Frame Moulding,228,2.46,N,N,N
343805,"W0 GALLERY 1 WHT FLOAT 1 3/4""",1.75,FT,720472159791,5.41,8.85,9.85,Frame Moulding,270,2.46,N,N,N
344790,"GRAMERCY BLACK FLOAT 1 3/8""",1.75,FT,720472153348,7.54,10.8,11.8,Frame Moulding,76,5.29,N,N,N
344791,"GRAMERCY SILVER FLOAT 1 3/8""",1.75,FT,720472153355,7.02,8.44,9.44,Frame Moulding,162,4.21,N,N,N
345082,"W2 SOHO BLK ROOF CAP 1 1/8""",1,FT,720472134873,5.92,8.46,9.46,Frame Moulding,252,2.97,N,N,N
345086,W2 SOHO BLK/GLD ROOF CAP 1 1/8,1,FT,720472134897,5.78,8.56,9.56,Frame Moulding,252,3.13,N,N,N
345790,"W2 GRAMERCY BLACK FLAT 1 1/2""",1.5,FT,720472153362,4.49,6.39,7.39,Frame Moulding,130,2.76,N,N,N
345791,"W2 GRAMERCY SILVER FLAT 1 1/2""",1.5,FT,720472153379,4.78,5.46,6.46,Frame Moulding,162,2.35,N,N,N
346640,"W2 SEDONA SANDUNE 1 3/8""",1.375,FT,720472126922,6.48,11.16,12.16,Frame Moulding,220,4.42,N,N,N
346641,"W2 SEDONA DRIFTWOOD 1 3/8""",1.375,FT,720472126939,6.09,10.48,11.48,Frame Moulding,190,4.15,N,N,N
346642,"W2 SEDONA CANYON 1 3/8""",1.375,FT,720472126946,6.13,10.58,11.58,Frame Moulding,190,4.18,N,N,N
346790,"W2 GRAMERCY BLACK CUBE 1 5/8""",1.625,FT,720472153386,6.03,9.03,10.03,Frame Moulding,86,4.52,N,N,N
346791,"W2 GRAMERCY SILVER CUBE 1 5/8""",1.625,FT,720472153393,4.99,6.94,7.94,Frame Moulding,108,3.8,N,N,N
347630,"W2 CONFETTI BLACK 1 3/4""",1.75,FT,720472150545,5.69,8.55,9.55,Frame Moulding,160,3.54,N,N,N
347635,"W2 CONFETTI RED 1 3/4""",1.75,FT,720472149945,5.69,8.55,9.55,Frame Moulding,160,3.54,N,N,N
347640,"W2 CONFETTI BLUE 1 3/4""",1.75,FT,720472149990,5.69,8.55,9.55,Frame Moulding,160,3.54,N,N,N
350285,"W2 TRIBECA REVERSE 1 1/2""",1.4375,FT,720472139755,4.13,7.04,8.04,Frame Moulding,171,2.35,N,N,N
350286,"W2 WHITE REVERSE 1 1/2""",1.4375,FT,720472142656,4.52,7.89,8.89,Frame Moulding,171,2.5,N,N,N
350790,"W1 LUCERNE ONYX/SILVER 1 1/4""",1.25,FT,720472154505,12.55,17.71,18.71,Frame Moulding,157,8.5,N,N,N
350791,"W1 LUCERNE SAGE/SILVER 1 1/4""",1.25,FT,720472154512,12.98,18.32,19.32,Frame Moulding,143,8.79,N,N,N
350793,"W1 LUCERNE TOPAZ 1 1/4""",1.25,FT,720472154536,13.42,18.94,19.94,Frame Moulding,155,9.09,N,N,N
351800,"W2 BELMONT LT OLIVE CAP 1 1/2""",1.5,FT,720472154642,15.08,20.18,21.18,Frame Moulding,223,9.87,N,N,N
351801,"W2 BELMONT MD OLIVE CAP 1 1/2""",1.5,FT,720472154659,15.07,20.17,21.17,Frame Moulding,163,10.01,N,N,N
351802,"W2 BELMONT DK OLIVE CAP 1 1/2""",1.5,FT,720472154666,15.07,20.46,21.46,Frame Moulding,222,9.97,N,N,N
354301,"W1 BRITTANY CHAR BLACK 1 1/2""",1.5,FT,720472179386,12.91,16.59,17.59,Frame Moulding,130,8,N,N,N
354302,"W1 BRITTANY SHELL WHITE 1 1/2""",1.5,FT,720472179393,12.86,16.3,17.3,Frame Moulding,153,7.87,N,N,N
354304,"W1 BRITTANY SAGE GREEN 1 1/2""",1.5,FT,720472179416,12.58,17.4,18.4,Frame Moulding,176,8.42,N,N,N
354706,"W0 OLSEN MAPLE FLOAT 2""",2,FT,720472199797,16.07,22.38,23.38,Frame Moulding,116,10.22,N,N,N
354708,"W0 OLSEN OAK FLOAT 2""",2,FT,720472199803,16.07,22.38,23.38,Frame Moulding,98,10.22,N,N,N
355904,"W1 METALIA BLACK 2"" FLOAT",2,FT,720472137409,11.13,16.25,17.25,Frame Moulding,118,9.03,N,N,N
355905,"W1 METALIA SILVER 2"" FLOAT",2,FT,720472139120,11.13,16.25,17.25,Frame Moulding,118,9.03,N,N,N
355906,"W1 METALIA GOLD 2"" FLOAT",2,FT,720472139137,11.13,16.25,17.25,Frame Moulding,118,9.03,N,N,N
355907,"W1 METALIA CHAMPAGNE 2"" FLOAT",2,FT,720472139144,11.13,16.25,17.25,Frame Moulding,118,9.03,N,N,N
355908,"W1 METALIA BRASS 2"" FLOAT",2,FT,720472139151,11.13,16.25,17.25,Frame Moulding,118,9.03,N,N,N
355909,"W0 METALIA II GUNMETAL 2"" FLT",2,FT,720472196888,10.64,17.03,18.03,Frame Moulding,118,8.63,Y,N,N
356350,"W2 BROOKLYN BLK FLAT 1 3/8""",1.375,FT,720472163194,3.62,6.38,7.38,Frame Moulding,144,2.31,N,N,N
356351,"BROOKLYN WHITE FLAT 1 3/8""",1.375,FT,720472197588,3.62,6.38,7.38,Frame Moulding,152,2.31,N,N,N
357591,"W2 MARAIS EUR GOLD SCP 1 5/8""",1.625,FT,720472146760,7.59,11.28,12.28,Frame Moulding,162,4.15,N,N,N
357592,W2 MARAIS EUR SILVER SCP 1 5/8,1.625,FT,720472146777,7.37,10.95,11.95,Frame Moulding,162,4,N,N,N
357593,"W2 MARAIS BLACK SCOOP 1 5/8""",1.625,FT,720472156660,8.12,12.15,13.15,Frame Moulding,162,4.35,N,N,N
358184,W1 L7 SLVR/WHT 1 1/2 H x 5/8 W,0.6875,FT,720472168731,13.75,16.26,17.26,Frame Moulding,300,10.8,N,N,N
358185,W1 L7 GOLD/BLK 1 1/2 H x 5/8 W,0.6875,FT,720472168748,12.71,15.25,16.25,Frame Moulding,210,9.98,N,N,N
359240,"W1 LANCASTER GREY REV 1 1/4""",1.25,FT,720472173339,7.3,10.71,11.71,Frame Moulding,315,4.15,N,N,N
359260,"W1 LANCASTER BLACK REV 1 1/4""",1.25,FT,720472173353,7.29,10.71,11.71,Frame Moulding,266,4.15,N,N,N
360810,"W2 CALAIS GOLD 1 5/8""",1.625,FT,720472156356,8.99,13.65,14.65,Frame Moulding,135,4.08,N,N,N
360814,"W2 CALAIS BLACK 1 5/8""",1.625,FT,720472156370,8.86,13.41,14.41,Frame Moulding,135,4,N,N,N
363101,"W1 CABANA RIVIERA RED 7/8""",0.8125,FT,720472197809,5.78,8.06,9.06,Frame Moulding,250,3.68,N,N,N
363102,"W1 CABANA SAILOR WHITE 7/8""",0.8125,FT,720472197816,5.78,8.06,9.06,Frame Moulding,250,3.68,N,N,N
363103,"W1 CABANA SEAL BLACK 7/8""",0.8125,FT,720472197823,5.78,8.06,9.06,Frame Moulding,250,3.68,N,N,N
363104,"W1 CABANA BEACH PEBBLE 7/8""",0.8125,FT,720472197830,5.78,8.06,9.06,Frame Moulding,250,3.68,N,N,N
363105,"W1 CABANA PROVENCE BLUE 7/8""",0.8125,FT,720472197847,5.78,8.06,9.06,Frame Moulding,250,3.68,N,N,N
363115,"W1 CABANA GROTTO GREEN 7/8""",0.8125,FT,720472197854,5.78,8.06,9.06,Frame Moulding,250,3.68,N,N,N
363116,"W1 CABANA AMALFI GREEN 7/8""",0.8125,FT,720472197861,5.78,8.06,9.06,Frame Moulding,250,3.68,N,N,N
363119,"W1 CABANA NAUTICAL NAVY 7/8""",0.8125,FT,720472197878,5.78,8.06,9.06,Frame Moulding,250,3.68,N,N,N
363124,"W1 CABANA CABANA BLUE 7/8""",0.8125,FT,720472197885,5.78,8.06,9.06,Frame Moulding,252,3.68,N,N,N
363125,"W1 CABANA AUBERGINE 7/8""",0.8125,FT,720472197892,5.78,8.06,9.06,Frame Moulding,250,3.68,N,N,N
363176,"W1 CRANBROOK DRK WAL CAP 1""",0.8125,FT,720472167994,11.95,18.26,19.26,Frame Moulding,200,8.3,N,N,N
363177,"W1 CRANBROOK NAT MPL CAP 1""",0.8125,FT,720472167970,14.18,21.6,22.6,Frame Moulding,190,9.5,N,N,N
363180,"W1 CRANBROOK EBN WAL CAP 1""",0.8125,FT,720472167987,12.44,19,20,Frame Moulding,187,8.46,N,N,N
364206,"W2 SHOJI DK WAL LG CUBE 1 1/8""",1.125,FT,720472199612,3.32,4.34,5.34,Frame Moulding,197,2.43,N,N,N
364208,"W2 SHOJI EB WAL LG CUBE 1 1/8""",1.125,FT,720472199629,3.32,4.34,5.34,Frame Moulding,207,2.43,N,N,N
364706,"W1 OLSEN MAPLE TALL CAP 1""",1,FT,720472199711,6.08,8.47,9.47,Frame Moulding,156,3.88,N,N,N
364708,"W1 OLSEN OAK TALL CAP 1""",1,FT,720472199728,6.08,8.47,9.47,Frame Moulding,197,3.88,N,N,N
367192,"W1 DOMUS CHMPGN SLANT 1 13/16""",1.75,FT,720472177733,13.87,19.39,20.39,Frame Moulding,98,9.32,N,N,N
367194,"W1 DOMUS SLVR SLANT 1 13/16""",1.75,FT,720472177740,11.8,18.08,19.08,Frame Moulding,98,7.94,N,N,N
370285,"W2 TRIBECA LG RIBBED 1 5/8""",1.5625,FT,720472139779,4.09,7.01,8.01,Frame Moulding,171,2.35,N,N,N
371560,"W2 INTERMEZZO MAHOG 1 1/8""",1,FT,720472180924,11.62,16.14,17.14,Frame Moulding,274,7.21,N,N,N
371570,"W2 INTERMEZZO SABLE 1 1/8""",1,FT,720472180931,11.62,16.13,17.13,Frame Moulding,410,7.21,N,N,N
372124,"W2 RAVELLO CRSGRN MP FT 1 1/4""",1.25,FT,720472197076,4.01,6.41,7.41,Frame Moulding,250,3.25,N,N,N
372125,W2 RAVELLO ELM BURL FLAT 1 1/4,1.25,FT,720472197083,4.01,6.41,7.41,Frame Moulding,250,3.25,N,N,N
372126,"W2 RAVELLO DANIELA WAL 1 1/4""",1.25,FT,720472197090,4.01,6.41,7.41,Frame Moulding,250,3.25,N,N,N
372127,"W2 RAVELLO POPLAR BURL 1 1/4""",1.25,FT,720472197106,4.01,6.41,7.41,Frame Moulding,250,3.25,N,N,N
372128,"W2 RAVELLO BIRDSEYE FT 1 1/4""",1.25,FT,720472197113,4.01,6.41,7.41,Frame Moulding,250,3.25,N,N,N
372206,"W2 SHOJI DK WAL CUBE 1 3/16""",1.1875,FT,720472199650,2.73,3.56,4.56,Frame Moulding,275,1.99,N,N,N
372208,"W2 SHOJI EB WAL CUBE 1 3/16""",1.1875,FT,720472199667,2.73,3.56,4.56,Frame Moulding,250,1.99,N,N,N
372247,"W2 RENZO BLONDE BURL FL 1 1/4""",1.1875,FT,720472197908,9.02,12.55,13.55,Frame Moulding,270,5.73,N,N,N
372285,"W2 TRIBECA SMALL CUBE 1 1/4""",1.1875,FT,720472139748,4.22,7.3,8.3,Frame Moulding,228,1.96,N,N,N
372286,"W2 WHITE SMALL CUBE 1 1/4""",1.1875,FT,720472142649,4.49,7.79,8.79,Frame Moulding,224,2.13,N,N,N
372440,"W2 BAUHAUS II WHT SM FL 1 1/4""",1.1875,FT,720472199070,3.93,4.62,5.62,Frame Moulding,235,2.81,N,N,N
372450,"W2 BAUHAUS II BLK SM FL 1 1/4""",1.1875,FT,720472199087,3.81,4.53,5.53,Frame Moulding,235,2.65,N,N,N
374234,"W2 MODERNE GOLD SLANT 1 1/4""",1.1875,FT,720472196796,4.95,7.17,8.17,Frame Moulding,218,3.3,N,N,N
374236,"W2 MODERNE SILV SLANT 1 1/4""",1.1875,FT,720472196802,4.95,7.17,8.17,Frame Moulding,218,3.3,N,N,N
374650,"W2 TATE BLACK CUBE 1 1/4""",1.25,FT,720472181198,4.99,7.18,8.18,Frame Moulding,198,2.98,N,N,N
374660,"W2 TATE SILVER CUBE 1 1/4""",1.25,FT,720472181204,4.99,7.18,8.18,Frame Moulding,198,3.02,N,N,N
374670,"W2 TATE GOLD CUBE 1 1/4""",1.25,FT,720472182423,6.5,9.04,10.04,Frame Moulding,198,4.07,N,N,N
376900,"W2 LISBON AGED HONEY 1 3/4""",1.75,FT,720472158336,17.28,21.49,22.49,Frame Moulding,251,10.75,N,N,N
376903,W2 LISBON AGED BLACK REV 1 3/4,1.75,FT,720472158367,17.28,21.48,22.48,Frame Moulding,262,11.11,N,N,N
37-781P,"WWOODS FOG GREY BEVEL 5/8""",0.625,FT,720472187725,4.55,6.03,7.03,Frame Moulding,599,2.96,N,N,N
37-783P,"WWOODS SANTA CRUZ SEA BVL 5/8""",0.625,FT,720472184519,4.54,6.02,7.02,Frame Moulding,550,2.95,N,N,N
37-784P,"WWOODS MONTEREY BAY BLUE 5/8""",0.625,FT,720472187749,4.56,6.04,7.04,Frame Moulding,514,2.96,N,N,N
37-785P,"WWOODS TANGERINE BEVEL 5/8""",0.625,FT,720472184526,4.55,6.03,7.03,Frame Moulding,600,2.95,N,N,N
37-786P,"WWOODS BEACH BLONDE BEVEL 5/8""",0.625,FT,720472184533,4.54,6.02,7.02,Frame Moulding,510,2.95,N,N,N
37-787P,"WWOODS RIVER ROCK TAN BVL 5/8""",0.625,FT,720472184540,4.55,6.03,7.03,Frame Moulding,530,2.96,N,N,N
37-788P,"WWOODS BAYOU BROWN BVL 5/8""",0.625,FT,720472187756,4.56,6.04,7.04,Frame Moulding,585,2.96,N,N,N
37-789P,"WWOODS YELLOWSTONE BVL 5/8""",0.625,FT,720472187763,4.55,6.02,7.02,Frame Moulding,565,2.95,N,N,N
37-790P,"WWOODS COPPER CREEK BVL 5/8""",0.625,FT,720472187770,4.54,6.02,7.02,Frame Moulding,506,2.95,N,N,N
37-791P,"WWOODS RED TIDE BEVEL 5/8""",0.625,FT,720472184557,4.54,6.02,7.02,Frame Moulding,641,2.95,N,N,N
37-792P,WWOODS PURPLE HYACINTH BVL 5/8,0.625,FT,720472187787,4.55,6.03,7.03,Frame Moulding,540,2.95,N,N,N
37-793P,"WWOODS TAHOE BLUE BEVEL 5/8""",0.625,FT,720472184564,4.55,6.03,7.03,Frame Moulding,450,2.95,N,N,N
37-794P,"WWOODS AMAZON GREEN BVL 5/8""",0.625,FT,720472184571,4.55,6.03,7.03,Frame Moulding,420,2.95,N,N,N
37-795P,"WWOODS BLACK WATER BVL 5/8""",0.625,FT,720472184588,4.55,6.03,7.03,Frame Moulding,496,2.96,N,N,N
37-796P,"WWOODS DRIFTWOOD GREY BVL 5/8""",0.625,FT,720472184595,4.55,6.02,7.02,Frame Moulding,626,2.95,N,N,N
379240,"W2 LANCASTER GREY FLAT 1 3/4""",1.75,FT,720472173360,7.54,11.42,12.42,Frame Moulding,180,4.46,N,N,N
379250,"W2 LANCASTER TAN FLAT 1 3/4""",1.75,FT,720472173377,7.54,11.42,12.42,Frame Moulding,285,4.35,N,N,N
379260,"W2 LANCASTER BLACK FLAT 1 3/4""",1.75,FT,720472173384,7.54,11.59,12.59,Frame Moulding,157,4.54,N,N,N
381310,W1 HOMESTEAD SM BLK CUBE 1 1/4,1.25,FT,720472180696,6.69,11.95,12.95,Frame Moulding,251,4.18,N,N,N
382285,"W2 TRIBECA LARGE CUBE 1 5/8""",1.625,FT,720472139762,4.83,8.42,9.42,Frame Moulding,125,3,N,N,N
382286,"TRIBECA WHT LG CUBE 1 5/8""",1.625,FT,720472197595,4.83,8.42,9.42,Frame Moulding,133,3,N,N,N
382310,W1 HOMESTEAD REVERSE BLK 1 1/2,1.5,FT,720472180726,6.83,12.04,13.04,Frame Moulding,290,4.15,N,N,N
382440,"W2 BAUHAUS II WHT LG FL 1 5/8""",1.625,FT,720472199094,5.92,6.76,7.76,Frame Moulding,135,4.7,N,N,N
382450,"W2 BAUHAUS II BLK LG FL 1 5/8""",1.625,FT,720472199100,5.57,6.35,7.35,Frame Moulding,145,4.43,N,N,N
384605,"W2 AXEL ANT CHESTNUT 1 1/2""",1.5,FT,720472181334,15.2,22.34,23.34,Frame Moulding,140,10.48,N,N,N
384610,"W2 AXEL SMOKED TIMBER 1 1/2""",1.5,FT,720472181341,15.2,22.59,23.59,Frame Moulding,118,10.59,N,N,N
385403,"W0 WHITMAN BLACK CAP 1 3/16""",1.1875,FT,720472181532,12.42,18.15,19.15,Frame Moulding,162,8.65,N,N,N
385405,"W0 WHITMAN TORTOISE 1 3/16""",1.1875,FT,720472181549,12.42,18.15,19.15,Frame Moulding,162,8.65,N,N,N
386350,"W2 BROOKLYN BLK CAP 1 1/2""",1.5,FT,720472163217,5.05,6.8,7.8,Frame Moulding,180,3.31,N,N,N
388630,"W2 DEVON BLACK SCOOP 1 9/16""",1.5625,FT,720472180511,13.18,16.88,17.88,Frame Moulding,234,8.34,N,N,N
388640,"W2 DEVON WALNUT SCOOP 1 9/16""",1.5625,FT,720472180528,13.17,16.87,16.87,Frame Moulding,313,8.41,N,N,N
388650,"W2 DEVON GRAY SCOOP 1 9/16""",1.5625,FT,720472180535,11.45,16.88,17.88,Frame Moulding,270,7.29,N,N,N
389403,"W2 WHITMAN BLACK FLAT 1 3/16""",1.1875,FT,720472181556,7.73,11.74,12.74,Frame Moulding,144,5.32,N,N,N
389405,"W2 WHITMAN TORTOISE 1 3/16""",1.1875,FT,720472181563,7.22,10.97,11.97,Frame Moulding,144,4.98,N,N,N
390285,"W2 TRIBECA TRAD W/BEAD 1 9/16""",1.5625,FT,720472139786,4.3,7.37,8.37,Frame Moulding,190,2.94,N,N,N
390286,"W2 WHITE TRAD W/BEAD 1 9/16""",1.5625,FT,720472142663,4.83,8.32,9.32,Frame Moulding,190,3.16,N,N,N
391320,"W2 HARLOW FLAT MIRROR 1 9/16""",1.5625,FT,720472180863,10.84,15.28,16.28,Frame Moulding,196,8.17,N,N,N
392320,"W2 HARLOW SCOOP MIRROR 1 9/16""",1.5625,FT,720472180870,12.93,18.21,19.21,Frame Moulding,164,9.96,N,N,N
395252,"W2 FERROSA PEWTER 1 1/2""",1.4375,FT,720472138949,10.03,15.96,16.96,Frame Moulding,190,6.64,N,N,N
395254,"W2 FERROSA IRON 1 1/2""",1.4375,FT,720472138956,11.16,16.21,17.21,Frame Moulding,185,7.37,N,N,N
395556,"W2 FERROSA BRONZE 1 1/2""",1.4375,FT,720472146586,11.76,17.03,18.03,Frame Moulding,190,7.75,N,N,N
396350,"W2 BROOKLYN BLK FLAT 2""",2,FT,720472163224,5.55,8.51,9.51,Frame Moulding,162,3.55,N,N,N
399403,"W2 WHITMAN BLACK SCP 1 1/2""",1.5,FT,720472181570,8.25,11.48,12.48,Frame Moulding,162,5.6,N,N,N
399405,"W2 WHITMAN TORTOISE 1 1/2""",1.5,FT,720472181587,8.25,11.48,12.48,Frame Moulding,162,5.6,N,N,N
400350,"W1 BRIMFIELD SCP BLACK  1 5/8""",1.625,FT,720472190909,12.95,16.67,17.67,Frame Moulding,186,9.11,N,N,N
400360,"W1 BRIMFIELD SCP WHITE  1 5/8""",1.625,FT,720472190916,12.48,16.04,17.04,Frame Moulding,195,8.56,N,N,N
400750,"W1 SOFIA BRONZE SCALLOP 1 5/8""",1.625,FT,720472154901,12.7,18.35,19.35,Frame Moulding,156,8.59,N,N,N
400751,"W1 SOFIA GOLD SCALLOP 1 5/8""",1.625,FT,720472154857,12.01,17.38,18.38,Frame Moulding,156,8.15,N,N,N
400752,"W1 SOFIA IRON SCALLOP 1 5/8""",1.625,FT,720472154802,12.45,18.03,19.03,Frame Moulding,156,8.44,N,N,N
400CB,W2 CLASSIC BLACK 1 1/2,1.5625,FT,720472101820,6.51,10.46,11.46,Frame Moulding,198,3.6,N,N,N
401240,"W2 KOMODO RED FLOAT 2 11/16""",2.6875,FT,720472182638,13.22,20.01,21.01,Frame Moulding,54,9.15,N,N,N
403235,"W2 ACADEMIE GOLD 1 1/4""",1.1875,FT,720472139298,5.34,8.19,9.19,Frame Moulding,282,2.21,N,N,N
403237,"W2 ACADEMIE SILVER 1 1/4""",1.1875,FT,720472139304,5.34,8.19,9.19,Frame Moulding,282,2.21,N,N,N
403239,"W2 ACADEMIE BLK W/GOLD  1 1/4""",1.1875,FT,720472139311,5.36,8.22,9.22,Frame Moulding,280,2.22,N,N,N
405482,"W2 JASPER BLACK FLAT 2""",2,FT,720472199193,4.11,5.8,6.8,Frame Moulding,153,2.68,N,N,N
405484,"W2 JASPER WHITE FLAT 2""",2,FT,720472199209,4.34,6.15,7.15,Frame Moulding,153,2.86,N,N,N
406350,"W2 BROOKLYN BLK CASSETTA 2""",2,FT,720472163231,5.85,9.07,10.07,Frame Moulding,152,3.69,N,N,N
406361,"W2 ANTICA CHESTNUT 1 3/16""",1.125,FT,720472141215,10.83,22.58,23.58,Frame Moulding,234,7.04,N,N,N
406362,"W2 ANTICA CHARCOAL 1 3/16""",1.125,FT,720472141222,10.83,22.37,23.37,Frame Moulding,234,7.04,N,N,N
406CG,"W2 CLASSIC GOLD 1 1/8""",1.125,FT,720472101875,6.58,10.62,11.62,Frame Moulding,108,3.12,N,N,N
406CS,"W2 CLASSIC SILVER 1 1/8""",1.125,FT,720472101882,6.58,10.62,11.62,Frame Moulding,108,3.12,N,N,N
408602,"W2 WALNUT BURL/REV 1 1/4""",1.25,FT,720472126441,12.43,19.39,20.39,Frame Moulding,314,7.77,N,N,N
411431,"W2 ZEN TAUPE 1 1/4""",1.375,FT,720472143707,10.98,16.28,17.28,Frame Moulding,270,7.42,N,N,N
411433,"W2 ZEN DK SILVER 1 1/4""",1.375,FT,720472143721,10.51,15.57,16.57,Frame Moulding,243,7.11,N,N,N
411434,"W2 ZEN BLACK 1 1/4""",1.375,FT,720472143738,10.66,15.77,16.77,Frame Moulding,265,7.19,N,N,N
413674,"W2 CRANBROOK EBONIZED 1 5/8""",1.625,FT,720472150644,9.47,15.12,16.12,Frame Moulding,180,6.25,N,N,N
413675,W2 CRANBROOK NATURAL WAL 1 5/8,1.625,FT,720472150651,9.76,16.14,17.14,Frame Moulding,150,7.05,N,N,N
413676,W2 CRANBROOK DARK WALNUT 1 5/8,1.625,FT,720472150668,9.57,15.83,16.83,Frame Moulding,160,6.38,N,N,N
413677,"W2 CRANBROOK NAT MAPLE 1 5/8""",1.625,FT,720472150675,8.8,14.74,15.74,Frame Moulding,160,6.03,N,N,N
414410,"W2 DILLON WALNUT CAP 1 1/2""",1.5,FT,720472179225,13.46,19.31,20.31,Frame Moulding,137,9.04,N,N,N
414430,"W2 DILLON GREY CAP 1 1/2""",1.5,FT,720472179249,13.46,19.45,20.45,Frame Moulding,196,9.11,N,N,N
415352,"W2 BARRINGTON DK.CHERRY 1 1/4""",1.25,FT,720472140799,9.92,15.88,16.88,Frame Moulding,236,6.61,N,N,N
415BL,W2 RF/BLACK 1 1/4,1.25,FT,720472119467,3.99,5.65,6.65,Frame Moulding,324,2.31,N,N,N
416276,"W0 MILO MAPLE TALL CAP 3/4""",0.75,FT,720472199476,6.51,8.51,9.51,Frame Moulding,274,4.76,N,N,N
416277,"W0 MILO WALNUT TALL CAP 3/4""",0.75,FT,720472199513,6.51,8.51,9.51,Frame Moulding,295,4.76,N,N,N
416278,W0 MILO CERUSED OAK TL CAP 3/4,0.75,FT,720472199551,6.08,7.95,8.95,Frame Moulding,274,4.45,N,N,N
417317,W2 DRAYTON BLK&GLD SCOOP 1 3/4,1.6875,FT,720472194266,6.31,9.14,10.14,Frame Moulding,157,4.21,N,N,N
4181,"ARQADIA SILVER 1 9/16""",1.5625,FT,720472151580,3.13,0,0,Frame Moulding,135,3.13,N,N,N
418146,"W2 KYOTO BLACK 1 3/8""",1.375,FT,720472139199,12.04,17.59,18.59,Frame Moulding,110,9.76,N,N,N
418147,"W2 KYOTO NATURAL 1 3/8""",1.375,FT,720472139205,12.04,17.59,18.59,Frame Moulding,117,9.76,N,N,N
418148,"W2 KYOTO GREY 1 3/8""",1.375,FT,720472139212,12.04,17.59,18.59,Frame Moulding,117,9.76,N,N,N
420660,"W1 MANTILLA SMALL GOLD 1 3/4""",1.75,FT,720472150460,10.19,14.13,15.13,Frame Moulding,140,6.82,N,N,N
420661,"W1 MANTILLA SMALL BLACK 1 3/4""",1.75,FT,720472150477,10.49,14.55,15.55,Frame Moulding,195,7.02,N,N,N
420662,"W1 MANTILLA SMALL SILVR 1 3/4""",1.75,FT,720472150484,10.56,14.63,15.63,Frame Moulding,157,7.06,N,N,N
423960,"W2 FLAX OYSTER LINER 1 1/4""",1.1875,FT,720472159920,3.28,6.76,7.76,Frame Moulding,180,2.09,N,N,N
423962,"W2 FLAX SAND LINER 1 1/4""",1.1875,FT,720472159937,3.32,6.86,7.86,Frame Moulding,180,2.12,N,N,N
423966,"W2 FLAX BLACK LINER 1 1/4""",1.1875,FT,720472159951,3.3,6.8,7.8,Frame Moulding,180,2.1,N,N,N
429292,W2 WINDERMERE MAH/CHERRY 1 1/8,1.1875,FT,720472139847,4.91,7.94,8.94,Frame Moulding,162,3.38,N,N,N
431431,"W2 ZEN TAUPE 1 3/8""",1.375,FT,720472143752,15.91,26.01,27.01,Frame Moulding,115,10.83,N,N,N
431432,"W2 ZEN GOLD 1 3/8""",1.375,FT,720472143769,17.37,25.91,26.91,Frame Moulding,113,11.81,N,N,N
431434,"W2 ZEN BLACK 1 3/8""",1.375,FT,720472143783,18.18,27.11,28.11,Frame Moulding,110,12.36,N,N,N
432900,"W1 FOUNDRY FLAT BRASS 1 3/4""",1.75,FT,720472179768,11.21,15.78,16.78,Frame Moulding,225,7.61,N,N,N
432902,"W1 FOUNDRY FLAT IRON 1 3/4""",1.75,FT,720472179775,11.58,16.3,17.3,Frame Moulding,236,7.83,N,N,N
433082,"W2 SOHO BLK TALL CAP 1 3/4""",1.6875,FT,720472134903,10.98,15.13,16.13,Frame Moulding,108,5.85,N,N,N
433084,"W2 SOHO BLK WSIL TCAP 1 3/4""",1.6875,FT,720472134910,9.59,14.54,15.54,Frame Moulding,108,5.16,N,N,N
434110,"W2 CR2 SILVER CUBE 1 1/4""",1.25,FT,720472182300,10.73,15.73,16.73,Frame Moulding,176,7.28,N,N,N
435500,"W2 ALTO BLK FLAT 1 5/16""",1.3125,FT,720472184267,4.14,7.06,8.06,Frame Moulding,324,2.07,N,N,N
435510,"W2 ALTO WHT FLAT 1 5/16""",1.3125,FT,720472184311,4.14,7.06,8.06,Frame Moulding,296,2.07,N,N,N
436350,"W2 BROOKLYN BLK SLANT 1 5/8""",1.625,FT,720472163262,4.21,6.38,7.38,Frame Moulding,143,2.63,N,N,N
437500,"W1 ALTO BLK LG CUBE 1 3/16""",1.1875,FT,720472184274,4.14,7.58,8.58,Frame Moulding,198,2.33,N,N,N
437510,"W1 ALTO WHT LG CUBE 1 3/16""",1.1875,FT,720472184328,4.14,7.58,8.58,Frame Moulding,235,2.33,N,N,N
438120,"W2 DRESDEN BLACK 2""",2,FT,720472163422,11.8,15.8,16.8,Frame Moulding,150,7.8,N,N,N
439082,"W2 SOHO BLK PYRAMID W/BEV 2""",2.0625,FT,720472134934,8.72,11.97,12.97,Frame Moulding,185,5.08,N,N,N
441077,"W2 PRAGUE BAROQUE SLVR REV 2""",2.0625,FT,720472134743,13.82,23.86,24.86,Frame Moulding,155,9.44,N,N,N
442650,"W0 TATE BLACK FLOAT 1 3/4""",1.75,FT,720472181297,9.29,12.15,13.15,Frame Moulding,162,5.47,N,N,N
442670,"W0 TATE GOLD FLOAT 1 3/4""",1.75,FT,720472182447,8.9,11.59,12.59,Frame Moulding,162,5.37,N,N,N
443960,"W1 FLAX OYSTER LINER 2""",2,FT,720472159968,4.69,9.56,10.56,Frame Moulding,252,2.78,N,N,N
443962,"W1 FLAX SAND LINER 2""",2,FT,720472159975,4.39,8.96,9.96,Frame Moulding,246,2.62,N,N,N
444110,"W2 CR2 SILVER PYRAMID 1 5/8""",1.625,FT,720472182317,9.34,14.36,15.36,Frame Moulding,235,6.06,N,N,N
445482,"W2 JASPER BLACK FLAT 2 1/2""",2.5,FT,720472199216,4.2,5.94,6.94,Frame Moulding,135,3.32,N,N,N
445484,"W2 JASPER WHITE FLAT 2 1/2""",2.5,FT,720472199223,4.84,6.25,7.25,Frame Moulding,135,3.52,N,N,N
446317,W2 DRAYTON BLK&GLD PANEL 2 1/8,2.125,FT,720472194273,7.26,10.52,11.52,Frame Moulding,147,4.84,N,N,N
449350,"W2 BARRINGTON LT.CHERRY 1 3/4""",1.75,FT,720472140867,9.89,15.69,16.69,Frame Moulding,180,6.59,N,N,N
452100,"W2 CARBON 1 1/2"" CUBE BLACK",1.5,FT,720472193337,12.41,14.55,15.55,Frame Moulding,157,7.95,N,N,N
453250,W2 ANDOVER FLAT BLACK 1 1/2,1.5,FT,720472183079,6.39,8.33,9.33,Frame Moulding,423,4.23,N,N,N
453260,W2 ANDOVER FLAT WHITE 1 1/2,1.5,FT,720472183086,6.39,8.33,9.33,Frame Moulding,447,4.09,N,N,N
453270,W2 ANDOVER FLAT SILVER 1 1/2,1.5,FT,720472183093,5.56,8.33,9.33,Frame Moulding,406,3.72,N,N,N
454301,W2 BRITTANY CHAR BLACK 1 1/16,1.0625,FT,720472179423,14.7,18.9,19.9,Frame Moulding,112,9.13,N,N,N
458184,W1 L7 SLVR/WHT 1 7/8 H x 3/4 W,0.8125,FT,720472168762,14.84,17.06,18.06,Frame Moulding,151,11.68,N,N,N
458185,W1 L7 GOLD/BLK 1 7/8 H x 3/4 W,0.8125,FT,720472168779,13.57,16.03,17.03,Frame Moulding,240,10.8,N,N,N
459500,"W2 ALTO BLK FLAT 1 15/16""",1.9375,FT,720472184298,4.78,8.9,9.9,Frame Moulding,158,2.88,N,N,N
459510,"W2 ALTO WHT FLat 1 15/16""",1.9375,FT,720472184342,4.37,8.9,9.9,Frame Moulding,157,2.88,N,N,N
460620,"W2 ANVIL II FLOAT 1 7/8"" AGDST",1.875,FT,720472182508,17.83,25.43,26.43,Frame Moulding,73,12.31,N,N,N
461912,"W2 CHATEAU LOUIS XVI 2""(RIBB)",2,FT,720472131957,25.12,32.01,33.01,Frame Moulding,100,19.31,N,N,N
462620,W2 ANVIL II CUBE 1 9/16 AGDSTL,1.5625,FT,720472182515,14.27,18.81,19.81,Frame Moulding,115,9.97,N,N,N
463110,"W2 BRIGHTON RND WAL 1 1/16""",1.0625,FT,720472183482,3.83,5.68,6.68,Frame Moulding,360,1.9,N,N,N
463120,W2 BRIGHTON RND MAH  1 1/16,1.0625,FT,720472183574,3.63,5.39,6.39,Frame Moulding,360,1.81,N,N,N
463130,"W2 BRIGHTON RND ESP  1 1/16""",1.0625,FT,720472183666,3.83,5.68,6.68,Frame Moulding,360,1.9,N,N,N
465110,"W1 BRIGHTON SM SCO WAL 1 3/16""",1.1875,FT,720472183451,3.68,5.63,6.63,Frame Moulding,288,1.86,N,N,N
465120,W1 BRIGHTON SM SCP MAH 1 3/16,1.1875,FT,720472183543,3.98,6.08,7.08,Frame Moulding,288,2.01,N,N,N
465130,"W1 BRIGHTON SCP ESP SM 1 3/16""",1.1875,FT,720472183635,3.74,5.72,6.72,Frame Moulding,288,1.9,N,N,N
468120,"W2 DRESDEN BLK/SLVR 1 9/16""",1.5625,FT,720472163439,11.25,15.27,16.27,Frame Moulding,155,7.43,N,N,N
470270,W2 ANDOVER MD DOMESLVR 1 11/16,1.6875,FT,720472183048,7.87,9.94,10.94,Frame Moulding,218,5.69,N,N,N
470280,W2 ANDOVER MD DOME GLD 1 11/16,1.6875,FT,720472183055,7.88,10.26,11.26,Frame Moulding,206,5.26,N,N,N
470290,W2 ANDOVER MD DME SUED 1 11/16,1.6875,FT,720472183062,7.88,9.8,10.8,Frame Moulding,235,5.6,N,N,N
471550,"W2 INTERMEZZO UMBER 1 3/4""",1.5625,FT,720472180948,14.26,19.79,20.79,Frame Moulding,233,9.26,N,N,N
471560,"W2 INTERMEZZO MAHOG 1 3/4""",1.5625,FT,720472180955,14.27,19.8,20.8,Frame Moulding,226,9.19,N,N,N
471570,"W2 INTERMEZZO SABLE 1 3/4""",1.5625,FT,720472180962,14.27,19.79,20.79,Frame Moulding,248,9.33,N,N,N
471912,"W2 CHATEAU LOUIS XV 2""",2,FT,720472131964,22.52,29.41,30.41,Frame Moulding,88,15.39,N,N,N
472110,"W2 BRIGHTON PRY WAL 1 1/2""",1.5,FT,720472183499,3.96,5.9,6.9,Frame Moulding,198,2.13,N,N,N
472120,"W2 BRIGHTON PRY MAH  1 1/2""",1.5,FT,720472183581,3.83,5.71,6.71,Frame Moulding,198,2.06,N,N,N
472130,"W2 BRIGHTON PRY ESP  1 1/2 """,1.5,FT,720472183673,3.9,5.81,6.81,Frame Moulding,198,2.09,N,N,N
473110,"W2 BRIGHTON BEAD WAL 1 9/16""",1.5625,FT,720472183475,3.89,5.81,6.81,Frame Moulding,195,2.09,N,N,N
473120,W2 BRIGHTON BEADED MAH 1 9/16,1.5625,FT,720472183567,4.09,6.12,7.12,Frame Moulding,184,2.21,N,N,N
473130,W2 BRIGHTON BEADED ESP 1 9/16,1.5625,FT,720472183659,4.09,6.12,7.12,Frame Moulding,176,2.21,N,N,N
474110,"W2 CR2 SILVER FLAT  2""",2,FT,720472182324,10.55,15.44,16.44,Frame Moulding,160,7.13,N,N,N
475110,W2 BRIGHTON REV WAL 1 11/16,1.6875,FT,720472183505,3.92,5.86,6.86,Frame Moulding,216,2.12,N,N,N
475120,"W2 BRIGHTON REV MAH  1 11/16""",1.6875,FT,720472183598,3.96,5.9,6.9,Frame Moulding,216,2.14,N,N,N
475130,"W2 BRIGHTON REV ESP 1 11/16""",1.6875,FT,720472183680,4.09,6.1,7.1,Frame Moulding,216,2.21,N,N,N
476350,"W2 BROOKLYN BLK SLOPE 2""",2,FT,720472163200,4.84,7.95,8.95,Frame Moulding,133,3.05,N,N,N
477593,"W2 MARAIS BLACK SCOOP 1 1/2""",1.5,FT,720472156684,6.19,9.15,10.15,Frame Moulding,216,3.28,N,N,N
479110,"W1 BRIGHTON LIP SCOOP 1 13/16""",1.8125,FT,720472183444,4.2,6.18,7.18,Frame Moulding,162,2.25,N,N,N
479120,"W1 BRIGHTON SCP MAH 1 13/16""",1.8125,FT,720472183536,4.2,6.18,7.18,Frame Moulding,162,2.25,N,N,N
479130,"W1 BRIGHTON SCP ESP 1 13/16""",1.8125,FT,720472183628,4.2,6.18,7.18,Frame Moulding,162,2.25,N,N,N
480455,W2 LILLE SMALL SCP 1 11/16 GLD,1.625,FT,720472183383,11.33,15.49,16.49,Frame Moulding,146,7.95,N,N,N
480460,W2 LILLE SMALL SCP 1 11/16 BRZ,1.625,FT,720472183291,11.24,15.39,16.39,Frame Moulding,235,7.89,N,N,N
480465,W2 LILLE SMALL SCP 1 11/16 SLV,1.625,FT,720472183307,11.57,15.82,16.82,Frame Moulding,230,8.11,N,N,N
480470,W2 LILLE SMALL SCP 1 11/16 PWT,1.625,FT,720472183314,11.2,15.34,16.34,Frame Moulding,229,7.87,N,N,N
482310,W1 HOMESTEAD SCOOP BLK 1 15/16,1.9375,FT,720472180788,7.93,15.33,16.33,Frame Moulding,118,5.59,N,N,N
484110,"W0 CR2 SILVER FLOAT 1 3/4""",1.75,FT,720472182331,11.71,17,18,Frame Moulding,100,7.88,N,N,N
485110,"W2 BRIGHTON LG SCOOP WAL 2""",2,FT,720472183468,5.09,7.16,8.16,Frame Moulding,180,3.74,N,N,N
485120,"W2 BRIGHTON LG SCP MAH 2 """,2,FT,720472183550,5.09,7.16,8.16,Frame Moulding,180,3.74,N,N,N
485130,"W2 BRIGHTON LG SCP ESP 2""",2,FT,720472183642,4.97,6.98,7.98,Frame Moulding,180,3.65,N,N,N
486180,"W2 HUDSON GOLD SCOOP 1 9/16""",1.5625,FT,720472172738,7.04,10.53,11.53,Frame Moulding,162,4.76,N,N,N
486190,"W2 HUDSON SILVER SCP 1 9/16""",1.5625,FT,720472172745,6.84,10.48,11.48,Frame Moulding,162,4.65,N,N,N
486200,W2 HUDSON II IVORY SCP 1 9/16,1.5625,FT,720472183864,6.6,10.23,11.23,Frame Moulding,162,4.42,N,N,N
486220,W2 HUDSONII BKGDSC 1 9/16,1.5625,FT,720472183871,6.98,10.21,11.21,Frame Moulding,158,4.61,N,N,N
487BDG,W2 487BDG 1 1/4,#VALUE!,FT,720472102681,6.91,10.58,11.58,Frame Moulding,228,4.65,N,N,N
488150,"W2 SPENCER GOLD CUBE   1 1/4 """,1.25,FT,720472184137,5.29,7.27,8.27,Frame Moulding,198,3.6,N,N,N
488151,"W2 SPENCER SIL/BRN CUBE 1 1/4""",1.25,FT,720472184144,5.3,7.28,8.28,Frame Moulding,198,3.61,N,N,N
488152,"W2 SPENCER SIL/BLK CUBE 1 1/4""",1.25,FT,720472184151,5.18,7.1,8.1,Frame Moulding,198,3.52,N,N,N
488153,"W2 SPENCER II SIL CUBE 1 1/4""",1.25,FT,720472198905,6.01,8.18,9.18,Frame Moulding,198,4.08,N,N,N
488154,"W2 SPENCER II GOLD CUBE 1 1/4""",1.25,FT,720472198974,6.01,8.18,9.18,Frame Moulding,198,4.08,N,N,N
489500,"W2 FINN FLAT 1 3/4"" BLACK",1.75,FT,720472193559,6.73,10.43,11.43,Frame Moulding,156,4.73,N,N,N
489510,"W2 FINN FLAT 1 3/4"" NATURAL",1.75,FT,720472193566,6.74,10.43,11.43,Frame Moulding,157,4.73,N,N,N
492150,"W1 SPENCER GLD FLOAT  1 15/16""",1.9375,FT,720472184168,8.12,11.1,12.1,Frame Moulding,108,5.53,N,N,N
492151,WO SPENCER SIL/BRN FLO 1 15/16,1.9375,FT,720472184175,8.12,11.1,12.1,Frame Moulding,108,5.53,N,N,N
492152,W1 SPENCER SIL/BLK FLO 1 15/16,1.9375,FT,720472184182,8.12,11.1,12.1,Frame Moulding,108,5.53,N,N,N
492153,W1 SPENCER II SIL FLO 1 15/16,1.9375,FT,720472198912,8.15,11.09,12.09,Frame Moulding,108,5.53,N,N,N
492154,"WO SPENCER II GLD FLO 1 15/16""",1.9375,FT,720472198981,8.15,11.09,12.09,Frame Moulding,108,5.53,N,N,N
492G,W2 GOLD 1 1/2,1.5,FT,720472102742,8.77,14.2,15.2,Frame Moulding,210,4.22,N,N,N
493200,"W1 SALON SM CAP GOLD 1 3/16""",1.1875,FT,720472191043,5.87,8.02,9.02,Frame Moulding,288,3.13,N,N,N
493225,"W1 SALON SM CAP SILVER 1 3/16""",1.1875,FT,720472191050,5.83,7.97,8.97,Frame Moulding,288,3.11,N,N,N
493615,"W2 EASTLAKE BLACK 1 5/8""",1.625,FT,720472128230,3.9,5.73,6.73,Frame Moulding,270,2.13,N,N,N
494100,"W2 SPOLETO REVERSE SILVER 2""",2,FT,720472191432,13.08,19.94,20.94,Frame Moulding,165,7.15,N,N,N
494110,"W2 SPOLETO REVERSE PEWTER 2""",2,FT,720472191449,13.02,19.79,20.79,Frame Moulding,110,7.11,N,N,N
494130,"W2 SPOLETO REVERSE BRONZE 2""",2,FT,720472191456,13.11,19.97,20.97,Frame Moulding,150,7.18,N,N,N
496200,"W1 SALON SM EMB GOLD 1 5 /16""",1.3125,FT,720472191067,6.28,8.59,9.59,Frame Moulding,198,3.43,N,N,N
496225,"W1 SALON SM EMB SILVER 1 5/16""",1.3125,FT,720472191074,6.36,8.69,9.69,Frame Moulding,198,3.47,N,N,N
497150,"W2 SPENCER GOLD FLAT 1 15/16""",1.9375,FT,720472184229,6.36,8.69,9.69,Frame Moulding,162,4.32,N,N,N
497152,"W2 SPENCER SIL/BLK   1 15/16""",1.9375,FT,720472184243,5.76,8.32,9.32,Frame Moulding,162,3.77,N,N,N
497153,"W2 SPENCER II SIL CAP 1 15/16""",1.9375,FT,720472198929,6.19,8.42,9.42,Frame Moulding,162,4.2,N,N,N
497154,W2 SPENCER II GLD FLAT 1 15/16,1.9375,FT,720472198998,6.19,8.42,9.42,Frame Moulding,144,4.2,N,N,N
500CG,W2 CLASSIC GOLD 2,2,FT,720472102827,8.95,14.22,15.22,Frame Moulding,162,4.3,N,N,N
500CS,W2 CLASSIC SILVER 2,2,FT,720472102834,8.95,14.22,15.22,Frame Moulding,162,4.3,N,N,N
501-100M,"NATURAL MAPLE 5/8""",0.625,FT,720472184601,8.05,10.47,11.47,Frame Moulding,424,5.7,N,N,N
501-555X,"STEAMPUNK STEEL 5/8""",0.625,FT,720472187244,9.56,12.49,13.49,Frame Moulding,480,5.71,N,N,N
502530,W2 TUSCANY IT DRK WAL TRAD REV,1.9375,FT,720472145107,8.07,12.23,13.23,Frame Moulding,157,4.79,N,N,N
508200,"W2 SALON LG CAP GOLD    1 3/4""",1.875,FT,720472191081,8.31,11.38,12.38,Frame Moulding,108,6.16,N,N,N
509706,"W2 OLSEN MAPLE FLAT 2""",1.875,FT,720472199759,7.16,9.98,10.98,Frame Moulding,196,4.57,N,N,N
509708,"W2 OLSEN OAK FLAT 2""",1.875,FT,720472199766,7.16,9.98,10.98,Frame Moulding,174,4.57,N,N,N
50981,"ACRYLIC SHEET, .098 CLEAR",0,EA,720472217804,130.18,0,0,Glazing & Foam,0,0,N,N,N
510BL,W1 RF/BLACK 7/8,0.8125,FT,720472119481,5.84,9.32,10.32,Frame Moulding,216,3.46,N,N,N
511124,"W0 RAVELLO CRSGRN MP FL 2 1/4""",2.25,FT,720472197120,6.96,11.14,12.14,Frame Moulding,78,5.64,N,N,N
511125,"W0 RAVELLO ELM BURL FLO 2 1/4""",2.25,FT,720472197922,6.96,11.14,12.14,Frame Moulding,78,5.64,N,N,N
511126,W0 RAVELLO DANIELA WL FL 2 1/4,2.25,FT,720472197939,6.96,11.14,12.14,Frame Moulding,78,5.64,N,N,N
511127,"W0 RAVELLO POPLAR BURL 2 1/4""",2.25,FT,720472197946,6.96,11.14,12.14,Frame Moulding,78,5.64,N,N,N
511128,"W0 RAVELLO BIRDSEYE MP 2 1/4""",2.25,FT,720472198011,6.96,11.14,12.14,Frame Moulding,78,5.64,N,N,N
51181,ACRYLIC SHEET .118 CLEAR,0,EA,720472218566,152.33,0,0,Glazing & Foam,0,0,N,N,N
51183,SHEET NON-GLARE,0,EA,720472217811,226.55,0,0,Glazing & Foam,0,0,N,N,N
51185, SHEET UV FILTERING,0,EA,720472217828,258.03,0,0,Glazing & Foam,0,0,N,N,N
51187, NON-GLARE UV FILTERIN,0,EA,NULL,311.22,0,0,Glazing & Foam,32,0,N,N,N
51188, PREMIUM CLEAR 2MIL,0,EA,NULL,116.71,0,0,Glazing & Foam,0,0,N,N,N
51194,OPTIUM MUSEUM ACRYLIC AR 40x60,0,EA,NULL,593.62,0,0,Glazing & Foam,0,0,N,N,N
51196,OPTIUM ACRYLIC AR 48x96,0,EA,NULL,1020.67,0,0,Glazing & Foam,0,0,N,N,N
51198,OPTIUM MUSEUM ACRYLIC AR 48x96,0,EA,NULL,1076.05,0,0,Glazing & Foam,0,0,N,N,N
51200CB,"OPTIUM UV acr72x120""cardboard",0,EA,NULL,5549.55,0,0,Glazing & Foam,0,0,N,N,N
51245CB,"OPTIUM UV ACR 72x96""cardboard",0,EA,NULL,3102.34,0,0,Glazing & Foam,0,0,N,N,N
512500,"W0 FINN FLOAT 1 3/4"" BLACK",1.75,FT,720472193597,9.54,13.52,14.52,Frame Moulding,117,6.72,N,N,N
512510,"W0 FINN FLOAT 1 3/4"" NATURAL",1.75,FT,720472193603,9.55,13.5,14.5,Frame Moulding,105,6.69,N,N,N
512520,"W0 FINN FLOAT 1 3/4"" ESPRESSO",1.75,FT,720472193610,9.5,13.44,14.44,Frame Moulding,117,6.67,N,N,N
51300,"TRULIFE FACEMOUNT 48X96""",0,EA,NULL,615.84,0,0,Glazing & Foam,0,0,N,N,N
513200,"W2 SALON SM PANEL GOLD  2 """,2,FT,720472191104,7.56,10.36,11.36,Frame Moulding,216,5.11,N,N,N
513225,"W2 SALON SMALL PANEL SILVER 2""",2,FT,720472191111,8.02,10.97,11.97,Frame Moulding,216,5.42,N,N,N
516250,W0 ANDOVER SM FLOAT BLK 1 9/16,1.5625,FT,720472191265,10.38,13.49,14.49,Frame Moulding,175,6.45,N,N,N
516270,W0 ANDOVER SM FLOAT SIL 1 9/16,1.5625,FT,720472191272,10.45,13.49,14.49,Frame Moulding,175,6.56,N,N,N
516280,W0 ANDOVER SM FLOAT GLD 1 9/16,1.5625,FT,720472191289,10.48,13.49,14.49,Frame Moulding,175,6.52,N,N,N
516290,W0 ANDOVER SM FLOAT SUD 1 9/16,1.5625,FT,720472191296,10.49,13.49,14.49,Frame Moulding,175,6.53,N,N,N
517250,"W0 ANDOVER LG FLOAT BLK 2 1/4""",2.25,FT,720472191302,13.74,16.86,17.86,Frame Moulding,94,10.79,N,N,N
517270,"W0 ANDOVER LG FLOAT SIL 2 1/4""",2.25,FT,720472191319,13.77,16.86,17.86,Frame Moulding,87,10.73,N,N,N
517280,"W0 ANDOVER LG FLOAT GLD 2 1/4""",2.25,FT,720472191326,13.77,16.86,17.86,Frame Moulding,90,10.8,N,N,N
519-500P,"MULTI-FLOAT SATIN BLK STEP 2""",1,FT,720472187893,10,13.36,14.36,Frame Moulding,112,6.36,N,N,N
520750,"W2 SOFIA BRZ ORNATE REV 2 1/2""",2.5,FT,720472154918,18.75,25.82,26.82,Frame Moulding,68,12.73,N,N,N
520751,"W2 SOFIA GLD ORNATE REV 2 1/2""",2.5,FT,720472154864,18.89,26.02,27.02,Frame Moulding,61,12.56,N,N,N
520752,"W2 SOFIA IRN ORNATE REV 2 1/2""",2.5,FT,720472154819,18.84,24.58,25.58,Frame Moulding,68,12.14,N,N,N
521720,"W2 VERMONT BRICK RED 2 1/4""",2.25,FT,720472154314,11.41,18.16,19.16,Frame Moulding,103,6.4,N,N,N
521726,"W2 VERMONT OAT 2 1/4""",2.25,FT,720472154376,11.4,18.13,19.13,Frame Moulding,114,6.37,N,N,N
524940,"W2 GALLERY 1 BLK FLOAT 2 3/4""",2.75,FT,720472159821,9.6,13.45,14.45,Frame Moulding,72,6.34,N,N,N
524941,"W2 GALLERY 1 WHT FLOAT 2 3/4""",2.75,FT,720472159838,9.71,13.6,14.6,Frame Moulding,72,6.41,N,N,N
525552,"W2 FERROSA PEWTER 1 5/8""",1.5625,FT,720472146647,13.58,19.89,20.89,Frame Moulding,157,9.03,N,N,N
525554,"W2 FERROSA IRON 1 5/8""",1.5625,FT,720472146654,11.71,18.76,19.76,Frame Moulding,149,7.78,N,N,N
525556,"W2 FERROSA BRONZE 1 5/8""",1.5625,FT,720472146661,13.46,19.71,20.71,Frame Moulding,148,8.95,N,N,N
530650,"W2 TATE BLACK FLAT 2 1/4""",2.25,FT,720472181235,5.9,8.43,9.43,Frame Moulding,162,3.61,N,N,N
530660,"W2 TATE SILVER FLAT 2 1/4""",2.25,FT,720472181242,6.74,9.14,10.14,Frame Moulding,162,4.28,N,N,N
530670,"W2 TATE GOLD FLAT 2 1/4""",2.25,FT,720472182454,7.27,11.37,12.37,Frame Moulding,162,5,N,N,N
531610,W0 AXEL SMOKED TIMBER FLOAT,2.5625,FT,720472181365,22.66,32,33,Frame Moulding,49,15.53,N,N,N
532530,W2 TUSCANY IT DRK FLAT PANEL,2.75,FT,720472145121,9.95,15.87,16.87,Frame Moulding,87,6.3,N,N,N
533276,"W2 MILO MAPLE FLAT 1 1/4""",1.25,FT,720472199483,5.16,6.74,7.74,Frame Moulding,294,3.77,N,N,N
533277,"W2 MILO WALNUT FLAT 1 1/4""",1.25,FT,720472199520,5.16,6.74,7.74,Frame Moulding,294,3.77,N,N,N
533278,W2 MILO CERUSED OAK FLAT 1 1/4,1.25,FT,720472199568,4.86,6.35,7.35,Frame Moulding,295,3.55,N,N,N
533516,"W2 ANSLEY CHERRY 1 1/4""",1.25,FT,720472144520,4.96,7.57,8.57,Frame Moulding,144,3.11,N,N,N
533517,"W2 ANSLEY COFFEE 1 1/4""",1.25,FT,720472144537,5.11,7.8,8.8,Frame Moulding,144,3.19,N,N,N
533519,"W2 ANSLEY MAHOGANY 1 1/4""",1.25,FT,720472144551,4.91,7.52,8.52,Frame Moulding,144,3.07,N,N,N
533526,"W2 ANSLEY BLACK 1 1/4""",1.25,FT,720472180061,4.69,7.16,8.16,Frame Moulding,144,2.19,N,N,N
538120,"W2 DRESDEN BLK/SLVR 2 15/16""",2.9375,FT,720472163446,22.38,28.25,29.25,Frame Moulding,39,15.65,N,N,N
540950,W2 CEZANNE SLV CASSETA 2 15/16,2.9375,FT,720472160124,36.58,39.9,40.9,Frame Moulding,105,24.98,N,N,N
542285,"W1 TRIBECA TRAD W/SQ TRI 2""",2,FT,720472139793,4.67,8.21,9.21,Frame Moulding,162,3.17,N,N,N
543960,"W2 FLAX OYSTER LINER 2 1/2""",2.5,FT,720472160001,6.21,12.67,13.67,Frame Moulding,198,4.13,N,N,N
543964,"W2 FLAX PEBBLE LINER 2 1/2""",2.5,FT,720472160025,4.78,10.68,11.68,Frame Moulding,182,3.18,N,N,N
546100,"W1 PANZANO SM FLAT PEAT 1 1/4""",1.25,FT,720472191524,10.68,14.07,15.07,Frame Moulding,274,6.24,N,N,N
546200,"W1 PANZANO SM BEECHNUT  1 1/4""",1.25,FT,720472191531,9.8,12.64,13.64,Frame Moulding,274,5.45,N,N,N
549670,"W2 TATE GOLD SLANT 3""",3,FT,720472182478,9.1,14,15,Frame Moulding,108,5.85,N,N,N
550285,"W2 TRIBECA WIDE FLAT 2 1/4""",2.25,FT,720472139809,3.9,6.68,7.68,Frame Moulding,219,2.48,N,N,N
550286,"W2 WHITE WIDE FLAT 2 1/4""",2.25,FT,720472142670,4.05,6.95,7.95,Frame Moulding,219,2.52,N,N,N
550350,"W2 BRIMFIELD MED BLK    2 1/2""",2.5625,FT,720472190930,13.82,17.07,18.07,Frame Moulding,68,9.68,N,N,N
550360,"W2 BRIMFIELD MED WHT    2 1/2""",2.5625,FT,720472190947,13.86,17.12,18.12,Frame Moulding,68,9.72,N,N,N
551800,"W2 BELMONT LT OLIVE SCP 2 1/2""",2.5,FT,720472154673,20.55,29.38,30.38,Frame Moulding,98,13.39,N,N,N
551801,"W2 BELMONT MD OLIVE SCP 2 1/2""",2.5,FT,720472154680,20.53,29.38,30.38,Frame Moulding,117,13.42,N,N,N
551802,"W2 BELMONT DK OLIVE SCP 2 1/2""",2.5,FT,720472154697,20.53,29.35,30.35,Frame Moulding,117,13.33,N,N,N
552100,W1 PANZANO SM SCOOP PEAT 1 1/2,1.5625,FT,720472191500,13.63,17.46,18.46,Frame Moulding,209,7.77,N,N,N
552200,"W1 PANZANO SM  BEECHNUT 1 1/2""",1.5625,FT,720472191517,13.62,17.44,18.44,Frame Moulding,170,7.73,N,N,N
552285,"W2 TRIBECA REV W/RIDGES 2 5/8""",2.5,FT,720472139816,5.2,9.1,10.1,Frame Moulding,133,3.58,N,N,N
553440,"W2 BAUHAUS II WHT WD FL 2""",2,FT,720472199117,7.31,8.36,9.36,Frame Moulding,128,5.47,N,N,N
553450,"W2 BAUHAUS II BLK WD FL 2""",2,FT,720472199124,7.05,8.19,9.19,Frame Moulding,128,5.13,N,N,N
557591,"W2 MARAIS EUR GOLD TRAD 2""",2,FT,720472146807,10.73,16.01,17.01,Frame Moulding,162,5.41,N,N,N
557592,"W2 MARAIS EUR SILV TRAD 2""",2,FT,720472146814,9.33,15.25,16.25,Frame Moulding,162,4.7,N,N,N
557593,"W2 MARAIS BLACK TRAD 2""",2,FT,720472156691,11.81,17.61,18.61,Frame Moulding,162,6.14,N,N,N
563705,"W2 LINEA GRAPHITE CUBE 1 3/4""",1.75,FT,720472182393,6.68,10.12,11.12,Frame Moulding,138,4.64,N,N,N
564100,"W1 HAVANA FLAT 1 3/16"" TOFFEE",1.125,FT,720472191678,5.61,8.41,9.41,Frame Moulding,280,3.38,N,N,N
564200,"W1 HAVANA FLAT 1 3/16"" COCOA",1.125,FT,720472191685,5.42,8.1,9.1,Frame Moulding,252,3.24,N,N,N
565403,"W2 WHITMAN BLACK FLAT 2 3/8""",2.375,FT,720472181594,9.82,13.19,14.19,Frame Moulding,198,6.73,N,N,N
565405,"W2 WHITMAN TORTOISE 2 3/8""",2.375,FT,720472181600,9.67,13.19,14.19,Frame Moulding,198,6.73,N,N,N
567100,"W1 HAVANA CAP 1 1/4"" TOFFEE",1.25,FT,720472191692,7.11,10.69,11.69,Frame Moulding,198,4.26,N,N,N
567200,"W1 HAVANA CAP 1 1/4"" COCOA",1.25,FT,720472191708,7.15,10.76,11.76,Frame Moulding,198,4.29,N,N,N
569240,W2 LANCASTER GREY FLAT 2 11/16,2.6875,FT,720472173391,11.67,17.34,18.34,Frame Moulding,123,6.92,N,N,N
569260,"W2 LANCASTER BLK FLAT 2 11/16""",2.6875,FT,720472173414,11.66,17.33,18.33,Frame Moulding,137,6.82,N,N,N
571550,"W2 INTERMEZZO UMBER 2 1/2""",2.5,FT,720472180979,19.83,28.22,29.22,Frame Moulding,108,13.01,N,N,N
571560,"W2 INTERMEZZO MAHOG 2 1/2""",2.5,FT,720472180986,19.8,27.96,28.96,Frame Moulding,98,12.87,N,N,N
571570,"W2 INTERMEZZO SABLE 2 1/2""",2.5,FT,720472180993,19.81,27.98,28.98,Frame Moulding,150,13.04,N,N,N
572620,W2 ANVIL II FLAT 2 11/16 AGDST,2.5,FT,720472182522,18.7,26.11,27.11,Frame Moulding,55,13.13,N,N,N
573235,"W2 ACADEMIE GOLD 2 1/8""",2.0625,FT,720472139328,8.75,13.25,14.25,Frame Moulding,144,3.65,N,N,N
573237,"W2 ACADEMIE SILVER 2 1/8""",2.0625,FT,720472139335,8.95,13.55,14.55,Frame Moulding,144,3.73,N,N,N
573239,"W2 ACADEMIE BLK W/GOLD 2 1/8""",2.0625,FT,720472139342,8.75,13.24,14.24,Frame Moulding,144,3.63,N,N,N
573250,W2 ANDOVER LG DOME BLK 2 11/16,2.6875,FT,720472182973,11.37,14.47,15.47,Frame Moulding,142,7.91,N,N,N
573260,W2 ANDOVER LG DOME WHT 2 11/16,2.6875,FT,720472182980,11.11,14.47,15.47,Frame Moulding,149,7.6,N,N,N
573270,W2 ANDOVER LGDOME SLVR 2 11/16,2.6875,FT,720472182997,11.6,14.47,15.47,Frame Moulding,170,8.14,N,N,N
573280,W2 ANDOVER LG DOME GLD 2 11/16,2.6875,FT,720472183000,11.62,14.47,15.47,Frame Moulding,156,8.04,N,N,N
573290,W2 ANDOVER LGDOME SUED 2 11/16,2.6875,FT,720472183017,11.6,14.47,15.47,Frame Moulding,155,8.08,N,N,N
574150,WO  SPENCER GOLD FLOAT  2 1/8,2.125,FT,720472184199,8.4,11.25,12.25,Frame Moulding,120,5.59,N,N,N
574151,WO SPENCER SIL/BRN FLO 2 1/8,2.125,FT,720472184205,8.3,11.14,12.14,Frame Moulding,120,5.54,N,N,N
574152,WO  SPENCER SIL/BLK FLO 2 1/8,2.125,FT,720472184212,8.3,11.11,12.11,Frame Moulding,120,5.52,N,N,N
574153,"WO SPENCER II SIL FLO 2 1/8""",2.125,FT,720472198936,9.19,12.51,13.51,Frame Moulding,96,6.23,N,N,N
574154,"WO SPENCER II GLD FLOAT 2 1/8""",2.125,FT,720472199001,9.19,12.51,13.51,Frame Moulding,120,6.23,N,N,N
575252,"W2 FERROSA PEWTER 2 1/4""",2.1875,FT,720472138963,15.32,22.62,23.62,Frame Moulding,114,10.22,N,N,N
575254,"W2 FERROSA IRON 2 1/4""",2.1875,FT,720472138970,12.68,20.51,21.51,Frame Moulding,100,8.47,N,N,N
575556,"W2 FERROSA BRONZE 2 1/4""",2.1875,FT,720472146593,15.11,22.33,23.33,Frame Moulding,112,10.09,N,N,N
576100,"W2 HAVANA FLAT 2"" TOFFEE",1.9375,FT,720472191715,7.05,10.59,11.59,Frame Moulding,180,4.2,N,N,N
576200,"W2 HAVANA FLAT 2"" COCOA",1.9375,FT,720472191722,7.13,10.73,11.73,Frame Moulding,180,4.26,N,N,N
577100,"H4 Float 1 5/8"" Nat",1.625,FT,720472191937,15.92,22.11,23.11,Frame Moulding,102,10.81,N,N,N
577200,"H4 Float 1 5/8"" Wal",1.625,FT,720472191944,13.78,20.76,21.76,Frame Moulding,100,9.27,N,N,N
579100,"W2 EIFFEL 1 1/4"" CAP SILVER",1.25,FT,720472193399,11.1,15.59,16.59,Frame Moulding,235,7.79,N,N,N
579110,"W2 EIFFEL 1 1/4"" CAP PEWTER",1.25,FT,720472193405,11.16,15.68,16.68,Frame Moulding,115,7.82,N,N,N
579120,"W2 EIFFEL 1 1/4"" CAP GOLD",1.25,FT,720472193412,10.84,15.24,16.24,Frame Moulding,236,7.61,N,N,N
579130,"W2 EIFFEL 1 1/4"" CAP BRONZE",1.25,FT,720472193429,11.11,15.59,16.59,Frame Moulding,172,7.8,N,N,N
580455,W2 LILLE MED SCP 2 3/8 GLD,2.3125,FT,720472183390,14.94,20.44,21.44,Frame Moulding,118,10.47,N,N,N
580465,W2 LILLE MED SCP 2 3/8 SILVER,2.3125,FT,720472183338,15.66,21.45,22.45,Frame Moulding,118,10.97,N,N,N
580470,W2 LILLE MED SCP 2 3/8 PEWTER,2.3125,FT,720472183345,15.63,21.41,22.41,Frame Moulding,118,10.95,N,N,N
581100,"W2 PANZANO MED SCP PEAT 2 1/4""",2.1875,FT,720472191487,21.44,25.55,26.55,Frame Moulding,166,12.32,N,N,N
581200,"W2 PANZANO MED BEECHNUT 2 1/4""",2.1875,FT,720472191494,21.42,25.48,26.48,Frame Moulding,137,12.25,N,N,N
583100,"W2 CARBON 2 1/2"" CUBE FLT BLCK",2.5,FT,720472193344,14.44,17.01,18.01,Frame Moulding,98,10.14,Y,N,N
585110,"W2 Cumberland 1 1/4""Cbe WhtOak",1.25,FT,720472195805,6.64,9.98,10.98,Frame Moulding,215,4.65,N,N,N
585111,"W2 Cumberland 1 1/4"" Cherry",1.25,FT,720472195812,5.74,8.6,9.6,Frame Moulding,264,4.01,N,N,N
585112,"W2 Cumberland 1 1/4"" Cherry",1.25,FT,720472195829,6.08,9.1,10.1,Frame Moulding,240,4.25,N,N,N
585113,"W1 Cumberland II 1 1/4"" Walnut",1.25,FT,720472196512,9.89,15.72,16.72,Frame Moulding,200,6.91,N,N,N
585710,"ALDEN EBON WALNUT 1 1/4""",1.25,FT,720472199896,6.73,10.76,11.76,Frame Moulding,200,5.46,N,N,N
585712,"ALDEN DK WALNUT 1 1/4""",1.25,FT,720472199902,6.73,10.76,11.76,Frame Moulding,200,5.46,N,N,N
586452,"W2 MUSEO GOLD SCOOP 1 15/16""",1.9375,FT,720472196635,6.83,10.93,11.93,Frame Moulding,108,5.54,N,N,N
586453,"W2 MUSEO SILVER SCOOP 1 15/16""",1.9375,FT,720472196642,6.83,10.93,11.93,Frame Moulding,108,5.54,N,N,N
586454,"W2 MUSEO BLACK SCOOP 1 15/16""",1.9375,FT,720472196659,6.28,10.05,11.05,Frame Moulding,108,5.09,N,N,N
587807,"W1 Perimeter Cap 13/16"" Sueude",0.8125,FT,720472194990,4.58,6.89,7.89,Frame Moulding,354,3.21,N,N,N
588630,"W2 DEVON BLACK REVERSE 2 5/8""",2.625,FT,720472180542,18,24.36,25.36,Frame Moulding,94,11.89,N,N,N
588650,"W2 DEVON GRAY REVERSE 2 5/8""",2.625,FT,720472180566,15.64,24.35,25.35,Frame Moulding,119,10.29,N,N,N
589110,Cumberland 1 3/4 Float Wht Oak,1.75,FT,720472195836,12.46,18.75,19.75,Frame Moulding,100,8.74,N,N,N
589111,"Cumberland 1 3/4""Float Cherry",1.75,FT,720472195843,10.52,15.8,16.8,Frame Moulding,105,7.38,N,N,N
589112,Cumberland 1 3/4 Float Cherry,1.75,FT,720472195850,10.35,15.15,16.15,Frame Moulding,120,6.42,N,N,N
589113,"W2 Cumberland II 1 3/4"" Walnut",1.75,FT,720472196536,18.28,27.41,28.41,Frame Moulding,103,12.73,N,N,N
590201,"W2 Shutter 2 3/8"" Black",2.375,FT,720472196406,7.56,12.03,13.03,Frame Moulding,88,5.3,N,N,N
592200,W2 Salzburg Cube 1 1/4 Silver,1.25,FT,720472191821,7.95,11.89,12.89,Frame Moulding,295,5.58,N,N,N
593350,"W2 BRIMFIELD PANEL BLK  2 1/4""",2.25,FT,720472190961,10.6,13.6,14.6,Frame Moulding,107,7.35,N,N,N
593360,"W2 BRIMFIELD PANEL WHT  2 1/4""",2.25,FT,720472190978,10.86,14.84,15.84,Frame Moulding,100,7.58,N,N,N
595203,"MADISON NAT SLANT 2 3/8""",2.375,FT,720472197670,7.61,11.5,12.5,Frame Moulding,117,5.24,N,N,N
595204,"MADISON BLK SLANT 2 3/8""",2.375,FT,720472197687,7.53,11.38,12.38,Frame Moulding,117,5.21,N,N,N
595205,"MADISON GREY SLANT 2 3/8""",2.375,FT,720472197694,7.48,11.31,12.31,Frame Moulding,117,5.18,N,N,N
597110,"W2 Cumberland 2 1/4"" WhtOak",2.25,FT,720472195867,14.43,21.23,22.23,Frame Moulding,79,10.15,N,N,N
597111,"W2 Cumberland 2 1/4"" Cherry",2.25,FT,720472195874,7.41,11.12,12.12,Frame Moulding,90,5.16,N,N,N
597112,"W2 Cumberland 2 1/4"" Cherry",2.25,FT,720472195881,6.83,10.23,11.23,Frame Moulding,67,4.77,N,N,N
597113,"W2 Cumberland II 2 1/4"" walnut",2.25,FT,720472196550,19.69,29.55,30.55,Frame Moulding,70,13.76,N,N,N
599405,"Lars 2 1/16"" Panel Slvr & Blck",2.0625,FT,720472198493,8.08,11.84,12.84,Frame Moulding,144,5.99,N,N,N
599406,"Lars 2 1/16"" Panel Gld & Black",2.0625,FT,720472198486,7.71,11.28,12.28,Frame Moulding,144,5.7,N,N,N
600541,"W2 SEVILLA SILV LRG TRAD 3""",3.125,FT,720472146463,18.33,29.74,30.74,Frame Moulding,70,12.59,N,N,N
6007,"ARQ STRET 5/8""x1 5/8"" BOX only",1.625,BX,720472151672,1.23,0,0,Frame Moulding,304,1.23,N,N,N
6008,"ARQADIA STRETCHER 7/8""X2 1/4""",2.25,BX,720472151689,1.9,0,0,Frame Moulding,172,1.9,N,N,N
600G,"W2 GOLD 2""",2,FT,720472103305,11.32,17.83,18.83,Frame Moulding,180,5.45,N,N,N
6011,"GALLERY WRAP 1 1/2""",1.125,FT,720472151696,4.13,4.76,5.76,Frame Moulding,152,1.27,N,N,N
6012,"BRACER BAR 1 1/2""",0.5,FT,720472151702,2.44,2.83,3.83,Frame Moulding,422,0.79,N,N,N
6013,"GALLERY WRAP 2""",1.125,FT,720472151719,4.35,5.29,6.29,Frame Moulding,133,1.28,N,N,N
602530,W2 TUSCANY IT DRK WAL EMB PNL,3,FT,720472145145,10.56,16.6,17.6,Frame Moulding,85,7.02,N,N,N
603602,"W2 WALNUT BURL/REV 2 1/4""",2.1875,FT,720472127356,16.64,26.76,27.76,Frame Moulding,117,10.4,N,N,N
603674,"W2 CRANBROOK EBONZD WAL 2 1/8""",2.125,FT,720472150682,10.54,17.37,18.37,Frame Moulding,97,7.71,N,N,N
603676,"W2 CRANBROOK DRK WALNUT 2 1/8""",2.125,FT,720472150705,10.47,17.16,18.16,Frame Moulding,105,7.68,N,N,N
609405,"Lars 3 1/4"" Grille Antq Silver",3.25,FT,720472198523,10.67,13.98,14.98,Frame Moulding,99,7.48,N,N,N
609406,"Lars 3 1/4"" Grille Antique Gld",3.25,FT,720472198530,10.48,13.73,14.73,Frame Moulding,99,7.34,N,N,N
611405,"Lars 3 9/16"" Panel Slvr & Blck",3.5625,FT,720472198516,10.37,13.73,14.73,Frame Moulding,81,7.26,N,N,N
611406,"Lars 3 9/16"" Panel Gld & Black",3.5625,FT,720472198509,10.26,13.59,14.59,Frame Moulding,81,7.18,N,N,N
613183,"CRANBROOK WHT WASH MPL 3/4""",0.75,FT,720472197632,11.2,15.87,16.87,Frame Moulding,259,7.23,N,N,N
613674,"W1 CRANBROOK EBONIZED WAL 3/4""",0.75,FT,720472150729,9.6,14.63,15.63,Frame Moulding,224,6.66,N,N,N
613675,"W1 CRANBROOK NAT WALNUT 3/4""",0.75,FT,720472150736,10.12,15.58,16.58,Frame Moulding,203,6.82,N,N,N
613676,"W1 CRANBROOK DARK WALNUT 3/4""",0.75,FT,720472150743,9.22,14.63,15.63,Frame Moulding,286,6.57,N,N,N
613677,"W1 CRANBROOK NAT MAPLE 3/4""",0.75,FT,720472150750,10.48,16.34,17.34,Frame Moulding,216,7.22,N,N,N
614410,"W2 DILLON WALNUT FLAT 2 1/16""",2.3125,FT,720472179256,15.26,24.17,25.17,Frame Moulding,90,10.34,N,N,N
614420,"W2 DILLON TIMBER FLAT 2 1/16""",2.3125,FT,720472179263,15.25,24.29,25.29,Frame Moulding,126,10.39,N,N,N
614430,"W2 DILLON GREY FLAT 2 1/16""",2.3125,FT,720472179270,17.57,24.41,25.41,Frame Moulding,80,11.42,N,N,N
616110," ALLOY 1 3/4"" Float Nickel",1.75,FT,720472196246,13.93,20.21,21.21,Frame Moulding,118,9.76,N,N,N
616111,ALLOY 1 3/4 FLT GUNMETAL,1.75,FT,720472196253,13.96,20.24,21.24,Frame Moulding,118,9.8,Y,N,N
616112,ALLOY 1 3/4 FLT SFT GOLD,1.75,FT,720472196260,13.88,20.14,21.14,Frame Moulding,118,9.74,Y,N,N
616113,ALLOY 1 3/4 FLT CHAMPGNE,1.75,FT,720472196277,13.95,20.23,21.23,Frame Moulding,118,9.78,Y,N,N
616361,"W2 ANTICA CHESTNUT 2 1/8""",2.125,FT,720472141246,17.19,26.21,27.21,Frame Moulding,103,11.03,N,N,N
616362,"W2 ANTICA CHARCOAL 2 1/8""",2.125,FT,720472141253,17.18,26.13,27.13,Frame Moulding,111,11.01,N,N,N
616904,W1 METALIA II BLACK SLIM FLOAT,1.75,FT,720472196963,9.89,15.82,16.82,Frame Moulding,118,8.02,N,N,N
616905,W1 METALIA II SILVER SLIM FLT,1.75,FT,720472196970,9.89,15.82,16.82,Frame Moulding,118,8.02,Y,N,N
616906,W1 METALIA II GOLD SLIM FLOAT,1.75,FT,720472196987,9.89,15.82,16.82,Frame Moulding,118,8.02,N,N,N
616907,W1 METALIA II CHAMPAGNE SL FLT,1.75,FT,720472196994,9.89,15.82,16.82,Frame Moulding,118,8.02,Y,N,N
616908,W1 METALIA II BRASS SLIM FLOAT,1.75,FT,720472197007,9.89,15.82,16.82,Frame Moulding,118,8.02,N,N,N
616909,W1 METALIA II GUNMETAL SL FLT,1.75,FT,720472197014,9.89,15.82,16.82,Frame Moulding,118,8.02,Y,N,N
617482,"W2 JASPER BLACK FLAT 3""",3,FT,720472199230,6.04,7.78,8.78,Frame Moulding,144,4.52,N,N,N
617484,"W2 JASPER WHITE FLAT 3""",3,FT,720472199247,6.11,8.64,9.64,Frame Moulding,144,4.83,N,N,N
618184,W1 L7 SLVR W/WHT FLOAT,1.625,FT,720472168823,15.81,18.17,19.17,Frame Moulding,178,12.51,N,N,N
618185,W1 L7 GOLD W/BLK FLOAT,1.625,FT,720472168830,15.26,17.42,18.42,Frame Moulding,177,11.99,N,N,N
619452,"W2 MUSEO GOLD SCOOP 2 1/4""",2.25,FT,720472196666,7.76,12.42,13.42,Frame Moulding,108,6.29,N,N,N
619453,"W2 MUSEO SILVER SCOOP 2 1/4""",2.25,FT,720472196673,7.76,12.42,13.42,Frame Moulding,108,6.29,N,N,N
619454,"W2 MUSEO BLACK SCOOP 2 1/4""",2.25,FT,720472196680,6.92,11.07,12.07,Frame Moulding,108,5.61,N,N,N
620100,"W2 HAVANA SCOOP 2 7/8"" TOFFEE",2.875,FT,720472191753,11.52,17.34,18.34,Frame Moulding,108,6.91,N,N,N
620200,"W2 HAVANA SCOOP 2 7/8"" COCOA",2.875,FT,720472191760,11.52,17.34,18.34,Frame Moulding,105,6.91,N,N,N
621870,"W2 COLOSSEUM II SFT PEWTER 2""",2,FT,720472199407,10.65,15.56,16.56,Frame Moulding,118,7.45,N,N,N
621871,"W2 COLOSSEUM II TARN SIL 2""",2,FT,720472199414,10.65,15.56,16.56,Frame Moulding,118,7.45,N,N,N
621872,"W2 COLOSSEUM II MOON GOLD 2""",2,FT,720472199421,10.65,15.56,16.56,Frame Moulding,55,7.45,N,N,N
621874,"W2 COLOSSEUM II TITANIUM 2""",2,FT,720472199438,10.65,15.56,16.56,Frame Moulding,68,7.45,N,N,N
621876,"W2 COLOSSEUM II STEEL BLUE 2""",2,FT,720472199445,10.65,15.56,16.56,Frame Moulding,118,7.45,N,N,N
621877,"W2 COLOSSEUM SLOPE BL OXIDE 2""",2,FT,720472197236,10.65,15.56,16.56,Frame Moulding,59,7.45,N,N,N
623181,"W1 CRANBROOK NAT CHR FLOAT 2""",1.875,FT,720472168021,12.79,19.39,20.39,Frame Moulding,105,9.26,N,N,N
623183,"W1 CRANBROOK WHT MPL FLOAT 2""",1.875,FT,720472168014,14.3,20.92,21.92,Frame Moulding,87,9.6,N,N,N
623674,"W1 CRANBROOK EB WAL FLOAT 2""",1.875,FT,720472150767,11.9,19.27,20.27,Frame Moulding,114,9.24,N,N,N
623675,"W1 CRANBROOK NAT WAL FLOAT 2""",1.875,FT,720472150774,12.07,19.56,20.56,Frame Moulding,85,9.4,N,N,N
623676,"W1 CRANBROOK DK WAL FLOAT 2""",1.875,FT,720472150781,12.21,19.77,20.77,Frame Moulding,111,9.48,N,N,N
623677,"W1 CRANBROOK NAT MPL FLOAT 2""",1.875,FT,720472150798,14.04,22.76,23.76,Frame Moulding,100,11.11,N,N,N
625200,"W2 SALON RIB SCP GLD 2 5/16""",2.3125,FT,720472191128,9.97,13.66,14.66,Frame Moulding,144,7,N,N,N
626234,"W1 MODERNE GOLD FLOAT 2""",1.9375,FT,720472196833,9.62,13.94,14.94,Frame Moulding,85,6.41,N,N,N
626236,"W1 MODERNE SILVER FLOAT 2""",1.9375,FT,720472196840,9.62,13.94,14.94,Frame Moulding,85,6.41,N,N,N
628184,W1 L7 SLVR W/WHT    FLOAT,2.375,FT,720472168854,20.57,23.57,24.57,Frame Moulding,64,16.27,N,N,N
628185,W1 L7 GOLD W/BLK   FLOAT,2.375,FT,720472168861,19.41,22.42,23.42,Frame Moulding,56,15.44,N,N,N
628186,W1 L7 SLVR W/BLK   FLOAT,2.375,FT,720472168878,19.87,22.79,23.79,Frame Moulding,73,15.72,N,N,N
630200,"W2 SALON LARGE PANEL GOLD  3 """,3,FT,720472191142,10.3,14.11,15.11,Frame Moulding,108,7.22,N,N,N
630225,"W2 SALON LARGE PANEL SILVER 3""",3,FT,720472191159,11.28,15.46,16.46,Frame Moulding,108,7.91,N,N,N
632900,"W1 FOUNDRY RVRSE BRASS 2 9/16""",2.5625,FT,720472179799,15.46,23.66,24.66,Frame Moulding,90,10.45,N,N,N
638120,"W2 DRESDEN BLK/SLVR 2 3/8""",2.375,FT,720472163453,15.39,20.44,21.44,Frame Moulding,114,10.8,N,N,N
645706,"W2 OLSEN MAPLE FLAT 2 3/4""",2.75,FT,720472199773,10.65,14.84,15.84,Frame Moulding,78,6.77,N,N,N
645708,"W2 OLSEN OAK FLAT 2 3/4""",2.75,FT,720472199780,10.65,14.84,15.84,Frame Moulding,78,6.77,N,N,N
650790,W2 LUCERNE ONYX/SILVER 2 1/16,2.0625,FT,720472154543,21.51,30.3,31.3,Frame Moulding,90,14.48,N,N,N
650793,"W2 LUCERNE TOPAZ 2 1/16""",2.0625,FT,720472154574,21.83,30.75,31.75,Frame Moulding,90,14.69,N,N,N
655252,"W2 FERROSA PEWTER 2 1/2""",2.5625,FT,720472138987,17.93,25.42,26.42,Frame Moulding,115,12.17,N,N,N
655254,"W2 FERROSA IRON 2 1/2""",2.5625,FT,720472138994,17.76,25.2,26.2,Frame Moulding,90,12.08,N,N,N
656516,"W2 ANSLEY CHERRY 2 3/4""",2.75,FT,720472144582,8.98,15.02,16.02,Frame Moulding,189,5.92,N,N,N
656517,"W2 ANSLEY COFFEE 2 3/4""",2.75,FT,720472144599,8.98,15.02,16.02,Frame Moulding,189,5.92,N,N,N
656518,"W2 ANSLEY GRAY 2 3/4""",2.75,FT,720472144605,8.81,14.73,15.73,Frame Moulding,189,5.81,N,N,N
657591,W2 MARAIS EUR GOLD PANEL 2 3/4,2.75,FT,720472146821,10.41,15.52,16.52,Frame Moulding,108,6.73,N,N,N
657592,W2 MARAIS EUR SILVER PNL 2 3/4,2.75,FT,720472146838,10.41,15.52,16.52,Frame Moulding,105,6.73,N,N,N
657593,"W2 MARAIS BLK PUNCH PNL 2 3/4""",2.75,FT,720472156707,11.49,17.17,18.17,Frame Moulding,108,6.99,N,N,N
658141,W0 CHAMBORD SLVR FLOAT 2 9/16,2.5625,FT,720472178112,27.07,35.05,36.05,Frame Moulding,70,21.2,N,N,N
663175,W1 CRANBROOK NA WAL TCAP 13/16,0.8125,FT,720472167864,14.53,20.55,21.55,Frame Moulding,140,9.77,N,N,N
663176,W1 CRANBROOK DK WAL TCAP 13/16,0.8125,FT,720472167857,14.53,20.55,21.55,Frame Moulding,110,9.77,N,N,N
663177,W1 CRANBROOK NA MPL TCAP 13/16,0.8125,FT,720472167833,15.93,21.56,22.56,Frame Moulding,184,10.31,N,N,N
663180,W1 CRANBROOK EB WAL TCAP 13/16,0.8125,FT,720472167840,14.53,20.55,21.55,Frame Moulding,195,9.76,N,N,N
667593,"W2 MARAIS BLK PLAIN PNL 2 3/4""",2.75,FT,720472156714,11.49,17.17,18.17,Frame Moulding,108,6.99,N,N,N
671082,"W2 SOHO BLK SLOPE W/BEV 2 3/4""",2.75,FT,720472134965,6.92,9.93,10.93,Frame Moulding,189,4.39,N,N,N
674077,"W2 PRAGUE BAR/SLVR REV 2 3/4""",2.8125,FT,720472134750,21.27,34.89,35.89,Frame Moulding,48,14.55,N,N,N
679100,"W2 H4 Rev 2 5/8"" Nat",2.625,FT,720472191975,10.54,15.8,16.8,Frame Moulding,90,6.94,N,N,N
679200,"W2 H4 Rev Wal 2 5/8"" Wal",2.625,FT,720472191982,10.55,15.81,16.81,Frame Moulding,98,7.01,N,N,N
680465,W2 LILLE LRG SCP 2 15/16 SILVR,2.875,FT,720472183369,16.43,24.7,25.7,Frame Moulding,60,11.56,N,N,N
680470,W2 LILLE LRG SCP 2 15/16 PEWTR,2.875,FT,720472183376,15.83,23.78,24.78,Frame Moulding,104,11.14,N,N,N
685200,W2 Salzburg Round 2 3/16 Silv,2.1875,FT,720472191845,11.74,16.48,17.48,Frame Moulding,88,7.52,N,N,N
686180,"W2 HUDSON GOLD PANEL 3""",3,FT,720472172714,10.55,15.93,16.93,Frame Moulding,99,6.91,N,N,N
686190,"W2 HUDSON SILVER PANEL 3""",3,FT,720472172721,10.19,15.4,16.4,Frame Moulding,99,6.68,N,N,N
686200,"W2 HUDSON II IVORY PANEL 3""",3,FT,720472183888,9.81,14.74,15.74,Frame Moulding,99,6.46,N,N,N
686210,"W2 HUDSON II BLACK PANEL 3""",3,FT,720472183895,9.86,14.82,15.82,Frame Moulding,99,6.49,N,N,N
686220,"W2 HUDSON II BLKGLD PANEL 3""",3,FT,720472183901,10.38,15.66,16.66,Frame Moulding,99,6.84,N,N,N
687810,"W1 Perimtr Cube 1 3/16"" Silvr",1.1875,FT,720472195003,4.17,6.26,7.26,Frame Moulding,219,2.91,N,N,N
695100,"W0 EIFFEL 3"" FLOAT SILVER",2.875,FT,720472193436,21.76,25.56,26.56,Frame Moulding,37,15.27,N,N,N
695110,"W0 EIFFEL 3"" FLOAT PEWTER",2.875,FT,720472193443,22.1,25.97,26.97,Frame Moulding,35,15.5,N,N,N
695120,"W0 EIFFEL 3"" FLOAT GOLD",2.875,FT,720472193450,22.08,25.94,26.94,Frame Moulding,51,15.48,N,N,N
695130,"W0 EIFFEL 3"" FLOAT BRONZE",2.875,FT,720472193467,22.09,25.95,26.95,Frame Moulding,39,15.49,N,N,N
697805,"W2 Primtr Lg Cube 2 1/16"" Chmp",2.0625,FT,720472195041,6.1,8.54,9.54,Frame Moulding,118,4.23,N,N,N
700240,"W2 JAVA BEAN 3 1/4""",3.25,FT,720472138871,19.59,30.18,31.18,Frame Moulding,43,13.73,N,N,N
70-100M,"NATURAL MAPLE  3/4 """,0.75,FT,720472187947,9.56,12.57,13.57,Frame Moulding,270,6.23,N,N,N
701452,"W2 MUSEO GOLD PANEL 3 1/4""",3.25,FT,720472196697,11.56,18.5,19.5,Frame Moulding,72,9.38,N,N,N
701453,"W2 MUSEO SILVER PANEL 3 1/4""",3.25,FT,720472196703,11.56,18.5,19.5,Frame Moulding,72,9.38,N,N,N
701454,"W2 MUSEO BLACK PANEL 3 1/4""",3.25,FT,720472196710,10.17,16.27,17.27,Frame Moulding,72,8.25,N,N,N
704100,W2 PANZANO LG SCOOP PEAT 3 1/4,3.25,FT,720472191463,26.92,41.33,42.33,Frame Moulding,78,15.88,N,N,N
71-051W,"SOLID WALNUT 3/4""",0.75,FT,720472184656,12.62,16.91,17.91,Frame Moulding,230,8.1,N,N,N
71-100M,"NATURAL MAPLE 3/4""",0.75,FT,720472184663,10.73,14.18,15.18,Frame Moulding,218,7.1,N,N,N
71-781P,"WWOODS FOG GREY 3/4""",0.75,FT,720472184687,8.6,11.19,12.19,Frame Moulding,224,5.53,N,N,N
71-783P,"WWOODS SANTA CRUZ SEAFOAM 3/4""",0.75,FT,720472188005,8.57,11.16,12.16,Frame Moulding,175,5.52,N,N,N
71-786P,"WWOODS BEACH BLONDE 3/4""",0.75,FT,720472184694,8.5,11.08,12.08,Frame Moulding,227,5.48,N,N,N
71-789P,"WWOODS YELLOWSTONE 3/4""",0.75,FT,720472188050,8.58,11.18,12.18,Frame Moulding,218,5.53,N,N,N
71-793P,"WWOODS TAHOE BLUE 3/4""",0.75,FT,720472188098,8.56,11.16,12.16,Frame Moulding,224,5.52,N,N,N
71-795P,"WWOODS BLACK WATER 3/4""",0.75,FT,720472191258,8.57,11.16,12.16,Frame Moulding,228,5.52,N,N,N
727593,"W2 MARAIS BLACK SCOOP 3 3/8""",3.375,FT,720472156721,15.51,22.23,23.23,Frame Moulding,100,8.76,N,N,N
733235,"W2 ACADEMIE GOLD 3""",3,FT,720472139359,11.58,16.51,17.51,Frame Moulding,87,5.69,N,N,N
733237,"W2 ACADEMIE SILVER 3""",3,FT,720472139366,11.88,16.95,17.95,Frame Moulding,90,5.84,N,N,N
733239,"W2 ACADEMIE BLK W/GOLD 3""",3,FT,720472139373,11.87,16.93,17.93,Frame Moulding,90,5.83,N,N,N
73-556X,"STEAMPUNK ZINC 1 1/4""",1.25,FT,720472187312,7.83,10.69,11.7,Frame Moulding,192,5.03,N,N,N
74-100M,"NATURAL MAPLE 1""",1,FT,720472188135,7.7,9.96,10.96,Frame Moulding,300,4.87,N,N,N
746200,W2 Salzburg Scoop 3 1/4 Silver,3.25,FT,720472191883,19.68,27.31,28.31,Frame Moulding,47,12.92,N,N,N
751800,"W0 BELMONT LT OLIVE SCOOP 4""",4,FT,720472154703,31.34,45.4,46.4,Frame Moulding,49,20.73,N,N,N
751801,"W0 BELMONT MD OLIVE SCOOP 4""",4,FT,720472154710,30.34,44.27,45.27,Frame Moulding,49,20.23,N,N,N
751802,"W0 BELMONT DK OLIVE SCOOP 4""",4,FT,720472154727,31.12,45.85,46.85,Frame Moulding,49,20.95,N,N,N
768403,"W0 WHITMAN BLACK SCOOP 4""",4,FT,720472181617,20.42,28.92,29.92,Frame Moulding,54,14.18,N,N,N
768405,"W0 WHITMAN TORTOISE SCOOP 4""",4,FT,720472181624,20.42,28.92,29.92,Frame Moulding,54,14.18,N,N,N
771570,"W2 INTERMEZZO SABLE 2 13/16""",3.25,FT,720472181020,26.69,37.62,38.62,Frame Moulding,84,17.22,N,N,N
795203,"MADISON NAT FLAT 3 5/16""",3.3125,FT,720472197700,10.56,16.14,17.14,Frame Moulding,78,7.39,N,N,N
795204,"MADISON BLACK FLAT 3 5/16""",3.3125,FT,720472197717,10.15,15.4,16.4,Frame Moulding,78,7.04,N,N,N
795205,"MADISON GREY FLAT 3 5/16""",3.3125,FT,720472197724,8.79,14.53,15.53,Frame Moulding,78,6.06,N,N,N
798630,"W2 DEVON BLACK SCOOP 3 5/16""",3.3125,FT,720472180573,26.65,36.24,37.24,Frame Moulding,45,17.57,N,N,N
798640,"W2 DEVON WALNUT SCOOP 3 5/16""",3.3125,FT,720472180580,26.7,36.26,37.26,Frame Moulding,54,17.58,N,N,N
80061,"ARQADIA SILVER 2 3/4""",2.75,FT,720472141383,4.57,0,0,Frame Moulding,95,4.57,N,N,N
801407,"Lars 4"" Scoop Dutch Black",4,FT,720472198547,21.03,27.24,28.24,Frame Moulding,60,13.82,N,N,N
80699,"ARQADIA SILVER 2 3/4""",2.75,FT,720472158480,3.62,0,0,Frame Moulding,132,3.62,N,N,N
80736,"ARQADIA WARM SILVER 1 9/16""",1.5625,FT,720472161138,2.5,0,5.33,Frame Moulding,175,2.5,N,N,N
80737,"ARQADIA BRIGHT SILVER 1 9/16""",1.5625,FT,720472161145,2.5,0,0,Frame Moulding,180,2.5,N,N,N
80739,"ARQ BRIGHT SILVER 2 3/4""",2.75,FT,720472162425,3.94,0,0,Frame Moulding,132,3.94,N,N,N
80741,"ARQADIA BRIGHT SILVER 2 7/8""",2.875,FT,720472162449,4.39,0,0,Frame Moulding,135,4.39,N,N,N
80743,"ARQADIA WARM SILVER 2""",2,FT,720472162463,2.91,0,0,Frame Moulding,153,2.91,N,N,N
80744,"ARQADIA BRIGHT SILVER 2""",2,FT,720472162470,2.96,0,0,Frame Moulding,153,2.96,N,N,N
80745,"ARQADIA MOCHA 2""",2,FT,720472162487,2.58,0,0,Frame Moulding,153,2.58,N,N,N
80785,"ARQADIA LT WAL FLOAT 1 11/16""",1.6875,FT,720472178785,4.9,0,0,Frame Moulding,144,4.9,N,N,N
80900,"JASPER II CAP WHITE 3/4""",0.75,FT,720472197243,2.44,3.56,4.61,Frame Moulding,252,1.62,N,N,N
80901,"JASPER II CAP BLACK 3/4""",0.75,FT,720472197250,2.44,3.56,4.56,Frame Moulding,252,1.62,N,N,N
80902,"ESSENTIALS CAP GOLD 3/4""",0.75,BX,720472197267,1.14,0,0,Frame Moulding,252,1.14,N,N,N
80903,"ESSENTIALS CAP SILVER 3/4""",0.75,BX,720472197274,1.02,0,0,Frame Moulding,240,1.02,N,N,N
80904,"JASPER II CAP WHITE 1""",1,FT,720472197281,3.75,5.47,6.47,Frame Moulding,216,2.5,N,N,N
80905,"JASPER II CAP BLACK 1""",1,FT,720472197298,3.8,5.54,6.54,Frame Moulding,216,2.53,N,N,N
80906,"ESSENTIALS CAP GOLD 1""",1,BX,720472197304,1.74,0,0,Frame Moulding,180,1.74,N,N,N
80907,"ESSENTIALS CAP SILVER 1""",1,BX,720472197311,1.76,0,0,Frame Moulding,179,1.76,N,N,N
80908,"JASPER II CUBE WHITE 1 1/8""",1.125,FT,720472197328,3.23,4.71,5.71,Frame Moulding,234,2.15,N,N,N
80909,"JASPER II CUBE BLACK 1 1/8""",1.125,FT,720472197335,3.17,4.64,5.64,Frame Moulding,228,2.12,N,N,N
80910,"ESSENTIALS CUBE GOLD 1 1/8""",1.125,BX,720472197342,1.67,0,0,Frame Moulding,190,1.67,N,N,N
80912,"ESSENTIALS FLOAT GOLD 2""",2,BX,720472197366,2.2,0,0,Frame Moulding,144,2.2,N,N,N
80913,"ESSENTIALS FLOAT SILVER 2""",2,BX,720472197373,2.25,0,0,Frame Moulding,144,2.25,N,N,N
80914,"W1 KANSO 3/4"" CAP NORDIC OAK",0.75,FT,720472198226,4.17,5.96,6.96,Frame Moulding,275,2.78,N,N,N
80915,"W1 KANSO 3/4"" CAP LIGHT GREY",0.75,FT,720472198233,4.17,5.96,6.96,Frame Moulding,313,2.78,N,N,N
80916,"W1 KANSO 3/4"" CAP CHARCOAL",0.75,FT,720472198240,4.17,5.96,6.96,Frame Moulding,274,2.78,N,N,N
80917,"W1 KANSO 3/4"" CAP LT WALNUT",0.75,FT,720472198257,4.17,5.96,6.96,Frame Moulding,275,2.78,N,N,N
80918,"W1 KANSO 3/4"" CAP MOCHA",0.75,FT,720472198264,4.17,5.96,6.96,Frame Moulding,274,2.78,N,N,N
80919,W2 KANSO 1 1/4 CUBE NORDIC OAK,1.25,FT,720472198271,4.12,5.88,6.88,Frame Moulding,254,2.75,N,N,N
80920,"W2 KANSO 1 1/4"" CUBE LT GREY",1.25,FT,720472198288,4.12,5.88,6.88,Frame Moulding,274,2.75,N,N,N
80921,"W2 KANSO 1 1/4"" CUBE CHARCOAL",1.25,FT,720472198295,4.12,5.88,6.88,Frame Moulding,274,2.75,N,N,N
80922,"W2 KANSO 1 1/4"" CUBE LT WALNUT",1.25,FT,720472198301,4.12,5.88,6.88,Frame Moulding,274,2.75,N,N,N
80923,"W2 KANSO 1 1/4"" SM CUBE MOCHA",1.25,FT,720472198318,4.12,5.88,6.88,Frame Moulding,274,2.75,N,N,N
80924,W2 KANSO 1 1/8 CUBE NORDIC OAK,1.125,FT,720472198325,5.04,7.2,8.2,Frame Moulding,196,3.37,N,N,N
80925,W2 KANSO 1 1/8 CUBE LIGHT GREY,1.125,FT,720472198332,5.04,7.2,8.2,Frame Moulding,156,3.37,N,N,N
80926,"W2 KANSO 1 1/8"" CUBE CHARCOAL",1.125,FT,720472198349,5.04,7.2,8.2,Frame Moulding,196,3.37,N,N,N
80927,W2 KANSO 1 1/8 CUBE LT WALNUT,1.125,FT,720472198356,5.04,7.2,8.2,Frame Moulding,196,3.37,N,N,N
80928,"W2 KANSO 1 1/8"" CUBE MOCHA",1.125,FT,720472198363,5.04,7.2,8.2,Frame Moulding,196,3.37,N,N,N
814410,"W0 DILLON WALNUT FLAT 4 3/4""",4.75,FT,720472179317,30.7,46.58,47.58,Frame Moulding,48,20.91,N,N,N
814430,"W0 DILLON GREY FLAT 4 3/4""",4.75,FT,720472179331,30.67,48.58,49.58,Frame Moulding,47,20.16,N,N,N
842420,W1 ANGUS LG CAP ANTQ BRN 1 1/4,1.25,FT,720472182850,13.5,19.01,20.01,Frame Moulding,118,9.27,N,N,N
842421,"W1 ANGUS LG CAP BLACK 1 1/4""",1.25,FT,720472182881,13.5,18.51,19.51,Frame Moulding,117,9.23,N,N,N
842440,"W1 BAUHAUS SM CAP WHITE 3/4""",0.75,FT,720472182935,5.2,7.11,8.11,Frame Moulding,376,3.66,N,N,N
842450,"W1 BAUHAUS SM CAP BLK 3/4""",0.75,FT,720472184038,5.07,6.96,7.96,Frame Moulding,376,3.59,N,N,N
850790,"W0 LUCERNE ONYX/SILVER 3 5/8""",3.625,FT,720472154581,28.22,39.44,40.44,Frame Moulding,60,19.56,N,N,N
850791,"W0 LUCERNE SAGE/SILVER 3 5/8""",3.625,FT,720472154598,28.22,39.43,40.43,Frame Moulding,60,19.55,N,N,N
850793,"W0 LUCERNE TOPAZ 3 5/8""",3.625,FT,720472154611,28.23,39.46,40.46,Frame Moulding,60,19.57,N,N,N
852421,"W2 ANGUS SCOOP BLACK 1 7/8""",1.875,FT,720472182898,13.55,18.56,19.56,Frame Moulding,156,9.1,N,N,N
852440,"W1 BAUHAUS LG CAP WHITE 3/4""",0.8125,FT,720472182942,6.44,8.81,9.81,Frame Moulding,228,4.51,N,N,N
852450,"W1 BAUHAUS LG CAP BLK 3/4""",0.8125,FT,720472184045,6.38,8.74,9.74,Frame Moulding,295,4.47,N,N,N
862440,"W2 BAUHAUS CUBE WHITE 1 1/4""",1.25,FT,720472182959,5.41,7.39,8.39,Frame Moulding,156,3.76,N,N,N
862450,"W2 BAUHAUS CUBE BLK 1 1/4""",1.25,FT,720472184052,5.41,7.4,8.4,Frame Moulding,176,3.77,N,N,N
866361,"W2 ANTICA CHESTNUT 3 5/16""",3.375,FT,720472141277,23.23,35.1,36.1,Frame Moulding,68,15.16,N,N,N
866362,"W2 ANTICA CHARCOAL 3 5/16""",3.375,FT,720472141284,23.3,35.15,36.15,Frame Moulding,63,15.18,N,N,N
869077,"W0 PRAGUE BAR/SLVR TRAD 3 1/2""",3.625,FT,720472134767,33.53,53.92,54.92,Frame Moulding,38,22.89,N,N,N
872440,"W2 BAUHAUS WIDE FLAT WHITE 3""",3,FT,720472182966,9.23,12.66,13.66,Frame Moulding,68,6.47,N,N,N
872450,"W2 BAUHAUS WIDE FLAT BLK 3""",3,FT,720472184069,9.23,12.66,13.66,Frame Moulding,58,6.47,N,N,N
9156,"ARQADIA BLACK 13/16""",0.8125,FT,720472155588,1.55,0,0,Frame Moulding,200,1.55,N,N,N
9156AC,"ARQADIA BLACK 13/16""",0.8125,FT,720472158817,2.67,5.37,6.37,Frame Moulding,214,1.71,N,N,N
9157,"ARQADIA BLACK 15/16""",1,FT,720472152297,1.6,0,0,Frame Moulding,160,1.6,N,N,N
9157AC,"ARQADIA BLACK 15/16""",0.9375,FT,720472195768,2.36,5.09,6.09,Frame Moulding,162,1.51,N,N,N
9171,"ARQADIA BLACK 1 5/8""",1.625,FT,720472152396,2.17,0,0,Frame Moulding,180,2.17,N,N,N
9171AC,"ARQADIA BLACK 1 5/8""",1.625,FT,720472158831,3.15,5.85,6.85,Frame Moulding,216,2.01,N,N,N
A26200,ARTQ RAG WINTER WHITE 3240 2PL,0,EA,720472337366,11.34,0,0,Matboard,0,0,N,N,Y
A3501,ARTQ LINEN MOON 32X40,0,EA,720472337229,59.17,0,0,Matboard,0,0,N,Y,Y
A3506,ARTQ LINEN DESERT 32X40,0,EA,720472337274,59.17,0,0,Matboard,0,0,N,Y,Y
A3509,ARTQ LINEN CARBON 32X40,0,EA,720472337588,59.17,0,0,Matboard,0,0,N,Y,Y
A3510,ARTQ LINEN DRIFTWOOD 32X40,0,EA,731717633303,39.37,0,0,Matboard,0,0,N,Y,Y
A3511,ARTQ LINEN BLUESTONE 32X40,0,EA,731717633310,39.37,0,0,Matboard,0,0,N,Y,Y
A3512,ARTQ LINEN OWL GREY 32X40,0,EA,731717633327,39.37,0,0,Matboard,0,0,N,Y,Y
A3513,ARTQ LINEN PEPPER 32X40,0,EA,731717633334,39.37,0,0,Matboard,0,0,N,Y,Y
A3514,ARTQ LINEN MYSTIC GREY 32X40,0,EA,731717633341,39.37,0,0,Matboard,0,0,N,Y,Y
A3515,ARTQ LINEN SAILCLOTH 32X40,0,EA,731717633358,39.37,0,0,Matboard,0,0,N,Y,Y
A3516,ARTQ LINEN RIVER ROCK 32X40,0,EA,731717633365,39.37,0,0,Matboard,0,0,N,Y,Y
A3517,ARTQ LINEN LICORICE 32X40,0,EA,731717633372,59.16,0,0,Matboard,0,0,N,Y,Y
A3518,ARTQ LINEN GREY FLANNEL 32X40,0,EA,731717633389,59.16,0,0,Matboard,0,0,N,Y,Y
A3519,ARTQ LINEN FEATHER 32X40,0,EA,731717633396,59.16,0,0,Matboard,0,0,N,Y,Y
A3700,ARTQ SUEDE CHILI PEPPER 32X40,0,EA,720472337281,35.74,0,0,Matboard,0,0,N,Y,Y
A3701,ARTQ SUEDE SYRAH 32X40,0,EA,720472337298,35.74,0,0,Matboard,0,0,N,Y,Y
A3702,ARTQ SUEDE MINK 32X40,0,EA,720472337304,35.74,0,0,Matboard,0,0,N,Y,Y
A3703,ARTQ SUEDE RAINFOREST 32X40,0,EA,720472337311,35.74,0,0,Matboard,0,0,N,Y,Y
A3704,ARTQ SUEDE BERMUDA 32X40,0,EA,720472337328,35.74,0,0,Matboard,0,0,N,Y,Y
A3705,ARTQ SUEDE COBALT 32X40,0,EA,720472337335,35.74,0,0,Matboard,0,0,N,Y,Y
A3706,ARTQ SUEDE JET BLACK 32X40,0,EA,720472337342,35.74,0,0,Matboard,0,0,N,Y,Y
A3800,ARTQ SUEDE JET BLACK 40X60,0,EA,720472337359,67.91,0,0,Matboard,0,0,N,Y,Y
A4101,ARTIQUE WHITE 40X60,0,EA,720472330602,30,0,0,Matboard,0,0,N,Y,Y
A4102,ARTIQUE OFF WHITE 40X60,0,EA,720472330619,30,0,0,Matboard,0,0,N,Y,Y
A4103,ARTIQUE IVORY 40X60,0,EA,720472330626,30,0,0,Matboard,0,0,N,Y,Y
A4104,ARTIQUE DEVONSHIRE 40X60,0,EA,720472330633,30,0,0,Matboard,0,0,N,Y,Y
A4105,ARTIQUE TRUE BLACK 40X60,0,EA,720472330640,30,0,0,Matboard,0,0,N,Y,Y
A4107,ARTIQUE LOGANBERRY 40X60,0,EA,720472330664,30,0,0,Matboard,0,0,N,Y,Y
A4108,ARTIQUE ADMIRALTY 40X60,0,EA,720472330671,30,0,0,Matboard,0,0,N,Y,Y
A4109,ARTIQUE EMERALD 40X60,0,EA,720472330688,30,0,0,Matboard,0,0,N,Y,Y
A4110,ARTIQUE HERITAGE BLUE 40X60,0,EA,720472330695,30,0,0,Matboard,0,0,N,Y,Y
A4111,ARTIQUE MAGNOLIA 40X60,0,EA,720472330701,30,0,0,Matboard,0,0,N,Y,Y
A4112,ARTIQUE LINEN 40X60,0,EA,720472330718,30,0,0,Matboard,0,0,N,Y,Y
A4113,ARTIQUE SNOW WHITE 40X60,0,EA,720472330725,30,0,0,Matboard,0,0,N,Y,Y
A4114,ARTIQUE SILVER GHOST 40X60,0,EA,720472330732,30,0,0,Matboard,0,0,N,Y,Y
A4115,ARTIQUE PEBBLE 40X60,0,EA,720472330749,30,0,0,Matboard,0,0,N,Y,Y
A4117,ARTIQUE LAVENDER 40X60,0,EA,720472330763,30,0,0,Matboard,0,0,N,Y,Y
A4118,ARTIQUE CHESTNUT 40X60,0,EA,720472330770,30,0,0,Matboard,0,0,N,Y,Y
A4120,ARTIQUE THATCH 40X60,0,EA,720472330794,30,0,0,Matboard,0,0,N,Y,Y
A4121,ARTIQUE PINEWOOD 40X60,0,EA,720472330800,30,0,0,Matboard,0,0,N,Y,Y
A4122,ARTIQUE DUSKY PINK 40X60,0,EA,720472330817,30,0,0,Matboard,0,0,N,Y,Y
A4124,ARTIQUE SPRUCE 40X60,0,EA,720472330824,30,0,0,Matboard,0,0,N,Y,Y
A4125,ARTIQUE PEWTER 40X60,0,EA,720472330831,30,0,0,Matboard,0,0,N,Y,Y
A4127,ARTIQUE RAVEN 40X60,0,EA,720472330855,30,0,0,Matboard,0,0,N,Y,Y
A4128,ARTIQUE WHITECAP 40X60,0,EA,720472334600,30,0,0,Matboard,0,0,N,Y,Y
A4129,ARTIQUE INK 40X60,0,EA,720472334617,30,0,0,Matboard,0,0,N,Y,Y
A4130,ARTIQUE MARINER 40X60,0,EA,720472334624,30,0,0,Matboard,0,0,N,Y,Y
A4131,ARTIQUE MIRO 40X60,0,EA,720472334631,30,0,0,Matboard,0,0,N,Y,Y
A4132,ARTIQUE FOREST 40X60,0,EA,720472334648,30,0,0,Matboard,0,0,N,Y,Y
A4133,ARTIQUE CYPRESS 40X60,0,EA,720472334655,30,0,0,Matboard,0,0,N,Y,Y
A4134,ARTIQUE SANGRIA 40X60,0,EA,720472334662,30,0,0,Matboard,0,0,N,Y,Y
A4135,ARTIQUE PARCHMENT 40X60,0,EA,720472335539,30,0,0,Matboard,0,0,N,Y,Y
A4136,ARTIQUE STONEHENGE 40X60,0,EA,720472335546,30,0,0,Matboard,0,0,N,Y,Y
A4138,ARTIQUE CHALK 40X60,0,EA,720472335560,30,0,0,Matboard,0,0,N,Y,Y
A4139,ARTIQUE COAL 40X60,0,EA,720472335577,30,0,0,Matboard,0,0,N,Y,Y
A4140,ARTIQUE ONYX 40X60,0,EA,720472335676,30,0,0,Matboard,0,0,N,Y,Y
A4141,ARTIQUE NIGHT 40X60,0,EA,720472335683,30,0,0,Matboard,0,0,N,Y,Y
A4142,ARTIQUE EVEREST 40X60,0,EA,720472335690,30,0,0,Matboard,0,0,N,Y,Y
A4143,ARTIQUE DOVER WHITE 40X60,0,EA,720472335706,30,0,0,Matboard,0,0,N,Y,Y
A4144,ARTIQUE OYSTER 40X60,0,EA,720472335713,30,0,0,Matboard,0,0,N,Y,Y
A4145,ARTIQUE BUFF 40X60,0,EA,720472335720,30,0,0,Matboard,0,0,N,Y,Y
A4146,ARTIQUE RAINIER 40X60,0,EA,720472335812,30,0,0,Matboard,0,0,N,Y,Y
A4147,ARTIQUE DIGITAL WHITE 40X60,0,EA,720472335829,30,0,0,Matboard,0,0,N,Y,Y
A4148,ARTIQUE DRIZZLE 40X60,0,EA,720472335836,28.57,0,0,Matboard,0,0,N,Y,Y
A4149,ARTIQUE GRAPHITE 40X60,0,EA,720472335966,30,0,0,Matboard,0,0,N,Y,Y
A4150,ARTIQUE SAFFRON 40X60,0,EA,720472335973,30,0,0,Matboard,0,0,N,Y,Y
A4151,ARTIQUE LAPIS 40X60,0,EA,720472335980,30,0,0,Matboard,0,0,N,Y,Y
A4152,ARTIQUE BERRY RED 40X60,0,EA,720472335997,30,0,0,Matboard,0,0,N,Y,Y
A4153,ARTIQUE BIRCH 40X60,0,EA,720472336222,44.21,0,0,Matboard,0,0,N,Y,Y
A4154,ARTIQUE COTSWOLD GREY 40X60,0,EA,720472336239,44.21,0,0,Matboard,0,0,N,Y,Y
A4155,ARTIQUE DAIRY 40X60,0,EA,720472336345,44.21,0,0,Matboard,0,0,N,Y,Y
A4156,ARTIQUE SCHOLAR 40X60,0,EA,720472336352,44.21,0,0,Matboard,0,0,N,Y,Y
A4157,ARTIQUE CANVAS 40X60,0,EA,720472336369,44.21,0,0,Matboard,0,0,N,Y,Y
A4158,ARTIQUE IRON 40X60,0,EA,720472336376,44.21,0,0,Matboard,0,0,N,Y,Y
A4700,ARTIQUE DAIRY 32X40,0,EA,720472336246,23.23,0,0,Matboard,0,0,N,Y,Y
A4701,ARTIQUE SCHOLAR 32X40,0,EA,720472336253,23.23,0,0,Matboard,0,0,N,Y,Y
A4702,ARTIQUE CERAMIC 32X40,0,EA,720472336260,23.23,0,0,Matboard,0,0,N,Y,Y
A4703,ARTIQUE CENTURY 32X40,0,EA,720472336277,23.23,0,0,Matboard,0,0,N,Y,Y
A4704,ARTIQUE LIMESTONE 32X40,0,EA,720472336284,23.23,0,0,Matboard,0,0,N,Y,Y
A4705,ARTIQUE ANTIQUE 32X40,0,EA,720472336291,23.23,0,0,Matboard,0,0,N,Y,Y
A4706,ARTIQUE SLATE 32X40,0,EA,720472336307,23.23,0,0,Matboard,0,0,N,Y,Y
A4707,ARTIQUE PISGAH 32X40,0,EA,720472336314,23.23,0,0,Matboard,0,0,N,Y,Y
A4708,ARTIQUE CANVAS 32X40,0,EA,720472336321,23.23,0,0,Matboard,0,0,N,Y,Y
A4709,ARTIQUE IRON 32X40,0,EA,720472336338,23.23,0,0,Matboard,0,0,N,Y,Y
A4800,ARTIQUE MACADAMIA 32X40,0,EA,720472329965,12.78,0,0,Matboard,0,0,N,Y,Y
A4801,ARTIQUE PARCHMENT 32X40,0,EA,720472329972,12.78,0,0,Matboard,0,0,N,Y,Y
A4802,ARTIQUE OYSTER 32X40,0,EA,720472329989,12.78,0,0,Matboard,0,0,N,Y,Y
A4803,ARTIQUE WHITECAP 32X40,0,EA,720472329996,12.78,0,0,Matboard,0,0,N,Y,Y
A4804,ARTIQUE EGGPLANT 32X40,0,EA,720472330008,12.78,0,0,Matboard,0,0,N,Y,Y
A4805,ARTIQUE CINNABAR 32X40,0,EA,720472330015,12.78,0,0,Matboard,0,0,N,Y,Y
A4806,ARTIQUE ANTIQUE BRICK 32X40,0,EA,720472330022,12.78,0,0,Matboard,0,0,N,Y,Y
A4807,ARTIQUE TUDOR 32X40,0,EA,720472330039,12.78,0,0,Matboard,0,0,N,Y,Y
A4809,ARTIQUE KHAKI 32X40,0,EA,720472330053,12.78,0,0,Matboard,0,0,N,Y,Y
A4810,ARTIQUE CANYON 32X40,0,EA,720472330060,12.78,0,0,Matboard,0,0,N,Y,Y
A4811,ARTIQUE PLATINUM 32X40,0,EA,720472330077,12.78,0,0,Matboard,0,0,N,Y,Y
A4812,ARTIQUE SEASPRAY 32X40,0,EA,720472330084,12.78,0,0,Matboard,0,0,N,Y,Y
A4813,ARTIQUE BLUE ASH 32X40,0,EA,720472330091,12.78,0,0,Matboard,0,0,N,Y,Y
A4814,ARTIQUE JETTY 32X40,0,EA,720472330107,12.78,0,0,Matboard,0,0,N,Y,Y
A4815,ARTIQUE GOBELIN 32X40,0,EA,720472330114,12.78,0,0,Matboard,0,0,N,Y,Y
A4816,ARTIQUE HARBOR BLUE 32X40,0,EA,720472330121,12.78,0,0,Matboard,0,0,N,Y,Y
A4817,ARTIQUE SEASIDE 32X40,0,EA,720472330138,12.78,0,0,Matboard,0,0,N,Y,Y
A4818,ARTIQUE BRIDGEWATER 32X40,0,EA,720472330145,12.78,0,0,Matboard,0,0,N,Y,Y
A4819,ARTIQUE TETON SKY 32X40,0,EA,720472330152,12.78,0,0,Matboard,0,0,N,Y,Y
A4820,ARTIQUE BOTANICAL 32X40,0,EA,720472330169,12.78,0,0,Matboard,0,0,N,Y,Y
A4821,ARTIQUE FOREST 32X40,0,EA,720472330176,12.78,0,0,Matboard,0,0,N,Y,Y
A4822,ARTIQUE EVERGREEN 32X40,0,EA,720472330183,12.78,0,0,Matboard,0,0,N,Y,Y
A4823,ARTIQUE ACORN 32X40,0,EA,720472330190,12.78,0,0,Matboard,0,0,N,Y,Y
A4824,ARTIQUE ORCHID 32X40,0,EA,720472330206,12.78,0,0,Matboard,0,0,N,Y,Y
A4825,ARTIQUE BALMORAL 32X40,0,EA,720472330213,12.78,0,0,Matboard,0,0,N,Y,Y
A4826,ARTIQUE PUMICE 32X40,0,EA,720472330220,12.78,0,0,Matboard,0,0,N,Y,Y
A4827,ARTIQUE IVY 32X40,0,EA,720472330237,12.78,0,0,Matboard,0,0,N,Y,Y
A4828,ARTIQUE SHARROW BAY 32X40,0,EA,720472330244,12.78,0,0,Matboard,0,0,N,Y,Y
A4830,ARTIQUE VANILLA BEAN 32X40,0,EA,720472330268,12.78,0,0,Matboard,0,0,N,Y,Y
A4833,ARTIQUE GRAPHITE 32X40,0,EA,720472330299,12.78,0,0,Matboard,0,0,N,Y,Y
A4834,ARTIQUE SANGRIA 32X40,0,EA,720472330305,12.78,0,0,Matboard,0,0,N,Y,Y
A4835,ARTIQUE CYPRESS 32X40,0,EA,720472330312,12.78,0,0,Matboard,0,0,N,Y,Y
A4836,ARTIQUE CLOVE 32X40,0,EA,720472330329,12.78,0,0,Matboard,0,0,N,Y,Y
A4837,ARTIQUE BIRCH 32X40,0,EA,720472330336,12.78,0,0,Matboard,0,0,N,Y,Y
A4838,ARTIQUE GREY FELL 32X40,0,EA,720472330343,12.78,0,0,Matboard,0,0,N,Y,Y
A4840,ARTIQUE GULL 32X40,0,EA,720472330367,12.78,0,0,Matboard,0,0,N,Y,Y
A4841,ARTIQUE GOLD METALLIC 32X40,0,EA,720472330374,12.78,0,0,Matboard,0,0,N,Y,Y
A4842,ARTIQUE SILVER METALLIC 32X40,0,EA,720472330381,12.78,0,0,Matboard,0,0,N,Y,Y
A4843,ARTIQUE INK 32X40,0,EA,720472330398,12.78,0,0,Matboard,0,0,N,Y,Y
A4844,ARTIQUE MOSS 32X40,0,EA,720472330404,12.78,0,0,Matboard,0,0,N,Y,Y
A4846,ARTIQUE CUSTARD 32X40,0,EA,720472330428,12.78,0,0,Matboard,0,0,N,Y,Y
A4849,ARTIQUE NICKEL 32X40,0,EA,720472330459,12.78,0,0,Matboard,0,0,N,Y,Y
A4851,ARTIQUE DOESKIN 32X40,0,EA,720472330473,12.78,0,0,Matboard,0,0,N,Y,Y
A4852,ARTIQUE SAFFRON 32X40,0,EA,720472330480,12.78,0,0,Matboard,0,0,N,Y,Y
A4853,ARTIQUE OLIVE 32X40,0,EA,720472330497,12.78,0,0,Matboard,0,0,N,Y,Y
A4854,ARTIQUE MIRO 32X40,0,EA,720472330503,12.78,0,0,Matboard,0,0,N,Y,Y
A4855,ARTIQUE MARINER 32X40,0,EA,720472330510,12.78,0,0,Matboard,0,0,N,Y,Y
A4856,ARTIQUE NOTTINGHAM 32X40,0,EA,720472330527,12.78,0,0,Matboard,0,0,N,Y,Y
A4857,ARTIQUE VINEYARD 32X40,0,EA,720472330534,12.78,0,0,Matboard,0,0,N,Y,Y
A4858,ARTIQUE RAVEN 32X40,0,EA,720472330541,12.78,0,0,Matboard,0,0,N,Y,Y
A4859,ARTIQUE STONEHENGE 32X40,0,EA,720472330558,12.78,0,0,Matboard,0,0,N,Y,Y
A4860,ARTIQUE COTSWOLD GREY 32X40,0,EA,720472330565,12.78,0,0,Matboard,0,0,N,Y,Y
A4861,ARTIQUE BUFF 32X40,0,EA,720472330572,12.78,0,0,Matboard,0,0,N,Y,Y
A4862,ARTIQUE SNOWDRIFT 32X40,0,EA,720472330589,12.78,0,0,Matboard,0,0,N,Y,Y
A4863,ARTIQUE SHEFFIELD 32X40,0,EA,720472330596,12.78,0,0,Matboard,0,0,N,Y,Y
A4864,ARTIQUE COBBLESTONE 32X40,0,EA,720472330879,12.78,0,0,Matboard,0,0,N,Y,Y
A4865,ARTIQUE DOVER WHITE 32X40,0,EA,720472330886,12.78,0,0,Matboard,0,0,N,Y,Y
A4866,ARTIQUE EVEREST 32X40,0,EA,720472330893,12.78,0,0,Matboard,0,0,N,Y,Y
A4868,ARTIQUE BRIDLE PATH 32X40,0,EA,720472330916,12.78,0,0,Matboard,0,0,N,Y,Y
A4870,ARTIQUE IRIS 32X40,0,EA,720472330930,12.78,0,0,Matboard,0,0,N,Y,Y
A4871,ARTIQUE MULBERRY 32X40,0,EA,720472330947,12.78,0,0,Matboard,0,0,N,Y,Y
A4872,ARTIQUE THISTLE 32X40,0,EA,720472330954,12.78,0,0,Matboard,0,0,N,Y,Y
A4873,ARTIQUE JARDIN 32X40,0,EA,720472330961,12.78,0,0,Matboard,0,0,N,Y,Y
A4874,ARTIQUE CHALK 32X40,0,EA,720472330978,12.78,0,0,Matboard,0,0,N,Y,Y
A4875,ARTIQUE COAL 32X40,0,EA,720472330985,12.78,0,0,Matboard,0,0,N,Y,Y
A4876,ARTIQUE AGAVE 32X40,0,EA,720472334679,12.78,0,0,Matboard,0,0,N,Y,Y
A4877,ARTIQUE ALOE 32X40,0,EA,720472334686,12.78,0,0,Matboard,0,0,N,Y,Y
A4878,ARTIQUE LAPIS 32X40,0,EA,720472334693,12.78,0,0,Matboard,0,0,N,Y,Y
A4879,ARTIQUE LAURA 32X40,0,EA,720472334709,12.78,0,0,Matboard,0,0,N,Y,Y
A4880,ARTIQUE REED 32X40,0,EA,720472334716,12.78,0,0,Matboard,0,0,N,Y,Y
A4881,ARTIQUE SEDONA 32X40,0,EA,720472334723,12.78,0,0,Matboard,0,0,N,Y,Y
A4882,ARTIQUE TALCUM 32X40,0,EA,720472334730,12.78,0,0,Matboard,0,0,N,Y,Y
A4883,ARTIQUE FRESCO 32X40,0,EA,720472334747,12.78,0,0,Matboard,0,0,N,Y,Y
A4885,ARTIQUE DUNE 32X40,0,EA,720472334761,12.78,0,0,Matboard,0,0,N,Y,Y
A4886,ARTIQUE BARLEY 32X40,0,EA,720472334778,12.78,0,0,Matboard,0,0,N,Y,Y
A4901,ARTIQUE WHITE 32X40,0,EA,720472329361,12.78,0,0,Matboard,0,0,N,Y,Y
A4902,ARTIQUE OFF WHITE 32X40,0,EA,720472329378,12.78,0,0,Matboard,0,0,N,Y,Y
A4903,ARTIQUE IVORY 32X40,0,EA,720472329385,12.78,0,0,Matboard,0,0,N,Y,Y
A4905,ARTIQUE SHALETONE 32X40,0,EA,720472329408,12.78,0,0,Matboard,0,0,N,Y,Y
A4906,ARTIQUE DEVONSHIRE 32X40,0,EA,720472329415,12.78,0,0,Matboard,0,0,N,Y,Y
A4907,ARTIQUE TRUE BLACK 32X40,0,EA,720472329422,12.78,0,0,Matboard,0,0,N,Y,Y
A4908,ARTIQUE SAPPHIRE 32X40,0,EA,720472329439,12.78,0,0,Matboard,0,0,N,Y,Y
A4909,ARTIQUE ROYAL BLUE 32X40,0,EA,720472329446,12.78,0,0,Matboard,0,0,N,Y,Y
A4910,ARTIQUE ECRU 32X40,0,EA,720472329453,12.78,0,0,Matboard,0,0,N,Y,Y
A4911,ARTIQUE LOGANBERRY 32X40,0,EA,720472329460,12.78,0,0,Matboard,0,0,N,Y,Y
A4912,ARTIQUE ADMIRALTY 32X40,0,EA,720472329477,12.78,0,0,Matboard,0,0,N,Y,Y
A4913,ARTIQUE EMERALD 32X40,0,EA,720472329484,12.78,0,0,Matboard,0,0,N,Y,Y
A4914,ARTIQUE HERITAGE BLUE 32X40,0,EA,720472329491,12.78,0,0,Matboard,0,0,N,Y,Y
A4915,ARTIQUE BERRY RED 32X40,0,EA,720472329507,12.78,0,0,Matboard,0,0,N,Y,Y
A4916,ARTIQUE MAGNOLIA 32X40,0,EA,720472329514,12.78,0,0,Matboard,0,0,N,Y,Y
A4917,ARTIQUE LINEN 32X40,0,EA,720472329521,12.78,0,0,Matboard,0,0,N,Y,Y
A4918,ARTIQUE SNOW WHITE 32X40,0,EA,720472329538,12.78,0,0,Matboard,0,0,N,Y,Y
A4920,ARTIQUE SILVER GHOST 32X40,0,EA,720472329552,12.78,0,0,Matboard,0,0,N,Y,Y
A4921,ARTIQUE PEBBLE 32X40,0,EA,720472329569,12.78,0,0,Matboard,0,0,N,Y,Y
A4924,ARTIQUE VERMILLION 32X40,0,EA,720472329590,12.78,0,0,Matboard,0,0,N,Y,Y
A4926,ARTIQUE REGAL RED 32X40,0,EA,720472329613,12.78,0,0,Matboard,0,0,N,Y,Y
A4927,ARTIQUE DIJON 32X40,0,EA,720472329620,12.78,0,0,Matboard,0,0,N,Y,Y
A4928,ARTIQUE SUNSHINE 32X40,0,EA,720472329637,12.78,0,0,Matboard,0,0,N,Y,Y
A4929,ARTIQUE WISTERIA 32X40,0,EA,720472329644,12.78,0,0,Matboard,0,0,N,Y,Y
A4930,ARTIQUE OLIVE GREY 32X40,0,EA,720472329651,12.78,0,0,Matboard,0,0,N,Y,Y
A4931,ARTIQUE LAVENDER 32X40,0,EA,720472329668,12.78,0,0,Matboard,0,0,N,Y,Y
A4933,ARTIQUE AQUAMIST 32X40,0,EA,720472329682,12.78,0,0,Matboard,0,0,N,Y,Y
A4934,ARTIQUE CHESTNUT 32X40,0,EA,720472329699,12.78,0,0,Matboard,0,0,N,Y,Y
A4935,ARTIQUE MUSHROOM 32X40,0,EA,720472329705,12.78,0,0,Matboard,0,0,N,Y,Y
A4937,ARTIQUE THATCH 32X40,0,EA,720472329729,12.78,0,0,Matboard,0,0,N,Y,Y
A4938,ARTIQUE SEA 32X40,0,EA,720472329736,12.78,0,0,Matboard,0,0,N,Y,Y
A4940,ARTIQUE MISTY JADE 32X40,0,EA,720472329750,12.78,0,0,Matboard,0,0,N,Y,Y
A4941,ARTIQUE WEDGEWOOD 32X40,0,EA,720472329767,12.78,0,0,Matboard,0,0,N,Y,Y
A4942,ARTIQUE SKY 32X40,0,EA,720472329774,12.78,0,0,Matboard,0,0,N,Y,Y
A4943,ARTIQUE VICTORIA 32X40,0,EA,720472329781,12.78,0,0,Matboard,0,0,N,Y,Y
A4944,ARTIQUE SEAWALL 32X40,0,EA,720472329798,12.78,0,0,Matboard,0,0,N,Y,Y
A4945,ARTIQUE FERN 32X40,0,EA,720472329804,12.78,0,0,Matboard,0,0,N,Y,Y
A4946,ARTIQUE PINEWOOD 32X40,0,EA,720472329811,12.78,0,0,Matboard,0,0,N,Y,Y
A4947,ARTIQUE LILAC 32X40,0,EA,720472329828,12.78,0,0,Matboard,0,0,N,Y,Y
A4950,ARTIQUE AMBER 32X40,0,EA,720472329859,12.78,0,0,Matboard,0,0,N,Y,Y
A4952,ARTIQUE WALNUT 32X40,0,EA,720472329873,12.78,0,0,Matboard,0,0,N,Y,Y
A4953,ARTIQUE DUSKY PINK 32X40,0,EA,720472329880,12.78,0,0,Matboard,0,0,N,Y,Y
A4954,ARTIQUE POWDER 32X40,0,EA,720472329897,12.78,0,0,Matboard,0,0,N,Y,Y
A4955,ARTIQUE AUBERGINE 32X40,0,EA,720472329903,12.78,0,0,Matboard,0,0,N,Y,Y
A4957,ARTIQUE EMPIRE TURK 32X40,0,EA,720472329927,12.78,0,0,Matboard,0,0,N,Y,Y
A4959,ARTIQUE SPRUCE 32X40,0,EA,720472329941,12.78,0,0,Matboard,0,0,N,Y,Y
A4960,ARTIQUE PEWTER 32X40,0,EA,720472329958,12.78,0,0,Matboard,0,0,N,Y,Y
A4961,ARTIQUE CRYSTAL 32X40,0,EA,720472335584,12.78,0,0,Matboard,0,0,N,Y,Y
A4962,ARTIQUE BAY LEAF 32X40,0,EA,720472335591,12.78,0,0,Matboard,0,0,N,Y,Y
A4963,ARTIQUE COCOA 32X40,0,EA,720472335607,12.22,0,0,Matboard,0,0,N,Y,Y
A4964,ARTIQUE VEIL 32X40,0,EA,720472335614,12.78,0,0,Matboard,0,0,N,Y,Y
A4965,ARTIQUE LEATHER 32X40,0,EA,720472335621,12.78,0,0,Matboard,0,0,N,Y,Y
A4966,ARTIQUE MUSLIN 32X40,0,EA,720472335638,12.78,0,0,Matboard,0,0,N,Y,Y
A4967,ARTIQUE MIDNIGHT BLUE 32X40,0,EA,720472335645,12.78,0,0,Matboard,0,0,N,Y,Y
A4968,ARTIQUE ONYX 32X40,0,EA,720472335652,12.78,0,0,Matboard,0,0,N,Y,Y
A4969,ARTIQUE NIGHT 32X40,0,EA,720472335669,12.78,0,0,Matboard,0,0,N,Y,Y
A4970,ARTIQUE HEMLOCK 32X40,0,EA,720472335737,12.78,0,0,Matboard,0,0,N,Y,Y
A4971,ARTIQUE CATTAIL 32X40,0,EA,720472335744,12.78,0,0,Matboard,0,0,N,Y,Y
A4972,ARTIQUE RAINIER 32X40,0,EA,720472335751,12.78,0,0,Matboard,0,0,N,Y,Y
A4973,ARTIQUE DRIZZLE 32X40,0,EA,720472335768,12.78,0,0,Matboard,0,0,N,Y,Y
A4974,ARTIQUE MIST 32X40,0,EA,720472335775,12.78,0,0,Matboard,0,0,N,Y,Y
A4975,ARTIQUE LICHEN 32X40,0,EA,720472335782,12.78,0,0,Matboard,0,0,N,Y,Y
A4976,ARTIQUE COAST 32X40,0,EA,720472335799,12.78,0,0,Matboard,0,0,N,Y,Y
A4977,ARTIQUE DIGITAL WHITE 32X40,0,EA,720472335805,12.78,0,0,Matboard,0,0,N,Y,Y
A4979,ARTIQUE HENNA (RIPPLE) 32X40,0,EA,720472335843,14.76,0,0,Matboard,0,0,N,Y,Y
A4980,ARTIQUE LENTIL (RIPPLE) 32X40,0,EA,720472335850,14.76,0,0,Matboard,0,0,N,Y,Y
A4981,ARTIQUE CAMEL (RIPPLE) 32X40,0,EA,720472335867,14.76,0,0,Matboard,0,0,N,Y,Y
A4982,ARTIQUE FOG (RIPPLE) 32X40,0,EA,720472335874,14.76,0,0,Matboard,0,0,N,Y,Y
A4983,ARTIQUE CUMIN (RIPPLE) 32X40,0,EA,720472335881,14.76,0,0,Matboard,0,0,N,Y,Y
A4984,ARTIQUE BERBER (RIPPLE) 32X40,0,EA,720472335898,14.76,0,0,Matboard,0,0,N,Y,Y
A4985,ARTIQUE MINT TEA 32X40,0,EA,720472335904,12.78,0,0,Matboard,0,0,N,Y,Y
A4986,ARTIQUE INDIGO 32X40,0,EA,720472335911,12.78,0,0,Matboard,0,0,N,Y,Y
A4988,ARTIQUE KILIM RED 32X40,0,EA,720472335935,12.78,0,0,Matboard,0,0,N,Y,Y
A4989,ARTIQUE DATE 32X40,0,EA,720472335942,12.78,0,0,Matboard,0,0,N,Y,Y
A4990,ARTIQUE SAGE 32X40,0,EA,720472335959,12.78,0,0,Matboard,0,0,N,Y,Y
A6100,ARTQ RAG WINTER WHITE 4060 4PL,0,EA,720472337496,41.61,0,0,Matboard,0,0,N,Y,Y
A6200,ARTQ RAG WINTER WHITE 3240 4PL,0,EA,720472337380,22.71,0,0,Matboard,0,0,N,Y,Y
A6201,ARTQ RAG DOWN 3240 4PLY,0,EA,720472337397,22.71,0,0,Matboard,0,0,N,Y,Y
A6202,ARTQ RAG WHITEWASH 3240 4PLY,0,EA,720472337489,22.71,0,0,Matboard,0,0,N,Y,Y
A6203,ARTQ RAG SWEET CREAM 3240 4PLY,0,EA,720472337465,24.01,0,0,Matboard,0,0,N,Y,Y
A6204,ARTQ RAG NIGHTFALL 3240 4 PLY,0,EA,720472337373,22.69,0,0,Matboard,0,0,N,Y,Y
A6205,ARTQ RAG OATMEAL 3240 4PLY,0,EA,720472337441,24.02,0,0,Matboard,0,0,N,Y,Y
A6206,ARTQ RAG BAVARIAN CRM 3240 4PL,0,EA,720472337403,24.02,0,0,Matboard,0,0,N,Y,Y
A6207,ARTQ RAG BUTTER PECAN 3240 4PL,0,EA,720472337472,22.69,0,0,Matboard,0,0,N,Y,Y
A6208,ARTQ RAG SEASHELL 3240 4PLY,0,EA,720472337434,24.03,0,0,Matboard,0,0,N,Y,Y
A6209,ARTQ RAG BISQUE 3240 4PLY,0,EA,720472337410,24.02,0,0,Matboard,0,0,N,Y,Y
A6210,ARTQ RAG FRAPPE 3240 4PLY,0,EA,720472337458,24.02,0,0,Matboard,0,0,N,Y,Y
A6211,ARTQ RAG MARBLE 3240 4PLY,0,EA,720472337427,24.02,0,0,Matboard,0,0,N,Y,Y
A6400,ARTQ RAG WINTER WHITE 4872 4PL,0,EA,720472337533,74.1,0,0,Matboard,0,0,N,N,Y
A6500,ARTQ RAG WINTER WHITE 4896 4PL,0,EA,720472337557,120.13,0,0,Matboard,0,0,N,N,Y
A783RAW,"A783RAW CA-MAPLE CAP 1/2"" W",0.5,FT,NULL,2.62,0,0,Frame Moulding,450,2.62,N,N,N
A784RAW,"A784RAW CD-MAPLE CAP 1/2"" W",0.5,FT,NULL,2.94,0,0,Frame Moulding,500,2.94,N,N,N
A785RAW,"A785RAW CB-MAPLE CAP 3/4"" W",0.75,FT,NULL,3.49,0,0,Frame Moulding,270,3.49,N,N,N
A786RAW,"A786RAW CD2-MAPLE CAP 1/2"" W",0.5,FT,NULL,3.4,0,0,Frame Moulding,350,3.4,N,N,N
A787RAW,"A787RAW CB2-MAPLE CAP 3/4"" W",0.75,FT,NULL,3.38,0,0,Frame Moulding,193,3.38,N,N,N
A789RAW,"A789RAW CB DEEP-HMA CAP 3/4"" W",0.75,FT,NULL,4.47,0,0,Frame Moulding,160,4.47,N,N,N
A798RAW,"A798RAW CF-MAPLE CAP 5/8"" W",0.625,FT,NULL,2.81,0,0,Frame Moulding,340,2.81,N,N,N
A84101,WHITE 40X60 8PLY,0,EA,720472336123,65.72,0,0,Matboard,0,0,N,Y,Y
A84118,CHESTNUT 40X60 8PLY,0,EA,720472336208,75.5,0,0,Matboard,0,0,N,Y,Y
A84120,THATCH 40X60 8PLY,0,EA,720472336154,65.72,0,0,Matboard,0,0,N,Y,Y
A84127,RAVEN 40X60 8PLY,0,EA,720472336215,75.5,0,0,Matboard,0,0,N,Y,Y
A84141,NIGHT 40X60 8PLY,0,EA,720472336185,75.5,0,0,Matboard,0,0,N,Y,Y
A84143,DOVER WHITE 40X60 8PLY,0,EA,720472336130,65.72,0,0,Matboard,0,0,N,Y,Y
A84144,OYSTER 40X60 8PLY,0,EA,720472336147,65.72,0,0,Matboard,0,0,N,Y,Y
A84147,DIGITAL WHITE 40X60 8PLY,0,EA,720472336116,65.72,0,0,Matboard,0,0,N,Y,Y
A84149,GRAPHITE 40X60 8PLY,0,EA,720472336192,75.5,0,0,Matboard,0,0,N,Y,Y
A84153,BIRCH 40X60 8PLY,0,EA,720472336161,65.72,0,0,Matboard,0,0,N,Y,Y
A84154,COTSWOLD GREY 40X60 8PLY,0,EA,720472336178,65.72,0,0,Matboard,0,0,N,Y,Y
A84802,OYSTER 32X40 8PLY,0,EA,720472336031,32.13,0,0,Matboard,0,0,N,Y,Y
A84833,GRAPHITE 32X40 8PLY,0,EA,720472336086,40.71,0,0,Matboard,0,0,N,Y,Y
A84837,BIRCH 32X40 8PLY,0,EA,720472336055,32.13,0,0,Matboard,0,0,N,Y,Y
A84858,RAVEN 32X40 8PLY,0,EA,720472336109,40.71,0,0,Matboard,0,0,N,Y,Y
A84860,COTSWOLD GREY 32X40 8PLY,0,EA,720472336062,32.13,0,0,Matboard,0,0,N,Y,Y
A84865,DOVER WHITE 32X40 8PLY,0,EA,720472336024,32.13,0,0,Matboard,0,0,N,Y,Y
A84901,WHITE 32X40 8PLY,0,EA,720472336017,32.13,0,0,Matboard,0,0,N,Y,Y
A84934,CHESTNUT 32X40 8PLY,0,EA,720472336093,40.71,0,0,Matboard,0,0,N,Y,Y
A84937,THATCH 32X40 8PLY,0,EA,720472336048,32.13,0,0,Matboard,0,0,N,Y,Y
A84969,NIGHT 32X40 8PLY,0,EA,720472336079,40.71,0,0,Matboard,0,0,N,Y,Y
A84977,DIGITAL WHITE 32X40 8PLY,0,EA,720472336000,32.13,0,0,Matboard,0,0,N,Y,Y
A86100,ARTQ RAG WINTER WHITE 4060 8PL,0,EA,720472337540,99.85,0,0,Matboard,0,0,N,Y,Y
A86200,ARTQ RAG WINTER WHITE 3240 8PL,0,EA,720472337502,51.1,0,0,Matboard,0,0,N,Y,Y
A86201,ARTQ RAG DOWN 3240 8PLY,0,EA,720472337519,51.12,0,0,Matboard,0,0,N,Y,Y
ABF3240.FC,BAIN 1/8 32x40 BLACK ON BLACK,0,EA,NULL,5.04,0,0,Glazing & Foam,0,127.14,N,N,Y
AC32,3/16 32X40 ARTCARE FMB,0,EA,720472325714,14.13,0,0,Foamboard,0,157.07,N,Y,Y
AC3218,1/8 32x40 ARTCARE FMB,0,EA,720472325721,14.39,0,0,Foamboard,0,159.96,N,Y,Y
AC40,3/16 40X60 ARTCARE FMB,0,EA,720472326209,24.46,0,0,Foamboard,0,312.03,N,Y,Y
AC4018,1/8  40X60 ARTCARE FMB,0,EA,NULL,24.46,0,0,Foamboard,0,312.03,N,Y,Y
AC48,3/16 48X96 ARTCARE FMB,0,EA,NULL,40,0,0,Foamboard,0,562.34,N,Y,Y
ACC3240, CONS. CLEAR 32X40,0,EA,NULL,252.78,0,0,Glazing & Foam,0,0,N,N,N
ACC4060,acrylic -CONS   CLEAR 40X60,0,EA,NULL,321.8,0,0,Glazing & Foam,0,0,N,N,N
ACC6080," CONS. CLEAR ACRYLIC 60""X 80""",0,EA,NULL,373.6,0,0,Glazing & Foam,0,0,N,N,N
ACRC3240, CONS. REFL CONT 32X40,0,EA,NULL,283.26,0,0,Glazing & Foam,0,0,N,N,N
ACRC4060, CONS. REFL CONT 40X60,0,EA,NULL,358.85,0,0,Glazing & Foam,0,0,N,N,N
APC3240,ACRYLIC CLEAR 32X40,0,EA,NULL,128.85,0,0,Glazing & Foam,0,0,N,N,N
APC4060, CLEAR 40X60,0,EA,NULL,164.02,0,0,Glazing & Foam,0,0,N,N,N
AQ2200,ARQ PROD EBONY 32X40 (PK=25),0,PK,NULL,128.52,0,0,Matboard,0,0,N,Y,Y
AQ2201,ARQ PROD DOVE 32X40 (PK=25),0,PK,NULL,127.99,0,0,Matboard,0,0,N,Y,Y
AQ2202,ARQ PROD MILK 32X40 (PK=25),0,PK,NULL,128.41,0,0,Matboard,0,0,N,Y,Y
AQ2203,ARQ PROD PEARL 32X40 (PK=25),0,PK,NULL,128.49,0,0,Matboard,0,0,N,Y,Y
AQ2204,ARQ PROD BONE 32X40 (PK=25),0,PK,NULL,128.27,0,0,Matboard,0,0,N,Y,Y
AQ2207,ARQ PROD LATTE 32X40 (PK=25),0,PK,NULL,128.35,0,0,Matboard,0,0,N,Y,Y
AQ2209,ARQ PROD GARDENIA 32X40 PK=25,0,PK,NULL,147.93,0,0,Matboard,0,0,N,Y,Y
AQ2210,ARQ PROD HAZELNUT 32X40 PK=25,0,PK,NULL,148.05,0,0,Matboard,0,0,N,Y,Y
AQ2212,ARQ PROD QUARRY 32X40 (PK=25),0,PK,NULL,128.56,0,0,Matboard,0,0,N,Y,Y
AQ2213,ARQ PROD STEM 32X40 (PK=25),0,PK,NULL,98.36,0,0,Matboard,0,0,N,Y,Y
AQ2214,ARQ PROD WAVE 32X40 (PK=25),0,PK,NULL,131.53,0,0,Matboard,0,0,N,Y,Y
AQ2216,ARQ PROD DAFFODIL 32X40 PK=25,0,PK,NULL,98.51,0,0,Matboard,0,0,N,Y,Y
AQ2217,ARQ PROD CLEMENTINE 32X40 PK25,0,PK,NULL,147.73,0,0,Matboard,0,0,N,Y,Y
AQ2219,ARQ PROD ESPRESSO 32X40 PK=25,0,PK,NULL,148.19,0,0,Matboard,0,0,N,Y,Y
AQ29200,ARQ PROD EBONY 40X60 (PK=20),0,PK,NULL,273.19,0,0,Matboard,0,0,N,Y,Y
AQ29201,ARQ PROD DOVE 40X60 (PK=20),0,PK,NULL,284.43,0,0,Matboard,0,0,N,Y,Y
AQ29203,ARQ PROD PEARL 40X60 (PK=20),0,PK,NULL,278.55,0,0,Matboard,0,0,N,Y,Y
AQ5001,ARQ WC 5pk BLIZZARD 32X40,0,PK,NULL,38.73,0,0,Matboard,0,0,N,Y,Y
AQ5007,ARQ WC 5pk MOCHA 32X40,0,PK,NULL,38.73,0,0,Matboard,0,0,N,Y,Y
AQ5011,ARQ WC 5pk BLACK 32X40,0,PK,NULL,38.73,0,0,Matboard,0,0,N,Y,Y
AQ5065,ARQ WC 5PK HAYSEED 32X40,0,PK,NULL,38.73,0,0,Matboard,0,0,N,N,Y
AQ5145,ARQ WC 5pk ALABASTER 32X40,0,PK,NULL,38.73,0,0,Matboard,0,0,N,N,Y
AQ5151,ARQ WC 5pk BEAUJOLAIS 32X40,0,PK,NULL,38.73,0,0,Matboard,0,0,N,Y,Y
AQ5173,ARQ WC 5pk KENDAL GREEN 32X40,0,PK,NULL,38.73,0,0,Matboard,0,0,N,Y,Y
AQ5213,ARQ WC 5pk CREAM 32X40,0,PK,NULL,38.73,0,0,Matboard,0,0,N,N,Y
AQ5246,ARQ WC 5pk GOLD 32X40,0,PK,NULL,38.73,0,0,Matboard,0,0,N,N,Y
AQ5627,ARQ WC 5pk MINUET 32X40,0,PK,NULL,38.73,0,0,Matboard,0,0,N,Y,Y
AQ5632,ARQ WC 5pk PALE GREY 32X40,0,PK,NULL,38.73,0,0,Matboard,0,0,N,Y,Y
AQ5640,ARQ WC 5pk IMPERIAL BLUE 32X40,0,PK,NULL,38.73,0,0,Matboard,0,0,N,Y,Y
AQ5661,ARQ WC 5pk AVILLON WHT 32X40,0,PK,NULL,38.73,0,0,Matboard,0,0,N,N,Y
AQ5686,ARQ WC 5pk OCEAN BLUE 32X40,0,PK,NULL,38.73,0,0,Matboard,0,0,N,Y,Y
AQ5698,ARQ WC 5pk GLACIER 32X40,0,PK,NULL,38.73,0,0,Matboard,0,0,N,N,Y
AQ5699,ARQ WC 5pk FOOTBALL RED 32X40,0,PK,NULL,38.73,0,0,Matboard,0,0,N,Y,Y
AQ5701,ARQ WC 5pk PICKET FENCE 32X40,0,PK,NULL,38.73,0,0,Matboard,0,0,N,N,Y
AQ5751,ARQ WC 5pk BLANC 32X40,0,PK,NULL,38.73,0,0,Matboard,0,0,N,Y,Y
AQ59627,ARQ WC 5pk MINUET 40X60,0,PK,NULL,85.98,0,0,Matboard,0,0,N,Y,Y
AQ5968,ARQ WC 5pk VINYL 32X40,0,PK,NULL,38.73,0,0,Matboard,0,0,N,N,Y
AQ5977,ARQ WC 5pk WINTER WHITE 32X40,0,PK,NULL,38.73,0,0,Matboard,0,0,N,Y,Y
AQW2101,ARQ PROD DOVE WC 32X40 (PK=25),0,PK,NULL,156.79,0,0,Matboard,0,0,N,Y,Y
AQW2200,ARQ PROD EBONY WC 32X40 PK=25,0,PK,NULL,151.47,0,0,Matboard,0,0,N,Y,Y
ARC3240, REFL CONTROL 32X40,0,EA,NULL,202.01,0,0,Glazing & Foam,0,0,N,N,N
ARC4060, REFL CONTROL 40X60,0,EA,NULL,259.81,0,0,Glazing & Foam,0,0,N,N,N
B108506,BAIN CHOCOLATE SWIRL 32 X 40,0,EA,702946132370,32.67,0,0,Matboard,0,0,N,Y,Y
B4008,RICE PAPER GOLD DUST 32x40,0,EA,702946087632,62.75,0,0,Matboard,0,0,N,Y,Y
B4013,CANDLELIGHT SILVER 32X40,0,EA,702946105299,63.69,0,0,Matboard,0,0,N,Y,Y
B4020,LINEN RAPHAEL CLOUD 32X40,0,EA,702946062141,76.36,0,0,Matboard,0,0,N,Y,Y
B4021,LINEN MONET LILY 32X40,0,EA,702946062134,74.01,0,0,Matboard,0,0,N,Y,Y
B4022,LINEN SEURAT SAND 32X40,0,EA,702946062127,73.88,0,0,Matboard,0,0,N,Y,Y
B4023,LINEN REMBRANDT SHADOW 32X40,0,EA,702946062110,73.82,0,0,Matboard,0,0,N,Y,Y
B4024,LINEN VERMEER BLACK 32X40,0,EA,702946062103,74.26,0,0,Matboard,0,0,N,Y,Y
B4025,LINEN TITAN GOLD 32X40,0,EA,702946062097,73.93,0,0,Matboard,0,0,N,Y,Y
B4027,LINEN GAUGUIN GREEN 32X40,0,EA,702946062158,74.22,0,0,Matboard,0,0,N,Y,Y
B4075C,Bain Peatmoss 32x40,0,EA,720472337748,65.41,0,0,Matboard,0,0,N,Y,Y
B4078C,Bain Brick Wall 32x40,0,EA,720472337755,64.51,0,0,Matboard,0,0,N,Y,Y
B4079C,Bain Oatmeal 32x40,0,EA,720472337762,65.41,0,0,Matboard,0,0,N,Y,Y
B4080C,Bain Charred Black 32x40,0,EA,720472337779,65.41,0,0,Matboard,0,0,N,Y,Y
B4091,FABRIC MERINGUE 32X40,0,EA,702946042846,50.04,0,0,Matboard,0,0,N,Y,Y
B4097,FABRIC CAMEL 32X40,0,EA,702946042891,50.02,0,0,Matboard,0,0,N,Y,Y
B4097L,ALPHAMAT CAMEL 40X60,0,EA,702946118541,92.05,0,0,Matboard,0,0,N,Y,Y
B4099,FABRIC NIGHTSHADE 32X40,0,EA,702946042907,47.24,0,0,Matboard,0,0,N,Y,Y
B4099L,ALPHAMAT NIGHTSHADE 40X60,0,EA,702946118640,69.54,0,0,Matboard,0,0,N,Y,Y
B4101,FABRIC NAVY 32X40,0,EA,702946042938,47.61,0,0,Matboard,0,0,N,Y,Y
B4101L,ALPHAMAT NAVY 40X60,0,EA,702946118633,69.54,0,0,Matboard,0,0,N,Y,Y
B4104,FABRIC WHITE 32X40,0,EA,702946042952,47.24,0,0,Matboard,0,0,N,Y,Y
B4104L,ALPHAMAT WHITE 40X60,0,EA,702946118619,69.54,0,0,Matboard,0,0,N,Y,Y
B4111,ALPHAMAT SCARLET 32X40,0,EA,702946118480,47.61,0,0,Matboard,0,0,N,Y,Y
B4112,ALPHAMAT WATCHET BLUE 32X40,0,EA,702946118497,49.63,0,0,Matboard,0,0,N,Y,Y
B4113,ALPHAMAT AUTUMN FROST 32X40,0,EA,702946118503,49.82,0,0,Matboard,0,0,N,Y,Y
B4113L,ALPHAMAT AUTUMN FROST 40X60,0,EA,702946118572,90.9,0,0,Matboard,0,0,N,Y,Y
B4114,ALPHAMAT ENCHANTED PURPLE 32X4,0,EA,702946118510,49.65,0,0,Matboard,0,0,N,Y,Y
B4115,ALPHAMAT FOREST FLOOR 32X40,0,EA,702946118527,47.61,0,0,Matboard,0,0,N,Y,Y
B4115L,ALPHAMAT FOREST FLOOR 40X60,0,EA,702946118596,86.25,0,0,Matboard,0,0,N,Y,Y
B4116,ALPHAMAT COURTYARD 32X40,0,EA,702946118534,37.07,0,0,Matboard,0,0,N,Y,Y
B4117,GRECIAN WHITE 32X40,0,EA,702946122883,50.31,0,0,Matboard,0,0,N,Y,Y
B4119,GRAPPA 32X40,0,EA,702946122913,49.63,0,0,Matboard,0,0,N,Y,Y
B4121,ORANGE ZEST 32X40,0,EA,702946122920,50.14,0,0,Matboard,0,0,N,Y,Y
B4125,ANCIENT STONE 32X40,0,EA,702946122951,49.6,0,0,Matboard,0,0,N,Y,Y
B4126,MAJESTIC BROWN 32X40,0,EA,702946122968,37.07,0,0,Matboard,0,0,N,Y,Y
B4126L,MAJESTIC BROWN 40X60,0,EA,702946123064,69.54,0,0,Matboard,0,0,N,Y,Y
B4127,BRICK OVEN 32X40,0,EA,702946122975,37.07,0,0,Matboard,0,0,N,Y,Y
B4132,32x40 New Threads Bamboo,0,EA,702946149743,49.63,0,0,Matboard,0,0,N,Y,Y
B4135,32x40 New Threads Café au Lait,0,EA,702946149774,49.63,0,0,Matboard,0,0,N,Y,Y
B414,PAPERMAT SEA FOAM 32X40,0,EA,702946000068,11.46,0,0,Matboard,0,0,N,N,N
B4146,SUEDE WILLOW 32X40,0,EA,702946043157,61.39,0,0,Matboard,0,0,N,Y,Y
B4147,SPRUCE 32X40,0,EA,702946043164,61.39,0,0,Matboard,0,0,N,Y,Y
B4149,WINE 32X40,0,EA,702946043188,41.73,0,0,Matboard,0,0,N,Y,Y
B4150,SUEDE - MIDNIGHT 32X40,0,EA,702946043195,41.73,0,0,Matboard,0,0,N,Y,Y
B4150L,SUEDE-MIDNIGHT 40X60,0,EA,702946036050,75.57,0,0,Matboard,0,0,N,Y,Y
B4151,SUEDE SONOMA 32X40,0,EA,702946043201,41.73,0,0,Matboard,0,0,N,Y,Y
B4153,SUEDE JACANA 32X40,0,EA,702946043218,61.39,0,0,Matboard,0,0,N,Y,Y
B4157,SUEDE GREY 32X40,0,EA,702946043256,61.39,0,0,Matboard,0,0,N,Y,Y
B4162,SUEDE ROSEWOOD 32X40,0,EA,702946043287,61.39,0,0,Matboard,0,0,N,Y,Y
B4165,SUEDE COAL 32X40,0,EA,702946043317,41.73,0,0,Matboard,0,0,N,Y,Y
B4165L,SUEDE-COAL 40X60,0,EA,702946036043,75.57,0,0,Matboard,0,0,N,Y,Y
B4169,SUEDE - LAPIS 32X40,0,EA,702946043331,61.39,0,0,Matboard,0,0,N,Y,Y
B4176,32x40 Suede White,0,EA,702946043393,61.18,0,0,Matboard,0,0,N,Y,Y
B4176L,40x60 Suede White,0,EA,702946106340,75.28,0,0,Matboard,0,0,N,Y,Y
B4179,SUEDE-NOEL 32X40,0,EA,702946043423,61.39,0,0,Matboard,0,0,N,Y,Y
B4180,SUEDE-CABERNET 32X40,0,EA,702946043430,61.39,0,0,Matboard,0,0,N,Y,Y
B4180L,SUEDE-CABERNET 40X60,0,EA,702946076377,108.67,0,0,Matboard,0,0,N,Y,Y
B4183,SUEDE-PERSIMMON 32X40,0,EA,702946043478,61.55,0,0,Matboard,0,0,N,Y,Y
B4183L,SUEDE-PERSIMMON 40X60,0,EA,702946106050,108.67,0,0,Matboard,0,0,N,Y,Y
B4197,SUEDE-SHADOW 32X40,0,EA,702946066453,41.73,0,0,Matboard,0,0,N,Y,Y
B4199,BAIN MATB-VERDE SUEDE 32X40,0,EA,702946096733,61.18,0,0,Matboard,0,0,N,Y,Y
B4216,VIVID PURPLE 32X40,0,EA,702946109150,61.39,0,0,Matboard,0,0,N,Y,Y
B4216L,VIVID PURPLE 40X60,0,EA,702946123385,108.67,0,0,Matboard,0,0,N,Y,Y
B4221,SUNDRENCHED 32X40,0,EA,702946122371,61.18,0,0,Matboard,0,0,N,Y,Y
B4223,BLAZE 32X40,0,EA,702946122326,41.73,0,0,Matboard,0,0,N,Y,Y
B4223L,BLAZE 40X60,0,EA,702946122333,75.57,0,0,Matboard,0,0,N,Y,Y
B4228,RASPBERRY FIZZ 32X40,0,EA,702946134572,61.39,0,0,Matboard,0,0,N,Y,Y
B4231,CYBERGREEN 32X40,0,EA,702946134602,61.39,0,0,Matboard,0,0,N,Y,Y
B4232,VIVID TURQUOISE 32X40,0,EA,702946134619,61.39,0,0,Matboard,0,0,N,Y,Y
B4233L,40x60 Suede Balsam,0,EA,702946149705,75.28,0,0,Matboard,0,0,N,Y,Y
B4236,32x40 Suede Blueberry,0,EA,702946149699,60.57,0,0,Matboard,0,0,N,Y,Y
B4236L,40x60 Suede Blueberry,0,EA,702946149712,75.57,0,0,Matboard,0,0,N,Y,Y
B4281,GLZED LINENS OASIS 32X40,0,EA,702946142485,65.61,0,0,Matboard,0,0,N,Y,Y
B4300,CINNABAR 32X40,0,EA,702946134473,63.78,0,0,Matboard,0,0,N,Y,Y
B4301,FABERGE GOLD 32X40,0,EA,702946134480,63.84,0,0,Matboard,0,0,N,Y,Y
B4302,SILVER LEAF 32X40,0,EA,702946134497,63.69,0,0,Matboard,0,0,N,Y,Y
B4303,ARAGON 32X40,0,EA,702946134503,63.82,0,0,Matboard,0,0,N,Y,Y
B4310,BAIN ASTROTURF 32X40,0,EA,702946143024,83.61,0,0,Matboard,0,0,N,Y,Y
B4312,OLDWRLD 32X40 GILDED CREAM,0,EA,702946143451,72.39,0,0,Matboard,0,0,N,Y,Y
B4314,OLDWRLD 32X40 WORN BRASS,0,EA,702946143475,73.99,0,0,Matboard,0,0,N,Y,Y
B4315,OLDWRLD 32X40 TRAVERTINE,0,EA,702946143482,72.39,0,0,Matboard,0,0,N,Y,Y
B4316,OLDWRLD 32X40 GREY SLATE,0,EA,702946143499,72.82,0,0,Matboard,0,0,N,Y,Y
B4340,SMOKEHOUSE  32 X 40    NEW,0,EA,93924197765,50.89,0,0,Matboard,0,0,N,Y,Y
B4341,Bain COASTAL DRIFT 32 X 40,0,EA,93924197789,50.89,0,0,Matboard,0,0,N,Y,Y
B4342,Bain SUNWASHED 32 X 40,0,EA,93924197796,50.89,0,0,Matboard,0,0,N,Y,Y
B4352,OLD WLD METAL VRDI SLATE 32X40,0,EA,702946145653,64.92,0,0,Matboard,0,0,N,Y,Y
B4355,OLD WLD METAL SLT VERONA 32X40,0,EA,702946146681,64.92,0,0,Matboard,0,0,N,Y,Y
B4356,SANDLEWOOD     32X40,0,EA,93924197741,50.89,0,0,Matboard,0,0,N,Y,Y
B4358,TEAK TRAIL     32X40,0,EA,93924197758,50.89,0,0,Matboard,0,0,N,Y,Y
B4360,OBSIDIAN BLAZE 32X40,0,EA,93924197772,50.89,0,0,Matboard,0,0,N,Y,Y
B4366,BAIN SPUN GOLD 32X40,0,EA,702946146698,70.33,0,0,Matboard,0,0,N,Y,Y
B4410,GOLDEN SAMURAI 32X40,0,EA,702946123415,78.64,0,0,Matboard,0,0,N,Y,Y
B4411,CHAI 32X40,0,EA,702946123422,78.64,0,0,Matboard,0,0,N,Y,Y
B4412,SAKE 32X40,0,EA,702946123446,78.64,0,0,Matboard,0,0,N,Y,Y
B4413,SALT GRASS 32X40,0,EA,702946123439,78.64,0,0,Matboard,0,0,N,Y,Y
B4415,ALPHAMAT BONSAI BROWN 32X40,0,EA,702946127499,78.64,0,0,Matboard,0,0,N,Y,Y
B4417,ALPHAMAT HIBACHI 32X40,0,EA,702946127512,78.64,0,0,Matboard,0,0,N,Y,Y
B4418,ALPHAMAT HARMONY BLUE 32X40,0,EA,702946127529,78.64,0,0,Matboard,0,0,N,Y,Y
B4419,ALPHAMAT KYOTO PEARL 32X40,0,EA,702946127536,78.64,0,0,Matboard,0,0,N,Y,Y
B4421,BAIN FAWN 32 X 40,0,EA,702946145585,77.57,0,0,Matboard,0,0,N,Y,Y
B4423,BAIN CANDLESTICK 32 X 40,0,EA,702946145592,77.57,0,0,Matboard,0,0,N,Y,Y
B4424,BAIN JASPER 32 X 40,0,EA,702946145608,90.89,0,0,Matboard,0,0,N,Y,Y
B4426,BAIN CARAMEL 32 X 40,0,EA,702946145615,90.89,0,0,Matboard,0,0,N,Y,Y
B4427,Bain Chino 32x40,0,EA,702946146711,72.89,0,0,Matboard,0,0,N,Y,Y
B4428,Bain Heather Grey 32x40,0,EA,702946146728,72.89,0,0,Matboard,0,0,N,Y,Y
B4429,BAIN DELFT 32 X 40,0,EA,702946145622,82.25,0,0,Matboard,0,0,N,Y,Y
B4430,JUNDO SILK     32X40,0,EA,NULL,103.61,0,0,Matboard,0,0,N,Y,Y
B4432,UMI SILK     32X40,0,EA,NULL,103.61,0,0,Matboard,0,0,N,Y,Y
B4433,KATANA SILK 32X40,0,EA,NULL,103.61,0,0,Matboard,0,0,N,Y,Y
B4434,KAZAN  SILK 32X40,0,EA,NULL,103.61,0,0,Matboard,0,0,N,Y,Y
B4435,SUMI SILK 32X40,0,EA,NULL,103.61,0,0,Matboard,0,0,N,Y,Y
B4436,TORII SILK  32X40,0,EA,NULL,103.61,0,0,Matboard,0,0,N,Y,Y
B4440,BAIN DILL 32 X 40,0,EA,702946146704,81.13,0,0,Matboard,0,0,N,Y,Y
B4451,BAIN PISTACHIO 32 X 40,0,EA,702946147664,97.59,0,0,Matboard,0,0,N,Y,Y
B4452,BAIN PEACH MELBA 32 X 40,0,EA,702946147671,96.26,0,0,Matboard,0,0,N,Y,Y
B4454,BAIN VIOLETTA  32 X 40,0,EA,702946147695,96.26,0,0,Matboard,0,0,N,Y,Y
B4457,TATAMI SILKS PHANTOM 32X40,0,EA,702946148517,75.38,0,0,Matboard,0,0,N,Y,Y
B4459,TATAMI SILKS NIGHTSHADE 32X40,0,EA,702946148531,75.38,0,0,Matboard,0,0,N,Y,Y
B4460,TATAMI SILKS TOURMALINE 32X40,0,EA,702946148548,75.38,0,0,Matboard,0,0,N,Y,Y
B4461,TATAMI SILKS CHINCHILLA 32X40,0,EA,702946148555,76.42,0,0,Matboard,0,0,N,Y,Y
B468085,FORGED METALS FORGD IRON 32X40,0,EA,702946151050,35.98,0,0,Matboard,0,0,N,Y,Y
B4700,ALPHAMAT WHITE ARMOR 32X40,0,EA,702946118114,64.63,0,0,Matboard,0,0,N,Y,Y
B4702,ALPHAMAT GOLD COIN 32X40,0,EA,702946118145,63.78,0,0,Matboard,0,0,N,Y,Y
B4704,MRICE PAPER BRIDAL PATH 32X40,0,EA,702946148333,64.44,0,0,Matboard,0,0,N,Y,Y
B4705,MRICE PAPER CRYSTAL 32X40,0,EA,702946150077,63.69,0,0,Matboard,0,0,N,Y,Y
B4706,MRICE PAPER GENTIAN 32X40,0,EA,702946150084,66.12,0,0,Matboard,0,0,N,Y,Y
B4707,MRICE PAPER NIAGRA 32X40,0,EA,702946150091,63.69,0,0,Matboard,0,0,N,Y,Y
B4709,MRICE PAPER MOONLIGHT 32X40,0,EA,702946151098,63.69,0,0,Matboard,0,0,N,Y,Y
B4710,MRICE PAPER PUMICE 32X40,0,EA,702946151104,64.29,0,0,Matboard,0,0,N,Y,Y
B4830,SILKEN SNOW 32X40,0,EA,702946044871,73.37,0,0,Matboard,0,0,N,Y,Y
B4834,PETAL GREEN SILKENS 32X40,0,EA,702946044918,73.37,0,0,Matboard,0,0,N,Y,Y
B4836,IMPERIAL BLUE SILKENS 32x40,0,EA,702946044932,73.37,0,0,Matboard,0,0,N,Y,Y
B4837,BURGUNDY SILKENS 32X40,0,EA,702946044949,76.73,0,0,Matboard,0,0,N,Y,Y
B4838,DYNASTY RED SILKENS 32X40,0,EA,702946044956,73.37,0,0,Matboard,0,0,N,Y,Y
B4840,WHITE SILKENS 32X40,0,EA,702946044970,73.37,0,0,Matboard,0,0,N,Y,Y
B4843,SILKEN WHEATFIELD-32X40,0,EA,702946113935,73.37,0,0,Matboard,0,0,N,Y,Y
B4844,SILKEN BURNT UMBER-32X40,0,EA,702946113942,73.37,0,0,Matboard,0,0,N,Y,Y
B4846,SILKEN MOLTEN-32X40,0,EA,702946113966,76.73,0,0,Matboard,0,0,N,Y,Y
B4848,SHITAKE 32X40 (SILK),0,EA,702946134510,73.37,0,0,Matboard,0,0,N,Y,Y
B4850,WASABI 32X40,0,EA,702946134534,73.37,0,0,Matboard,0,0,N,Y,Y
B4851,TABRIZ 32X40,0,EA,702946134541,73.37,0,0,Matboard,0,0,N,Y,Y
B4853,BAIN DOLPHIN SHANTUNG 32X40,0,EA,702946146452,62.32,0,0,Matboard,0,0,N,Y,Y
B4854,BAIN CAFFE SHANTUNG 32X40,0,EA,702946146469,62.64,0,0,Matboard,0,0,N,Y,Y
B4855,BAIN NEW MOON SHANTUNG 32X40,0,EA,702946146476,62.32,0,0,Matboard,0,0,N,Y,Y
B4960,RAW SILK OYSTER 32X40,0,EA,702946045250,79.31,0,0,Matboard,0,0,N,Y,Y
B4964,RAW SILK GREENBRIER 32X40,0,EA,702946045298,79.31,0,0,Matboard,0,0,N,Y,Y
B4970,RAW SILK BLACK KNIGHT 32X40,0,EA,702946045359,79.31,0,0,Matboard,0,0,N,Y,Y
B5089L,(BC) BLACK 40X60,0,EA,702946007937,32.87,0,0,Matboard,0,0,N,Y,Y
B5501,BROOK 32X40,0,EA,NULL,45.3,0,0,Matboard,0,0,N,Y,Y
B5512,CLEMENTINE 32X40,0,EA,NULL,45.3,0,0,Matboard,0,0,N,Y,Y
B5515,THICKET 32X40,0,EA,NULL,45.46,0,0,Matboard,0,0,N,Y,Y
B5533,VINTAGE WHITE 32X40,0,EA,NULL,47.69,0,0,Matboard,0,0,N,Y,Y
B5539,32X40 SEL JUT Cream Jute,0,EA,NULL,55.16,0,0,Matboard,0,0,N,Y,Y
B5542,32X40 SEL JUT Black Jute,0,EA,NULL,55.16,0,0,Matboard,0,0,N,Y,Y
B5559,SELECT BRITISH TAN 32X40,0,EA,NULL,68.68,0,0,Matboard,0,0,N,Y,Y
B5561,*SELECT SAHARA SAND 32X40,0,EA,NULL,68.68,0,0,Matboard,0,0,N,Y,Y
B5632,SELECT WARM WHITE 32X40,0,EA,NULL,68.68,0,0,Matboard,0,0,N,Y,Y
B5636,32X40 SEL SDE Purple Torch,0,EA,NULL,45.3,0,0,Matboard,0,0,N,Y,Y
B5638,32X40 SEL SDE Tile Blue,0,EA,NULL,45.3,0,0,Matboard,0,0,N,Y,Y
B5654,32X40 SEL JUT Natural Jute,0,EA,NULL,58.43,0,0,Matboard,0,0,N,Y,Y
B5657,32X40 SEL PCH Moonlit Sand,0,EA,NULL,43.33,0,0,Matboard,0,0,N,Y,Y
B5658,32X40 SEL PCH Bronzed Sand,0,EA,NULL,43.33,0,0,Matboard,0,0,N,Y,Y
B5660,SELECT WHITE SHIMMER 32X40,0,EA,NULL,45.67,0,0,Matboard,0,0,N,Y,Y
B5661,SELECT IVORY SHIMMER 32X40,0,EA,NULL,45.67,0,0,Matboard,0,0,N,Y,Y
B5698,32X40 SEL PCH Silver Sand,0,EA,NULL,43.09,0,0,Matboard,0,0,N,Y,Y
B5699,32X40 SEL PCH Graphite Sand,0,EA,NULL,43.09,0,0,Matboard,0,0,N,Y,Y
B5754,(BC) PORCELAIN 32X40,0,EA,702946003892,16.13,0,0,Matboard,0,0,N,Y,Y
B5851,SELECT GOLDEN SHIMMER 32X40,0,EA,NULL,45.67,0,0,Matboard,0,0,N,Y,Y
B5852,SELECT SILVER SHIMMER 32X40,0,EA,NULL,45.67,0,0,Matboard,0,0,N,Y,Y
B5853,SELECT EBONY SHIMMER 32X40,0,EA,NULL,45.67,0,0,Matboard,0,0,N,Y,Y
B608155,VINTAGE TORNADO 32X40,0,EA,702946147589,32.87,0,0,Matboard,0,0,N,Y,Y
B608181,VINTAGE BLACK DENIM 32X40,0,EA,702946147602,32.87,0,0,Matboard,0,0,N,Y,Y
B608512,VINTAGE JAVA 32X40,0,EA,702946147619,32.87,0,0,Matboard,0,0,N,Y,Y
B61,PAPERMAT SUPER WHITE 32X40,0,EA,702946000112,11.64,0,0,Matboard,0,0,N,N,N
B648522,HERITAGE GREY CEDAR 32X40,0,EA,NULL,32.8,0,0,Matboard,0,0,N,Y,Y
B69745,SELECT ULTIBLACK FOOTBALL 32X4,0,EA,NULL,26.53,0,0,Matboard,0,0,N,Y,Y
B69746,SELECT ULTIBLACK BASKETBALL 32,0,EA,NULL,26.53,0,0,Matboard,0,0,N,Y,Y
B709,PAPER EXTREME WHITE 32X40,0,EA,702946124566,11.67,0,0,Matboard,0,0,N,N,N
B71,PAPERMAT BRILLIANT WHITE32X40,0,EA,702946000181,11.77,0,0,Matboard,0,0,N,N,N
B71L,BRILLIANT WHITE 40X60,0,EA,702946005094,26.62,0,0,Matboard,0,0,N,N,Y
B751,PAPERMAT EBONY 32X40,0,EA,702946000273,11.71,0,0,Matboard,0,0,N,N,N
B768528,ALPHAMAT BARNYARD 32X40,0,EA,702946127901,28.52,0,0,Matboard,0,0,N,Y,Y
B789,PAPERMAT GRANITE 32X40,0,EA,702946000556,11.46,0,0,Matboard,0,0,N,N,N
B8002,SILVER,0,EA,702946029250,26.74,0,0,Matboard,0,0,N,Y,Y
B8003,GOLD,0,EA,702946029267,26.57,0,0,Matboard,0,0,N,Y,Y
B8004,WARM GOLD,0,EA,702946029274,26.76,0,0,Matboard,0,0,N,Y,Y
B8006,BRUSHED SILVER,0,EA,702946029298,26.57,0,0,Matboard,0,0,N,Y,Y
B8007,BRUSHED PALE GOLD,0,EA,702946029304,26.84,0,0,Matboard,0,0,N,Y,Y
B8008,BRUSHED GOLD,0,EA,702946029311,26.57,0,0,Matboard,0,0,N,Y,Y
B8012,BRUSHED ONYX-32X40,0,EA,702946110231,26.57,0,0,Matboard,0,0,N,Y,Y
B8013,ALPHAMAT MATADOR 32X40,0,EA,702946123453,21.38,0,0,Matboard,0,0,N,Y,Y
B8014,ALPHAMAT GREY QUARTZ 32X40,0,EA,702946127635,27.12,0,0,Matboard,0,0,N,Y,Y
B8015,ALPHAMAT SMOKY TOPAZ 32X40,0,EA,702946127642,26.76,0,0,Matboard,0,0,N,Y,Y
B8020,ALPHAMAT RED RAVE 32X40,0,EA,702946133438,26.83,0,0,Matboard,0,0,N,Y,Y
B8022,ALPHAMAT LEMONDROP 32X40,0,EA,702946133452,26.83,0,0,Matboard,0,0,N,Y,Y
B8027,ALPHAMAT MANGO 32X40,0,EA,702946135999,25.77,0,0,Matboard,0,0,N,Y,Y
B8037,ALPHAMAT LIME 32X40,0,EA,702946136125,27.25,0,0,Matboard,0,0,N,Y,Y
B8042,Bain Light Marine 32x40,0,EA,702946139997,26.57,0,0,Matboard,0,0,N,Y,Y
B8043,Bain Medium Marine 32x40,0,EA,702946140009,26.81,0,0,Matboard,0,0,N,Y,Y
B8052,ALPHA PRECIOUS PINK  32X40,0,EA,702946062059,22.18,0,0,Matboard,0,0,N,Y,Y
B8055,ALPHA ARDENT BLUE  32X40,0,EA,702946062028,22.21,0,0,Matboard,0,0,N,Y,Y
B8056,ALPHA BALMY BLUE  32X40,0,EA,702946062011,21.97,0,0,Matboard,0,0,N,Y,Y
B8060,Bain Urban Grey 32x40,0,EA,702946140061,26.57,0,0,Matboard,0,0,N,Y,Y
B8061,Bain Urban Black 32x40,0,EA,702946140078,26.94,0,0,Matboard,0,0,N,Y,Y
B8083,BAIN GOLDEN MOCHA 32 X 40,0,EA,702946145639,26.93,0,0,Matboard,0,0,N,Y,Y
B8085,BAIN NICKEL 32 X 40,0,EA,702946147640,26.93,0,0,Matboard,0,0,N,Y,Y
B8086,BAIN BRASS BAND 32 X 40,0,EA,702946147657,26.93,0,0,Matboard,0,0,N,Y,Y
B8093,REAL RED PRECIOUS MTLS 32X40,0,EA,702946146551,26.93,0,0,Matboard,0,0,N,Y,Y
B8094,PATRIOT BLUE PREC MTLS 32X40,0,EA,702946146568,28.17,0,0,Matboard,0,0,N,Y,Y
B8096,BRONZE PRECIOUS MTLS 32X40,0,EA,702946146582,26.84,0,0,Matboard,0,0,N,Y,Y
B8097,ALUMINUM PRECIOUS MTLS 32X40,0,EA,702946146599,26.93,0,0,Matboard,0,0,N,Y,Y
B8105,BLUE IRIS,0,EA,702946029205,21.09,0,0,Matboard,0,0,N,Y,Y
B8108,ALPHAMAT SHERRY 32X40,0,EA,702946036470,21.38,0,0,Matboard,0,0,N,Y,Y
B8140,ALPHAMAT ES TOPAZ 32X40,0,EA,702946066842,25.82,0,0,Matboard,0,0,N,Y,Y
B8142,ALPHAMAT ES AZURITE 32X40,0,EA,702946066866,25.82,0,0,Matboard,0,0,N,Y,Y
B815,PAPERMAT RUBY 32X40,0,EA,702946000761,11.46,0,0,Matboard,0,0,N,N,N
B8151,ALPHAMAT PALM   32X40,0,EA,702946088592,21.38,0,0,Matboard,0,0,N,Y,Y
B8153,ALPHAMAT JUTE   32X40,0,EA,702946088615,21.38,0,0,Matboard,0,0,N,Y,Y
B8155,ALPHAMAT A-C VELLUM FIORI,0,EA,702946095460,21.27,0,0,Matboard,0,0,N,Y,Y
B8156,ALPHAMAT A-C VELLUM PRATO,0,EA,702946095477,21.27,0,0,Matboard,0,0,N,Y,Y
B8157,ALPHAMAT A-C VELLUM VERDE,0,EA,702946095484,21.27,0,0,Matboard,0,0,N,Y,Y
B8158,ALPHAMAT A-C VELLUM SOLE 32X40,0,EA,702946095491,21.27,0,0,Matboard,0,0,N,Y,Y
B8159,ALPHAMAT A-C VELLUM MARE 32X40,0,EA,702946095507,21.27,0,0,Matboard,0,0,N,Y,Y
B8160,ALPHAMAT A-C VELLUM LUNA 32X40,0,EA,702946095514,21.27,0,0,Matboard,0,0,N,Y,Y
B8162,ALPHAMAT AC VELLUM FANGO 32X40,0,EA,702946095538,21.27,0,0,Matboard,0,0,N,Y,Y
B8180,ALPHAMAT MOCHA 32X40,0,EA,702946111276,21.38,0,0,Matboard,0,0,N,Y,Y
B8182,ALPHAMAT RAIN FOREST GREEN,0,EA,702946111290,21.38,0,0,Matboard,0,0,N,Y,Y
B8183,ALPHAMAT DARKEST BLUE 32X40,0,EA,702946111306,21.38,0,0,Matboard,0,0,N,Y,Y
B8189,ALPHAMAT TOASTED ALMOND 32X40,0,EA,702946111368,21.38,0,0,Matboard,0,0,N,Y,Y
B8192,ALPHAMAT FIERY RED 32X40,0,EA,702946123200,21.38,0,0,Matboard,0,0,N,Y,Y
B824,PAPERMAT CHANTILLY 32X40,0,EA,702946000860,11.46,0,0,Matboard,0,0,N,N,N
B8254,ALPHAMAT COWHIDE LEATHER 32X4,0,EA,702946061922,27.12,0,0,Matboard,0,0,N,Y,Y
B8260,ALPHAMAT ICE WHITE 32X40,0,EA,702946128267,21.38,0,0,Matboard,0,0,N,Y,Y
B8260L,ALPHAMAT ICE WHITE 40X60,0,EA,702946128298,43.36,0,0,Matboard,0,0,N,Y,Y
B8262,ALPHAMAT POLAR WHITE 32X40,0,EA,702946127796,21.38,0,0,Matboard,0,0,N,Y,Y
B8264,ALPHAMAT WILD OLIVE 32X40,0,EA,702946133865,21.38,0,0,Matboard,0,0,N,Y,Y
B8265,ALPHAMAT TABASCO 32X40,0,EA,702946133889,21.38,0,0,Matboard,0,0,N,Y,Y
B8267,ALPHAMAT CRYSTAL BLUE 32X40,0,EA,702946150480,21.38,0,0,Matboard,0,0,N,Y,Y
B8268,ALPHAMAT MOONROCK     32X40,0,EA,702946150497,21.38,0,0,Matboard,0,0,N,Y,Y
B8269,ALPHAMAT CLARET       32X40,0,EA,702946150503,21.38,0,0,Matboard,0,0,N,Y,Y
B8270,ALPHAMAT CLEMENTINE   32X40,0,EA,702946150510,21.38,0,0,Matboard,0,0,N,Y,Y
B8271,ALPHAMAT DREAMWEAVER  32X40,0,EA,702946150527,21.27,0,0,Matboard,0,0,N,Y,Y
B8272,ALPHAMAT GOLDENROD    32X40,0,EA,702946150534,21.38,0,0,Matboard,0,0,N,Y,Y
B8273,ALPHAMAT BERYL        32X40,0,EA,702946150541,21.38,0,0,Matboard,0,0,N,Y,Y
B8274,ALPHAMAT DAWN         32X40,0,EA,702946150558,21.38,0,0,Matboard,0,0,N,Y,Y
B8275,ALPHAMAT DRIED SAGE   32X40,0,EA,702946150565,21.38,0,0,Matboard,0,0,N,Y,Y
B8276,ALPHAMAT PALOMA       32X40,0,EA,702946150572,21.38,0,0,Matboard,0,0,N,Y,Y
B8277,ALPHAMAT PAGODA       32X40,0,EA,702946150466,21.38,0,0,Matboard,0,0,N,Y,Y
B8278,ALPHAMAT BIJOU        32X40,0,EA,702946150473,21.38,0,0,Matboard,0,0,N,Y,Y
B8301,(BC) IVORY BLACK/BLACK SABLE,0,EA,702946003502,25.88,0,0,Matboard,0,0,N,Y,Y
B8301L,(BC) IVORY BLK/BLK SABLE 40X60,0,EA,702946007722,52.06,0,0,Matboard,0,0,N,Y,Y
B8304,(BC) FLINT/BLACK SABLE,0,EA,702946003533,25.88,0,0,Matboard,0,0,N,Y,Y
B8305,(BC) FEATHERSTONE/BLACK SABLE,0,EA,702946003540,25.96,0,0,Matboard,0,0,N,Y,Y
B8306,(BC) MATTE WHITE/BLACK SABLE,0,EA,702946003557,25.77,0,0,Matboard,0,0,N,Y,Y
B8307,(BC) FROST/BLACK SABLE,0,EA,702946003564,25.88,0,0,Matboard,0,0,N,Y,Y
B8308,(BC) SEA MIST/BLACK SABLE,0,EA,702946003571,25.88,0,0,Matboard,0,0,N,Y,Y
B8313,(BC) SNOWFLAKE ON SABLE 32X40,0,EA,702946003601,25.88,0,0,Matboard,0,0,N,Y,Y
B8314,(BC) TALC ON SABLE 32X40,0,EA,702946003618,25.88,0,0,Matboard,0,0,N,Y,Y
B8315,(BC) FAIRFIELD ON SABLE 32X40,0,EA,702946003625,25.61,0,0,Matboard,0,0,N,Y,Y
B8317,(BC) STEEL GREY ON SABLE 32X40,0,EA,702946003632,25.69,0,0,Matboard,0,0,N,Y,Y
B8318,(BC) MALACCA ON SABLE 32X40,0,EA,702946003649,25.69,0,0,Matboard,0,0,N,Y,Y
B8319,(BC) TEAL GREY ON SABLE 32X40,0,EA,702946003656,25.63,0,0,Matboard,0,0,N,Y,Y
B8320,(BC) TAUPE ON SABLE 32X40,0,EA,702946003663,25.82,0,0,Matboard,0,0,N,Y,Y
B8321,BRUSHED ONYX/SABLE CORE-32X40,0,EA,702946110248,29.96,0,0,Matboard,0,0,N,Y,Y
B8321L,ALPHAMAT BRUSHED ONYX SABLE CO,0,EA,702946127550,57.76,0,0,Matboard,0,0,N,Y,Y
B8401,ALPHAMAT BISCOTTI 32X40,0,EA,702946027614,21.38,0,0,Matboard,0,0,N,Y,Y
B8409,ALPHAMAT AMBER 32X40,0,EA,702946027829,21.38,0,0,Matboard,0,0,N,Y,Y
B8412,ALPHAMAT GREEN OLIVE 32X40,0,EA,702946027843,21.27,0,0,Matboard,0,0,N,Y,Y
B8417,ALPHAMAT VENETIAN BLUE 32X40,0,EA,702946027676,21.38,0,0,Matboard,0,0,N,Y,Y
B8420,ALPHA SOFTLY PINK 32X40,0,EA,702946026280,21.38,0,0,Matboard,0,0,N,Y,Y
B8425,ALPHA SEA GREEN 32X40,0,EA,702946026334,21.38,0,0,Matboard,0,0,N,Y,Y
B8426,ALPHA PARAKEET 32X40,0,EA,702946026341,21.38,0,0,Matboard,0,0,N,Y,Y
B8428,ALPHA PAPAYA 32X40,0,EA,702946026365,21.38,0,0,Matboard,0,0,N,Y,Y
B8431,ALPHAMAT A-C VELLUM ANTIQUE,0,EA,702946021643,21.38,0,0,Matboard,0,0,N,Y,Y
B8432,ALPHAMAT A-C VELLUM ANGORA,0,EA,702946021667,21.38,0,0,Matboard,0,0,N,Y,Y
B8433,ALPHAMAT A-C VELLUM JET,0,EA,702946021698,21.38,0,0,Matboard,0,0,N,Y,Y
B8434,ALPHAMAT A-C VELLUM COAL,0,EA,702946021728,21.09,0,0,Matboard,0,0,N,Y,Y
B8435,ALPHAMAT A-C VELLUM CHROME,0,EA,702946021742,21.38,0,0,Matboard,0,0,N,Y,Y
B8437,ALPHAMAT A-C VELLUM CLOVER,0,EA,702946021780,21.38,0,0,Matboard,0,0,N,Y,Y
B8438,ALPHAMAT A-C VELLUM CHALK,0,EA,702946021803,21.38,0,0,Matboard,0,0,N,Y,Y
B8440,ALPHAMAT AUBERGINE 32X40,0,EA,702946002246,21.38,0,0,Matboard,0,0,N,Y,Y
B8442,ALPHAMAT KONA 32X40,0,EA,702946002260,21.38,0,0,Matboard,0,0,N,Y,Y
B8443,ALPHAMAT TEAK 32X40,0,EA,702946004684,21.38,0,0,Matboard,0,0,N,Y,Y
B8444,ALPHAMAT PECAN 32X40,0,EA,702946002277,21.38,0,0,Matboard,0,0,N,Y,Y
B8445,ALPHAMAT FIDDLEHEAD 32X40,0,EA,702946002284,21.38,0,0,Matboard,0,0,N,Y,Y
B8445L,ALPHAMAT FIDDLEHEAD 40X60,0,EA,702946061601,43.17,0,0,Matboard,0,0,N,Y,Y
B8446,ALPHAMAT RAFFIA 32X40,0,EA,702946002291,21.3,0,0,Matboard,0,0,N,Y,Y
B8447,ALPHAMAT BLACK SPRUCE 32X40,0,EA,702946002307,21.38,0,0,Matboard,0,0,N,Y,Y
B8448,ALPHAMAT JALEPENO 32X40,0,EA,702946002314,21.38,0,0,Matboard,0,0,N,Y,Y
B8448L,ALPHAMAT JALAPENO 40X60,0,EA,702946035985,43.17,0,0,Matboard,0,0,N,Y,Y
B8450,ALPHAMAT DENIM BLUE 32X40,0,EA,702946002338,21.38,0,0,Matboard,0,0,N,Y,Y
B8450L,ALPHA DENIM BLUE  40X60,0,EA,702946077831,43.17,0,0,Matboard,0,0,N,Y,Y
B8451,ALPHAMAT MULBERRY 32X40,0,EA,702946002345,21.38,0,0,Matboard,0,0,N,Y,Y
B8453,ALPHAMAT CAYENNE 32X40,0,EA,702946002369,21.38,0,0,Matboard,0,0,N,Y,Y
B8454,ALPHAMAT MARIGOLD 32X40,0,EA,702946002376,21.38,0,0,Matboard,0,0,N,Y,Y
B8455,ALPHAMAT MAIZE 32X40,0,EA,702946002383,21.38,0,0,Matboard,0,0,N,Y,Y
B8456,ALPHAMAT FOG 32X40,0,EA,702946002390,21.38,0,0,Matboard,0,0,N,Y,Y
B8458,ALPHAMAT SMOKE 32X40,0,EA,702946002413,21.38,0,0,Matboard,0,0,N,Y,Y
B8460,ALPHAMAT QUAKER GREY 32X40,0,EA,702946002420,21.38,0,0,Matboard,0,0,N,Y,Y
B8461,ALPHAMAT GUN METAL 32X40,0,EA,702946002437,21.38,0,0,Matboard,0,0,N,Y,Y
B8462,ALPHAMAT WHEAT 32X40,0,EA,702946002444,21.38,0,0,Matboard,0,0,N,Y,Y
B8462L,ALPHA WHEAT 40X60,0,EA,702946077770,43.17,0,0,Matboard,0,0,N,Y,Y
B8463,ALPHAMAT SPANISH WHITE 32X40,0,EA,702946002451,21.38,0,0,Matboard,0,0,N,Y,Y
B8463L,ALPHAMAT SPANISH WHITE 40X60,0,EA,702946006978,46.12,0,0,Matboard,0,0,N,Y,Y
B8464,ALPHAMAT MATTE WHITE 32X40,0,EA,702946002468,21.38,0,0,Matboard,0,0,N,Y,Y
B8464L,ALPHAMAT MATTE WHITE 40X60,0,EA,702946006985,43.63,0,0,Matboard,0,0,N,Y,Y
B8465,ALPHAMAT IGLOO 32X40,0,EA,702946006794,21.38,0,0,Matboard,0,0,N,Y,Y
B8465L,ALPHA IGLOO 40X60,0,EA,702946077794,43.17,0,0,Matboard,0,0,N,Y,Y
B8466,ALPHAMAT FROST 32X40,0,EA,702946002475,21.38,0,0,Matboard,0,0,N,Y,Y
B8466L,ALPHAMAT FROST 40X60,0,EA,702946006992,43.61,0,0,Matboard,0,0,N,Y,Y
B8467,ALPHAMAT FRENCH WHITE 32X40,0,EA,702946002482,21.38,0,0,Matboard,0,0,N,Y,Y
B8468,ALPHA MEDIEVAL FOREST 32X40,0,EA,702946002499,21.38,0,0,Matboard,0,0,N,Y,Y
B8470,ALPHA ETRUSCAN BRONZE 32X40,0,EA,702946002512,21.38,0,0,Matboard,0,0,N,Y,Y
B8471,ALPHA DYNASTY CELADON 32X40,0,EA,702946002529,21.38,0,0,Matboard,0,0,N,Y,Y
B8473,ALPHA FLORENTINE LAPIS 32X40,0,EA,702946002543,21.3,0,0,Matboard,0,0,N,Y,Y
B8474,ALPHA PERSIAN SAPPHIRE 32X40,0,EA,702946002550,21.38,0,0,Matboard,0,0,N,Y,Y
B8475,ALPHA OLYMPIAN BLUE 32X40,0,EA,702946002567,21.38,0,0,Matboard,0,0,N,Y,Y
B8478,ALPHA ROMANESQUE GRAPE 32X40,0,EA,702946002598,21.3,0,0,Matboard,0,0,N,Y,Y
B8479,ALPHA IMPERIAL PLUM 32X40,0,EA,702946002604,21.38,0,0,Matboard,0,0,N,Y,Y
B8479L,ALPHA IMPERIAL PLUM 40X60,0,EA,702946007036,43.17,0,0,Matboard,0,0,N,Y,Y
B8483,ALPHA BAROQUE RUBY 32X40,0,EA,702946002628,21.38,0,0,Matboard,0,0,N,Y,Y
B8484,ALPHA VENETIAN GARNET 32X40,0,EA,702946002635,21.38,0,0,Matboard,0,0,N,Y,Y
B848443,HERITAGE ANTIQUE SIENNA 32x40,0,EA,702946070184,28.15,0,0,Matboard,0,0,N,Y,Y
B8485,ALPHA RENAISSANCE GOLD 32X40,0,EA,702946002642,21.27,0,0,Matboard,0,0,N,Y,Y
B848512,HERITAGE EMPIRE GOLD 32x40,0,EA,702946070146,28.15,0,0,Matboard,0,0,N,Y,Y
B848539,BAIN BRONZED MAPLE  32 X 40,0,EA,702946129806,26.25,0,0,Matboard,0,0,N,Y,Y
B8486,ALPHAMAT ARABIAN WHITE 32X40,0,EA,702946002659,21.38,0,0,Matboard,0,0,N,Y,Y
B8487,ALPHAMAT PALOMINO 32X40,0,EA,702946002666,21.38,0,0,Matboard,0,0,N,Y,Y
B8488,ALPHAMAT SAND DUNE 32X40,0,EA,702946002673,21.38,0,0,Matboard,0,0,N,Y,Y
B8500,ALPHAMAT SHELL 32X40,0,EA,702946002789,21.38,0,0,Matboard,0,0,N,Y,Y
B8502,ALPHAMAT MIMOSA 32X40,0,EA,702946002796,21.38,0,0,Matboard,0,0,N,Y,Y
B8503,ALPHAMAT CHAMOIS 32X40,0,EA,702946002802,21.38,0,0,Matboard,0,0,N,Y,Y
B8504,ALPHAMAT SHADOW BLUE 32X40,0,EA,702946002819,21.38,0,0,Matboard,0,0,N,Y,Y
B8505,ALPHAMAT TEAL GREY 32X40,0,EA,702946002826,21.38,0,0,Matboard,0,0,N,Y,Y
B8505L,ALPHA TEAL GREY 40X60,0,EA,702946007135,43.17,0,0,Matboard,0,0,N,Y,Y
B8506,ALPHAMAT TUSCAN BROWN 32X40,0,EA,702946002833,21.38,0,0,Matboard,0,0,N,Y,Y
B8506L,ALPHAMAT TUSCAN BROWN 40X60,0,EA,702946035909,43.17,0,0,Matboard,0,0,N,Y,Y
B8509,ALPHAMAT MALACCA 32X40,0,EA,702946002840,21.38,0,0,Matboard,0,0,N,Y,Y
B8509L,ALPHAMAT MALACCA 40X60,0,EA,702946035893,43.17,0,0,Matboard,0,0,N,Y,Y
B8510,ALPHAMAT ANNAPOLIS BLUE32X40,0,EA,702946002857,21.38,0,0,Matboard,0,0,N,Y,Y
B8511,ALPHAMAT SEA MIST 32X40,0,EA,702946002864,21.38,0,0,Matboard,0,0,N,Y,Y
B8512,ALPHAMAT SORREL 32X40,0,EA,702946002871,21.38,0,0,Matboard,0,0,N,Y,Y
B8514,ALPHAMAT SONORA 32X40,0,EA,702946002895,21.38,0,0,Matboard,0,0,N,Y,Y
B8515,ALPHAMAT DOVER GREY 32X40,0,EA,702946002901,21.38,0,0,Matboard,0,0,N,Y,Y
B8515L,ALPHAMAT A-C DOVER GREY 40X60,0,EA,702946095248,43.17,0,0,Matboard,0,0,N,Y,Y
B8516,ALPHAMAT PAMPAS 32X40,0,EA,702946002918,22.51,0,0,Matboard,0,0,N,Y,Y
B8517,ALPHAMAT IVORY BLACK 32X40,0,EA,702946002925,21.38,0,0,Matboard,0,0,N,Y,Y
B8517L,ALPHAMAT IVORY BLACK 40X60,0,EA,702946007166,43.17,0,0,Matboard,0,0,N,Y,Y
B8518,ALPHAMAT ASH 32X40,0,EA,702946002932,21.38,0,0,Matboard,0,0,N,Y,Y
B8518L,ALPHAMAT ASH 40X60,0,EA,702946007173,43.01,0,0,Matboard,0,0,N,Y,Y
B8519,ALPHAMAT SNOW FLAKE 32X40,0,EA,702946002949,21.38,0,0,Matboard,0,0,N,Y,Y
B8519L,ALPHAMAT SNOWFLAKE 40X60,0,EA,702946007180,43.17,0,0,Matboard,0,0,N,Y,Y
B8520,ALPHAMAT TALC 32X40,0,EA,702946002956,21.38,0,0,Matboard,0,0,N,Y,Y
B8520L,ALPHAMAT TALC 40X60,0,EA,702946007197,43.17,0,0,Matboard,0,0,N,Y,Y
B8521,ALPHAMAT FAIRFIELD WH 32X40,0,EA,702946002963,21.89,0,0,Matboard,0,0,N,Y,Y
B8522,ALPHAMAT COBBLESTONE  32X40,0,EA,702946002970,22.08,0,0,Matboard,0,0,N,Y,Y
B8525,ALPHAMAT ALMOND 32X40,0,EA,702946002994,22.08,0,0,Matboard,0,0,N,Y,Y
B8526,ALPHAMAT INDIGO 32X40,0,EA,702946003007,22.08,0,0,Matboard,0,0,N,Y,Y
B8526L,ALPHAMAT INDIGO 40X60,0,EA,702946007210,43.17,0,0,Matboard,0,0,N,Y,Y
B8527,ALPHAMAT ALMANDINE 32X40,0,EA,702946003014,21.89,0,0,Matboard,0,0,N,Y,Y
B8527L,ALPHAMAT ALMANDINE 40X60,0,EA,702946035862,43.01,0,0,Matboard,0,0,N,Y,Y
B8528,ALPHAMAT GARNET 32X40,0,EA,702946003021,21.89,0,0,Matboard,0,0,N,Y,Y
B8531,ALPHAMAT SPICE 32X40,0,EA,702946003038,21.89,0,0,Matboard,0,0,N,Y,Y
B8535,ALPHAMAT MOROCCAN SAND 32X40,0,EA,702946003069,21.89,0,0,Matboard,0,0,N,Y,Y
B8536,ALPHAMAT HEATHER MIST 32X40,0,EA,702946003076,21.89,0,0,Matboard,0,0,N,Y,Y
B8539,ALPHAMAT BRIARWOOD 32X40,0,EA,702946003083,21.89,0,0,Matboard,0,0,N,Y,Y
B8540,ALPHAMAT TARTAN GREEN 32X40,0,EA,702946003090,22.08,0,0,Matboard,0,0,N,Y,Y
B8540L,ALPHAMAT TARTAN GREEN 40X60,0,EA,702946035855,43.17,0,0,Matboard,0,0,N,Y,Y
B8545,ALPHAMAT CATAWBA 32X40,0,EA,702946004691,21.3,0,0,Matboard,0,0,N,Y,Y
B8551,ALPHAMAT BALTIC GREEN 32X40,0,EA,702946003120,22.08,0,0,Matboard,0,0,N,Y,Y
B8552,ALPHAMAT CARMINE 32X40,0,EA,702946003137,21.89,0,0,Matboard,0,0,N,Y,Y
B85533,VINTAGE WHITE 40X60,0,EA,NULL,87.52,0,0,Matboard,0,0,N,Y,Y
B85539,40X60 SEL JUT Cream Jute,0,EA,NULL,103.34,0,0,Matboard,0,0,N,Y,Y
B85540,40X60 SEL JUT Barnwood Jute,0,EA,NULL,103.34,0,0,Matboard,0,0,N,Y,Y
B8555,ALPHAMAT NIMBUS 32X40,0,EA,702946003144,22.08,0,0,Matboard,0,0,N,Y,Y
B8556,ALPHAMAT KIRKWOOD 32X40,0,EA,702946003151,21.89,0,0,Matboard,0,0,N,Y,Y
B8559,ALPHAMAT PHOTO WHITE 32X40,0,EA,702946003168,22.08,0,0,Matboard,0,0,N,Y,Y
B8559L,ALPHA PHOTO WHITE 40X60,0,EA,702946007289,43.17,0,0,Matboard,0,0,N,Y,Y
B8563,ALPHAMAT TAUPE 32X40,0,EA,702946003199,22.08,0,0,Matboard,0,0,N,Y,Y
B85636,40X60 SEL SDE Purple Torch,0,EA,NULL,79.8,0,0,Matboard,0,0,N,Y,Y
B85638,40X60 SEL SDE Blue Tile,0,EA,NULL,79.44,0,0,Matboard,0,0,N,Y,Y
B8564,ALPHAMAT POWDER ROSE 32X40,0,EA,702946003205,21.38,0,0,Matboard,0,0,N,Y,Y
B8565,ALPHAMAT OLDE ROSE 32X40,0,EA,702946003212,21.38,0,0,Matboard,0,0,N,Y,Y
B85654,40X60 SEL JUT Natural Jute,0,EA,NULL,103.34,0,0,Matboard,0,0,N,Y,Y
B85660,LINEN WHITE SHIMMER 40X60,0,EA,NULL,96.87,0,0,Matboard,0,0,N,Y,Y
B85661,LINEN IVORY SHIMMER 40X60,0,EA,NULL,96.87,0,0,Matboard,0,0,N,Y,Y
B8567,ALPHAMAT DUSK GREY 32X40,0,EA,702946003236,21.38,0,0,Matboard,0,0,N,Y,Y
B8570,ALPHAMAT ICE BLUE 32X40,0,EA,702946003250,21.38,0,0,Matboard,0,0,N,Y,Y
B8570L,ALPHAMAT ICE BLUE 40X60,0,EA,702946007333,43.17,0,0,Matboard,0,0,N,Y,Y
B8571,ALPHAMAT HUNTER GREEN 32X40,0,EA,702946003267,21.38,0,0,Matboard,0,0,N,Y,Y
B8572,ALPHAMAT BLUE SPRUCE 32X40,0,EA,702946003274,21.38,0,0,Matboard,0,0,N,Y,Y
B8573,ALPHAMAT TAPESTRY 32X40,0,EA,702946003281,21.38,0,0,Matboard,0,0,N,Y,Y
B8574,ALPHAMAT SAPPHIRE 32X40,0,EA,702946003298,21.27,0,0,Matboard,0,0,N,Y,Y
B8583,ALPHAMAT PALE MAUVE 32X40,0,EA,702946003366,21.38,0,0,Matboard,0,0,N,Y,Y
B8584,ALPHAMAT PERIWINKLE 32X40,0,EA,702946003373,21.38,0,0,Matboard,0,0,N,Y,Y
B8585,ALPHAMAT JONQUIL 32X40,0,EA,702946003380,21.38,0,0,Matboard,0,0,N,Y,Y
B85853,LINEN EBONY SHIMMER 40X60,0,EA,NULL,96.87,0,0,Matboard,0,0,N,Y,Y
B8586,ALPHAMAT IRIS 32X40,0,EA,702946003397,21.38,0,0,Matboard,0,0,N,Y,Y
B8589,ALPHAMAT TEAL BLUE 32X40,0,EA,702946003410,21.38,0,0,Matboard,0,0,N,Y,Y
B8591,ALPHAMAT RIGHT RED 32X40,0,EA,702946003427,21.38,0,0,Matboard,0,0,N,Y,Y
B8592,ALPHAMAT BORDEAUX 32X40,0,EA,702946003434,21.38,0,0,Matboard,0,0,N,Y,Y
B8593,ALPHAMAT STEEL GREY 32X40,0,EA,702946003441,21.38,0,0,Matboard,0,0,N,Y,Y
B8597,ALPHAMAT FLAGSTONE 32X40,0,EA,702946003472,21.38,0,0,Matboard,0,0,N,Y,Y
B862,PAPERMAT STRAW 32X40,0,EA,702946001218,11.46,0,0,Matboard,0,0,N,N,N
B8629,ALPHARAG 4PL FRESH HAY 32X40,0,EA,702946101864,37.34,0,0,Matboard,0,0,N,Y,Y
B8632,ALPHARAG ARTCARE 2-PLY WHT,0,EA,702946010821,15.45,0,0,Matboard,0,0,N,N,Y
B8634,ALPHARAG ARTCARE 4-PLY WHT,0,EA,702946010838,29.55,0,0,Matboard,0,0,N,Y,Y
B86348PL,ALPHARAG A-C 8-P WHITE 40X60,0,EA,702946077930,127.78,0,0,Matboard,0,0,N,Y,Y
B8634L,ALPHARAG A/C 4-PLY WHT 40X60,0,EA,702946010814,56.22,0,0,Matboard,0,0,N,Y,Y
B8640,ALPHARAG A-C 4-PLY ANT WHT,0,EA,702946010869,29.55,0,0,Matboard,0,0,N,Y,Y
B86408P,ALPHARAG A-C 8-PLY ANT WHT,0,EA,702946029656,65.64,0,0,Matboard,0,0,N,Y,Y
B8640L,ALPHARAG A-C 4-PLY A-WHT40X60,0,EA,702946010937,55.92,0,0,Matboard,0,0,N,Y,Y
B8642,ALPHARAG A-C 4-PLY CREAM,0,EA,702946010852,31.2,0,0,Matboard,0,0,N,Y,Y
B8643,ALPHARAG A-C 4-PL DOVE GREY,0,EA,702946010906,31,0,0,Matboard,0,0,N,Y,Y
B8644,ALPHARAG A-C 4-PLY EBONY,0,EA,702946010890,37.87,0,0,Matboard,0,0,N,Y,Y
B8644L,ALPRAG A-C 4-PLY EBONY 40X60,0,EA,702946039532,84.95,0,0,Matboard,0,0,N,Y,Y
B8645,ALPHARAG ARTCARE 4-PL IVORY,0,EA,702946010845,31.01,0,0,Matboard,0,0,N,Y,Y
B8646,ALPHARAG A-C 4-PLY KHAKI,0,EA,702946010883,31.2,0,0,Matboard,0,0,N,Y,Y
B86468P,ALPHARAG A-C 8-PLY KHAKI 32x40,0,EA,702946064541,70.72,0,0,Matboard,0,0,N,Y,Y
B8647,ALPHARAG A-C 4-PL PEARL WHT,0,EA,702946010876,29.55,0,0,Matboard,0,0,N,Y,Y
B86478P,ALPHARAG A-C 8-PLY PEARL WHITE,0,EA,702946039662,70.7,0,0,Matboard,0,0,N,Y,Y
B86478PL,MATB-ALPHARAG PEARL WHT 40X60,0,EA,702946077947,127.75,0,0,Matboard,0,0,N,Y,Y
B8647L,ALPHARAG PEARL WHT 40X60,0,EA,702946029144,56.55,0,0,Matboard,0,0,N,Y,Y
B8653,ALPHARAG A-C 8-P PURE WHITE,0,EA,702946027904,70.7,0,0,Matboard,0,0,N,Y,Y
B8654,ALPHARAG A-C 2-P PURE WHITE,0,EA,702946027928,15.55,0,0,Matboard,0,0,N,N,Y
B8655,ALPHARAG A-C 4-P PURE WHITE,0,EA,702946027935,29.55,0,0,Matboard,0,0,N,Y,Y
B8655L,ALPHARAG A-C 4-P PURE WHT40X60,0,EA,702946027942,56.22,0,0,Matboard,0,0,N,Y,Y
B8656,ALPHARAG A-C 4-P NATRL WHITE,0,EA,702946027959,29.7,0,0,Matboard,0,0,N,Y,Y
B866,PAPERMAT BURNT ORANGE 32X40,0,EA,702946001256,11.46,0,0,Matboard,0,0,N,N,N
B8660,ALPHARAG A-C 8-PLY WHT 32X40,0,EA,702946023333,70.7,0,0,Matboard,0,0,N,Y,Y
B8661,WHITE 4-PLY ALPHARAG 48X72,0,EA,NULL,85.4,0,0,Matboard,0,0,N,N,Y
B8662,ALPRARAB WHITE 4PLY 48X96,0,EA,NULL,139.85,0,0,Matboard,0,0,N,Y,Y
B8663,ALPHARAG A-C 4-PLY NAT BLACK,0,EA,702946027997,37.87,0,0,Matboard,0,0,N,Y,Y
B8664,ALPHARAG A-C 4-P SPECL CREAM,0,EA,702946028000,31.2,0,0,Matboard,0,0,N,Y,Y
B8665,ALPHARAG A-C 4-PLY TUMBLEWEED,0,EA,702946030140,31.04,0,0,Matboard,0,0,N,Y,Y
B8666,ALPHARAG A-C 4-PLY SAND,0,EA,702946030171,31.2,0,0,Matboard,0,0,N,Y,Y
B8667,ALPRG A-C4PL COLONIAL CREAM,0,EA,702946040453,31.2,0,0,Matboard,0,0,N,Y,Y
B8667L,ALPHARAG A-C 4-P COLO CRM40X60,0,EA,702946077978,59.32,0,0,Matboard,0,0,N,Y,Y
B8668,ALPRAG A-C4PL ECRU 32X40,0,EA,702946040460,31.2,0,0,Matboard,0,0,N,Y,Y
B8669,ALPHARAG A-C 4PL BLACK SHADOW,0,EA,702946075523,37.26,0,0,Matboard,0,0,N,Y,Y
B8673,ALPHARAG AC 4PL DEEP SAGE 32X4,0,EA,702946075530,37.35,0,0,Matboard,0,0,N,Y,Y
B8674,ALPHARAG AC 4PL STONE 32X40,0,EA,702946075547,31.44,0,0,Matboard,0,0,N,Y,Y
B8678,ALPHARAG AC 4PL COIR 32X40,0,EA,702946093176,37.36,0,0,Matboard,0,0,N,Y,Y
B868,PAPERMAT FOREST GREEN 32X40,0,EA,702946001270,11.46,0,0,Matboard,0,0,N,N,N
B8688,ALPHARAG 4PL GLACIER WHITE 32X,0,EA,702946101772,29.37,0,0,Matboard,0,0,N,Y,Y
B8690,ALPHARAG 4PL TOASTED WHEAT 32X,0,EA,702946101710,37.57,0,0,Matboard,0,0,N,Y,Y
B8732,ALPHAMOUNT ARTCARE 2-PLY WHT,0,EA,702946011224,12.62,0,0,Matboard,0,0,N,N,Y
B8734,ALPHAMOUNT ARTCARE 4-PLY WHT,0,EA,702946011231,21.53,0,0,Matboard,0,0,N,Y,Y
B8740,ALPHAMAT SOLID WHITE 32X40,0,EA,702946138624,25.68,0,0,Matboard,0,0,N,Y,Y
B87408,ALPHAMATSOLID WHITE 32X40 DBL,0,EA,702946138761,54.86,0,0,Matboard,0,0,N,Y,Y
B87408L,ALPHAMAT SOLID WHITE 40X60,0,EA,702946138785,100.7,0,0,Matboard,0,0,N,Y,Y
B8740L,ALPHAMAT SOLID WHITE 40X60,0,EA,NULL,48.62,0,0,Matboard,0,0,N,Y,Y
B8741,ALPHAMAT SOLID BLACK 32X40,0,EA,702946138631,25.68,0,0,Matboard,0,0,N,Y,Y
B87418,ALPHAMAT SOLID BLACK 32X40,0,EA,702946138778,54.86,0,0,Matboard,0,0,N,Y,Y
B87418L,ALPHAMAT SOLID BLACK 40X60,0,EA,702946138792,110.86,0,0,Matboard,0,0,N,Y,Y
B8741L,ALPHAMAT SOLID BLACK 40X60,0,EA,NULL,51.25,0,0,Matboard,0,0,N,Y,Y
B8742,ALPHAMAT SOLID WHEAT 32X40,0,EA,702946138648,25.68,0,0,Matboard,0,0,N,Y,Y
B87428,Bain Solid Wheat 6ply 32x40,0,EA,702946140535,56.67,0,0,Matboard,0,0,N,Y,Y
B8743,ALPHAMAT SOLID SAND 32X40,0,EA,702946138655,25.59,0,0,Matboard,0,0,N,Y,Y
B8744,ALPHAMAT SOLID MALACCA 32X40,0,EA,702946138662,25.68,0,0,Matboard,0,0,N,Y,Y
B87448,Bain Solid Malacca 6ply 32x40,0,EA,702946147367,57.62,0,0,Matboard,0,0,N,Y,Y
B8745,ALPHAMAT SOLID PAMPAS 32X40,0,EA,702946138679,25.68,0,0,Matboard,0,0,N,Y,Y
B8747,ALPHAMAT SOLID GREY 32X40,0,EA,702946138693,25.8,0,0,Matboard,0,0,N,Y,Y
B87478,Bain Solid Grey 8ply 32x40,0,EA,702946140542,60.48,0,0,Matboard,0,0,N,Y,Y
B8748,ALPHAMAT SOLID PRATO 32X40,0,EA,702946138709,25.66,0,0,Matboard,0,0,N,Y,Y
B8749,ALPHAMAT SOLID CHROME 32X40,0,EA,702946138716,25.68,0,0,Matboard,0,0,N,Y,Y
B87498,Bain Solid Chrome 8ply 32x40,0,EA,702946147374,54.86,0,0,Matboard,0,0,N,Y,Y
B8750,ALPHA SOLID LOAM 32X40,0,EA,702946142324,25.58,0,0,Matboard,0,0,N,Y,Y
B8751,ALPHA SOLID ASH 32X40,0,EA,702946142331,25.68,0,0,Matboard,0,0,N,Y,Y
B87518,Bain Solid Ash 6ply 32x40,0,EA,702946147343,56.07,0,0,Matboard,0,0,N,Y,Y
B8752,ALPHA SOLID FANGO 32X40,0,EA,702946142447,25.52,0,0,Matboard,0,0,N,Y,Y
B8755,ALPHA 32X40 SOLID KHAKI,0,EA,702946143369,25.68,0,0,Matboard,0,0,N,Y,Y
B8756,ALPHA 32X40 SOLID ECRU,0,EA,702946143376,25.89,0,0,Matboard,0,0,N,Y,Y
B8757,ALPHA 32X40 SOLID EBONY,0,EA,702946143406,25.68,0,0,Matboard,0,0,N,Y,Y
B8758,ALPHA 32X40 SOLID IVORY,0,EA,702946143383,25.76,0,0,Matboard,0,0,N,Y,Y
B8759,ALPHA 32X40 SOLID SLATE,0,EA,702946143352,25.52,0,0,Matboard,0,0,N,Y,Y
B8760,ALPHA 32X40 SOLID PEARL,0,EA,702946143390,25.68,0,0,Matboard,0,0,N,Y,Y
B878455,ALPHAMAT APPLE CIDER 32X40,0,EA,702946129165,28.17,0,0,Matboard,0,0,N,Y,Y
B878503,HERITAGE ROCOCO CREAM 32x40,0,EA,702946069966,28.27,0,0,Matboard,0,0,N,Y,Y
B878526,HERITAGE RENAISSANCE BLUE32X40,0,EA,702946087540,28.24,0,0,Matboard,0,0,N,Y,Y
B878540,HERITAGE GOTHIC GREEN 32x40,0,EA,702946069942,28.17,0,0,Matboard,0,0,N,Y,Y
B878559,HERITAGE VICTORIAN CAMEO 32X40,0,EA,702946069881,28.49,0,0,Matboard,0,0,N,Y,Y
B879,PAPERMAT SAND 32X40,0,EA,702946001386,11.64,0,0,Matboard,0,0,N,N,N
B88,PAPERMAT T.V. GREY 32X40,0,EA,702946001423,11.46,0,0,Matboard,0,0,N,N,N
B8801,ALPHAMAT ES FEATHERSTONE 32X40,0,EA,702946004134,26.01,0,0,Matboard,0,0,N,Y,Y
B8805,ALPHAMAT ES FLINT 32X40,0,EA,702946004172,26.19,0,0,Matboard,0,0,N,Y,Y
B8809,ALPHAMAT ES FELDSPAR 32X40,0,EA,702946004202,26.13,0,0,Matboard,0,0,N,Y,Y
B8812,ALPHAMAT ES ZINC 32X40,0,EA,702946004226,26.01,0,0,Matboard,0,0,N,Y,Y
B8815,ALPHA PARCHMENT MUSLIN 32X40,0,EA,702946004240,26.4,0,0,Matboard,0,0,N,Y,Y
B8841,(CC) ASH/PHOTO GREY 32X40,0,EA,702946003724,26.19,0,0,Matboard,0,0,N,Y,Y
B885,PAPERMAT DELFT BLUE 32X40,0,EA,702946022817,11.46,0,0,Matboard,0,0,N,N,N
B89,PAPERMAT BLACK 32X40,0,EA,702946001430,11.98,0,0,Matboard,0,0,N,N,N
B89L,PAPERMAT BLACK 40X60,0,EA,702946001485,26.62,0,0,Matboard,0,0,N,N,N
B928155,GROTTO-ALPHAMAT FIORI 32x40,0,EA,702946097211,27.96,0,0,Matboard,0,0,N,Y,Y
B928158,GROTTO-ALPHAMAT SOLE  32x40,0,EA,702946097242,28,0,0,Matboard,0,0,N,Y,Y
B9735,MATB-DENALI 32X40,0,EA,NULL,23.91,0,0,Matboard,0,0,N,Y,Y
B9736,MATB-SAND DUNE 32X40,0,EA,NULL,23.91,0,0,Matboard,0,0,N,Y,Y
B9737,MATB-GOBI 32X40,0,EA,NULL,23.91,0,0,Matboard,0,0,N,Y,Y
B9739,MATB-MESA 32X40,0,EA,NULL,23.91,0,0,Matboard,0,0,N,Y,Y
B9744,SELECT GOLF BALL 32X40,0,EA,NULL,26.53,0,0,Matboard,0,0,N,Y,Y
B998008,GOLD BULLION-32X40,0,EA,702946114666,32.38,0,0,Matboard,0,0,N,Y,Y
B998741,RUSTIC 32X40 OLD BRONZE,0,EA,702946143314,33.63,0,0,Matboard,0,0,N,Y,Y
B998743,RUSTIC 32X40 VINTAGE OAK,0,EA,702946143338,33.47,0,0,Matboard,0,0,N,Y,Y
B998747,RUSTIC 32X40 WEATHERED ZINC,0,EA,702946143345,33.43,0,0,Matboard,0,0,N,Y,Y
B998751,RUSTIC 32X40 IRONWORK,0,EA,702946143307,33.48,0,0,Matboard,0,0,N,Y,Y
B998752,RUSTIC 32X40 DARK CLAY,0,EA,702946143291,33.93,0,0,Matboard,0,0,N,Y,Y
BCP406,COROPLAST 40X60 6MM,0,EA,NULL,50.99,0,0,Mounting Board,0,296.31,N,Y,Y
BCP486,COROPLAST 48X96 6MM,0,EA,NULL,96.4,0,0,Mounting Board,0,885.15,N,Y,Y
BFB24,3/16 24X36 FOAM CENTER BOARD,0,EA,NULL,8.04,0,0,Foamboard,0,80.28,N,N,Y
BFB32,3/16 32X40 FOAM CENTER BOARD,0,EA,NULL,10.07,0,0,Foamboard,0,120.29,N,N,Y
BFB3218,1/8 32X40 FOAM CENTER BOARD,0,EA,NULL,10.69,0,0,Foamboard,0,120.01,N,N,Y
BFB40,3/16 40X60 FOAM CENTER BOARD,0,EA,NULL,20.51,0,0,Foamboard,0,215.7,N,N,Y
BFB4018,1/8 40X60 FOAM CENTER BOARD,0,EA,NULL,21.31,0,0,Foamboard,0,224.08,N,N,Y
BFB48,3/16 48X96 FOAM CENTER BOARD,0,EA,NULL,27.96,0,0,Foamboard,0,401.94,N,N,Y
BSM32,"3/16"" BAIN SPEEDMOUNT 32X40",0,EA,NULL,12.66,0,0,Foamboard,0,183.26,N,N,Y
BSM40,"3/16"" BAIN SPEEDMOUNT 40X60",0,EA,NULL,28.72,0,0,Foamboard,0,376.26,N,N,Y
BTM8012,Bain TM Onyx Black Core 32x40,0,EA,702946140436,52.59,0,0,Matboard,0,0,N,Y,Y
BTM8321,AC TOPMAT SPANISH WHITE SABLE,0,EA,702946094135,37.21,0,0,Matboard,0,0,N,Y,Y
BTM8321L,AC TOPMAT SPANISH WHT/SABLE 40,0,EA,702946094166,72.27,0,0,Matboard,0,0,N,Y,Y
BTM8463,AC-SPANISH WHITE 32X40,0,EA,702946093701,33,0,0,Matboard,0,0,N,Y,Y
BTM8463L,AC-SPANISH WHITE 40X60,0,EA,702946093848,63.32,0,0,Matboard,0,0,N,Y,Y
BTM8464,AC ULTRA THICK MATTE WHITE 32x,0,EA,702946093718,33,0,0,Matboard,0,0,N,Y,Y
BTM8465,AC-AC TOPMAT IGLOO 32X40,0,EA,702946093725,33,0,0,Matboard,0,0,N,Y,Y
BTM8466,AC-BAIN TOPMAT FROST 32X40,0,EA,702946093732,33,0,0,Matboard,0,0,N,Y,Y
BTM8517,BAIN-AC TOPMAT IVORY BLK 32X40,0,EA,702946093787,33,0,0,Matboard,0,0,N,Y,Y
BTM8517L,BAIN-AC TOPMAT IVORY BLK 40X60,0,EA,702946093923,63.32,0,0,Matboard,0,0,N,Y,Y
BTM8519,BAIN-AC TOPMAT SNOWFLAKE 32X40,0,EA,702946093794,33,0,0,Matboard,0,0,N,Y,Y
BTM8520,AC-AC TOPMAT TALC 32X40,0,EA,702946093800,33,0,0,Matboard,0,0,N,Y,Y
BTM8559,AC-AC TOPMAT PHOTO WHITE 32X40,0,EA,702946093824,33,0,0,Matboard,0,0,N,Y,Y
C1008,IVORY 32X40,0,EA,93924201288,10.23,0,0,Matboard,0,0,N,N,N
C1015,CRES GREY VIOLET 32X40,0,EA,93924201356,10.23,0,0,Matboard,0,0,N,N,N
C1019,PHOTO GRAY 32X40,0,EA,93924201394,10.23,0,0,Matboard,0,0,N,N,N
C1027,SILVER GRAY 32X40,0,EA,93924201578,10.23,0,0,Matboard,0,0,N,Y,Y
C1029,WHEAT 32X40,0,EA,93924201592,10.23,0,0,Matboard,0,0,N,N,N
C1033,DARK ASH 32X40,0,EA,93924201639,10.23,0,0,Matboard,0,0,N,N,N
C1038,MAROON 32X40,0,EA,93924201660,10.23,0,0,Matboard,0,0,N,N,N
C1042,WILLIAMSBURG RED 32X40,0,EA,93924201707,10.23,0,0,Matboard,0,0,N,N,N
C1045,GRASS GREEN 32X40,0,EA,93924201738,10.23,0,0,Matboard,0,0,N,N,N
C1051,OLDE TAN 32X40,0,EA,93924201790,10.23,0,0,Matboard,0,0,N,N,N
C1053,CRES DELFT BLUE 32X40,0,EA,93924201813,10.23,0,0,Matboard,0,0,N,N,N
C1054,BALTIC BLUE 32X40,0,EA,93924201820,10.23,0,0,Matboard,0,0,N,N,N
C1057,CRES REDWOOD 32X40,0,EA,93924201844,10.23,0,0,Matboard,0,0,N,N,N
C1061,SANDSTONE 32X40,0,EA,93924201882,10.23,0,0,Matboard,0,0,N,N,N
C1073,BISCAY BLUE 32X40,0,EA,93924201981,10.23,0,0,Matboard,0,0,N,N,N
C1078,MADAGASCAR PINK 32X40,0,EA,93924202032,10.23,0,0,Matboard,0,0,N,N,N
C1080,BIMINI BLUE 32X40,0,EA,93924202056,10.23,0,0,Matboard,0,0,N,N,N
C1081,VOLCANO BLUE 32X40,0,EA,93924202063,10.23,0,0,Matboard,0,0,N,N,N
C1084,AVOCADO 32X40,0,EA,93924202094,10.23,0,0,Matboard,0,0,N,N,N
C1092,AZURE 32X40,0,EA,93924202162,10.23,0,0,Matboard,0,0,N,N,N
C1095,ANTIQUE BUFF 32X40,0,EA,93924202179,10.23,0,0,Matboard,0,0,N,N,N
C1096,SEPIA 32X40,0,EA,93924202186,10.23,0,0,Matboard,0,0,N,N,N
C1097,FUDGE 32X40,0,EA,93924202193,12,0,0,Matboard,0,0,N,N,N
C1100,100%RAG ARCHIV MIST 32X40,0,EA,93924106569,28.04,0,0,Matboard,0,0,N,Y,Y
C1101,100% RAG NEUTRAL GRAY 32X40,0,EA,93924106576,28.04,0,0,Matboard,0,0,N,Y,Y
C1102,100% RAG VINTAGE GRAY 32X40,0,EA,93924106583,28.04,0,0,Matboard,0,0,N,Y,Y
C1104,100% RAG ANTIQUE TAN32X40,0,EA,93924106606,28.04,0,0,Matboard,0,0,N,Y,Y
C1105,100% RAG DESERT SAND32X40,0,EA,93924106613,28.04,0,0,Matboard,0,0,N,Y,Y
C1106,100% RAG ANTIQUE GRAY 32X40,0,EA,93924117374,28.04,0,0,Matboard,0,0,N,Y,Y
C1112,100% RAG SOFT WHITE 32X40,0,EA,93924134708,26.54,0,0,Matboard,0,0,N,Y,Y
C1114,100% RAG ALMOND 32X40,0,EA,93924134715,28.04,0,0,Matboard,0,0,N,Y,Y
C1115,100% RAG BLACK 32X40,0,EA,93924134722,36.07,0,0,Matboard,0,0,N,Y,Y
C1117,100% RAG GREY 32X40,0,EA,93924134746,28.04,0,0,Matboard,0,0,N,Y,Y
C1121,100% RAG INVERNESS 32X40 4PLY,0,EA,93924138416,28.04,0,0,Matboard,0,0,N,Y,Y
C1122,100% RAG STRATFORD 32X40 4PLY,0,EA,93924138430,28.04,0,0,Matboard,0,0,N,Y,Y
C1123,100% RAG NEW CASTLE 32X40 4PLY,0,EA,93924138461,36.07,0,0,Matboard,0,0,N,Y,Y
C1125,100% RAG SHETLAND 32X40 4PLY,0,EA,93924138492,28.04,0,0,Matboard,0,0,N,Y,Y
C1126,RAG MUSEUM-SAND DOLLAR 32X40,0,EA,93924155185,26.54,0,0,Matboard,0,0,N,Y,Y
C1127,RAG MUSEUM-SPROUT 32X40,0,EA,93924155192,28.04,0,0,Matboard,0,0,N,Y,Y
C1128,RAG MUSEUM-SHORELINE 32X40,0,EA,93924155208,28.04,0,0,Matboard,0,0,N,Y,Y
C1129,RAG MUSEUM-BLUFF 32X40,0,EA,93924155215,28.04,0,0,Matboard,0,0,N,Y,Y
C1133,RAG MUSEUM-BRIAR 32X40,0,EA,93924155222,28.04,0,0,Matboard,0,0,N,Y,Y
C1136,RAG MUSEUM-LOAM 32X40,0,EA,93924155253,36.22,0,0,Matboard,0,0,N,Y,Y
C1137,RAG MUSEUM-FIELDSTONE 32X40,0,EA,93924155260,36.22,0,0,Matboard,0,0,N,Y,Y
C1150,2-PLY MUSEUM BOARD WHITE 32X40,0,EA,93924106538,11.93,0,0,Matboard,0,0,N,N,Y
C1152,MUSEUM BOARD CREAM 32X40,0,EA,93924106545,11.93,0,0,Mounting Board,0,0,N,Y,Y
C1153,MUSEUM BD WHITE 32X40 4PL,0,EA,93924106620,20.08,0,0,Mounting Board,0,0,N,Y,Y
C1157,MUSEUM BD.ANT.WHITE 32X40,0,EA,93924106552,11.93,0,0,Mounting Board,0,0,N,Y,Y
C1159,MUS.BD ANT.WHT.32X40 4PLY,0,EA,93924106644,20.08,0,0,Mounting Board,0,0,N,Y,Y
C1162,MUSEUM BD WHITE 40X60 4PL,0,EA,93924106705,42.53,0,0,Mounting Board,0,0,N,Y,Y
C1170,100%RAG COOL WHITE-32X40,0,EA,93924159596,26.54,0,0,Matboard,0,0,N,Y,Y
C1171,100%RAG SILK-32X40,0,EA,93924159602,26.54,0,0,Matboard,0,0,N,Y,Y
C1173,100%RAG SOFT CREAM-32X40,0,EA,93924159626,28.04,0,0,Matboard,0,0,N,Y,Y
C1174,100%RAG BEIGE-32X40,0,EA,93924159640,28.04,0,0,Matboard,0,0,N,Y,Y
C1175,100%RAG CLAY-32X40,0,EA,93924159657,28.04,0,0,Matboard,0,0,N,Y,Y
C1176,100%RAG SUNTAN-32X40,0,EA,93924159664,28.04,0,0,Matboard,0,0,N,Y,Y
C1177,100%RAG BROWNSTONE-32X40,0,EA,93924159671,36.22,0,0,Matboard,0,0,N,Y,Y
C1184,100%RAG SABLE 32X40,0,EA,93924159749,36.22,0,0,Matboard,0,0,N,Y,Y
C1186,32X40 RAG MUS Cool Gray,0,EA,93924193927,28.05,0,0,Matboard,0,0,N,Y,Y
C1187,32X40 RAG MUS Essential Gray,0,EA,93924193934,28.04,0,0,Matboard,0,0,N,Y,Y
C1188,100%RAG 4 PLY WINTER WHT 32X40,0,EA,93924194962,26.54,0,0,Matboard,0,0,N,Y,Y
C1189,100%RAG 4 PLY SANGUINE 32X40,0,EA,93924194955,35.52,0,0,Matboard,0,0,N,Y,Y
C11W,NEEDLE POINT,0,EA,93924112836,16.54,0,0,Mounting Board,0,0,N,N,Y
C12058,Basics MOSAIC BLUE 32x40,0,EA,NULL,10.63,0,0,Matboard,0,0,N,Y,Y
C12087,BASICS BRIGHTEST WHITE 32X40,0,EA,NULL,9.96,0,0,Matboard,0,0,N,Y,Y
C12091,BAIN BASICS CHARTREUSE 32X40,0,EA,NULL,9.96,0,0,Matboard,0,0,N,Y,Y
C12094,BAIN BASICS ULTRA VIOLET 32X40,0,EA,NULL,9.96,0,0,Matboard,0,0,N,Y,Y
C132,FLAWBOARD 32X40,0,EA,NULL,3.26,0,0,Matboard,0,72.99,N,Y,Y
C146,FLAWBOARD 40X60,0,EA,NULL,6.84,0,0,Matboard,0,0,N,Y,Y
C1515.17,32X40 RagMat MUS White Sheet,0,EA,NULL,6.03,0,0,Matboard,0,0,N,N,Y
C1530,MUS DUP BD WH/ANT WH32X40,0,EA,93924106514,22.66,0,0,Mounting Board,0,0,N,Y,Y
C1531,MUS DUP BD OFF WH/CR32X40,0,EA,93924106521,22.66,0,0,Mounting Board,0,0,N,Y,Y
C1536,MUSEUM BOARD 32X40 6 PLY,0,EA,93924106736,44.72,0,0,Matboard,0,0,N,Y,Y
C21104,8 PLY ANTIQUE TAN 32X40 RAG,0,EA,93924159770,62.31,0,0,Matboard,0,0,N,Y,Y
C21106,8 PLY ANTIQUE GRAY 32X40 RAG,0,EA,93924159800,62.31,0,0,Matboard,0,0,N,Y,Y
C21112,8 PLY SOFT WHITE 32X40 RAG,0,EA,93924134982,59.42,0,0,Matboard,0,0,N,Y,Y
C21115,8 PLY BLACK 32X40 RAG,0,EA,93924135163,83.2,0,0,Matboard,0,0,N,Y,Y
C21126,8 PLY SAND DOLLAR 32X40 RAG,0,EA,93924159824,59.42,0,0,Matboard,0,0,N,Y,Y
C21171,100%RAG SILK-32X40 8ply,0,EA,NULL,62.32,0,0,Matboard,0,0,N,Y,Y
C21188,8 PLY WINTER WHITE 32X40 RAG,0,EA,93924194993,59.42,0,0,Matboard,0,0,N,Y,Y
C22255,8 PLY CREAM 32X40 RAG,0,EA,93924138515,62.31,0,0,Matboard,0,0,N,Y,Y
C22263,48X72 RAG MUS White 8 Ply,0,EA,93924194016,187.95,0,0,Matboard,0,0,N,Y,Y
C22269,48X72 RAG MUS Antique White 8,0,EA,93924194023,188.89,0,0,Matboard,0,0,N,N,Y
C22273,48X96 RAG MUS White 8 Ply,0,EA,93924193989,288.72,0,0,Matboard,0,0,N,N,Y
C2238,8 PLY WHITE 32X40 RAG,0,EA,93924106811,59.42,0,0,Matboard,0,0,N,Y,Y
C2239,8 PLY ANTIQUE WHITE 32X40 RAG,0,EA,93924134760,59.42,0,0,Matboard,0,0,N,Y,Y
C2253,100%RAG 4 PLY WHITE 32X40,0,EA,93924106750,26.45,0,0,Matboard,0,0,N,Y,Y
C2255,100%RAG 4 PLY CREAM 32X40,0,EA,93924106767,28.04,0,0,Matboard,0,0,N,Y,Y
C2259,100%RAG 4 PLY ANT.WHT.32X40,0,EA,93924106774,26.45,0,0,Matboard,0,0,N,Y,Y
C2260,100%RAG ANT WHITE 40X60,0,EA,93924106781,51.09,0,0,Matboard,0,0,N,Y,Y
C2261,100%RAG 4PLY CREAM 40X60,0,EA,93924106798,55.36,0,0,Matboard,0,0,N,Y,Y
C2262,100%RAG 4PLY WHITE 40X60,0,EA,93924106804,51.09,0,0,Matboard,0,0,N,Y,Y
C2263,100%RAG 4 PLY WHITE 48X72,0,EA,93924111136,83.77,0,0,Matboard,0,0,N,N,Y
C2268,8 PLY WHITE 40X60,0,EA,93924106828,117.66,0,0,Matboard,0,0,N,Y,Y
C2269,48X72 RAG MUS Antique White 4,0,EA,93924194009,83.76,0,0,Matboard,0,0,N,N,Y
C2273,100%RAG 4 PLY WHITE 48X96,0,EA,93924118067,107.95,0,0,Matboard,0,0,N,N,Y
C2275,48X96 RAG MUS Black,0,EA,93924185236,130.58,0,0,Matboard,0,0,N,N,Y
C2279,48X96 RAG MUS Ant White,0,EA,NULL,107.95,0,0,Matboard,0,0,N,N,Y
C2283,60X104 RAG MUS White,0,EA,93924185250,144.25,0,0,Matboard,0,0,N,N,Y
C2289,60X104 RAG MUS Ant White,0,EA,93924185267,143.85,0,0,Matboard,0,0,N,N,Y
C229502,32X40 SEL White Sale 8 Ply,0,EA,93924194047,31.54,0,0,Matboard,0,0,N,Y,Y
C229508,32X40 SEL White Sands,0,EA,93924194054,31.54,0,0,Matboard,0,0,N,Y,Y
C229598,32X40 SEL Before Dark 8 Ply,0,EA,93924194061,31.54,0,0,Matboard,0,0,N,Y,Y
C2296,100% RAG OPTIC BLACK 32X40,0,EA,93924134784,36.22,0,0,Matboard,0,0,N,Y,Y
C229613,32X40 SEL Super White 8 Ply,0,EA,93924194030,31.54,0,0,Matboard,0,0,N,Y,Y
C2297,PHOTORAG CREAM 32X40,0,EA,93924118074,28.04,0,0,Matboard,0,0,N,Y,Y
C2298,PHOTORAG ANTIQUE WHITE 32X40,0,EA,93924113550,26.54,0,0,Matboard,0,0,N,Y,Y
C229848,32X40 SEL Jet Black 8 Ply,0,EA,93924194078,31.54,0,0,Matboard,0,0,N,Y,Y
C2299,100%RAG 4 PLY WHITE 32X40,0,EA,93924106835,26.54,0,0,Matboard,0,0,N,Y,Y
C25700,SELECT VIVID WHITE 32X40 8PLY,0,EA,93924177156,35.05,0,0,Matboard,0,0,N,Y,Y
C25702,SELECT WHITE 32X40 8PLY,0,EA,93924177163,35.05,0,0,Matboard,0,0,N,Y,Y
C25703,SELECT ANTIQUE WHITE 32X40 8PL,0,EA,93924177170,35.05,0,0,Matboard,0,0,N,Y,Y
C25704,SELECT CREAM 32X40 8PLY,0,EA,93924177187,35.05,0,0,Matboard,0,0,N,Y,Y
C25706,SELECT TAN 32X40 8PLY,0,EA,93924177750,35.05,0,0,Matboard,0,0,N,Y,Y
C25711,SELECT DEEP BLACK 32X40 8PLY,0,EA,93924177200,39.48,0,0,Matboard,0,0,N,Y,Y
C25712,32X40 SEL SLD Cloud Gray 8 ply,0,EA,93924184192,35.05,0,0,Matboard,0,0,N,Y,Y
C29301,SELECT  ECLIPSE 32X40 6PLY,0,EA,NULL,48.7,0,0,Matboard,0,0,N,Y,Y
C29302,SELECT  URBAN MOON 32X40 6PLY,0,EA,NULL,48.7,0,0,Matboard,0,0,N,Y,Y
C29303,SELECT SHADOWFALL  32X40 6PLY,0,EA,NULL,48.7,0,0,Matboard,0,0,N,Y,Y
C29304,SELECT JUNIPER   32X40 6PLY,0,EA,NULL,48.7,0,0,Matboard,0,0,N,Y,Y
C29305,SELECT FERN  32X40 6PLY,0,EA,NULL,48.7,0,0,Matboard,0,0,N,Y,Y
C29306,SELECT CYPRESS  32X40 6PLY,0,EA,NULL,48.7,0,0,Matboard,0,0,N,Y,Y
C29307,SELECT CLAYSTONE  32X40 6PLY,0,EA,NULL,48.51,0,0,Matboard,0,0,N,Y,Y
C29308,SELECT MOSSWOOD  32X40 6PLY,0,EA,NULL,48.7,0,0,Matboard,0,0,N,Y,Y
C29309,SELECT SUNBAKED  32X40 6PLY,0,EA,NULL,48.7,0,0,Matboard,0,0,N,Y,Y
C29500,SELECT WHITE GLOVE (6 PLY),0,EA,93924140310,22.69,0,0,Matboard,0,0,N,Y,Y
C29502,SELECT WHITE SALE (6 PLY),0,EA,93924138164,22.69,0,0,Matboard,0,0,N,Y,Y
C29505,SELECT WHITE WASH (6 PLY),0,EA,93924138171,22.69,0,0,Matboard,0,0,N,Y,Y
C29507,SELECT WHITE ELEPHANT (6 PLY),0,EA,93924138188,22.69,0,0,Matboard,0,0,N,Y,Y
C29599,SELECT AFTER DARK (6 PLY),0,EA,93924138232,22.69,0,0,Matboard,0,0,N,Y,Y
C3214,CHINESE RED 32X40,0,EA,93924202209,10.23,0,0,Matboard,0,0,N,N,N
C3290,SNOW WHITE 32X40,0,EA,93924202216,10.23,0,0,Matboard,0,0,N,N,N
C3291,FRENCH BUFF 32X40,0,EA,93924202223,10.23,0,0,Matboard,0,0,N,N,N
C3293,ANTIQUE WHITE 32X40,0,EA,93924202230,10.23,0,0,Matboard,0,0,N,N,N
C3297,ARCTIC WHITE 32X40,0,EA,93924202254,10.23,0,0,Matboard,0,0,N,Y,Y
C33,WHITE/CREAM SMOOTH 32X40,0,EA,93924105548,8.13,0,0,Matboard,0,0,N,N,N
C3311,FLNNL GRANITE  32x40,0,EA,93924210631,10.23,0,0,Matboard,0,0,N,N,N
C3319,TOPAZ 32X40,0,EA,93924213090,10.23,0,0,Matboard,0,0,N,N,N
C3320,SAFFRON 32X40,0,EA,93924213106,10.23,0,0,Matboard,0,0,N,N,N
C3323,REAL TEAL 32X40,0,EA,93924213137,10.45,0,0,Matboard,0,0,N,N,N
C3326,LAPIS 32X40,0,EA,93924213168,10.35,0,0,Matboard,0,0,N,Y,Y
C3331,SAGE 32X40,0,EA,93924213212,10.23,0,0,Matboard,0,0,N,N,N
C3333,BLACK WATCH 32X40,0,EA,93924213236,10.23,0,0,Matboard,0,0,N,N,N
C3342,MIDNIGHT GREEN 32X40,0,EA,93924219139,10.34,0,0,Matboard,0,0,N,N,N
C3343,OFF WHITE 32X40,0,EA,93924221972,10.23,0,0,Matboard,0,0,N,N,N
C3344,MANOR BLACK 32X40,0,EA,93924221989,10.23,0,0,Matboard,0,0,N,N,N
C3352,LIGHT UMBRIA 32X40,0,EA,93924222009,10.23,0,0,Matboard,0,0,N,N,N
C3354,WINTER WHITE 32X40,0,EA,93924224416,10.23,0,0,Matboard,0,0,N,N,N
C3359,SUNDOWN SHADOW 32X40,0,EA,93924224461,10.23,0,0,Matboard,0,0,N,N,N
C3380,HAY 32X40,0,EA,93924184345,10.23,0,0,Matboard,0,0,N,N,N
C34.12,32X40 DEC White/Cream Pebble,0,EA,93924203299,8.96,0,0,Matboard,0,0,N,N,N
C5400,SELECT ETCHED BRASS 3240,0,EA,93924195341,18.77,0,0,Matboard,0,0,N,Y,Y
C5402,SELECT ETCHED GUNMETAL 32X40,0,EA,93924195365,18.77,0,0,Matboard,0,0,N,Y,Y
C5403,SELECT ETCHED OIL-RUB BR 32X40,0,EA,93924195372,18.77,0,0,Matboard,0,0,N,Y,Y
C5533,NEW B5533- VINTAGE WHITE 32X40,0,EA,93924172731,39.97,0,0,Matboard,0,0,N,Y,Y
C5540,32X40 SEL JUT Barnwood Jute,0,EA,93924190643,54.4,0,0,Matboard,0,0,N,Y,Y
C5579,SELECT ULTIBLACK ETCHED BLACK,0,EA,93924173301,23.86,0,0,Matboard,0,0,N,Y,Y
C5598,SELECT ETCHED BLACK 32X40,0,EA,93924173295,18.07,0,0,Matboard,0,0,N,Y,Y
C5647,32X40 SEL Carnation,0,EA,93924180781,15.26,0,0,Matboard,0,0,N,Y,Y
C5648,32X40 SEL Peony,0,EA,93924180774,15.26,0,0,Matboard,0,0,N,Y,Y
C5651,32X40 SEL Bluebird,0,EA,93924180798,15.26,0,0,Matboard,0,0,N,Y,Y
C5700,SELECT VIVID WHITE 32X40,0,EA,93924177088,19.99,0,0,Matboard,0,0,N,Y,Y
C5701,SELECT ARCTIC WHITE 32X40,0,EA,93924177644,19.99,0,0,Matboard,0,0,N,Y,Y
C5702,SELECT WHITE 32X40,0,EA,93924177095,19.99,0,0,Matboard,0,0,N,Y,Y
C5703,SELECT ANTIQUE WHITE 32X40,0,EA,93924177101,19.99,0,0,Matboard,0,0,N,Y,Y
C5704,SELECT CREAM 32X40,0,EA,93924177118,19.82,0,0,Matboard,0,0,N,Y,Y
C5705,SELECT BUFF 32X40,0,EA,93924177651,19.99,0,0,Matboard,0,0,N,Y,Y
C5706,SELECT TAN 32X40,0,EA,93924177125,20.07,0,0,Matboard,0,0,N,Y,Y
C5708,SELECT DARK BROWN 32X40,0,EA,93924177132,22.42,0,0,Matboard,0,0,N,Y,Y
C5709,SELECT GRAY 32X40,0,EA,93924177675,22.43,0,0,Matboard,0,0,N,Y,Y
C5710,SELECT DARK GRAY 32X40,0,EA,93924177682,22.5,0,0,Matboard,0,0,N,Y,Y
C5711,SELECT DEEP BLACK 32X40,0,EA,93924177149,22.51,0,0,Matboard,0,0,N,Y,Y
C5712,32X40 SEL SLD Cloud Gray,0,EA,93924184130,19.84,0,0,Matboard,0,0,N,Y,Y
C5713,32X40 SEL SLD Neutral Gray,0,EA,93924184147,19.86,0,0,Matboard,0,0,N,Y,Y
C5714,32X40 SEL SLD Classic Gray,0,EA,93924184154,22.6,0,0,Matboard,0,0,N,Y,Y
C61019,PHOTO GREY 32X40 (BC),0,EA,93924114595,13.5,0,0,Matboard,0,0,N,N,N
C61023,(BC) CRIMSON 32X40,0,EA,93924103049,13.5,0,0,Matboard,0,0,N,N,N
C61027,(BC) SILVER GRAY 32X40,0,EA,93924103087,13.5,0,0,Matboard,0,0,N,N,N
C61028,(BC) SPICE IVORY 32X40,0,EA,93924103094,13.5,0,0,Matboard,0,0,N,N,N
C61029,(BC) WHEAT 32X40,0,EA,93924103100,13.5,0,0,Matboard,0,0,N,N,N
C61033,DARK ASH 32X40 (BC),0,EA,93924114618,13.5,0,0,Matboard,0,0,N,N,N
C61038,MAROON 32X40 (BC),0,EA,93924114625,13.5,0,0,Matboard,0,0,N,N,N
C61073,(BC) BISCAY BLUE 32X40,0,EA,93924103148,13.5,0,0,Matboard,0,0,N,N,N
C61088,(BC) MIST 32X40,0,EA,93924103155,13.5,0,0,Matboard,0,0,N,N,N
C63297,(BC) ARCTIC WHITE 32X40,0,EA,93924103162,13.5,0,0,Matboard,0,0,N,Y,Y
C63311,FLNNL(BC) GRANITE 32x40,0,EA,93924110757,13.5,0,0,Matboard,0,0,N,N,N
C63326,(BC) LAPIS 32X40,0,EA,93924114700,13.5,0,0,Matboard,0,0,N,N,N
C63344,(BC) MANOR BLACK 32X40,0,EA,93924122101,13.5,0,0,Matboard,0,0,N,N,N
C67101,MOORMAN SUEDE (BC) PERLE 32X40,0,EA,93924114212,54.42,0,0,Matboard,0,0,N,Y,Y
C67102,MOORMAN SUEDE (BC) DUNE 32X40,0,EA,93924114229,54.42,0,0,Matboard,0,0,N,Y,Y
C67111,MOORMAN SUEDE(BC) SHAMROCK GRN,0,EA,93924114243,54.42,0,0,Matboard,0,0,N,Y,Y
C67112,MOORMAN SUEDE(BC) BORDEAUX,0,EA,93924114250,54.42,0,0,Matboard,0,0,N,Y,Y
C67113,MOORMAN SUEDE(BC) MARINE BLUE,0,EA,93924114267,54.42,0,0,Matboard,0,0,N,Y,Y
C67114,MOORMAN SUEDE(BC) CARBON BLACK,0,EA,93924114274,54.42,0,0,Matboard,0,0,N,Y,Y
C67139,MOORMAN SUEDE(BC) ANTHRACITE,0,EA,93924114298,54.42,0,0,Matboard,0,0,N,Y,Y
C6915,(BC) FOG 32X40,0,EA,93924122095,13.5,0,0,Matboard,0,0,N,Y,Y
C6989,(BC) RAVEN BLACK 32X40,0,EA,93924103025,13.5,0,0,Matboard,0,0,N,N,N
C7100,MOORMAN SUEDE MOUTARDE 32x40,0,EA,93924103513,54.42,0,0,Matboard,0,0,N,Y,Y
C7101,MOORMAN SUEDE PERLE 32X40,0,EA,93924103520,54.42,0,0,Matboard,0,0,N,Y,Y
C7102,MOORMAN SUEDE DUNE 32X40,0,EA,93924103537,54.42,0,0,Matboard,0,0,N,Y,Y
C7104,MOORMAN SUEDE CHAMOIS 32X40,0,EA,93924103544,54.42,0,0,Matboard,0,0,N,Y,Y
C7105,MOORMAN SUEDE DARK RUST 32X40,0,EA,93924103551,54.42,0,0,Matboard,0,0,N,Y,Y
C7106,MOORMAN SUEDE ANTELOPE 32X40,0,EA,93924103568,54.42,0,0,Matboard,0,0,N,Y,Y
C7109,MOORMAN SUEDE TAUPE 32X40,0,EA,93924103575,54.42,0,0,Matboard,0,0,N,Y,Y
C7111,MOORMAN SUEDE SHAMROCK GREEN,0,EA,93924103582,54.42,0,0,Matboard,0,0,N,Y,Y
C7112,MOORMAN SUEDE BORDEAUX 32X40,0,EA,93924103599,54.42,0,0,Matboard,0,0,N,Y,Y
C7113,*MOORMAN SUEDE MARINE BLUE,0,EA,93924103605,54.42,0,0,Matboard,0,0,N,Y,Y
C7114,MOORMAN SUEDE CARBON BLACK,0,EA,93924103612,54.42,0,0,Matboard,0,0,N,Y,Y
C7115,*MOORMAN SUEDE MOKA 32X40,0,EA,93924103629,54.42,0,0,Matboard,0,0,N,Y,Y
C7116,MOORMAN SUEDE CHINESE RED,0,EA,93924103636,54.42,0,0,Matboard,0,0,N,Y,Y
C7120,MOORMAN SUEDE POLARIS 32X40,0,EA,93924103643,54.42,0,0,Matboard,0,0,N,Y,Y
C7128,MOORMAN SUEDE OFF WHITE 32X40,0,EA,93924103650,54.42,0,0,Matboard,0,0,N,Y,Y
C7132,MOORMAN SUEDE WHISPER 32X40,0,EA,93924103667,54.42,0,0,Matboard,0,0,N,Y,Y
C7133,MOORMAN SUEDE DUSTY GREEN,0,EA,93924103674,54.42,0,0,Matboard,0,0,N,Y,Y
C7134,MOORMAN SUEDE ASPARAGUS 32X40,0,EA,93924103681,54.42,0,0,Matboard,0,0,N,Y,Y
C7135,32X40 MRM SDE Pine Green,0,EA,93924185694,54.42,0,0,Matboard,0,0,N,Y,Y
C7136,MOORMAN SUEDE LE BEIGE 32X40,0,EA,93924103698,54.42,0,0,Matboard,0,0,N,Y,Y
C7139,MOORMAN SUEDE ANTHRACITE 32X40,0,EA,93924103711,54.42,0,0,Matboard,0,0,N,Y,Y
C7140,MOORMAN SUEDE WEESP BLUE 32X40,0,EA,93924103728,54.42,0,0,Matboard,0,0,N,Y,Y
C7141,MOORMAN SUEDE PLATINUM 32X40,0,EA,93924103735,54.42,0,0,Matboard,0,0,N,Y,Y
C7155,MOORMAN SUEDE WILDGRASS 32X40,0,EA,93924136818,54.42,0,0,Matboard,0,0,N,Y,Y
C7156,MOORMAN SUEDE SUMMER SKY 32X40,0,EA,93924136825,54.42,0,0,Matboard,0,0,N,Y,Y
C7157,MOORMAN SUEDE CATTAIL   32X40,0,EA,93924136832,54.42,0,0,Matboard,0,0,N,Y,Y
C7158,MOORMAN SUEDE STORM GRAY 32X40,0,EA,93924136849,54.42,0,0,Matboard,0,0,N,Y,Y
C7159,MOORMAN SUEDE COTTAGE STONE 32,0,EA,93924136856,54.42,0,0,Matboard,0,0,N,Y,Y
C7160,MOORMAN SUEDE EMBER 32X40,0,EA,93924136863,54.42,0,0,Matboard,0,0,N,Y,Y
C7162,MOORMAN SUEDE REED 32x40,0,EA,93924160042,54.42,0,0,Matboard,0,0,N,Y,Y
C7163,MOORMAN SUEDE RATTAN 32X40,0,EA,93924160066,54.42,0,0,Matboard,0,0,N,Y,Y
C7164,MOORMAN SUEDE MEADOW 32X40,0,EA,93924160080,54.42,0,0,Matboard,0,0,N,Y,Y
C7165,MOORMAN SUEDE EVERGREEN 32X40,0,EA,93924160103,54.42,0,0,Matboard,0,0,N,Y,Y
C7166,MOORMAN SUEDE NAVY 32X40,0,EA,93924160127,54.42,0,0,Matboard,0,0,N,Y,Y
C7167,MOORMAN SUEDE BOULDER 32X40,0,EA,93924160141,54.42,0,0,Matboard,0,0,N,Y,Y
C7168,MOORMAN SUEDE GRAPHITE 32X40,0,EA,93924160165,54.42,0,0,Matboard,0,0,N,Y,Y
C7180,MOORMAN SUEDE WHITE 32X40,0,EA,93924113468,54.42,0,0,Matboard,0,0,N,Y,Y
C7181,MOORMAN SUEDE SUNSET 32X40,0,EA,93924113475,54.42,0,0,Matboard,0,0,N,Y,Y
C7182,MOORMAN SUEDE BRONZE 32X40,0,EA,93924113482,54.42,0,0,Matboard,0,0,N,Y,Y
C7183,MOORMAN SUEDE MOCCASIN 32X40,0,EA,93924113499,54.42,0,0,Matboard,0,0,N,Y,Y
C7184,MOORMAN SUEDE CINNAMON 32X40,0,EA,93924113505,54.42,0,0,Matboard,0,0,N,Y,Y
C7185,MOORMAN SUEDE CHAMBORD 32X40,0,EA,93924133190,54.42,0,0,Matboard,0,0,N,Y,Y
C7186,MOORMAN SUEDE FRENCH LAVENDER,0,EA,93924133206,54.42,0,0,Matboard,0,0,N,Y,Y
C7187,MOORMAN SUEDE CELESTIAL 32X40,0,EA,93924133213,54.42,0,0,Matboard,0,0,N,Y,Y
C7188,MOORMAN SUEDE MERCURY 32X40,0,EA,93924133220,54.42,0,0,Matboard,0,0,N,Y,Y
C7190,MOORMAN SUEDE OLIVE 32X40,0,EA,93924113512,54.42,0,0,Matboard,0,0,N,Y,Y
C7191,MOORMAN SUEDE PFALZGRAFF 32X40,0,EA,93924103742,54.42,0,0,Matboard,0,0,N,Y,Y
C7193,MOORMAN SUEDE TUMBLEWEED 32X40,0,EA,93924103759,54.21,0,0,Matboard,0,0,N,Y,Y
C7194,MOORMAN SUEDE GARNET 32X40,0,EA,93924114380,54.42,0,0,Matboard,0,0,N,Y,Y
C7195,MOORMAN SUEDE SAPPHIRE 32X40,0,EA,93924114397,54.42,0,0,Matboard,0,0,N,Y,Y
C7196,MOORMAN SUEDE TEAL 32X40,0,EA,93924114403,54.42,0,0,Matboard,0,0,N,Y,Y
C7199,MOORMAN SUEDE SPRUCE 32X40,0,EA,93924114410,54.42,0,0,Matboard,0,0,N,Y,Y
C7310,32X40 MRM LIN Icicle,0,EA,93924189104,108.94,0,0,Matboard,0,0,N,Y,Y
C7311,32X40 MRM LIN Golden Moon,0,EA,93924189111,108.94,0,0,Matboard,0,0,N,N,Y
C7312,32X40 MRM LIN Mint Julep,0,EA,93924189128,108.94,0,0,Matboard,0,0,N,Y,Y
C7314,32X40 MRM LIN Stardust,0,EA,93924189142,108.94,0,0,Matboard,0,0,N,Y,Y
C7315,32X40 MRM LIN Blue Galaxy,0,EA,93924189159,108.94,0,0,Matboard,0,0,N,Y,Y
C7501,MOORMAN LINEN VINK TWEED 32X40,0,EA,93924104084,46.92,0,0,Matboard,0,0,N,Y,Y
C7513,MOORMAN LINEN FOREST GREEN,0,EA,93924104107,46.92,0,0,Matboard,0,0,N,Y,Y
C7519,MOORMAN LINEN WHITE 32X40,0,EA,93924104138,46.92,0,0,Matboard,0,0,N,Y,Y
C7520,MOORMAN LINEN MED. GREY 32X40,0,EA,93924104145,46.92,0,0,Matboard,0,0,N,Y,Y
C7521,MOORMAN LINEN BLUE GRAY 32X40,0,EA,93924104152,46.92,0,0,Matboard,0,0,N,Y,Y
C7522,MOORMAN LINEN BLACK 32X40,0,EA,93924104169,46.92,0,0,Matboard,0,0,N,Y,Y
C7526,MOORMAN LINEN CREAM 32X40,0,EA,93924104176,46.92,0,0,Matboard,0,0,N,Y,Y
C7531,MOORMAN LINEN LIGHT GRAY 32X40,0,EA,93924104190,46.92,0,0,Matboard,0,0,N,Y,Y
C7533,MOORMAN LINEN MED. BLUE 32X40,0,EA,93924104206,46.92,0,0,Matboard,0,0,N,Y,Y
C7536,MOORMAN LINEN BLUE GREEN 32X40,0,EA,93924104220,46.92,0,0,Matboard,0,0,N,Y,Y
C7537,MOORMAN LINEN LIGHT MOSS 32X40,0,EA,93924104237,46.92,0,0,Matboard,0,0,N,Y,Y
C7540,MOORMAN LINEN LT. BEIGE 32X40,0,EA,93924104244,46.92,0,0,Matboard,0,0,N,Y,Y
C7541,MOORMAN LINEN SILVER GRAY,0,EA,93924104251,46.92,0,0,Matboard,0,0,N,Y,Y
C7542,32X40 MRM LIN Red Carpet,0,EA,93924185748,46.92,0,0,Matboard,0,0,N,Y,Y
C7543,MOORMAN LINEN DARK MAUVE 32X40,0,EA,93924104268,46.92,0,0,Matboard,0,0,N,Y,Y
C7548,32X40 MRM LIN True Blue,0,EA,93924185731,46.92,0,0,Matboard,0,0,N,Y,Y
C7549,32X40 MRM LIN Jasper Brown,0,EA,93924185717,46.92,0,0,Matboard,0,0,N,Y,Y
C7550,MOORMAN LINEN SMOKEY HILL,0,EA,93924104282,46.92,0,0,Matboard,0,0,N,Y,Y
C7551,MOORMAN LINEN FLAX 32X40,0,EA,93924104299,46.92,0,0,Matboard,0,0,N,Y,Y
C7553,MOORMAN LINEN EDELWEISS 32X40,0,EA,93924104312,46.92,0,0,Matboard,0,0,N,Y,Y
C7554,MOORMAN LINEN NORTH SEA 32X40,0,EA,93924104329,46.92,0,0,Matboard,0,0,N,Y,Y
C7556,32X40 MRM LIN Dutch Chocolate,0,EA,93924185724,46.92,0,0,Matboard,0,0,N,N,Y
C7557,32X40 MRM LIN Topiary,0,EA,93924185700,46.92,0,0,Matboard,0,0,N,Y,Y
C7560,MOORMAN LINEN BASQUE 32X40,0,EA,93924104336,46.92,0,0,Matboard,0,0,N,Y,Y
C7564,MOORMAN LINEN-MAROON 32X40,0,EA,93924127915,46.92,0,0,Matboard,0,0,N,Y,Y
C7565,MOORMAN LINEN-VINTAGE RUBY,0,EA,93924127922,46.92,0,0,Matboard,0,0,N,Y,Y
C7566,MOORMAN LINEN-AMETHYST 32X40,0,EA,93924127939,46.92,0,0,Matboard,0,0,N,Y,Y
C7567,MOORMAN LINEN-ULTRAMARINE BLUE,0,EA,93924127946,46.92,0,0,Matboard,0,0,N,Y,Y
C7569,MOORMAN LINEN-LODEN GREEN,0,EA,93924127960,46.92,0,0,Matboard,0,0,N,Y,Y
C7572,32X40 MRM LIN Worn Gray,0,EA,93924185762,46.92,0,0,Matboard,0,0,N,Y,Y
C7573,32X40 MRM LIN Brindle Brown,0,EA,93924185779,46.28,0,0,Matboard,0,0,N,Y,Y
C7580,MOORMAN LINEN BURGUNDY 32X40,0,EA,93924114335,46.92,0,0,Matboard,0,0,N,Y,Y
C7581,MOORMAN LINEN JEWEL BLUE 32X40,0,EA,93924114342,46.92,0,0,Matboard,0,0,N,Y,Y
C7582,MOORMAN LINEN-LOTUS 32X40,0,EA,93924133237,46.92,0,0,Matboard,0,0,N,Y,Y
C7583,MOORMAN LINEN-SCROLL 32X40,0,EA,93924133244,46.92,0,0,Matboard,0,0,N,Y,Y
C7584,MOORMAN LINEN-HAVANA 32X40,0,EA,93924133268,46.92,0,0,Matboard,0,0,N,Y,Y
C7586,MOORMAN LINEN-SUMI 32X40,0,EA,93924133251,46.92,0,0,Matboard,0,0,N,Y,Y
C7588,MOORMAN LINEN-KHAKI 32X40,0,EA,93924133275,46.92,0,0,Matboard,0,0,N,Y,Y
C7597,MOORMAN LINEN OFF WHITE 32X40,0,EA,93924112713,46.92,0,0,Matboard,0,0,N,Y,Y
C7700,MOORMAN LINEN WARM WHITE 32X40,0,EA,93924141829,64.07,0,0,Matboard,0,0,N,Y,Y
C7701,MOORMAN LINEN CANVAS 32X40,0,EA,93924141836,64.07,0,0,Matboard,0,0,N,Y,Y
C7702,MOORMAN LINEN PARCHMENT 32X40,0,EA,93924141843,64.07,0,0,Matboard,0,0,N,Y,Y
C7703,MOORMAN LINEN WILLOW 32X40,0,EA,93924141850,64.07,0,0,Matboard,0,0,N,Y,Y
C7704,MOORMAN LINEN LAGOON 32X40,0,EA,93924141867,64.07,0,0,Matboard,0,0,N,Y,Y
C7705,MOORMAN LINEN STONE 32X40,0,EA,93924141874,64.07,0,0,Matboard,0,0,N,Y,Y
C7706,MOORMAN LINEN HARVEST 32X40,0,EA,93924141881,64.07,0,0,Matboard,0,0,N,Y,Y
C7707,MOORMAN LINEN MIDNIGHT 32X40,0,EA,93924141898,64.07,0,0,Matboard,0,0,N,Y,Y
C7801,ANTIQUE WHITE 32X40,0,EA,93924170034,58.25,0,0,Matboard,0,0,N,Y,Y
C81027,SILVER GRAY 40x60,0,EA,93924205088,24.26,0,0,Matboard,0,0,N,Y,Y
C81028,SPICE IVORY 40x60,0,EA,93924205095,22.19,0,0,Matboard,0,0,N,N,N
C81038,MAROON 40X60,0,EA,93924205149,22.19,0,0,Matboard,0,0,N,N,N
C81051,OLDE TAN 40X60,0,EA,93924205156,22.19,0,0,Matboard,0,0,N,N,N
C81081,VOLCANO BLUE 40X60,0,EA,93924231926,22.19,0,0,Matboard,0,0,N,N,N
C81088,MIST 40X60,0,EA,93924205231,24.06,0,0,Matboard,0,0,N,N,N
C81096,SEPIA 40X60,0,EA,93924205262,22.19,0,0,Matboard,0,0,N,N,N
C81104,4 PLY ANTIQUE TAN-40X60,0,EA,93924159763,53.94,0,0,Matboard,0,0,N,Y,Y
C81105,4 PLY DESERT SAND-40X60,0,EA,93924159787,53.94,0,0,Matboard,0,0,N,Y,Y
C81106,4 PLY ANTIQUE GRAY-40X60,0,EA,93924159794,53.94,0,0,Matboard,0,0,N,Y,Y
C81112,100%RAG SOFT WHITE 40X60,0,EA,93924134913,51.09,0,0,Matboard,0,0,N,Y,Y
C81114,100%RAG ALMOND 40X60,0,EA,93924135057,53.94,0,0,Matboard,0,0,N,Y,Y
C81115,100%RAG BLACK 40X60,0,EA,93924135156,84.59,0,0,Matboard,0,0,N,Y,Y
C81121,100% RAG INVERNESS 40X60 4PLY,0,EA,93924138423,54.71,0,0,Matboard,0,0,N,Y,Y
C81126,4 PLY SAND DOLLAR-40X60,0,EA,93924159817,51.09,0,0,Matboard,0,0,N,Y,Y
C81150,MUSEUM BOARD WHITE 40X60,0,EA,93924111129,25.7,0,0,Mounting Board,0,0,N,Y,Y
C81171,100%RAG SILK-40X60,0,EA,NULL,49.2,0,0,Matboard,0,0,N,Y,Y
C81188,100%RAG 4PLY WINTER WHT 40X60,0,EA,93924194979,51.1,0,0,Matboard,0,0,N,Y,Y
C81687,RAG EIDERDOWN 40X60,0,EA,NULL,49.22,0,0,Matboard,0,0,N,Y,Y
C821112,8 PLY SOFT WHITE 40X60,0,EA,93924135064,117.66,0,0,Matboard,0,0,N,Y,Y
C821115,8 PLY BLACK 40X60,0,EA,93924135170,174.63,0,0,Matboard,0,0,N,Y,Y
C821171,100%RAG SILK-40X60 8ply,0,EA,NULL,114.82,0,0,Matboard,0,0,N,Y,Y
C821188,8 PLY WINTER WHITE 40X60,0,EA,93924194986,117.67,0,0,Matboard,0,0,N,Y,Y
C82239,8 PLY ANTIQUE WHITE 40X60,0,EA,93924134920,117.66,0,0,Matboard,0,0,N,Y,Y
C8229502,40X60 SEL White Sale 8 Ply,0,EA,93924194092,56.25,0,0,Matboard,0,0,N,Y,Y
C8229508,40X60 SEL White Sands 8 Ply,0,EA,93924194108,56.25,0,0,Matboard,0,0,N,Y,Y
C8229598,40X60 SEL Before Dark 8 Ply,0,EA,93924194115,56.25,0,0,Matboard,0,0,N,Y,Y
C8229613,40X60 SEL Super White 8 Ply,0,EA,93924194085,56.25,0,0,Matboard,0,0,N,Y,Y
C825700,SELECT VIVID WHITE 40X60 8PLY,0,EA,93924177767,71.49,0,0,Matboard,0,0,N,Y,Y
C825702,SELECT WHITE 40X60 8PLY,0,EA,93924177774,71.32,0,0,Matboard,0,0,N,Y,Y
C825703,SELECT ANTIQUE WHITE 40X60 8PL,0,EA,93924177781,72.13,0,0,Matboard,0,0,N,Y,Y
C825706,SELECT TAN 40X60 8PLY,0,EA,93924177804,71.19,0,0,Matboard,0,0,N,Y,Y
C825711,SELECT DEEP BLACK 40X60 8PLY,0,EA,93924177811,81.61,0,0,Matboard,0,0,N,Y,Y
C825712,40X60 SEL SLD Cloud Gray 8ply,0,EA,93924184208,71.19,0,0,Matboard,0,0,N,Y,Y
C831,SMOOTH BLACK 40X60,0,EA,93924104732,22.19,0,0,Matboard,0,0,N,N,N
C83214,CHINESE RED 40X60,0,EA,93924205279,22.19,0,0,Matboard,0,0,N,N,N
C83297,ARCTIC WHITE 40X60,0,EA,93924205293,22.19,0,0,Matboard,0,0,N,N,N
C83300,ALABASTER 40X60,0,EA,93924231957,22.19,0,0,Matboard,0,0,N,N,N
C83326,LAPIS 40X60,0,EA,93924231971,22.19,0,0,Matboard,0,0,N,N,N
C83331,SAGE 40X60,0,EA,93924231988,27.07,0,0,Matboard,0,0,N,N,N
C85579,SELECT ULTIBLACK ETCHED BLACK,0,EA,93924173332,48.49,0,0,Matboard,0,0,N,Y,Y
C85598,ETCHED BLACK 40X60,0,EA,93924150777,37.59,0,0,Matboard,0,0,N,Y,Y
C85700,SELECT VIVID WHITE 40X60,0,EA,93924177699,39.92,0,0,Matboard,0,0,N,Y,Y
C85702,SELECT WHITE 40X60,0,EA,93924177705,39.92,0,0,Matboard,0,0,N,Y,Y
C85703,SELECT ANTIQUE WHITE 40X60,0,EA,93924177712,39.92,0,0,Matboard,0,0,N,Y,Y
C85704,SELECT CREAM 40X60,0,EA,93924177729,39.92,0,0,Matboard,0,0,N,Y,Y
C85706,SELECT TAN 40X60,0,EA,93924177736,39.92,0,0,Matboard,0,0,N,Y,Y
C85711,SELECT DEEP BLACK 40X60,0,EA,93924177743,45.04,0,0,Matboard,0,0,N,Y,Y
C85713,40X60 SEL SLD Neutral Gray,0,EA,93924184161,40.22,0,0,Matboard,0,0,N,Y,Y
C85714,40X60 SEL SLD Classic Gray,0,EA,93924184178,45.04,0,0,Matboard,0,0,N,Y,Y
C863297,(BC) ARCTIC WHITE 40X60,0,EA,93924103186,27.45,0,0,Matboard,0,0,N,Y,Y
C87100,MOORMAN SUEDE-MOUTARDE 40X60,0,EA,93924103773,96.36,0,0,Matboard,0,0,N,Y,Y
C87101,MOORMAN SUEDE PERLE 40X60,0,EA,93924127410,96.36,0,0,Matboard,0,0,N,Y,Y
C87102,MOORMAN SUEDE DUNE 40X60,0,EA,93924103780,96.36,0,0,Matboard,0,0,N,Y,Y
C87104,MOORMAN SUEDE CHAMOIS 40X60,0,EA,93924103797,96.36,0,0,Matboard,0,0,N,Y,Y
C87105,MOORMAN SUEDE-DARK RUST 40X60,0,EA,93924127427,96.36,0,0,Matboard,0,0,N,Y,Y
C87106,MOORMAN SUEDE ANTELOPE 40X60,0,EA,93924103803,96.36,0,0,Matboard,0,0,N,Y,Y
C87109,MOORMAN SUEDE TAUPE 40X60,0,EA,93924103810,96.36,0,0,Matboard,0,0,N,Y,Y
C87111,MOORMAN SUEDE SHMRK GRN 40X60,0,EA,93924103827,96.36,0,0,Matboard,0,0,N,Y,Y
C87112,MOORMAN SUEDE-BORDEAUX 40X60,0,EA,93924127434,96.36,0,0,Matboard,0,0,N,Y,Y
C87113,MOORMAN SUEDE MARINE BLUE40X60,0,EA,93924103834,96.36,0,0,Matboard,0,0,N,Y,Y
C87114,*MOORMAN SUEDE CARBN BLK 40X60,0,EA,93924103841,96.36,0,0,Matboard,0,0,N,Y,Y
C87115,MOORMAN SUEDE-MOKA 40X60,0,EA,93924127441,96.36,0,0,Matboard,0,0,N,Y,Y
C87116,MOORMAN SUEDE CHINESE RED40X60,0,EA,93924103858,96.36,0,0,Matboard,0,0,N,Y,Y
C87120,MOORMAN SUEDE POLARIS 40X60,0,EA,93924103865,96.36,0,0,Matboard,0,0,N,Y,Y
C87127,40X60 MRM SDE Milkweed9,0,EA,93924185786,96.36,0,0,Matboard,0,0,N,Y,Y
C87128,MOORMAN SUEDE OFF WHITE 40X60,0,EA,93924103872,96.36,0,0,Matboard,0,0,N,Y,Y
C87132,MOORMAN SUEDE WHISPER 40X60,0,EA,93924103889,96.36,0,0,Matboard,0,0,N,Y,Y
C87133,MOORMAN SUEDE-DUSTY GREEN,0,EA,93924127458,96.36,0,0,Matboard,0,0,N,Y,Y
C87134,MOORMAN SUEDE-ASPARAGUS 40X60,0,EA,93924127465,96.36,0,0,Matboard,0,0,N,Y,Y
C87135,40X60 MRM SDE Pine Green,0,EA,93924185793,96.36,0,0,Matboard,0,0,N,Y,Y
C87136,MOORMAN SUEDE LE BEIGE 40X60,0,EA,93924103896,96.36,0,0,Matboard,0,0,N,Y,Y
C87139,MOORMAN SUEDE-ANTHRACITE 40X60,0,EA,93924127472,96.36,0,0,Matboard,0,0,N,Y,Y
C87141,MOORMAN SUEDE PLATINUM 40X60,0,EA,93924103926,96.36,0,0,Matboard,0,0,N,Y,Y
C87155,MOORMAN SUEDE WILDGRASS  40X60,0,EA,93924136894,96.36,0,0,Matboard,0,0,N,Y,Y
C87157,MOORMAN SUEDE CATTAIL  40X60,0,EA,93924136917,96.47,0,0,Matboard,0,0,N,Y,Y
C87158,MOORMAN SUEDE STORM GRAY 40X60,0,EA,93924136924,96.36,0,0,Matboard,0,0,N,Y,Y
C87163,MOORMAN SUEDE-RATTAN 40X60,0,EA,93924160073,96.36,0,0,Matboard,0,0,N,Y,Y
C87164,MOORMAN SUEDE-MEADOW 40X60,0,EA,93924160097,96.36,0,0,Matboard,0,0,N,Y,Y
C87166,MOORMAN SUEDE-NAVY 40X60,0,EA,93924160134,96.36,0,0,Matboard,0,0,N,Y,Y
C87168,MOORMAN SUEDE-GRAPHITE 40X60,0,EA,93924160172,96.36,0,0,Matboard,0,0,N,Y,Y
C87180,MOORMAN SUEDE-WHITE 40X60,0,EA,93924127489,96.36,0,0,Matboard,0,0,N,Y,Y
C87182,MOORMAN SUEDE-BRONZE 40X60,0,EA,93924127502,96.36,0,0,Matboard,0,0,N,Y,Y
C87183,MOORMAN SUEDE-MOCCASIN 40X60,0,EA,93924127519,96.36,0,0,Matboard,0,0,N,Y,Y
C87184,MOORMAN SUEDE-CINNAMON 40X60,0,EA,93924127526,96.36,0,0,Matboard,0,0,N,Y,Y
C87185,MOORMAN SUEDE CHAMBORD 40X60,0,EA,93924133367,96.36,0,0,Matboard,0,0,N,Y,Y
C87188,MOORMAN SUEDE MERCURY 40X60,0,EA,93924133398,96.36,0,0,Matboard,0,0,N,Y,Y
C87190,MOORMAN SUEDE-OLIVE 40X60,0,EA,93924127533,96.36,0,0,Matboard,0,0,N,Y,Y
C87191,MOORMAN SUEDE-PFALZGRAFF 40X60,0,EA,93924127540,96.36,0,0,Matboard,0,0,N,Y,Y
C87193,MOORMAN SUEDE TUMBLEWEED 40X60,0,EA,93924112805,96.36,0,0,Matboard,0,0,N,Y,Y
C87195,MOORMAN SUEDE-SAPPHIRE 40X60,0,EA,93924127564,96.36,0,0,Matboard,0,0,N,Y,Y
C87199,MOORMAN SUEDE-SPRUCE 40X60,0,EA,93924127595,96.36,0,0,Matboard,0,0,N,Y,Y
C87501,MOORMAN LINEN VINK TWEED 40X60,0,EA,93924104343,92.66,0,0,Matboard,0,0,N,Y,Y
C87513,MOORMAN LINEN FOREST GRN 40X60,0,EA,93924104350,92.66,0,0,Matboard,0,0,N,Y,Y
C87519,MOORMAN LINEN WHITE 40X60,0,EA,93924104374,92.66,0,0,Matboard,0,0,N,Y,Y
C87522,MOORMAN LINEN BLACK 40X60,0,EA,93924104398,92.66,0,0,Matboard,0,0,N,Y,Y
C87526,MOORMAN LINEN CREAM 40X60,0,EA,93924104404,92.66,0,0,Matboard,0,0,N,Y,Y
C87540,MOORMAN LINEN LGHT BEIGE 40X60,0,EA,93924127861,92.66,0,0,Matboard,0,0,N,Y,Y
C87541,MOORMAN LINEN SILVER GRAY40X60,0,EA,93924104435,92.66,0,0,Matboard,0,0,N,Y,Y
C87542,40X60 MRM LIN Red Carpet,0,EA,93924185847,92.66,0,0,Matboard,0,0,N,Y,Y
C87548,40X60 MRM LIN True Blue,0,EA,93924185830,92.66,0,0,Matboard,0,0,N,Y,Y
C87549,40X60 MRM LIN Jasper Brown,0,EA,93924185816,92.66,0,0,Matboard,0,0,N,Y,Y
C87550,MOORMAN LINEN SMOKEY HILL40X60,0,EA,93924104459,92.66,0,0,Matboard,0,0,N,Y,Y
C87551,MOORMAN LINEN FLAX 40X60,0,EA,93924104466,92.66,0,0,Matboard,0,0,N,Y,Y
C87553,MOORMAN LINEN EDELWEISS 40X60,0,EA,93924104480,92.66,0,0,Matboard,0,0,N,Y,Y
C87554,MOORMAN LINEN NORTH SEA 40X60,0,EA,93924127885,92.66,0,0,Matboard,0,0,N,Y,Y
C87556,40X60 MRM LIN Dutch Chocolate,0,EA,93924185823,92.66,0,0,Matboard,0,0,N,Y,Y
C87557,40X60 MRM LIN Topiary,0,EA,93924185809,92.66,0,0,Matboard,0,0,N,Y,Y
C87560,MOORMAN LINEN BASQUE 40X60,0,EA,93924104497,92.66,0,0,Matboard,0,0,N,Y,Y
C87564,MOORMAN LINEN MAROON 40X60,0,EA,93924131790,92.66,0,0,Matboard,0,0,N,Y,Y
C87571,40X60 MRM LIN Delft Brown,0,EA,93924185854,91.41,0,0,Matboard,0,0,N,Y,Y
C87572,40X60 MRM LIN Worn Gray,0,EA,93924185861,92.66,0,0,Matboard,0,0,N,Y,Y
C87573,40X60 MRM LIN Brindle Brown,0,EA,93924185878,91.41,0,0,Matboard,0,0,N,N,Y
C87580,MOORMAN LINEN BURGUNDY 40X60,0,EA,93924127892,92.66,0,0,Matboard,0,0,N,Y,Y
C87581,MOORMAN LINEN JEWEL BLUE 40X60,0,EA,93924127908,92.66,0,0,Matboard,0,0,N,Y,Y
C87582,MOORMAN LINEN LOTUS 40X60,0,EA,93924133404,92.66,0,0,Matboard,0,0,N,Y,Y
C87586,MOORMAN LINEN SUMI 40X60,0,EA,93924133428,92.66,0,0,Matboard,0,0,N,Y,Y
C87597,MOORMAN LINEN OFF WHITE 40X60,0,EA,93924112829,92.66,0,0,Matboard,0,0,N,Y,Y
C87700,40X60 MRM LIN Warm White,0,EA,93924185885,155.05,0,0,Matboard,0,0,N,Y,Y
C87706,40X60 MRM LIN Harvest,0,EA,93924185892,155.05,0,0,Matboard,0,0,N,Y,Y
C87707,40X60 MRM LIN Midnight,0,EA,93924185915,155.05,0,0,Matboard,0,0,N,Y,Y
C8900,RED 40X60,0,EA,93924204777,22.19,0,0,Matboard,0,0,N,N,N
C8918,VERY WHITE 40X60,0,EA,93924231872,22.19,0,0,Matboard,0,0,N,Y,Y
C8948,SAND 40X60,0,EA,93924204814,22.19,0,0,Matboard,0,0,N,N,N
C89500,SELECT WHITE GLOVE 40X60,0,EA,93924194092,32.03,0,0,Matboard,0,0,N,Y,Y
C89501,SELECT WHITE COLLAR 40X60,0,EA,93924194108,32.03,0,0,Matboard,0,0,N,Y,Y
C89502,SELECT WHITE SALE 40X60,0,EA,93924194115,32.03,0,0,Matboard,0,0,N,Y,Y
C89505,SELECT WHITE WASH 40X60,0,EA,93924194085,32.03,0,0,Matboard,0,0,N,Y,Y
C89506,SELECT EGG WHITE 40X60,0,EA,93924194122,32.03,0,0,Matboard,0,0,N,Y,Y
C89507,SELECT WHITE ELEPHANT 40X60,0,EA,93924185496,32.03,0,0,Matboard,0,0,N,Y,Y
C89508,SELECT WHITE SANDS 40X60,0,EA,93924185502,32.03,0,0,Matboard,0,0,N,Y,Y
C89511,SELECT FOSSIL 40X60,0,EA,93924193903,32.03,0,0,Matboard,0,0,N,Y,Y
C89514,40X60 SEL Toasty,0,EA,93924193910,32.03,0,0,Matboard,0,0,N,Y,Y
C89516,SELECT TUSK 40X60,0,EA,93924186035,32.03,0,0,Matboard,0,0,N,Y,Y
C89518,SUMMER 40X60,0,EA,93924186042,32.03,0,0,Matboard,0,0,N,Y,Y
C89520,SELECT HAYSTACK 40X60,0,EA,93924186059,32.03,0,0,Matboard,0,0,N,Y,Y
C89521,GOLD RUSH 40X60,0,EA,93924186066,37.59,0,0,Matboard,0,0,N,Y,Y
C89527,SELECT WISE GREEN 40X60,0,EA,93924184239,32.03,0,0,Matboard,0,0,N,Y,Y
C89533,SELECT BONSAI 40X60,0,EA,93924184321,32.03,0,0,Matboard,0,0,N,Y,Y
C89542,SELECT BLUE MONDAY 40X60,0,EA,93924184376,32.03,0,0,Matboard,0,0,N,Y,Y
C89552,NYPD 40X60,0,EA,93924169618,32.03,0,0,Matboard,0,0,N,Y,Y
C89553,SELECT MOODY BLUE 40X60,0,EA,93924184383,32.03,0,0,Matboard,0,0,N,Y,Y
C89554,SELECT PHARAOH 40X60,0,EA,93924169632,32.03,0,0,Matboard,0,0,N,Y,Y
C89574,SELECT MAROONED 40X60,0,EA,93924184352,32.03,0,0,Matboard,0,0,N,Y,Y
C89591,SELECT TOP SOIL 40X60,0,EA,93924184369,32.03,0,0,Matboard,0,0,N,Y,Y
C89592,SELECT BLIZZARD 40X60,0,EA,93924184338,32.03,0,0,Matboard,0,0,N,Y,Y
C89598,SELECT BEFORE DARK 40X60,0,EA,93924138379,32.03,0,0,Matboard,0,0,N,Y,Y
C89599,SELECT AFTER DARK 40X60,0,EA,93924138386,32.03,0,0,Matboard,0,0,N,Y,Y
C89601,SELECT SANDPAPER 40X60,0,EA,93924184314,32.11,0,0,Matboard,0,0,N,Y,Y
C8961,CREAM 40X60,0,EA,93924231896,22.19,0,0,Matboard,0,0,N,N,N
C89610,CODE RED 40X60,0,EA,93924169670,32.03,0,0,Matboard,0,0,N,Y,Y
C89613,SELECT SUPER WHITE 40X60,0,EA,93924161025,32.03,0,0,Matboard,0,0,N,Y,Y
C89614,SELECT GLOW 40X60,0,EA,93924161032,32.03,0,0,Matboard,0,0,N,Y,Y
C89618,SELECT TATER 40X60,0,EA,93924161056,32.03,0,0,Matboard,0,0,N,Y,Y
C8962,FRENCH GRAY 40X60,0,EA,93924204821,22.19,0,0,Matboard,0,0,N,N,N
C89632,BLACK BELT 40X60,0,EA,93924169700,32.03,0,0,Matboard,0,0,N,Y,Y
C89633,40X60 SEL Morning,0,EA,93924183867,32.03,0,0,Matboard,0,0,N,Y,Y
C89635,40X60 SEL Nightfall,0,EA,93924183881,32.03,0,0,Matboard,0,0,N,Y,Y
C8969,SILVER 40x60,0,EA,93924204845,22.19,0,0,Matboard,0,0,N,N,N
C8974,CRES DAWN GRAY 40X60,0,EA,93924204883,25.17,0,0,Matboard,0,0,N,N,N
C89800,OLD(M5928L) BAKER'S WHITE 40X6,0,EA,93924150098,32.03,0,0,Matboard,0,0,N,Y,Y
C89801,OLD(M1922L) CHALK 40X60,0,EA,93924150050,32.03,0,0,Matboard,0,0,N,Y,Y
C89804,OLD(M1909L) PURE WHITE 40X60,0,EA,93924150081,32.03,0,0,Matboard,0,0,N,Y,Y
C89806,OLD(M1930L) DOVE 40X60,0,EA,93924150111,32.03,0,0,Matboard,0,0,N,Y,Y
C89807,OLD(M1904L) OFF WHITE 40X60,0,EA,93924150104,32.03,0,0,Matboard,0,0,N,Y,Y
C89808,OLD(M1949L) IVORY ART 40X60,0,EA,93924150395,32.03,0,0,Matboard,0,0,N,Y,Y
C89809,OLD(M5911L) TWILIGHT 40X60,0,EA,93924150449,32.03,0,0,Matboard,0,0,N,Y,Y
C89812,OLD(M5912L) OLD IVORY 40X60,0,EA,93924150388,32.03,0,0,Matboard,0,0,N,Y,Y
C89813,OLD(M5916L) SANDSTONE 40X60,0,EA,93924150432,32.03,0,0,Matboard,0,0,N,Y,Y
C89814,OLD(M1915L) AUTUMN GOLD 40X60,0,EA,93924150487,32.03,0,0,Matboard,0,0,N,Y,Y
C89820,OLD(M1935L) FOREST GREEN 40X60,0,EA,93924150661,32.03,0,0,Matboard,0,0,N,Y,Y
C89822,OLD(M5931L) SIERRA OLIVE 40X60,0,EA,93924150609,32.03,0,0,Matboard,0,0,N,Y,Y
C89826,OLD(M5943L) MOCHA GREEN 40X60,0,EA,93924150616,32.03,0,0,Matboard,0,0,N,Y,Y
C89827,OLD(M5909L) FLAG BLUE 40X60,0,EA,93924150913,32.03,0,0,Matboard,0,0,N,Y,Y
C8983,CRES SADDLE TAN 40X60,0,EA,93924204944,22.19,0,0,Matboard,0,0,N,N,N
C89830,OLD(M5937L) BLUE NIGHT 40X60,0,EA,93924150920,32.03,0,0,Matboard,0,0,N,Y,Y
C89833,OLD(M5951L) ORANGE ADE 40X600,0,EA,93924150494,32.03,0,0,Matboard,0,0,N,Y,Y
C89834,OLD(M1974L) RUSSET 40X60,0,EA,93924150647,32.03,0,0,Matboard,0,0,N,Y,Y
C89837,OLD(M5901L) ALL AMERICAN RED,0,EA,93924150500,32.03,0,0,Matboard,0,0,N,Y,Y
C89838,OLD(M1921L) BRICK 40X60,0,EA,93924150531,32.03,0,0,Matboard,0,0,N,Y,Y
C89839,OLD(M5904L) CABERNET 40X60,0,EA,93924150548,32.11,0,0,Matboard,0,0,N,Y,Y
C89840,OLD(M1965L) PLUM 40X60,0,EA,93924150562,32.03,0,0,Matboard,0,0,N,Y,Y
C89846,OLD(M5939L) DARK SHALE 40X60,0,EA,93924150975,32.03,0,0,Matboard,0,0,N,Y,Y
C89848,OLD(M1953L) JET BLACK 40X60,0,EA,93924150999,32.03,0,0,Matboard,0,0,N,Y,Y
C89849,OLD(M2150L) ANTWERPEN 40X60,0,EA,93924151309,37.59,0,0,Matboard,0,0,N,Y,Y
C89850,OLD(M1998L) SILVER 40X60,0,EA,93924151200,37.59,0,0,Matboard,0,0,N,Y,Y
C89851,OLD(M19102L) GOLD NUGGET 40X60,0,EA,93924151262,37.59,0,0,Matboard,0,0,N,Y,Y
C89853,OLD(M2151L) BRUXELLES 40X60,0,EA,93924151170,37.59,0,0,Matboard,0,0,N,Y,Y
C89854,OLD(M1996L) ROSE 40X60,0,EA,93924151286,37.59,0,0,Matboard,0,0,N,Y,Y
C89855,OLD(M19100L) SPANISH GOLD 40X6,0,EA,93924151316,37.59,0,0,Matboard,0,0,N,Y,Y
C89861,OLD(M2143L) YORK 40X60,0,EA,93924150777,32.03,0,0,Matboard,0,0,N,Y,Y
C89866,OLD(M2138L) PLYMOUTH 40X60,0,EA,93924194115,32.03,0,0,Matboard,0,0,N,Y,Y
C8987,CRES PALM BEACH WHITE 40X60,0,EA,93924204968,22.19,0,0,Matboard,0,0,N,N,N
C89870,SILVER STAR 40X60,0,EA,93924194122,37.59,0,0,Matboard,0,0,N,Y,Y
C89874,40X60 SEL Red Line,0,EA,93924185496,32.03,0,0,Matboard,0,0,N,Y,Y
C89876,MANDARINE ORANGE 40X60,0,EA,93924185502,32.03,0,0,Matboard,0,0,N,Y,Y
C89877,MIDNIGHT GREEN 40X60,0,EA,93924193903,32.03,0,0,Matboard,0,0,N,Y,Y
C8988,CRES WILLIAMSBURG GREEN 40X60,0,EA,93924204975,22.19,0,0,Matboard,0,0,N,N,N
C89881,REAL TEAL 40X60,0,EA,93924193910,32.03,0,0,Matboard,0,0,N,Y,Y
C89882,CORNFLOWER 40X60,0,EA,93924176692,32.03,0,0,Matboard,0,0,N,Y,Y
C89886,DARK PURPLE 40X60,0,EA,93924169755,32.03,0,0,Matboard,0,0,N,Y,Y
C89889,DEEP BLUE 40X60,0,EA,93924169762,32.03,0,0,Matboard,0,0,N,Y,Y
C89892,DEEP ORANGE 40X60,0,EA,93924169779,32.03,0,0,Matboard,0,0,N,Y,Y
C89894,GOLDEN 40X60,0,EA,93924169786,32.03,0,0,Matboard,0,0,N,Y,Y
C89899,RED HOT 40X60,0,EA,93924169793,32.03,0,0,Matboard,0,0,N,Y,Y
C89901,OLD(M2322L) CHALK 40X60,0,EA,93924151323,41.96,0,0,Matboard,0,0,N,Y,Y
C89904,OLD(M2309L) PURE WHITE 40X60,0,EA,93924151354,41.97,0,0,Matboard,0,0,N,Y,Y
C8994,CHAMOIS GOLD 40X60,0,EA,93924231902,22.19,0,0,Matboard,0,0,N,N,N
C89944,OLD(M2353L) JET BLACK 40X60,0,EA,93924152269,42.11,0,0,Matboard,0,0,N,Y,Y
C89948,SELECT ULTIBLACK BLACK BELT 40,0,EA,93924170010,41.84,0,0,Matboard,0,0,N,Y,Y
C900,RED 32x40,0,EA,93924100017,10.23,0,0,Matboard,0,0,N,N,N
C902,YELLOW 32X40,0,EA,93924200038,10.23,0,0,Matboard,0,0,N,N,N
C907,WINE 32X40,0,EA,93924200083,10.23,0,0,Matboard,0,0,N,N,N
C91545, LIGHT UMBRIA 32X40,0,EA,NULL,16.37,0,0,Matboard,0,0,N,Y,Y
C91604,    WHEAT 32x40,0,EA,NULL,16.37,0,0,Matboard,0,0,N,Y,Y
C91650, WARM WHITE 32X40,0,EA,NULL,16.37,0,0,Matboard,0,0,N,Y,Y
C91672, BARELY PINK 32 X 40,0,EA,NULL,16.37,0,0,Matboard,0,0,N,Y,Y
C91688,  WHISPER WHITE 32 X 40,0,EA,NULL,16.37,0,0,Matboard,0,0,N,Y,Y
C918,VERY WHITE 32X40,0,EA,93924200182,10.23,0,0,Matboard,0,0,N,N,N
C919,IVY GREEN 32X40,0,EA,93924200199,10.23,0,0,Matboard,0,0,N,Y,Y
C921A,32X40 DEC Smooth Black,0,EA,93924200397,10.23,0,0,Matboard,0,0,N,N,N
C924,DARK GREY 32X40,0,EA,93924100420,10.23,0,0,Matboard,0,0,N,N,N
C935,COPLEY GREY 32X40,0,EA,93924200458,10.23,0,0,Matboard,0,0,N,N,N
C939,DARK GREEN 32X40,0,EA,93924200465,10.26,0,0,Matboard,0,0,N,N,N
C948,SAND 32X40,0,EA,93924200472,10.23,0,0,Matboard,0,0,N,N,N
C9500,SELECT WHITE GLOVE 32X40,0,EA,93924137167,15.24,0,0,Matboard,0,0,N,Y,Y
C9501,SELECT WHITE COLLAR 32X40,0,EA,93924137174,15.26,0,0,Matboard,0,0,N,Y,Y
C9502,SELECT WHITE SALE 32X40,0,EA,93924137181,15.26,0,0,Matboard,0,0,N,Y,Y
C9503,SELECT WHITE HOT 32X40,0,EA,93924137198,15.26,0,0,Matboard,0,0,N,Y,Y
C9504,SELECT WHITE LIE 32X40,0,EA,93924137204,15.26,0,0,Matboard,0,0,N,Y,Y
C9505,SELECT WHITE WASH 32X40,0,EA,93924137211,15.26,0,0,Matboard,0,0,N,Y,Y
C9506,SELECT EGG WHITE 32X40,0,EA,93924137228,15.26,0,0,Matboard,0,0,N,Y,Y
C9507,SELECT WHITE ELEPHANT 32X40,0,EA,93924137235,15.26,0,0,Matboard,0,0,N,Y,Y
C9508,SELECT WHITE SANDS 32X40,0,EA,93924137242,15.2,0,0,Matboard,0,0,N,Y,Y
C9509,SELECT HALF & HALF 32X40,0,EA,93924137259,15.26,0,0,Matboard,0,0,N,Y,Y
C9510,SELECT FROTH 32X40,0,EA,93924137266,15.26,0,0,Matboard,0,0,N,Y,Y
C9511,SELECT FOSSIL 32X40,0,EA,93924137273,15.26,0,0,Matboard,0,0,N,Y,Y
C9512,SELECT MUMMY 32X40,0,EA,93924137280,15.26,0,0,Matboard,0,0,N,Y,Y
C9513,*SELECT SANDTRAP 32X40,0,EA,93924137297,15.26,0,0,Matboard,0,0,N,Y,Y
C9514,SELECT TOASTY 32X40,0,EA,93924137303,15.26,0,0,Matboard,0,0,N,Y,Y
C9515,SELECT WET SAND 32X40,0,EA,93924137310,15.26,0,0,Matboard,0,0,N,Y,Y
C9516,SELECT TUSK 32X40,0,EA,93924137327,15.26,0,0,Matboard,0,0,N,Y,Y
C9518,SELECT SUMMER 32X40,0,EA,93924137341,15.26,0,0,Matboard,0,0,N,Y,Y
C9519,SELECT CURRY 32X40,0,EA,93924137358,15.26,0,0,Matboard,0,0,N,Y,Y
C9520,SELECT HAYSTACK 32X40,0,EA,93924137365,15.26,0,0,Matboard,0,0,N,Y,Y
C9521,SELECT GOLD RUSH 32X40,0,EA,93924137372,15.26,0,0,Matboard,0,0,N,Y,Y
C9522,SELECT OLEO 32X40,0,EA,93924137389,15.26,0,0,Matboard,0,0,N,Y,Y
C9523,SELECT OMELET 32X40,0,EA,93924137396,15.26,0,0,Matboard,0,0,N,Y,Y
C9525,SELECT SAGE ADVISE 32X40,0,EA,93924137419,15.26,0,0,Matboard,0,0,N,Y,Y
C9526,*SELECT PICKLE 32X40,0,EA,93924137426,15.26,0,0,Matboard,0,0,N,Y,Y
C9527,SELECT WISE GREEN 32X40,0,EA,93924137433,15.26,0,0,Matboard,0,0,N,Y,Y
C9530,SELECT HEDGEHOG 32X40,0,EA,93924137464,15.26,0,0,Matboard,0,0,N,Y,Y
C9531,SELECT SPINACH 32X40,0,EA,93924137471,15.26,0,0,Matboard,0,0,N,Y,Y
C9533,SELECT BONSAI 32X40,0,EA,93924137495,15.26,0,0,Matboard,0,0,N,Y,Y
C9535,SELECT TURF 32X40,0,EA,93924137518,15.26,0,0,Matboard,0,0,N,Y,Y
C9536,SELECT FROND 32X40,0,EA,93924137525,15.26,0,0,Matboard,0,0,N,Y,Y
C9537,*SELECT ENVY 32X40,0,EA,93924137532,15.26,0,0,Matboard,0,0,N,Y,Y
C9538,SELECT DEEP WOODS 32X40,0,EA,93924137549,15.26,0,0,Matboard,0,0,N,Y,Y
C9539,SELECT RIPTIDE 32X40,0,EA,93924137556,15.26,0,0,Matboard,0,0,N,Y,Y
C9542,SELECT BLUE MONDAY 32X40,0,EA,93924137587,15.26,0,0,Matboard,0,0,N,Y,Y
C9544,SELECT CHICAGO BLUES 32X40,0,EA,93924137600,15.26,0,0,Matboard,0,0,N,Y,Y
C9545,SELECT GLACIER 32X40,0,EA,93924137617,15.26,0,0,Matboard,0,0,N,Y,Y
C9546,SELECT BLUE SATIN 32X40,0,EA,93924137624,15.26,0,0,Matboard,0,0,N,Y,Y
C9547,SELECT IN A FOG 32X40,0,EA,93924137631,15.26,0,0,Matboard,0,0,N,Y,Y
C9548,SELECT BLUE LILAC 32X40,0,EA,93924137648,15.26,0,0,Matboard,0,0,N,Y,Y
C9549,SELECT INLET 32X40,0,EA,93924137655,15.26,0,0,Matboard,0,0,N,Y,Y
C9550,SELECT CABANA 32X40,0,EA,93924137662,15.26,0,0,Matboard,0,0,N,Y,Y
C9551,SELECT BLUE WAVE 32X40,0,EA,93924137679,15.26,0,0,Matboard,0,0,N,Y,Y
C9552,SELECT NYPD 32X40,0,EA,93924137686,15.26,0,0,Matboard,0,0,N,Y,Y
C9553,SELECT MOODY BLUE 32X40,0,EA,93924137693,15.26,0,0,Matboard,0,0,N,Y,Y
C9554,SELECT PHARAOH 32X40,0,EA,93924137709,15.26,0,0,Matboard,0,0,N,Y,Y
C9555,SELECT STEEL DRUM 32X40,0,EA,93924137716,15.26,0,0,Matboard,0,0,N,Y,Y
C9556,SELECT TEMPEST 32X40,0,EA,93924137723,15.26,0,0,Matboard,0,0,N,Y,Y
C9557,SELECT PIGEON 32X40,0,EA,93924137730,15.26,0,0,Matboard,0,0,N,Y,Y
C9558,SELECT GEODE 32X40,0,EA,93924137747,15.26,0,0,Matboard,0,0,N,Y,Y
C9560,SELECT EASTER EGG 32X40,0,EA,93924137761,15.26,0,0,Matboard,0,0,N,Y,Y
C9562,SELECT GRAPE JELLY 32X40,0,EA,93924137785,15.26,0,0,Matboard,0,0,N,Y,Y
C9564,SELECT PURPLE MOUNTAIN 32X40,0,EA,93924137808,15.26,0,0,Matboard,0,0,N,Y,Y
C9565,SELECT QUARRY 32X40,0,EA,93924137815,15.26,0,0,Matboard,0,0,N,Y,Y
C9567,SELECT COTTON CANDY 32X40,0,EA,93924137839,15.26,0,0,Matboard,0,0,N,Y,Y
C9570,SELECT SUSHI 32X40,0,EA,93924137860,15.26,0,0,Matboard,0,0,N,Y,Y
C9571,SELECT BANDAGE 32X40,0,EA,93924137877,15.26,0,0,Matboard,0,0,N,Y,Y
C9574,SELECT MAROONED 32X40,0,EA,93924137907,15.26,0,0,Matboard,0,0,N,Y,Y
C9576,SELECT VALENTINE 32X40,0,EA,93924137921,15.26,0,0,Matboard,0,0,N,Y,Y
C9579,SELECT MUDSLIDE 32X40,0,EA,93924137952,15.26,0,0,Matboard,0,0,N,Y,Y
C9581,SELECT HOT SAUCE 32X40,0,EA,93924137976,15.26,0,0,Matboard,0,0,N,Y,Y
C9584,SELECT CATCHER'S MITT 32X40,0,EA,93924138003,15.26,0,0,Matboard,0,0,N,Y,Y
C9585,SELECT ROOT BEER 32X40,0,EA,93924138010,15.26,0,0,Matboard,0,0,N,Y,Y
C9586,SELECT BROWN SUGAR 32X40,0,EA,93924138027,15.26,0,0,Matboard,0,0,N,Y,Y
C9587,SELECT MILK CHOCOLATE 32X40,0,EA,93924138034,15.26,0,0,Matboard,0,0,N,Y,Y
C9590,SELECT FRESH BREW 32X40,0,EA,93924138065,15.26,0,0,Matboard,0,0,N,Y,Y
C9591,SELECT TOP SOIL 32X40,0,EA,93924138072,15.26,0,0,Matboard,0,0,N,Y,Y
C9592,SELECT BLIZZARD 32X40,0,EA,93924138089,15.26,0,0,Matboard,0,0,N,Y,Y
C9593,SELECT GRAVEL ROAD 32X40,0,EA,93924138096,15.26,0,0,Matboard,0,0,N,Y,Y
C9594,SELECT CONCRETE 32X40,0,EA,93924138102,15.26,0,0,Matboard,0,0,N,Y,Y
C9595,SELECT URBAN 32X40,0,EA,93924138119,15.26,0,0,Matboard,0,0,N,Y,Y
C9596,SELECT CUBICLE 32X40,0,EA,93924138126,15.26,0,0,Matboard,0,0,N,Y,Y
C9597,SELECT FIELD MOUSE 32X40,0,EA,93924138133,15.26,0,0,Matboard,0,0,N,Y,Y
C9598,SELECT BEFORE DARK 32X40,0,EA,93924138140,15.26,0,0,Matboard,0,0,N,Y,Y
C9599,SELECT AFTER DARK 32X40,0,EA,93924138157,15.26,0,0,Matboard,0,0,N,Y,Y
C960,C960 WHITE 32X40,0,EA,93924200496,10.23,0,0,Matboard,0,0,N,N,N
C9600,SELECT BATTER 32X40,0,EA,93924140181,15.26,0,0,Matboard,0,0,N,Y,Y
C9601,SELECT SANDPAPER 32X40,0,EA,93924140198,15.26,0,0,Matboard,0,0,N,Y,Y
C9602,SELECT GUACAMOLE 32X40,0,EA,93924140204,15.26,0,0,Matboard,0,0,N,Y,Y
C9603,SELECT UNDERBRUSH 32X40,0,EA,93924140211,15.26,0,0,Matboard,0,0,N,Y,Y
C9604,SELECT BLARNEY 32X40,0,EA,93924140228,15.19,0,0,Matboard,0,0,N,Y,Y
C9605,SELECT TEALY DAN 32X40,0,EA,93924140235,15.26,0,0,Matboard,0,0,N,Y,Y
C9606,SELECT JAWS 32X40,0,EA,93924140242,15.26,0,0,Matboard,0,0,N,Y,Y
C9607,SELECT BLUE CHIP 32X40,0,EA,93924140259,15.26,0,0,Matboard,0,0,N,Y,Y
C9608,SELECT SWEET TART 32X40,0,EA,93924140266,15.26,0,0,Matboard,0,0,N,Y,Y
C961,C961 CREAM 32X40,0,EA,93924200502,13.64,0,0,Matboard,0,0,N,Y,Y
C9610,SELECT CODE RED 32X40,0,EA,93924140280,15.26,0,0,Matboard,0,0,N,Y,Y
C9611,SELECT PEAT MOSS 32X40,0,EA,93924140297,15.26,0,0,Matboard,0,0,N,Y,Y
C9612,SELECT FUZZ 32X40,0,EA,93924140303,15.26,0,0,Matboard,0,0,N,Y,Y
C9613,SELECT SUPER WHITE 32X40,0,EA,93924160837,15.24,0,0,Matboard,0,0,N,Y,Y
C9614,SELECT GLOW 32X40,0,EA,93924160844,15.26,0,0,Matboard,0,0,N,Y,Y
C9615,SELECT CREAM PUFF 32X40,0,EA,93924160851,15.26,0,0,Matboard,0,0,N,Y,Y
C9616,SELECT HONEY WHEAT 32X40,0,EA,93924160868,15.26,0,0,Matboard,0,0,N,Y,Y
C9618,SELECT TATER 32X40,0,EA,93924160882,15.26,0,0,Matboard,0,0,N,Y,Y
C962,FRENCH GREY 32X40,0,EA,93924200519,10.83,0,0,Matboard,0,0,N,N,N
C9621,SELECT BUD 32X40,0,EA,93924160912,15.26,0,0,Matboard,0,0,N,Y,Y
C9624,SELECT SCRUBS 32X40,0,EA,93924160943,15.26,0,0,Matboard,0,0,N,Y,Y
C9625,SELECT BLUE MOON 32X40,0,EA,93924160950,15.26,0,0,Matboard,0,0,N,Y,Y
C9627,SELECT INK SPOT 32X40,0,EA,93924160974,15.26,0,0,Matboard,0,0,N,Y,Y
C9629,SELECT RHINO 32X40,0,EA,93924160998,15.26,0,0,Matboard,0,0,N,Y,Y
C9630,SELECT METEORITE 32X40,0,EA,93924161001,15.26,0,0,Matboard,0,0,N,Y,Y
C9631,SELECT COAL MINE 32X40,0,EA,93924161018,15.26,0,0,Matboard,0,0,N,Y,Y
C9632,*SELECT BLACK BELT 32X40,0,EA,93924169557,15.26,0,0,Matboard,0,0,N,Y,Y
C9633,32X40 SEL Morning,0,EA,93924183836,15.26,0,0,Matboard,0,0,N,Y,Y
C9634,32X40 SEL Cloudburst,0,EA,93924183843,15.26,0,0,Matboard,0,0,N,Y,Y
C9635,32X40 SEL Nightfall,0,EA,93924183850,15.26,0,0,Matboard,0,0,N,Y,Y
C964,FLORENTINE SILVER 32X40,0,EA,93924218989,14.03,0,0,Matboard,0,0,N,N,N
C967,FLORENTINE MED GOLD 32X40,0,EA,93924219016,13.67,0,0,Matboard,0,0,N,N,N
C968,OLD GOLD 32X40,0,EA,93924200526,10.23,0,0,Matboard,0,0,N,N,N
C970,GOLD 32X40,0,EA,93924200540,10.23,0,0,Matboard,0,0,N,N,N
C972,FRENCH BLUE 32X40,0,EA,93924200564,10.23,0,0,Matboard,0,0,N,N,N
C974,DAWN GRAY 32X40,0,EA,93924200588,10.23,0,0,Matboard,0,0,N,N,N
C9747,32X40 SEL Copper,0,EA,93924193880,17.65,0,0,Matboard,0,0,N,Y,Y
C9749,32X40 SEL Rose Platinum,0,EA,93924193897,17.65,0,0,Matboard,0,0,N,Y,Y
C977,NEWPORT BLUE 32X40,0,EA,93924200618,10.23,0,0,Matboard,0,0,N,N,N
C9800,OLD(M5928) BAKER'S WHITE 32X40,0,EA,93924145209,16.17,0,0,Matboard,0,0,N,Y,Y
C9801,*OLD(M1922) CHALK 32X40,0,EA,93924144738,16.17,0,0,Matboard,0,0,N,Y,Y
C9802,OLD(M1984) WHITE ART 32X40,0,EA,93924145179,16.17,0,0,Matboard,0,0,N,Y,Y
C9804,OLD(M1909) PURE WHITE 32X40,0,EA,93924145193,16.17,0,0,Matboard,0,0,N,Y,Y
C9805,OLD(M5958) COCONUT MILK 32X40,0,EA,93924145438,16.17,0,0,Matboard,0,0,N,Y,Y
C9806,OLD(M1930) DOVE 32X40,0,EA,93924145223,16.17,0,0,Matboard,0,0,N,Y,Y
C9807,OLD(M1904) OFF WHITE 32X40,0,EA,93924145216,16.17,0,0,Matboard,0,0,N,Y,Y
C9808,OLD(M1949) IVORY ART 32X40,0,EA,93924145506,16.17,0,0,Matboard,0,0,N,Y,Y
C9809,OLD(M5911) TWILIGHT 32X40,0,EA,93924145551,16.17,0,0,Matboard,0,0,N,Y,Y
C9810,OLD(M1983) TAWNY 32X40,0,EA,93924145285,16.17,0,0,Matboard,0,0,N,Y,Y
C9811,OLD(M1969) PUTTY 32X40,0,EA,93924145353,16.17,0,0,Matboard,0,0,N,Y,Y
C9812,OLD(M5912) OLD IVORY 32X40,0,EA,93924145490,16.17,0,0,Matboard,0,0,N,Y,Y
C9813,OLD(M5916) SANDSTONE 32X40,0,EA,93924145544,16.17,0,0,Matboard,0,0,N,Y,Y
C9814,OLD(M1915) AUTUMN GOLD 32X40,0,EA,93924145599,16.17,0,0,Matboard,0,0,N,Y,Y
C9820,OLD(M1935) FOREST GREEN 32X40,0,EA,93924145773,16.17,0,0,Matboard,0,0,N,Y,Y
C9822,OLD(M5931) SIERRA OLIVE 32X40,0,EA,93924145711,16.17,0,0,Matboard,0,0,N,Y,Y
C9826,OLD(M5943) MOCHA GREEN 32X40,0,EA,93924145728,16.17,0,0,Matboard,0,0,N,Y,Y
C9827,OLD(M5909) FLAG BLUE 32X40,0,EA,93924146022,16.17,0,0,Matboard,0,0,N,Y,Y
C9830,OLD(M5937) BLUE NIGHT 32X40,0,EA,93924146039,16.17,0,0,Matboard,0,0,N,Y,Y
C9831,OLD(M5938) BLUE IRIS 32X40,0,EA,93924145957,16.17,0,0,Matboard,0,0,N,Y,Y
C9833,OLD(M5951) ORANGE ADE 32X40,0,EA,93924145605,16.17,0,0,Matboard,0,0,N,Y,Y
C9834,OLD(M1974) RUSSET 32X40,0,EA,93924145759,16.17,0,0,Matboard,0,0,N,Y,Y
C9837,OLD(M5901) ALL AMERICAN RED,0,EA,93924145612,16.17,0,0,Matboard,0,0,N,Y,Y
C9838,OLD(M1921) BRICK 32X40,0,EA,93924145643,16.17,0,0,Matboard,0,0,N,Y,Y
C9839,OLD(M5904) CABERNET 32X40,0,EA,93924145650,16.17,0,0,Matboard,0,0,N,Y,Y
C9840,OLD(M1965) PLUM 32X40,0,EA,93924145674,16.17,0,0,Matboard,0,0,N,Y,Y
C9846,OLD(M5939) DARK SHALE 32X40,0,EA,93924146084,16.17,0,0,Matboard,0,0,N,Y,Y
C9848,OLD(M1953) JET BLACK 32X40,0,EA,93924146107,15.2,0,0,Matboard,0,0,N,Y,Y
C9849,OLD(M2150) ANTWERPEN 32X40,0,EA,93924146411,18.07,0,0,Matboard,0,0,N,Y,Y
C9850,OLD(M1998) SILVER 32X40,0,EA,93924146312,18.07,0,0,Matboard,0,0,N,Y,Y
C9851,*OLD(M19102) GOLD NUGGET 32X40,0,EA,93924146374,18.07,0,0,Matboard,0,0,N,Y,Y
C9852,OLD(M1997) GOLD 32X40,0,EA,93924146381,18.07,0,0,Matboard,0,0,N,Y,Y
C9853,OLD(M2151) BRUXELLES 32X40,0,EA,93924146282,18.07,0,0,Matboard,0,0,N,Y,Y
C9854,OLD(M1996) ROSE 32X40,0,EA,93924146398,18.07,0,0,Matboard,0,0,N,Y,Y
C9855,OLD(M19100) SPANISH GOLD 32X40,0,EA,93924146428,17.73,0,0,Matboard,0,0,N,Y,Y
C9856,OLD(M1991) SUN 32X40,0,EA,93924146329,18.07,0,0,Matboard,0,0,N,Y,Y
C986,TAMPICO BROWN 32X40,0,EA,93924200694,10.23,0,0,Matboard,0,0,N,N,Y
C9861,OLD(M2143) YORK 32X40,0,EA,93924145889,15.26,0,0,Matboard,0,0,N,Y,Y
C9865,OLD(M2119) KENSINGTON 32X40,0,EA,93924146206,15.26,0,0,Matboard,0,0,N,Y,Y
C9866,OLD(M2138) PLYMOUTH 32X40,0,EA,93924145902,15.26,0,0,Matboard,0,0,N,Y,Y
C987,PALM BEACH WHITE 32X40,0,EA,93924200700,10.23,0,0,Matboard,0,0,N,N,N
C9870,SILVER STAR 32X40,0,EA,93924169243,18.07,0,0,Matboard,0,0,N,Y,Y
C9872,SELECT IRISH GREEN 32X40,0,EA,93924169267,15.26,0,0,Matboard,0,0,N,Y,Y
C9874,SELECT RED LINE 32X40,0,EA,93924169281,15.26,0,0,Matboard,0,0,N,Y,Y
C9875,SELECT SAFFRON 32X40,0,EA,93924169298,15.26,0,0,Matboard,0,0,N,Y,Y
C9876,SELECT MANDARIN ORANGE 32X40,0,EA,93924169304,15.26,0,0,Matboard,0,0,N,Y,Y
C9877,SELECT MIDNIGHT GREEN 32X40,0,EA,93924169311,15.26,0,0,Matboard,0,0,N,Y,Y
C9878,SELECT AQUA GREEN 32X40,0,EA,93924169328,15.26,0,0,Matboard,0,0,N,Y,Y
C9879,PURPLE IRIS 32X40,0,EA,93924169335,15.26,0,0,Matboard,0,0,N,Y,Y
C988,WILLIAMSBURG GREEN 32X40,0,EA,93924210327,10.23,0,0,Matboard,0,0,N,N,N
C9880,SELECT ROYAL BLUE 32X40,0,EA,93924169342,15.26,0,0,Matboard,0,0,N,Y,Y
C9881,SELECT REAL TEAL 32X40,0,EA,93924169359,15.26,0,0,Matboard,0,0,N,Y,Y
C9882,SELECT CORNFLOWER 32X40,0,EA,93924169366,15.26,0,0,Matboard,0,0,N,Y,Y
C9884,*SELECT NAPA VALLEY RED 32X40,0,EA,93924169380,15.26,0,0,Matboard,0,0,N,Y,Y
C9885,SELECT JEANS 32X40,0,EA,93924169397,15.26,0,0,Matboard,0,0,N,Y,Y
C9886,SELECT DARK PURPLE 32X40,0,EA,93924169403,15.26,0,0,Matboard,0,0,N,Y,Y
C9887,SELECT BLACK-N-BLUE 32X40,0,EA,93924169410,15.26,0,0,Matboard,0,0,N,Y,Y
C9888,*SELECT ELECTRIC BLUE 32X40,0,EA,93924169427,15.26,0,0,Matboard,0,0,N,Y,Y
C9889,SELECT DEEP BLUE 32X40,0,EA,93924169434,15.26,0,0,Matboard,0,0,N,Y,Y
C989,RAVEN BLACK 32X40,0,EA,93924200724,10.23,0,0,Matboard,0,0,N,N,N
C9892,SELECT DEEP ORANGE 32X40,0,EA,93924169465,15.26,0,0,Matboard,0,0,N,Y,Y
C9893,SELECT BLAZE ORANGE 32X40,0,EA,93924169472,15.26,0,0,Matboard,0,0,N,Y,Y
C9894,*SELECT GOLDEN 32X40,0,EA,93924169489,15.26,0,0,Matboard,0,0,N,Y,Y
C9895,SELECT PEWTER 32X40,0,EA,93924169496,15.26,0,0,Matboard,0,0,N,Y,Y
C9896,SELECT LAWN 32X40,0,EA,93924169502,15.26,0,0,Matboard,0,0,N,Y,Y
C9898,SELECT BURNT ORANGE 32X40,0,EA,93924169526,15.26,0,0,Matboard,0,0,N,Y,Y
C9899,SELECT RED HOT 32X40,0,EA,93924169564,15.26,0,0,Matboard,0,0,N,Y,Y
C9900,OLD(M5328) BAKER'S WHITE(BC)32,0,EA,93924146473,20.48,0,0,Matboard,0,0,N,Y,Y
C9901,OLD(M2322) CHALK (BC) 32X40,0,EA,93924146435,20.48,0,0,Matboard,0,0,N,Y,Y
C9902,OLD(M2384) WHITE ART(BC) 32X40,0,EA,93924146442,20.48,0,0,Matboard,0,0,N,Y,Y
C9904,OLD(M2309)PURE WHITE(BC) 32X40,0,EA,93924146466,20.48,0,0,Matboard,0,0,N,Y,Y
C9905,OLD(M2330) DOVE (BC) 32X40,0,EA,93924146497,20.39,0,0,Matboard,0,0,N,Y,Y
C9906,OLD(M2304) OFF WHITE(BC) 32X40,0,EA,93924146480,20.37,0,0,Matboard,0,0,N,Y,Y
C9910,OLD(M2450) ANTWERPEN(BC) 32X40,0,EA,93924147685,25.06,0,0,Matboard,0,0,N,Y,Y
C9911,OLD(M2451) BRUXELLES(BC) 32X40,0,EA,93924147555,25.08,0,0,Matboard,0,0,N,Y,Y
C9912,OLD(M5316) SANDSTONE(BC) 32X40,0,EA,93924146817,20.46,0,0,Matboard,0,0,N,Y,Y
C9916,OLD(M5343) MOCHA GREEN(BC) 32X,0,EA,93924146992,20.37,0,0,Matboard,0,0,N,Y,Y
C9917,OLD(M2335) FOREST GREEN(BC) 32,0,EA,93924147043,20.34,0,0,Matboard,0,0,N,Y,Y
C9922,OLD(M5309) FLAG BLUE(BC) 32X40,0,EA,93924147296,20.4,0,0,Matboard,0,0,N,Y,Y
C9923,OLD(M5337) BLUE NIGHT(BC)32X40,0,EA,93924147302,20.37,0,0,Matboard,0,0,N,Y,Y
C9926,OLD(M5301) ALL AMERICAN RED(BC,0,EA,93924146886,20.39,0,0,Matboard,0,0,N,Y,Y
C9927,OLD(M2321) BRICK(BC) 32X40,0,EA,93924146916,20.39,0,0,Matboard,0,0,N,Y,Y
C9928,OLD(M5304) CABERNET(BC) 32X40,0,EA,93924146923,20.38,0,0,Matboard,0,0,N,Y,Y
C993,KELLY GREEN 32X40,0,EA,93924200762,10.23,0,0,Matboard,0,0,N,N,N
C9930,OLD(M2365) PLUM(BC) 32X40,0,EA,93924146947,20.31,0,0,Matboard,0,0,N,Y,Y
C9934,OLD(M2369) PUTTY(BC) 32X40,0,EA,93924146626,20.45,0,0,Matboard,0,0,N,Y,Y
C9935,OLD(M2443) YORK(BC) 32X40,0,EA,93924147159,20.37,0,0,Matboard,0,0,N,Y,Y
C9938,OLD(M2419) KENSINGTON(BC)32X40,0,EA,93924147470,20.65,0,0,Matboard,0,0,N,Y,Y
C9942,OLD(M5339) DARK SHALE(BC)32X40,0,EA,93924147357,20.48,0,0,Matboard,0,0,N,Y,Y
C9944,OLD(M2353) JET BLACK(BC) 32X40,0,EA,93924147371,20.48,0,0,Matboard,0,0,N,Y,Y
C9945,OLD(M2398) SILVER(BC) 32X40,0,EA,93924147586,23.67,0,0,Matboard,0,0,N,Y,Y
C9946,OLD(M2396) ROSE(BC) 32X40,0,EA,93924147661,23.86,0,0,Matboard,0,0,N,Y,Y
C9947,OLD(M23100) SPANISH GOLD(BC)32,0,EA,93924147692,23.65,0,0,Matboard,0,0,N,Y,Y
C9948,SELECT ULTIBLACK BLACK BELT 32,0,EA,93924169809,20.48,0,0,Matboard,0,0,N,Y,Y
C9949,SELECT ULTIBLK ETCH GUNMENTAL,0,EA,93924195389,25.14,0,0,Matboard,0,0,N,Y,Y
C9950,SELECT ULTIBLK ETCH RUB BRONZE,0,EA,93924195457,25.14,0,0,Matboard,0,0,N,Y,Y
CB131,MIDNIGHT BLUE32x40(1PK=25SHTS),0,PK,NULL,99.9,0,0,Matboard,0,0,N,N,Y
CB221,SMOOTH BLK 32X40 (1PK=25SHTS),0,PK,NULL,114.17,0,0,Matboard,0,0,N,N,Y
CB222,SMOOTH WHITE 32X40(1PK=25SHTS),0,PK,NULL,95.32,0,0,Matboard,0,0,N,N,Y
CB251,ANTIQUE WHITE 32X40(1PK=25SHTS,0,PK,NULL,96.76,0,0,Matboard,0,0,N,N,Y
CB3240,"32""x 40"" Cardboard 24/Bundle",0,EA,720472311700,48.26,0,0,Mounting Board,0,0,N,N,N
CB402,WHITE 32X40 (1PK=25SHTS),0,PK,NULL,164.46,0,0,Matboard,0,0,N,N,Y
CB403,PURE WHITE 32X40 (1PK=25SHTS),0,PK,NULL,97.15,0,0,Matboard,0,0,N,N,Y
CB4060,"40""x 60"" Cardboard 24/Bundle",0,EA,720472311717,106.17,0,0,Mounting Board,0,0,N,N,N
CB461,32X40 BER Crisp,0,PK,NULL,97.15,0,0,Matboard,0,0,N,N,Y
CB6-277,SMOOTH BLACK(1PK=25SHTS),0,PK,NULL,115.42,0,0,Matboard,0,0,N,N,Y
CB6-97,POLAR WHITE ON BLACK CORE(25pk,0,PK,NULL,199.57,0,0,Matboard,0,0,N,N,Y
CB8-222,SMOOTH WHITE 40X60(1PK=25SHTS),0,PK,NULL,170.66,0,0,Matboard,0,0,N,N,Y
CB8-402,WHITE 40X60 (1pk = 25 Sheets),0,PK,NULL,170.66,0,0,Matboard,0,0,N,N,Y
CB8-97,POLAR WHITE 40X60 (1PK=25SHTS),0,PK,NULL,170.66,0,0,Matboard,0,0,N,N,Y
CBR14921,BRTCORE-BLACK/BLUE ON BLUE,0,EA,93924225864,41.64,0,0,Matboard,0,0,N,Y,Y
CBR14987,BRTCORE-WHITE/BLUE ON BLUE,0,EA,93924225871,41.64,0,0,Matboard,0,0,N,Y,Y
CBR214921,BRTCORE-BLACK/BLU 32X40 8 PLY,0,EA,93924195310,51.94,0,0,Matboard,0,0,N,Y,Y
CBR214987,BRTCORE-WHITE/BLU 32X40 8 PLY,0,EA,93924195327,51.94,0,0,Matboard,0,0,N,Y,Y
CBR224921,BRTCORE-BLACK/GRE 32X40 8 PLY,0,EA,93924195280,51.73,0,0,Matboard,0,0,N,Y,Y
CBR224987,BRTCORE-WHITE/GRE 32X40 8 PLY,0,EA,93924195181,51.94,0,0,Matboard,0,0,N,Y,Y
CBR234921,BRTCORE-BLACK/RED 32X40 8 PLY,0,EA,93924195167,51.94,0,0,Matboard,0,0,N,Y,Y
CBR234987,BRTCORE-WHITE/RED ON RED 8 PLY,0,EA,93924195143,51.94,0,0,Matboard,0,0,N,Y,Y
CBR244921,BRTCORE-BLACK/YELL 32X40 8 PLY,0,EA,93924195112,51.94,0,0,Matboard,0,0,N,Y,Y
CBR244987,BRTCORE-WHITE/YELL 32X40 8 PLY,0,EA,93924195129,51.94,0,0,Matboard,0,0,N,Y,Y
CBR24921,BRTCORE-BLACK/GREEN ON GREEN,0,EA,93924225888,41.64,0,0,Matboard,0,0,N,Y,Y
CBR24987,BRTCORE-WHITE/GREEN ON GREEN,0,EA,93924225895,44.95,0,0,Matboard,0,0,N,Y,Y
CBR34921,BRTCORE-BLACK/RED ON RED,0,EA,93924225901,41.64,0,0,Matboard,0,0,N,Y,Y
CBR34987,BRTCORE-WHITE/RED ON RED,0,EA,93924225918,44.95,0,0,Matboard,0,0,N,Y,Y
CBR44921,BRTCORE-BLK/YELLOW ON YELLOW,0,EA,93924225925,44.95,0,0,Matboard,0,0,N,Y,Y
CBR44987,BRTCORE-WHT/YELLOW ON YELLOW,0,EA,93924225932,44.95,0,0,Matboard,0,0,N,Y,Y
CBR54921,BRTCORE-BLACK/ORANGE ON ORANGE,0,EA,93924133329,41.64,0,0,Matboard,0,0,N,Y,Y
CBR54987,BRTCORE-WHITE/ORANGE ON ORANGE,0,EA,93924133336,41.64,0,0,Matboard,0,0,N,Y,Y
CBR64921,BRTCORE-BLACK/PURPLE ON PURPLE,0,EA,93924133343,44.95,0,0,Matboard,0,0,N,Y,Y
CBR64987,BRTCORE-WHITE/PURPLE ON PURPLE,0,EA,93924133350,44.95,0,0,Matboard,0,0,N,Y,Y
CBR74921,32X40 MRM BRC Black on Pink,0,EA,93924185939,41.64,0,0,Matboard,0,0,N,Y,Y
CBR74987,32X40 MRM BRC White on Pink,0,EA,93924185922,41.64,0,0,Matboard,0,0,N,Y,Y
CBR814921,BRTCORE-BLACK/BLU 40x60,0,EA,93924195303,48.77,0,0,Matboard,0,0,N,Y,Y
CBR814987,BRTCORE-WHITE/BLU 40x60,0,EA,93924195334,48.77,0,0,Matboard,0,0,N,Y,Y
CBR824921,BRTCORE-BLACK/GRE 40x60,0,EA,93924195297,49.35,0,0,Matboard,0,0,N,Y,Y
CBR824987,BRTCORE-WHITE/GRE 40x60,0,EA,93924195198,48.77,0,0,Matboard,0,0,N,Y,Y
CBR834921,BRTCORE-BLACK/RED 40x60,0,EA,93924195174,48.77,0,0,Matboard,0,0,N,Y,Y
CBR834987,BRTCORE-WHITE/RED 40x60,0,EA,93924195150,48.77,0,0,Matboard,0,0,N,Y,Y
CBR844921,BRTCORE-BLACK/YELLOW 40x60,0,EA,93924195105,48.77,0,0,Matboard,0,0,N,Y,Y
CBR844987,BRTCORE-WHITE/YELLOW 40x60,0,EA,93924195136,48.77,0,0,Matboard,0,0,N,Y,Y
CBR84921,32X40 MRM BRC Black on Aqua,0,EA,93924185953,41.47,0,0,Matboard,0,0,N,Y,Y
CBR84987,32X40 MRM BRC White on Aqua,0,EA,93924185946,41.64,0,0,Matboard,0,0,N,Y,Y
CBW221,SMOOTH BLACK 32X40(1PK=25SHTS),0,PK,NULL,113.68,0,0,Matboard,0,0,N,N,Y
CBW222,SMOOTH WHITE 32X40(1PK=25SHTS),0,PK,NULL,114.02,0,0,Matboard,0,0,N,N,Y
CBW8-222,40X60 BER WCO Smooth White,0,PK,NULL,238.43,0,0,Matboard,0,0,N,N,Y
CBW8-97,POLAR WHITE 40X60(1PK=25SHTS),0,PK,NULL,238.33,0,0,Matboard,0,0,N,N,Y
CM1001,SILVER,0.28125,FT,720472122580,3.56,6.02,0,Frame Moulding,400,3.56,N,N,N
CM1002,SATIN SILVER,0.28125,FT,720472122610,3.93,6.06,0,Frame Moulding,400,3.93,N,N,N
CM1004,SATIN GOLD,0.28125,FT,720472122641,3.38,6.03,0,Frame Moulding,400,3.38,N,N,N
CM1013,BLACK ANODIZED,0.28125,FT,720472122719,4.68,7.39,0,Frame Moulding,400,4.68,N,N,N
CM150001,SILVER,0.375,FT,720472123402,4.22,6.44,0,Frame Moulding,320,4.22,N,N,N
CM150002,SATIN SILVER,0.375,FT,720472123419,4.03,6.14,0,Frame Moulding,320,4.03,N,N,N
CM150003,GOLD,0.375,FT,720472123426,3.34,5.1,0,Frame Moulding,320,3.34,N,N,N
CM150004,SATIN GOLD,0.375,FT,720472123433,4.19,6.41,0,Frame Moulding,160,4.19,N,N,N
CM150005,ENGLISH PEWTER,0.375,FT,720472123440,4.64,7.21,0,Frame Moulding,260,4.64,N,N,N
CM150006,BRONZE,0.375,FT,720472123457,4.62,7.03,0,Frame Moulding,320,4.62,N,N,N
CM150013,BLACK ANODIZED,0.375,FT,720472123518,4.41,6.78,0,Frame Moulding,320,4.41,N,N,N
CM150014,SATIN BLACK ANODIZED,0.375,FT,720472123525,4.44,6.82,0,Frame Moulding,320,4.44,N,N,N
CM150030,CONTRAST GRAY,0.375,FT,720472123648,4.07,6.13,0,Frame Moulding,320,4.07,N,N,N
CM150031,PLATINUM,0.375,FT,720472123655,4.59,6.96,0,Frame Moulding,320,4.59,N,N,N
CM150033,ANTIQUE GOLD,0.375,FT,720472123662,4.62,6.99,0,Frame Moulding,320,4.62,N,N,N
CM150035,ANTIQUE BRASS,0.375,FT,720472123686,4.51,7.06,0,Frame Moulding,320,4.51,N,N,N
CM150039,SHERWOOD,0.375,FT,720472123716,4.76,7.42,0,Frame Moulding,300,4.76,N,N,N
CM150044,BLACK,0.375,FT,720472123761,4.08,6.39,0,Frame Moulding,160,4.08,N,N,N
CM150051,CHIANTI,0.375,FT,720472123822,3.17,4.84,0,Frame Moulding,120,3.17,N,N,N
CM150067,INDIGO,0.375,FT,720472123945,4.15,6.51,0,Frame Moulding,160,4.15,N,N,N
CM150069,LAPIS,0.375,FT,720472123969,4.17,6.54,0,Frame Moulding,320,4.17,N,N,N
CM150099,WHITE,0.375,FT,720472124164,4.16,6.61,0,Frame Moulding,320,4.16,N,N,N
CM160013,BLACK ANODIZED,0.625,FT,720472124225,6.7,10.28,0,Frame Moulding,240,6.7,N,N,N
CM200013,BLACK ANODIZED,0.3125,FT,720472124539,3.87,5.99,0,Frame Moulding,323,3.87,N,N,N
CM200014,SATIN BLACK ANODIZED,0.3125,FT,720472124546,5.01,7.77,0,Frame Moulding,400,5.01,N,N,N
CM200044,BLACK,0.3125,FT,720472124720,3.15,5.06,0,Frame Moulding,400,3.15,N,N,N
CM320044,BLACK,0.4375,FT,720472125390,4.27,9.65,0,Frame Moulding,320,4.27,N,N,N
CM320099,WHITE,0.4375,FT,720472125406,4.67,7.14,0,Frame Moulding,351,4.67,N,N,N
CM340044,BLACK,1,FT,720472125499,6.67,10.91,0,Frame Moulding,120,6.67,N,N,N
CPS3X,PMNT DBL.THK.AF.32X40 NO ALT,0,EA,720472311021,24.27,0,0,Mounting Board,0,0,N,N,Y
CPSFC,32X40 MB Perfect Mount Foam,0,EA,720472311038,28.12,0,0,Mounting Board,0,0,N,N,Y
CPSFC4060C,40x60 MB Perfect Mount Foam,0,EA,NULL,48.91,0,0,Mounting Board,0,0,N,N,Y
CPSX,"PM MNT SGL 32X40,",0,EA,720472311014,17.87,0,0,Mounting Board,0,0,N,N,Y
CSRM1000,(WC) POMPANO BEACH WHITE 32X40,0,EA,93924130366,11.46,0,0,Matboard,0,0,N,N,N
CSRM1008,(WC) IVORY 32X40,0,EA,93924130397,11.46,0,0,Matboard,0,0,N,N,N
CSRM1014,(WC) OLDE GREY 32X40,0,EA,93924130410,11.46,0,0,Matboard,0,0,N,N,N
CSRM1015,(WC) GREY VIOLET 32X40,0,EA,93924130427,11.46,0,0,Matboard,0,0,N,N,N
CSRM1016,(WC) CONCORD 32X40,0,EA,93924130434,11.46,0,0,Matboard,0,0,N,N,Y
CSRM1025,(WC) MEDIUM GRAY 32X40,0,EA,93924130465,11.46,0,0,Matboard,0,0,N,N,N
CSRM1028,(WC) SPICE IVORY 32X40,0,EA,93924130496,11.46,0,0,Matboard,0,0,N,N,N
CSRM1032,(WC) DARK OLIVE 32X40,0,EA,93924130533,11.46,0,0,Matboard,0,0,N,N,N
CSRM1040,(WC) CLASSIC BROWN 32X40,0,EA,93924130588,11.46,0,0,Matboard,0,0,N,N,N
CSRM1042,(WC) WMSBRG RED 32X40,0,EA,93924130595,11.46,0,0,Matboard,0,0,N,N,N
CSRM1045,(WC) GRASS GREEN 32X40,0,EA,93924130625,11.46,0,0,Matboard,0,0,N,N,N
CSRM1047,(WC) WMSBRG BLUE 32X40,0,EA,93924130649,11.46,0,0,Matboard,0,0,N,N,N
CSRM1054,(WC) BALTIC BLUE 32X40,0,EA,93924130670,11.46,0,0,Matboard,0,0,N,N,N
CSRM1057,(WC) REDWOOD 32X40,0,EA,93924130687,11.46,0,0,Matboard,0,0,N,N,N
CSRM1073,(WC) BISCAY BLUE 32X40,0,EA,93924130717,11.46,0,0,Matboard,0,0,N,N,N
CSRM1081,(WC) VOLCANO BLUE 32X40,0,EA,93924130779,11.46,0,0,Matboard,0,0,N,N,N
CSRM1084,(WC) AVOCADO 32X40,0,EA,93924130793,11.46,0,0,Matboard,0,0,N,N,N
CSRM1088,(WC) MIST 32X40,0,EA,93924130809,11.46,0,0,Matboard,0,0,N,N,N
CSRM1089,(WC) SAUTERNE 32X40,0,EA,93924130816,11.46,0,0,Matboard,0,0,N,N,N
CSRM1096,(WC) SEPIA 32X40,0,EA,93924130847,13.27,0,0,Matboard,0,0,N,N,N
CSRM3291,(WC) FRENCH BUFF 32X40,0,EA,93924130885,11.46,0,0,Matboard,0,0,N,N,N
CSRM3297,(WC) ARCTIC WHITE 32X40,0,EA,93924130915,11.46,0,0,Matboard,0,0,N,N,N
CSRM3300,(WC) ALABASTER 32X40,0,EA,93924130922,11.46,0,0,Matboard,0,0,N,N,N
CSRM3319,(WC) TOPAZ 32X40,0,EA,93924130984,11.46,0,0,Matboard,0,0,N,N,N
CSRM3325,(WC) MANDARIN 32X40,0,EA,93924131011,11.46,0,0,Matboard,0,0,N,N,N
CSRM3331,(WC) SAGE 32X40,0,EA,93924131059,11.46,0,0,Matboard,0,0,N,N,N
CSRM3333,(WC) BLACK WATCH 32X40,0,EA,93924131066,11.46,0,0,Matboard,0,0,N,N,N
CSRM3400,(WC) BAKER'S WHITE 32X40,0,EA,93924147746,11.46,0,0,Matboard,0,0,N,N,N
CSRM3420,(WC) ALL AMERICAN RED 32X40,0,EA,93924148156,11.46,0,0,Matboard,0,0,N,N,N
CSRM3437,(WC) ANTWERPEN 32X40,0,EA,93924148958,13.27,0,0,Matboard,0,0,N,N,N
CSRM81027,(WC) SILVER GRAY 40X60,0,EA,93924131318,22.8,0,0,Matboard,0,0,N,N,N
CSRM81028,(WC) SPICE IVORY 40X60,0,EA,93924131325,22.96,0,0,Matboard,0,0,N,N,N
CSRM83293,(WC) ANTIQUE WHITE 40X60,0,EA,93924131417,23.39,0,0,Matboard,0,0,N,N,N
CSRM83297,(WC) ARCTIC WHITE 40X60,0,EA,93924131424,22.19,0,0,Matboard,0,0,N,N,N
CSRM83401,(WC) CHALK 40X60,0,EA,93924152597,22.96,0,0,Matboard,0,0,N,N,N
CSRM83403,(WC) DOVE 40X60,0,EA,93924152658,22.96,0,0,Matboard,0,0,N,N,N
CSRM83417,40X60 IW Flag Blue,0,EA,93924153457,22.96,0,0,Matboard,0,0,N,N,N
CSRM83420,40X60 IW All American Red,0,EA,93924153044,22.96,0,0,Matboard,0,0,N,N,N
CSRM83423,(WC) JET BLACK 40X60,0,EA,93924153532,22.96,0,0,Matboard,0,0,N,N,N
CSRM83437,(WC) ANTWERPEN 40X60,0,EA,93924153846,29.56,0,0,Matboard,0,0,N,N,N
CSRM8968,(WC) OLD GOLD 40X60,0,EA,93924131233,31.03,0,0,Matboard,0,0,N,N,N
CSRM8977,(WC) NEWPORT BLUE 40X60,0,EA,93924131271,23.09,0,0,Matboard,0,0,N,N,N
CSRM8987,(WC) PALM BEACH WHITE 40X60,0,EA,93924131288,23.09,0,0,Matboard,0,0,N,N,N
CSRM8988,40X60 IW Williamsburg Grn,0,EA,93924131295,23.09,0,0,Matboard,0,0,N,N,N
CSRM915,(WC) FOG 32X40,0,EA,93924130021,11.46,0,0,Matboard,0,0,N,N,N
CSRM918,(WC) VERY WHITE 32X40,0,EA,93924130045,11.46,0,0,Matboard,0,0,N,N,N
CSRM919,(WC) IVY GREEN 32X40,0,EA,93924130052,11.46,0,0,Matboard,0,0,N,N,N
CSRM921,(WC) SMOOTH BLACK 32X40,0,EA,93924130601,11.46,0,0,Matboard,0,0,N,N,N
CSRM924,(WC) DARK GRAY 32X40,0,EA,93924130076,11.46,0,0,Matboard,0,0,N,N,N
CSRM934,(WC) PEARL 32X40,0,EA,93924130083,11.46,0,0,Matboard,0,0,N,N,N
CSRM939,32X40 IW Dark Green,0,EA,93924130106,10.7,0,0,Matboard,0,0,N,N,N
CSRM961,(WC) CREAM 32X40,0,EA,93924130120,11.46,0,0,Matboard,0,0,N,N,N
CSRM968,(WC) OLD GOLD 32X40,0,EA,93924130144,13.27,0,0,Matboard,0,0,N,N,N
CSRM969,(WC) SILVER 32X40,0,EA,93924130151,13.27,0,0,Matboard,0,0,N,N,N
CSRM972,(WC) FRENCH BLUE 32X40,0,EA,93924130175,11.46,0,0,Matboard,0,0,N,N,N
CSRM978,(WC) CONGO GREEN 32X40,0,EA,93924130229,10.78,0,0,Matboard,0,0,N,N,Y
CSRM979,32X40 IW Dusk,0,EA,93924130236,11.46,0,0,Matboard,0,0,N,N,Y
CSRM985,(WC) PYRO BROWN 32X40,0,EA,93924130267,11.46,0,0,Matboard,0,0,N,N,Y
CSRM987,(WC) PALM BEACH WHITE 32X40,0,EA,93924130281,11.46,0,0,Matboard,0,0,N,N,N
CSRM989,(WC) RAVEN BLACK 32X40,0,EA,93924130304,11.46,0,0,Matboard,0,0,N,N,N
CSRM994,(WC) CHAMOIS GOLD 32X40,0,EA,93924130328,11.46,0,0,Matboard,0,0,N,N,N
EP1418,CRYSTAL CLEAN 14X18,0,EA,NULL,89.11,0,0,Glazing & Foam,0,0,N,N,N
EP1620,CRYSTAL CLEAN 16X20,0,EA,NULL,90.18,0,0,Glazing & Foam,0,0,N,N,N
EP1824,CRYSTAL CLEAN 18X24,0,EA,NULL,90.18,0,0,Glazing & Foam,0,0,N,N,N
EP2024,CRYSTAL CLEAN 20X24,0,EA,NULL,90.18,0,0,Glazing & Foam,0,0,N,N,N
EP2228,CRYSTAL CLEAN 22X28,0,EA,NULL,90.18,0,0,Glazing & Foam,0,0,N,N,N
EP2430,CRYSTAL CLEAN 24X30,0,EA,NULL,90.18,0,0,Glazing & Foam,0,0,N,N,N
EP2436,CRYSTAL CLEAN 24X36,0,EA,NULL,90.18,0,0,Glazing & Foam,0,0,N,N,N
EP3036,CRYSTAL CLEAN 30X36,0,EA,NULL,81.8,0,0,Glazing & Foam,0,0,N,N,N
EP3240,CRYSTAL CLEAN 32X40,0,EA,NULL,90.18,0,0,Glazing & Foam,0,0,N,N,N
EP3648,CRYSTAL CLEAN 36X48,0,EA,NULL,90.18,0,0,Glazing & Foam,0,0,N,N,N
EP4060,CRYSTAL CLEAN 40X60,0,EA,NULL,101,0,0,Glazing & Foam,0,0,N,N,N
FC3218AF,A.F. 1/8 32x40 FOAM CEN,0,EA,NULL,10.77,0,0,Foamboard,0,123.71,N,Y,Y
FC32AF,A.F. 3/16 32x40 FOAM CEN,0,EA,720472312769,10.62,0,0,Foamboard,0,121.6,N,Y,Y
FC32BAF,3/16 32x40 A.F.BLK ON BLK CORE,0,EA,720472312752,18.3,0,0,Foamboard,0,217.86,N,N,Y
FC4018AF,A.F. 1/8 40x60 FOAM CENT,0,EA,NULL,21.11,0,0,Foamboard,0,243.21,N,Y,Y
FC40AF,A.F. 3/16 40x60 FOAM CEN,0,EA,720472312820,21.11,0,0,Foamboard,0,243.21,N,Y,Y
FC40BAF,3/16 40x60 A.F.BLK ON BLK CORE,0,EA,720472336420,33.41,0,0,Foamboard,0,409.77,N,N,Y
FC48AF,A.F. 3/16 48x96 FOAM CEN,0,EA,NULL,35.67,0,0,Foamboard,0,573.31,N,N,Y
G1418,Clear Glass 14x18,0,EA,720472322485,100.79,0,0,Glazing & Foam,0,0,N,N,N
G1620,Clear Glass 16x20,0,EA,720472300018,108.83,0,0,Glazing & Foam,50,0,N,N,N
G1824,Clear Glass 18x24,0,EA,720472300025,108.83,0,0,Glazing & Foam,0,0,N,N,N
G2024,Clear Glass 20x24,0,EA,720472300032,98.71,0,0,Glazing & Foam,0,0,N,N,N
G2228,Clear Glass 22x28,0,EA,720472300049,108.83,0,0,Glazing & Foam,0,0,N,N,N
G2430,Clear Glass 24x30,0,EA,720472300056,98.71,0,0,Glazing & Foam,0,0,N,N,N
G2436,Clear Glass 24x36,0,EA,720472318068,108.83,0,0,Glazing & Foam,0,0,N,N,N
G3240,Clear Glass 32x40,0,EA,720472300087,108.83,0,0,Glazing & Foam,0,0,N,N,N
G3648,Clear Glass 36x48,0,EA,720472300209,108.83,0,0,Glazing & Foam,0,0,N,N,N
G4060,Clear Glass 40x60 3 lites,0,EA,720472325202,137.37,0,0,Glazing & Foam,0,0,N,N,N
GAR2436,AR REFL FREE 24X36,0,EA,720472334488,156.53,0,0,Glazing & Foam,0,0,N,N,N
GAR3240,AR REFL FREE 32X40,0,EA,720472334501,174.98,0,0,Glazing & Foam,0,0,N,N,N
GAR3648,AR REFL FREE 36X48,0,EA,720472334518,156.53,0,0,Glazing & Foam,0,0,N,N,N
GAR4060,AR REFL FREE 40X60,0,EA,720472334525,239.4,0,0,Glazing & Foam,0,0,N,N,N
GARX1620,AR REFL FREE 16X20 - 12 LITES,0,EA,NULL,150.43,0,0,Glazing & Foam,0,0,N,N,N
GC4060,Conservation Clear 40x60,0,EA,720472326148,117.64,0,0,Glazing & Foam,0,0,N,N,N
GCC1114,Conservation Clear 11x14 LITES,0,EA,NULL,158.13,0,0,Glazing & Foam,0,0,N,N,N
GCC1418,Conservation Clear 14X18,0,EA,NULL,158.13,0,0,Glazing & Foam,0,0,N,N,N
GCC1620,50 sq ft box Cons. Clear 16x20,0,EA,NULL,151.19,0,0,Glazing & Foam,0,0,N,N,N
GCC1824,50 sq ft box Cons. Clear 18x24,0,EA,NULL,151.19,0,0,Glazing & Foam,0,0,N,N,N
GCC2024,50 sq ft box Cons. Clear 20x24,0,EA,NULL,151.19,0,0,Glazing & Foam,0,0,N,N,N
GCC2228,50 sq ft box Cons Clear 22x28,0,EA,NULL,151.19,0,0,Glazing & Foam,0,0,N,N,N
GCC2430,50 sq ft box Cons Clear 24x30,0,EA,720472300087,151.19,0,0,Glazing & Foam,0,0,N,N,N
GCC2436,50 sq ft box Cons. Clear 24x36,0,EA,NULL,151.19,0,0,Glazing & Foam,0,0,N,N,N
GCC2632,50 sq ft box Cons. Clear 26x32,0,EA,NULL,151.19,0,0,Glazing & Foam,0,0,N,N,N
GCC3240,50 sq ft box Cons. Clear 32x40,0,EA,NULL,151.19,0,0,Glazing & Foam,0,0,N,N,N
GCC3648,50 sq ft box Cons. Clear 36x48,0,EA,NULL,151.19,0,0,Glazing & Foam,0,0,N,N,N
GCC4868,48X68 CONSERV CLEAR CASE,0,EA,NULL,150.43,0,0,Glazing & Foam,0,0,N,N,N
GCRC1620,CONSERVATION R/C 16X20,0,EA,NULL,329.58,0,0,Glazing & Foam,0,0,N,N,N
GCRC2436,CONS REF CONTR 24x36 50 SQ FT,0,EA,NULL,329.58,0,0,Glazing & Foam,0,0,N,N,N
GCRC3240,CONS REF CONTR 32x40 50 SQ FT,0,EA,NULL,329.58,0,0,Glazing & Foam,0,0,N,N,N
GCRC3648,CONS REF CONTR 36x48 50 SQ FT,0,EA,NULL,329.58,0,0,Glazing & Foam,0,0,N,N,N
GCRC4060,CONS REF CONTR 40x60 30 SQ FT,0,EA,NULL,214.55,0,0,Glazing & Foam,0,0,N,N,N
GF32,"GATORFOAM 3/16"" 32X40",0,EA,NULL,35.4,0,0,Mounting Board,0,450.19,N,N,Y
GF48,"GATORFOAM 3/16"" 48X96",0,EA,NULL,93.64,0,0,Mounting Board,0,997.86,N,N,Y
GFB48,"GATORFOAM BLK 3/16"" 48X96",0,EA,NULL,97.58,0,0,Mounting Board,0,1095.26,N,N,Y
GFB4812,"GATORFOAM BLK 1/2"" 48X96",0,EA,NULL,160.69,0,0,Mounting Board,0,1518.54,N,N,Y
GM4060,MUSEUM GLASS 40X60,0,EA,720472334549,340.62,0,0,Glazing & Foam,0,0,N,N,N
GMS3240,MUSEUM GLASS 32X40,0,EA,NULL,116.64,0,0,Glazing & Foam,0,0,N,N,N
GMX3240,MUSEUM GLASS 32X40 6 Lites,0,EA,720472336413,511.17,0,0,Glazing & Foam,0,0,N,N,N
GR1620,Reflection Control 16x20,0,EA,720472300100,192.09,0,0,Glazing & Foam,0,0,N,N,N
GR2436,Reflection Control 24x36,0,EA,720472300155,192.09,0,0,Glazing & Foam,0,0,N,N,N
GR3240,Reflection Control 32x40,0,EA,720472300193,192.09,0,0,Glazing & Foam,0,0,N,N,N
GR3648,Reflection Control 36x48,0,EA,720472318129,192.09,0,0,Glazing & Foam,0,0,N,N,N
GR4060,REFLEC CONTROL 40X60,0,EA,720472325219,168.7,0,0,Glazing & Foam,0,0,N,N,N
GU1620,ULTRA VUE GLASS 16X20,0,EA,NULL,178.14,0,0,Glazing & Foam,0,0,N,N,N
GU2436,ULTRA VUE GLASS 24X36,0,EA,NULL,169.73,0,0,Glazing & Foam,0,0,N,N,N
GU3240,ULTRA VUE Glass 32x40,0,EA,NULL,178.14,0,0,Glazing & Foam,0,0,N,N,N
GU3648,ULTRA VUE GLASS 36x48,0,EA,NULL,169.73,0,0,Glazing & Foam,0,0,N,N,N
GU4060,ULTRA VUE GLASS 40x60,0,EA,NULL,235.45,0,0,Glazing & Foam,0,0,N,N,N
GU4868,ULTRA VUE  GLASS 48x68,0,EA,NULL,319.6,0,0,Glazing & Foam,0,0,N,N,N
H101,L-J Screw Polybag,0,EA,720472213080,2.12,0,0,Supplies,0,0,N,N,N
H102,L-J Snap Polybag,0,EA,720472213097,2,0,0,Supplies,0,0,N,N,N
H201,L-J Bulk Hdwe/Screw Hanger,0,EA,720472213134,175.94,0,0,Supplies,0,0,N,N,N
H216,NIELSEN NOTCHED HANGER/100,0,EA,720472208741,15.17,0,0,Supplies,0,0,N,N,N
H221,L-J Screw Hangers/500,0,EA,720472204545,77.98,0,0,Supplies,0,0,N,N,N
H223,L-J Tapped Angles/1000,0,EA,720472204552,162.86,0,0,Supplies,0,0,N,N,N
H224,L-J Back Plates/1000,0,EA,720472204569,43.69,0,0,Supplies,0,0,N,N,N
H225,L-J Spring Clips/1000,0,EA,720472204576,38.97,0,0,Supplies,0,0,N,N,N
H318,"TAPPED CORNERS, BAG OF 100",0,EA,NULL,20.84,0,0,Supplies,0,0,N,N,N
H43,NIELSEN OMNI POLYBAG,0,EA,720472213981,3.18,0,0,Supplies,0,0,N,N,N
LAF32,"3/16"" 32x40 LJ ACID FREE FOAM",0,BX,NULL,104.29,0,0,Foamboard,0,104.29,N,N,Y
LAF3218,"1/8"" 32x40 LJ ACID FREE FOAM",0,BX,NULL,104.29,0,0,Foamboard,0,104.29,N,N,Y
LAF40,"3/16"" 40x60 LJ ACID FREE FOAM",0,BX,NULL,221.67,0,0,Foamboard,0,221.67,N,N,Y
LAF4018,"1/8"" 40x60 LJ ACID FREE FOAM",0,BX,NULL,221.67,0,0,Foamboard,0,221.67,N,N,Y
LJ125B,"LJ PL Spacer 1/8, 100' Blk",0,EA,731717633211,43.75,0,0,Supplies,60,0,N,N,N
LJ125C,"LJ PL Spacer 1/8, 100' Clr",0,EA,731717633228,43.75,0,0,Supplies,60,0,N,N,N
LJ125W,"LJ PL Spacer 1/8, 100' Wht",0,EA,731717633235,43.75,0,0,Supplies,60,0,N,N,N
LJ250B,"LJ PL Spacer 1/4, 60' Blk",0,EA,731717633242,37.58,0,0,Supplies,0,0,N,N,N
LJ250C,"LJ PL Spacer 1/4, 60' Clr",0,EA,731717633259,37.58,0,0,Supplies,0,0,N,N,N
LJ250W,"LJ PL Spacer 1/4, 60' Wht",0,EA,731717633266,37.58,0,0,Supplies,0,0,N,N,N
LJ375B,"LJ PL Spacer 3/8, 60' Blk",0,EA,731717633273,38.99,0,0,Supplies,0,0,N,N,N
LJ375C,"LJ PL Spacer 3/8, 60' Clr",0,EA,731717633280,38.99,0,0,Supplies,0,0,N,N,N
LJ375W,"LJ PL Spacer 3/8, 60' Wht",0,EA,731717633297,38.99,0,0,Supplies,0,0,N,N,N
LJR,Larson-Juhl Mat Rack,0,EA,720472218795,43.05,0,0,Supplies,0,0,N,N,N
MCAF24,"3/16"" 24x36 AF MOUNTCOR",0,BX,NULL,170.16,0,0,Foamboard,0,170.16,N,N,Y
MCAF32,"3/16"" 32x40 AF MOUNTCOR FOAM",0,BX,NULL,235.3,0,0,Foamboard,0,235.3,N,N,Y
MCAF32PK,"3/16"" 32x40 AF MOUNTCOR FM 5pk",0,PK,NULL,75.79,0,0,Foamboard,0,0,N,N,Y
MCAF40,"3/16"" 40x60 AF MOUNTCOR FOAM",0,BX,NULL,485.92,0,0,Foamboard,0,485.92,N,N,Y
MCAF40PK,"3/16"" 40x60 AF MOUNTCOR FM 5pk",0,PK,NULL,141.42,0,0,Foamboard,0,0,N,N,Y
MCAF48,"3/16"" 48x96 AF MOUNTCOR FOAM",0,BX,NULL,889.64,0,0,Foamboard,0,889.64,N,N,Y
MCAF48PK,"3/16"" 48x96 AF MOUNTCOR FM 5pk",0,PK,NULL,279.25,0,0,Foamboard,0,0,N,N,Y
MCAFB32,"3/16"" 32x40 AF MOUNTCOR BLK FM",0,BX,NULL,319.63,0,0,Foamboard,0,319.63,N,N,Y
MCAFB32PK,"3/16"" 32x40 AF MOUNTCOR BL 5pk",0,PK,NULL,93.92,0,0,Foamboard,0,0,N,N,Y
MCAFB40,"3/16"" 40x60 AF MOUNTCOR BLK FM",0,BX,NULL,572.73,0,0,Foamboard,0,572.73,N,N,Y
MCAFB40PK,"3/16"" 40x60 AF MOUNTCOR BL 5pk",0,PK,NULL,172.25,0,0,Foamboard,0,0,N,N,Y
MCAFCAN32,"3/16"" 32x40 AF MOUNTCOR CNV FM",0,BX,720472197472,385.64,0,0,Mounting Board,0,385.64,N,N,Y
MCAFCAN32PK,"3/16"" 32x40 AF MOUNTCOR CV 5pk",0,PK,NULL,129.45,0,0,Foamboard,0,0,N,N,Y
MCAFCAN40,"3/16"" 40x60 AF MOUNTCOR CNV FM",0,BX,NULL,710.14,0,0,Foamboard,0,710.14,N,N,Y
MCAFCAN40PK,"3/16"" 40x60 AF MOUNTCOR CV 5pk",0,PK,NULL,251.02,0,0,Foamboard,0,0,N,N,Y
MCAFCAN48PK,"3/16"" 48x96 AF MOUNTCOR CNV 5p",0,PK,NULL,366.24,0,0,Foamboard,0,0,N,N,Y
MG1114,MUSEUM GLASS 11X14 32 lites,0,EA,NULL,526.18,0,0,Glazing & Foam,0,0,N,N,N
MG1620,MUSEUM GLASS 16X20 4 LITES,0,EA,NULL,116.64,0,0,Glazing & Foam,0,0,N,N,N
MG1824,MUSEUM GLASS 18X24 12 LITES,0,EA,NULL,364.72,0,0,Glazing & Foam,0,0,N,N,N
MG2024,MUSEUM GLASS 20X24 11 LITES,0,EA,NULL,364.72,0,0,Glazing & Foam,0,0,N,N,N
MG2228,MUSEUM GLASS 22X28 8 LITES,0,EA,NULL,364.72,0,0,Glazing & Foam,0,0,N,N,N
MG2430,MUSEUM GLASS 24X30 7 LITES,0,EA,NULL,364.72,0,0,Glazing & Foam,0,0,N,N,N
MG2436,MUSEUM GLASS 24X36 6 LITES,0,EA,NULL,364.72,0,0,Glazing & Foam,0,0,N,N,N
MG3240,MUSEUM GLASS 32X40 4 LITES,0,EA,NULL,364.72,0,0,Glazing & Foam,0,0,N,N,N
MG3648,MUSEUM GLASS 36X48 3 LITES,0,EA,NULL,364.72,0,0,Glazing & Foam,0,0,N,N,N
MG4868,MUSEUM GLASS 48X68 2 LITES,0,EA,NULL,446.56,0,0,Glazing & Foam,0,0,N,N,N
MGX1620,MUSEUM GLASS 16X20 16 Lites,0,EA,NULL,364.72,0,0,Glazing & Foam,0,0,N,N,N
N10014,GERMAN SILVER,0.375,FT,87828273472,13.45,17.52,0,Frame Moulding,70,13.45,N,N,N
N10021,MATTE BLACK,0.375,FT,87828343298,13.22,17.52,0,Frame Moulding,70,13.22,N,N,N
N1101,"SILVER 9/32""",0.28125,FT,720472108652,4.6,6.9,0,Frame Moulding,400,4.6,N,N,N
N1102,"FROSTED SILVER 9/32""",0.28125,FT,720472108669,5.29,6.85,0,Frame Moulding,400,5.29,N,N,N
N1103,"GOLD 9/32""",0.28125,FT,720472108676,5.29,6.85,0,Frame Moulding,400,5.29,N,N,N
N1104,"FROSTED GOLD 9/32""",0.28125,FT,720472108683,5.28,6.85,0,Frame Moulding,400,5.28,N,N,N
N1108,"FROSTED BRONZE 9/32""",0.28125,FT,720472108720,6.12,7.83,0,Frame Moulding,400,6.12,N,N,N
N1110,GRAPHITE,0.28125,FT,720472117746,6.08,7.77,0,Frame Moulding,400,6.08,N,N,N
N1112,"FROSTED PEWTER 9/32""",0.28125,FT,720472108751,6.08,7.77,0,Frame Moulding,400,6.08,N,N,N
N1113,"CONTRAST GRAY 9/32""",0.28125,FT,720472108768,6.08,7.77,0,Frame Moulding,400,6.08,N,N,N
N1114,"GERMAN SILVER 9/32""",0.28125,FT,720472108775,6.08,7.77,0,Frame Moulding,400,6.08,N,N,N
N11154,FLORENTINE GRAY,0.28125,FT,720472119054,6.35,8.06,0,Frame Moulding,400,6.35,N,N,N
N11156,"FLORENTINE BLACK 9/32""",0.28125,FT,720472119078,6.17,7.89,0,Frame Moulding,400,6.17,N,N,N
N1120,"ANODIC BLACK 9/32""",0.28125,FT,720472108829,6.49,8.29,0,Frame Moulding,400,6.49,N,N,N
N1121,"MATTE BLACK 9/32""",0.28125,FT,720472108836,6.19,7.9,0,Frame Moulding,400,6.19,N,N,N
N1123,"ANTIQUE GOLD 9/32""",0.28125,FT,720472108850,5.63,7.29,0,Frame Moulding,400,5.63,N,N,N
N1150,"BLACK 9/32""",0.28125,FT,720472108935,4.34,7.04,0,Frame Moulding,200,4.34,N,N,N
N11701,"SILVER 7/16""",0.4375,FT,87828353983,5.99,8.94,0,Frame Moulding,120,5.99,N,N,N
N11702,"FROSTED SILVER 7/16""",0.4375,FT,87828703979,5.23,7.81,0,Frame Moulding,120,5.23,N,N,N
N11704,"FROSTED GOLD 7/16""",0.4375,FT,87828383515,5.99,8.94,0,Frame Moulding,120,5.99,N,N,N
N11710,"GRAPHITE 7/16""",0.4375,FT,87828903867,7.93,10.09,0,Frame Moulding,120,7.93,N,N,N
N11712,"FROSTED PEWTER 7/16""",0.4375,FT,87828203578,7.93,10.09,0,Frame Moulding,120,7.93,N,N,N
N11714,"GERMAN SILVER 7/16""",0.4375,FT,87828203585,5.69,8.5,0,Frame Moulding,120,5.69,N,N,N
N117164,"DUSK 7/16""",0.4375,FT,87828813586,7.93,10.16,0,Frame Moulding,120,7.93,N,N,N
N11719,"FROSTED WALNUT 7/16""",0.4375,FT,87828823455,6.78,8.69,0,Frame Moulding,120,6.78,N,N,N
N11720,"ANODIC BLACK 7/16""",0.4375,FT,87828473988,6.89,8.82,0,Frame Moulding,120,6.89,N,N,N
N117201,"MAROON  7/16""",0.4375,FT,NULL,4.86,7.26,0,Frame Moulding,0,4.86,N,N,N
N117202,"TIGER ORANGE  7/16""",0.4375,FT,NULL,4.86,7.26,0,Frame Moulding,0,4.86,N,N,N
N117203,"SUNSHINE  7/16""",0.4375,FT,NULL,4.86,7.26,0,Frame Moulding,0,4.86,N,N,N
N117204,"KELLY GREEN   7/16""",0.4375,FT,NULL,4.86,7.26,0,Frame Moulding,0,4.86,N,N,N
N117205,"FOREST GREEN    7/16""",0.4375,FT,NULL,4.87,7.26,0,Frame Moulding,0,4.87,N,N,N
N117206,"AQUA    7/16""",0.4375,FT,NULL,4.86,7.26,0,Frame Moulding,0,4.86,N,N,N
N117207,"BRIGHT BLUE    7/16""",0.4375,FT,NULL,4.87,7.26,0,Frame Moulding,0,4.87,N,N,N
N117208,"ROYAL PURPLE    7/16""",0.4375,FT,NULL,4.69,7.26,0,Frame Moulding,0,4.69,N,N,N
N11721,"MATTE BLACK 7/16""",0.4375,FT,720472169578,5.91,8.82,0,Frame Moulding,120,5.91,N,N,N
N117227,"TORNADO RED 7/16""",0.4375,FT,720472169103,7.19,9.23,0,Frame Moulding,120,7.19,N,N,N
N11723,"ANTIQUE GOLD 7/16""",0.4375,FT,87828523713,5.22,7.78,0,Frame Moulding,120,5.22,N,N,N
N117230,"REFLEX SILVER 7/16""",0.4375,FT,720472169189,8.26,10.75,0,Frame Moulding,120,8.26,N,N,N
N117231,VIVIDS GOLD BULLION,0.4375,FT,720472169127,8.27,10.62,0,Frame Moulding,120,8.27,N,N,N
N117232,"GALACTIC BLUE 7/16""",0.4375,FT,720472169073,8.27,10.74,0,Frame Moulding,120,8.27,N,N,N
N117233,"PURPLE HAZE 7/16""",0.4375,FT,720472169080,7.41,9.63,0,Frame Moulding,120,7.41,N,N,N
N117235,VIVIDS TANGERINE TWIST,0.4375,FT,720472169110,7.56,9.7,0,Frame Moulding,120,7.56,N,N,N
N117236,"CYBER GREEN 7/16""",0.4375,FT,720472169134,7.56,9.7,0,Frame Moulding,120,7.56,N,N,N
N117237,VIVIDS RASPBERRY FIZZ,0.4375,FT,87828174748,7.56,9.7,0,Frame Moulding,120,7.56,N,N,N
N117238,VIVIDS TURQUOISE,0.4375,FT,720472169059,7.56,9.7,0,Frame Moulding,120,7.56,N,N,N
N117240,VIVIDS AMETHYST,0.4375,FT,720472169097,7.19,9.23,0,Frame Moulding,120,7.19,N,N,N
N117270,"BURNT SIENNA 7/16""",0.4375,FT,87828903928,6.78,8.63,0,Frame Moulding,120,6.78,N,N,N
N117280,"American Natural 7/16""",0.4375,FT,87828040395,7.25,10.15,0,Frame Moulding,120,7.25,N,N,N
N117400,"SATIN BRUSHED ALUMINUM 7/16""",0.4375,FT,720472169592,7.08,9.35,0,Frame Moulding,120,7.08,N,N,N
N117470,BRUSHED SATIN NICKEL,0.4375,FT,87828514957,6.97,9.96,0,Frame Moulding,120,6.97,N,N,N
N117478,BRUSHED SATIN PEWTER,0.4375,FT,87828954739,6.98,9.96,0,Frame Moulding,120,6.98,N,N,N
N11750,"BLACK 7/16""",0.4375,FT,87828413281,6.25,7.68,0,Frame Moulding,120,6.25,N,N,N
N11752,"BRIGHT WHITE 7/16""",0.4375,FT,87828103519,5.15,7.68,0,Frame Moulding,120,5.15,N,N,N
N11755,"RIGHT RED 7/16""",0.4375,FT,NULL,4.87,7.26,0,Frame Moulding,0,4.87,N,N,N
N11758,"INDIGO 7/16""",0.4375,FT,NULL,4.87,7.26,0,Frame Moulding,0,4.87,N,N,N
N1202,"FROSTED SILVER 9/32""",0.28125,FT,720472109062,6.08,7.77,0,Frame Moulding,160,6.08,N,N,N
N1221,"MATTE BLACK 9/32""",0.28125,FT,720472109222,5.76,7.34,0,Frame Moulding,160,5.76,N,N,N
N12901,"NIELSEN SILVER 5/16""",0.3125,FT,87828096866,4.5,6.83,0,Frame Moulding,120,4.5,N,N,N
N12907,"NIELSEN BRONZE 5/16""",0.3125,FT,87828065435,4.53,6.83,0,Frame Moulding,120,4.53,N,N,N
N12913,"NIELSEN CONTRAST GREY 5/16""",0.3125,FT,87828064872,4.53,6.83,0,Frame Moulding,120,4.53,N,N,N
N12915,"NIELSEN AMBER  5/16""",0.3125,FT,87828012576,4.53,6.83,0,Frame Moulding,120,4.53,N,N,N
N12920,"NIELSEN BLACK  5/16""",0.3125,FT,87828031744,4.53,6.83,0,Frame Moulding,120,4.53,N,N,N
N12921,"NIELSEN MATTE BLACK 5/16""",0.3125,FT,87828037517,4.36,6.66,0,Frame Moulding,120,4.36,N,N,N
N12952,"NIELSEN WHITE  5/16""",0.3125,FT,87828052015,4.53,6.83,0,Frame Moulding,120,4.53,N,N,N
N130400,NIELSEN BRUSHED SATIN ALUM 7/8,0.875,FT,87828082630,5.7,8.58,0,Frame Moulding,120,5.7,N,N,N
N130414,N-BRUSHED SATIN GERMAN SIL 7/8,0.875,FT,87828026733,5.7,8.58,0,Frame Moulding,120,5.7,N,N,N
N130475,"NIELSEN B-SATIN CHOCOLATE 7/8""",0.875,FT,87828059755,5.7,8.58,0,Frame Moulding,120,5.7,N,N,N
N13052,"NIELSEN BRIGHT WHITE 7/8""",0.875,FT,87828073805,5.7,8.58,0,Frame Moulding,120,5.7,N,N,N
N1314,FLOATERS GERMAN SILVER,0.25,FT,87828274271,7.75,9.71,0,Frame Moulding,90,7.75,N,N,N
N1321,FLOATERS MATTE BLACK,0.25,FT,87828204612,6.06,9.55,0,Frame Moulding,90,6.06,N,N,N
N1414,FLOATERS GERMAN SILVER,0.25,FT,87828364743,10.32,15.84,0,Frame Moulding,80,10.32,N,N,N
N1421,FLOATERS MATTE BLACK,0.25,FT,87828324808,10.3,15.44,0,Frame Moulding,80,10.3,N,N,N
N1501,"SILVER 3/8""",0.375,FT,720472109338,5.77,7.57,0,Frame Moulding,320,5.77,N,N,N
N1502,"FROSTED SILVER 3/8""",0.375,FT,720472109345,5.77,7.57,0,Frame Moulding,320,5.77,N,N,N
N1503,"GOLD 3/8""",0.375,FT,720472109352,5.9,8.19,0,Frame Moulding,320,5.9,N,N,N
N1504,"FROSTED GOLD 3/8""",0.375,FT,720472109369,5.77,7.57,0,Frame Moulding,320,5.77,N,N,N
N1508,"FROSTED BRONZE 3/8""",0.375,FT,720472109406,6.49,8.25,0,Frame Moulding,320,6.49,N,N,N
N1510,"GRAPHITE 3/8""",0.375,FT,720472117784,6.49,8.25,0,Frame Moulding,320,6.49,N,N,N
N1512,"FROSTED PEWTER 3/8""",0.375,FT,720472109437,6.49,8.25,0,Frame Moulding,320,6.49,N,N,N
N1513,"CONTRAST GRAY 3/8""",0.375,FT,720472109444,6.48,8.25,0,Frame Moulding,320,6.48,N,N,N
N1514,"GERMAN SILVER 3/8""",0.375,FT,720472109451,6.59,8.38,0,Frame Moulding,320,6.59,N,N,N
N15150,"FLORENTINE SILVER 3/8""",0.375,FT,720472122047,6.77,8.61,0,Frame Moulding,320,6.77,N,N,N
N15153,FLORENTINE PEWTER,0.375,FT,720472122078,6.77,8.61,0,Frame Moulding,320,6.77,N,N,N
N15154,FLORENTINE GRAY,0.375,FT,720472122085,6.27,8.61,0,Frame Moulding,320,6.27,N,N,N
N15155,FLORENTINE AMBER,0.375,FT,720472122092,6.77,8.61,0,Frame Moulding,320,6.77,N,N,N
N15156,"FLORENTINE BLACK 3/8""",0.375,FT,720472122108,6.77,8.61,0,Frame Moulding,320,6.77,N,N,N
N15164,"DUSK 3/8""",0.375,FT,720472119252,6.49,8.25,0,Frame Moulding,320,6.49,N,N,N
N15170,FROSTED UMBER,0.375,FT,720472127530,6.49,8.25,0,Frame Moulding,320,6.49,N,N,N
N1519,"FROSTED WALNUT 3/8""",0.375,FT,720472109505,5.54,8.28,0,Frame Moulding,320,5.54,N,N,N
N1520,"ANODIC BLACK 3/8""",0.375,FT,720472109512,6.49,8.25,0,Frame Moulding,320,6.49,N,N,N
N1521,"MATTE BLACK 3/8""",0.375,FT,720472109529,6.59,8.38,0,Frame Moulding,320,6.59,N,N,N
N1523,"ANTIQUE GOLD 3/8""",0.375,FT,720472109543,5.04,7.56,0,Frame Moulding,320,5.04,N,N,N
N1524,"COBALT 3/8""",0.375,FT,720472122214,6.49,8.25,0,Frame Moulding,320,6.49,N,N,N
N1550,"BLACK 3/8""",0.375,FT,720472109598,5.77,7.57,0,Frame Moulding,160,5.77,N,N,N
N1552,BRIGHT WHITE 1/2,0.375,FT,720472109604,5.77,7.57,0,Frame Moulding,160,5.77,N,N,N
N1555,"RIGHT RED 3/8""",0.375,FT,720472109628,5.76,7.57,0,Frame Moulding,160,5.76,N,N,N
N1558,INDIGO 1/2,0.375,FT,720472109642,5.04,7.56,0,Frame Moulding,160,5.04,N,N,N
N1566,"LAPIS 3/8""",0.375,FT,720472109697,5.77,7.57,0,Frame Moulding,160,5.77,N,N,N
N1568,"CHINESE RED 3/8""",0.375,FT,720472109703,5.76,7.57,0,Frame Moulding,160,5.76,N,N,N
N2108,"NIELSEN FROST ROSE GOLD 9/16""",0.59375,FT,87828093964,6.37,9.25,0,Frame Moulding,120,6.37,N,N,N
N2121,"NIELSEN MATTE BLACK 9/16""",0.5625,FT,87828040968,7.71,9.8,0,Frame Moulding,120,7.71,N,N,N
N21227,"NIELSEN VIVID RED 9/16""",0.59375,FT,87828045208,6.86,9.25,0,Frame Moulding,120,6.86,N,N,N
N2123,"NIELSEN ANTIQUE GOLD 9/16""",0.59375,FT,720472132497,7.06,9.37,0,Frame Moulding,120,7.06,N,N,N
N21233,"NIELSEN PURPLE HAZE 9/16""",0.59375,FT,87828092967,6.86,9.25,0,Frame Moulding,120,6.86,N,N,N
N21235,"NIELSEN TANGERINE TWIST 9/16""",0.59375,FT,87828082302,6.86,9.25,0,Frame Moulding,120,6.86,N,N,N
N21250,MERLOT NIESLEN 21,0.59375,FT,87828019384,7.71,9.8,0,Frame Moulding,120,7.71,N,N,N
N21257,"NIELSEN SAPPHIRE 9/16""",0.59375,FT,87828094343,6.86,9.25,0,Frame Moulding,120,6.86,N,N,N
N21258,"NIELSEN REALLY TEAL 9/16""",0.59375,FT,87828082821,6.86,9.25,0,Frame Moulding,120,6.86,N,N,N
N21261,"NIELSEN DAWN 9/16""",0.59375,FT,87828097245,6.46,9.25,0,Frame Moulding,120,6.46,N,N,N
N21400,"CHROME NIELSEN 1 1/16""",0.59375,FT,87828027587,7.71,9.8,0,Frame Moulding,120,7.71,N,N,N
N2150,MATTE BLACK NIELSEN 21,0.59375,FT,87828014259,6.61,9.6,0,Frame Moulding,120,6.61,N,N,N
N2201,"SILVER 5/16""",0.3125,FT,720472109956,6.54,9,0,Frame Moulding,120,6.54,N,N,N
N2202,"FROSTED SILVER 5/16""",0.3125,FT,720472109963,5.72,9,0,Frame Moulding,120,5.72,N,N,N
N2203,"GOLD 5/16""",0.3125,FT,720472109970,6.54,9,0,Frame Moulding,120,6.54,N,N,N
N2214,"GERMAN SILVER 5/16""",0.3125,FT,720472110051,6.64,9.53,0,Frame Moulding,120,6.64,N,N,N
N2220,"ANODIC BLACK 5/16""",0.3125,FT,720472110075,7.15,9.53,0,Frame Moulding,120,7.15,N,N,N
N2221,"MATTE BLACK 5/16""",0.3125,FT,720472110082,7.6,9.53,0,Frame Moulding,120,7.6,N,N,N
N225154,GILDED GRAPHITE,1.25,FT,87828163957,9.77,13.51,0,Frame Moulding,90,9.77,N,N,N
N225421,GILDED JET BLACK,1.25,FT,87828403978,9.94,13.51,0,Frame Moulding,90,9.94,N,N,N
N225452,GILDED FROSTED GOLD,1.25,FT,87828403954,9.22,13.51,0,Frame Moulding,90,9.22,N,N,N
N225469,GILDED MODERN PEWTER,1.25,FT,87828632361,9.94,13.52,0,Frame Moulding,90,9.94,N,N,N
N24414,GERMAN SILVER,0.5,FT,87828524352,7.98,9.86,0,Frame Moulding,120,7.98,N,N,N
N24421,BRUSHED SATIN BLACK,0.5,FT,720472169202,7.98,9.86,0,Frame Moulding,120,7.98,N,N,N
N24423,ANTIQUE GOLD,0.5,FT,87828404074,7.98,9.86,0,Frame Moulding,120,7.98,N,N,N
N24469,BRUSHED SATIN STAINLESS STEEL,0.5,FT,87828324747,7.56,9.86,0,Frame Moulding,120,7.56,N,N,N
N24471,BRUSHED SATIN SLATE,0.5,FT,87828714616,7.98,9.86,0,Frame Moulding,120,7.98,N,N,N
N24475,BRUSHED SATIN CHOCOLATE,0.5,FT,720472169172,7.98,9.86,0,Frame Moulding,120,7.98,N,N,N
N24476,BRUSHED SATIN SAPPHIRE,0.5,FT,720472169141,7.98,9.86,0,Frame Moulding,120,7.98,N,N,N
N2501,SILVER,0.59375,FT,720472119269,5.93,8.37,0,Frame Moulding,120,5.93,N,N,N
N2502,"FROSTED SILVER 19/32""",0.59375,FT,720472122221,6.41,8.36,0,Frame Moulding,120,6.41,N,N,N
N2504,"FROSTED GOLD 19/32""",0.59375,FT,720472122238,6.25,8.72,0,Frame Moulding,120,6.25,N,N,N
N2514,GERMAN SILVER,0.59375,FT,720472110129,6.39,8.31,0,Frame Moulding,120,6.39,N,N,N
N2520,ANODIC BLACK,0.59375,FT,720472110136,7.31,9.5,0,Frame Moulding,120,7.31,N,N,N
N2521,MATTE BLACK,0.59375,FT,720472117982,7.31,9.5,0,Frame Moulding,120,7.31,N,N,N
N3350,"BLACK 3/16""",0.1875,FT,720472110341,5.16,7.82,0,Frame Moulding,160,5.16,N,N,N
N3414,GERMAN SILVER,0.21875,FT,87828193503,5.87,8.61,0,Frame Moulding,240,5.87,N,N,N
N34179,BLACK METALLINE,0.21875,FT,87828373585,7.45,9.16,0,Frame Moulding,240,7.45,N,N,N
N3421,MATTE BLACK,0.21875,FT,87828503432,5.75,8.61,0,Frame Moulding,240,5.75,N,N,N
N34280,"American Natural 1/4""",0.21875,FT,87828041927,7.53,10.54,0,Frame Moulding,240,7.53,N,N,N
N3501,"SILVER 7/16""",0.4375,FT,720472110358,10.91,14.05,0,Frame Moulding,80,10.91,N,N,N
N3520,"ANODIC BLACK 7/16""",0.4375,FT,720472110402,12.45,15.53,0,Frame Moulding,80,12.45,N,N,N
N5801,SILVER,0.3125,FT,720472115414,4.04,5.46,0,Frame Moulding,400,4.04,N,N,N
N5803,GOLD,0.3125,FT,720472115438,4.04,5.46,0,Frame Moulding,400,4.04,N,N,N
N5804,FROSTED GOLD,0.3125,FT,720472115445,4.04,5.46,0,Frame Moulding,400,4.04,N,N,N
N5814,GERMAN SILVER,0.3125,FT,720472115520,4.62,5.99,0,Frame Moulding,400,4.62,N,N,N
N5820,ANODIC BLACK,0.3125,FT,720472115551,4.62,5.99,0,Frame Moulding,400,4.62,N,N,N
N65246,OLD GOLD NIELSEN 21,0.5,FT,7828024722,7.26,9.8,0,Frame Moulding,120,7.26,N,N,N
N65251,BARELY GOLD NIELSEN 21,0.5,FT,87828012927,7.71,9.8,0,Frame Moulding,120,7.71,N,N,N
N65252,ROBIN'S EGG NIELSEN 21,0.5,FT,87828014501,7.7,9.8,0,Frame Moulding,120,7.7,N,N,N
N65280,"American Natural 1/2""",0.5,FT,87828082388,6.39,8.31,0,Frame Moulding,120,6.39,N,N,N
N65282,"Walnut 1/2""",0.5,FT,87828021011,5.58,8.38,0,Frame Moulding,120,5.58,N,N,N
N65421,"NIELSEN MATTE BLACK 1/2""",0.5,FT,87828013627,7.23,9.87,0,Frame Moulding,120,7.23,N,N,N
N65429,EBONY NIELSEN 21,0.5,FT,87828024234,7.26,9.8,0,Frame Moulding,120,7.26,N,N,N
N7101,"SILVER 9/16""",0.5625,FT,720472110587,6.93,9.57,0,Frame Moulding,240,6.93,N,N,N
N7121,"MATTE BLACK 9/16""",0.5625,FT,720472110686,8.56,11.09,0,Frame Moulding,240,8.56,N,N,N
N9301,"SILVER 13/32""",0.40625,FT,720472135955,6.05,7.8,0,Frame Moulding,160,6.05,N,N,N
N9304,"NIELSEN FROSTED GOLD 13/32""",0.40625,FT,87828052831,5.18,7.61,0,Frame Moulding,160,5.18,N,N,N
N9314,"GERMAN SILVER 13/32""",0.40625,FT,87828403299,7.44,9.16,0,Frame Moulding,160,7.44,N,N,N
N93150,"FLORENTINE SILVER 13/32""",0.40625,FT,720472135603,7.2,9.16,0,Frame Moulding,160,7.2,N,N,N
N93154,FLORENTINE GREY,0.40625,FT,720472135627,7.2,9.16,0,Frame Moulding,160,7.2,N,N,N
N93156,"FLORENTINE BLACK 13/32""",0.40625,FT,720472135641,6.61,9.67,0,Frame Moulding,160,6.61,N,N,N
N93170,"NIELSEN FROSTED BRASS 13/32""",0.40625,FT,87828014310,5.79,8.64,0,Frame Moulding,160,5.79,N,N,N
N9319,FROSTED WALNUT,0.40625,FT,720472169585,6.78,8.63,0,Frame Moulding,160,6.78,N,N,N
N9320,"ANODIC BLACK 13/32""",0.40625,FT,720472135979,6.78,8.63,0,Frame Moulding,160,6.78,N,N,N
N9321,"MATTE BLACK 13/32""",0.40625,FT,720472135665,5.82,8.69,0,Frame Moulding,160,5.82,N,N,N
N9323,"NIELSEN ANTIQUE GOLD 13/32""",0.40625,FT,87828090857,5.2,7.93,0,Frame Moulding,160,5.2,N,N,N
N9350,"BLACK 13/32""",0.40625,FT,87828253276,6.05,7.8,0,Frame Moulding,160,6.05,N,N,N
N9352,BRIGHT WHITE,0.40625,FT,87828393477,7.06,8.98,0,Frame Moulding,160,7.06,N,N,N
N93550,"NIELSEN SILVER LINEN 13/32""",0.40625,FT,87828021820,7.2,9.16,0,Frame Moulding,160,7.2,N,N,N
N93552,"NIELSEN RAW STEEL 13/32""",0.40625,FT,NULL,7.7,9.8,0,Frame Moulding,160,7.7,N,N,N
N93553,"NIELSEN CARAMEL LINEN 13/32""",0.40625,FT,NULL,6.36,9.8,0,Frame Moulding,160,6.36,N,N,N
N93555,"NIELSEN GOLD LINEN 13/32""",0.40625,FT,87828025293,7.19,9.16,0,Frame Moulding,160,7.19,N,N,N
N93556,"NIELSEN TUSCN LINEN BLK 13/32""",0.40625,FT,87828030105,6.52,9.81,0,Frame Moulding,160,6.52,N,N,N
N93557,"NIELSEN PEWTER LINEN 13/32""",0.40625,FT,NULL,7.63,9.8,0,Frame Moulding,160,7.63,N,N,N
N93558,"NIELSEN SLATE  LINEN 13/32""",0.40625,FT,NULL,7.7,9.8,0,Frame Moulding,160,7.7,N,N,N
N9402,FROSTED SILVER,0.625,FT,87828623413,6.15,8.44,0,Frame Moulding,120,6.15,N,N,N
N94156,FLORENTINE BLACK,0.625,FT,720472169608,7.46,9.43,0,Frame Moulding,120,7.46,N,N,N
N9421,MATTE BLACK,0.625,FT,720472136020,6.39,9.59,0,Frame Moulding,120,6.39,N,N,N
N9510,GRAPHITE,0.90625,FT,720472135672,7.92,11.88,0,Frame Moulding,90,7.92,N,N,N
N9514,GERMAN SILVER,0.90625,FT,720472135689,7.92,11.88,0,Frame Moulding,90,7.92,N,N,N
N9521,MATTE BLACK,0.90625,FT,720472135696,7.98,11.59,0,Frame Moulding,90,7.98,N,N,N
N95224,MATTE WHITE,0.90625,FT,720472135887,6.34,10.65,0,Frame Moulding,90,6.34,N,N,N
N9523,ANTIQUE GOLD,0.90625,FT,720472135702,7.25,10.65,0,Frame Moulding,90,7.25,N,N,N
N95429,BRITE BLACK-BRUSHED,0.90625,FT,720472135719,9.11,12.36,0,Frame Moulding,90,9.11,N,N,N
N95470,BRUSHED SATIN NICKEL,0.90625,FT,87828214826,10.62,13.53,0,Frame Moulding,90,10.62,N,N,N
N9714,"GERMAN SILVER 29/32""",0.90625,FT,87828913125,6.98,9.96,0,Frame Moulding,100,6.98,N,N,N
N97150,"FLORENTINE SILVER 29/32""",0.90625,FT,720472122313,8.41,11.37,0,Frame Moulding,100,8.41,N,N,N
N97151,"FLORENTINE GOLD 29/32""",0.90625,FT,720472122320,8.52,11.36,0,Frame Moulding,100,8.52,N,N,N
N97154,"FLORENTINE GREY 29/32""",0.90625,FT,720472122344,8.25,11.37,0,Frame Moulding,100,8.25,N,N,N
N97155,"FLORENTINE AMBER 29/32""",0.90625,FT,720472122351,9.2,11.37,0,Frame Moulding,100,9.2,N,N,N
N97156,"FLORINTINE BLACK 29/32""",0.90625,FT,720472122368,9.2,11.37,0,Frame Moulding,100,9.2,N,N,N
N97167,"FLORENTINE WALNUT 29/32""",0.90625,FT,720472122382,9.2,11.36,0,Frame Moulding,100,9.2,N,N,N
N9721,"MATTE BLACK 29/32""",0.90625,FT,87828913057,6.97,9.96,0,Frame Moulding,100,6.97,N,N,N
N97400,"BRUSHED ALUM. SATIN 29/32""",0.90625,FT,720472133012,7.79,11.65,0,Frame Moulding,100,7.79,N,N,N
N9750,"BLACK 29/32""",0.90625,FT,720472122412,6.79,8.82,0,Frame Moulding,100,6.79,N,N,N
N97550,"TUSCAN LINEN SILVER 29/32""",0.90625,FT,87828743463,8.52,11.36,0,Frame Moulding,100,8.52,N,N,N
N97552,"TUSCAN LINEN STEEL 29/32""",0.90625,FT,NULL,9.7,11.99,0,Frame Moulding,100,9.7,N,N,N
N97553,"TUSCAN LINEN CARAMEL 19/32""",0.90625,FT,NULL,9.7,11.99,0,Frame Moulding,100,9.7,N,N,N
N97555,"TUSCAN LINEN AMBER 29/32""",0.90625,FT,87828153088,9.2,11.37,0,Frame Moulding,100,9.2,N,N,N
N97556,"TUSCAN LINEN BLACK 29/32""",0.90625,FT,87828163131,9.2,11.37,0,Frame Moulding,100,9.2,N,N,N
N97557,"TUSCAN LINEN PEWTER  19/32""",0.90625,FT,NULL,9.7,11.99,0,Frame Moulding,100,9.7,N,N,N
N97558,"TUSCAN LINEN SLATE   19/32""",0.90625,FT,NULL,9.7,11.99,0,Frame Moulding,100,9.7,N,N,N
N99150,FLORENTINE SILVER,1.375,FT,87828863291,7.93,13.71,0,Frame Moulding,120,7.93,N,N,N
N99154,FLORENTINE GREY,1.375,FT,87828123593,10.03,12.78,0,Frame Moulding,120,10.03,N,N,N
N99156,FLORENTINE BLACK,1.375,FT,87828173796,10.03,13.54,0,Frame Moulding,120,10.03,N,N,N
N99167,FLORENTINE WALNUT,1.375,FT,87828203936,8.87,11.54,0,Frame Moulding,120,8.87,N,N,N
N9921,MATTE BLACK,1.375,FT,720472135726,7.98,11.59,0,Frame Moulding,120,7.98,N,N,N
N99421,BRUSHED SATIN BLACK,1.375,FT,87828384963,10.26,14.27,0,Frame Moulding,120,10.26,N,N,N
N99430,BRUSHED GERMAN SILVER,1.375,FT,720472135733,10.03,13.36,0,Frame Moulding,120,10.03,N,N,N
N99470,BRUSHED SATIN NICKEL,1.375,FT,87828974577,10.45,14.27,0,Frame Moulding,120,10.45,N,N,N
N99475,BRUSHED SATIN CHOCOLATE,1.375,FT,87828214512,9.68,12.47,0,Frame Moulding,120,9.68,N,N,N
N99478,BRUSHED SATIN PEWTER,1.375,FT,87828804362,10.26,13.22,0,Frame Moulding,120,10.26,N,N,N
NOEM101,MLDG NOEM 1 SILVER,0.25,FT,87828602487,2.61,4.56,0,Frame Moulding,400,2.61,N,N,N
NOEM103,MLDG NOEM 1 GOLD,0.25,FT,87828232387,2.75,4.9,0,Frame Moulding,400,2.75,N,N,N
NOEM114,MLDG NIELSEN OEM 1 GER. SILVER,0.25,FT,87828182095,2.46,4.35,0,Frame Moulding,400,2.46,N,N,N
NOEM120,MLDG NOEM 1 ANODIC BLK,0.25,FT,87828432305,2.69,4.92,0,Frame Moulding,400,2.69,N,N,N
NOEM121,MLDG NOEM 1 MATTE BLACK,0.25,FT,87828212501,2.79,5.11,0,Frame Moulding,400,2.79,N,N,N
NOEM1501,MLDG NOEM 15 SILVER,0.375,FT,87828602739,2.95,5.39,0,Frame Moulding,320,2.95,N,N,N
NOEM1502,MLDG NOEM15 FRO SLVR,0.375,FT,720472163132,2.78,5.09,0,Frame Moulding,320,2.78,N,N,N
NOEM1503,MLDG NOEM 15 GOLD,0.375,FT,87828482058,2.96,5.42,0,Frame Moulding,320,2.96,N,N,N
NOEM1504,MLDG NOEM 15 FRO GOLD,0.375,FT,720472163149,2.78,5.09,0,Frame Moulding,320,2.78,N,N,N
NOEM1513,MLDG NOEM 15 CONT. GRAY,0.375,FT,87828282481,2.69,4.84,0,Frame Moulding,320,2.69,N,N,N
NOEM1514,MLDG NOEM 15 GER. SLVR,0.375,FT,87828382471,2.74,5.13,0,Frame Moulding,320,2.74,N,N,N
NOEM1520,MLDG NOEM 15 ANODIC BLK,0.375,FT,87828952605,3.25,5.86,0,Frame Moulding,320,3.25,N,N,N
NOEM1521,MLDG NOEM 15 MATTE BLK,0.375,FT,87828312300,3.05,5.51,0,Frame Moulding,320,3.05,N,N,N
NOEM201,MLDG NOEM 2 SILVER,0.375,FT,720472163095,2.8,4.9,0,Frame Moulding,400,2.8,N,N,N
NOEM220,MLDG NOEM 2 BLACK,0.375,FT,720472163118,2.51,5.68,0,Frame Moulding,400,2.51,N,N,N
NOEM221,MLDG NOEM 2 MAT BLACK,0.375,FT,720472163125,2.86,5.36,0,Frame Moulding,400,2.86,N,N,N
NOEM2FS,MLDG NIELSEN OEM 2 FR SILVER,0.375,FT,87828802634,2.05,3.96,0,Frame Moulding,0,2.05,N,N,N
NOEM501,MLDG NOEM 5 SILVER,0.375,FT,87828312904,2.54,4.66,0,Frame Moulding,400,2.54,N,N,N
NOEM503,MLDG NOEM 5 GOLD,0.375,FT,87828982831,2.65,4.86,0,Frame Moulding,400,2.65,N,N,N
NOEM513,MLDG NIELSEN OEM 5 CONT. GRAY,0.375,FT,87828642032,2.05,3.3,0,Frame Moulding,400,1.64,N,N,Y
NOEM520,MLDG NOEM 5 BLK,0.375,FT,87828742039,2.96,5.42,0,Frame Moulding,400,2.96,N,N,N
NOEM521,MLDG NOEM 5 MATTE BLACK,0.375,FT,87828832792,2.69,4.92,0,Frame Moulding,400,2.69,N,N,N
OMA1620,OPTIUM MUSEUM ACR 16X20 1 LITE,0,EA,NULL,80.64,0,0,Glazing & Foam,0,0,N,N,N
OMA2024,OPTIUM MUSEUM ACR 20X24 1 LITE,0,EA,NULL,126.45,0,0,Glazing & Foam,0,0,N,N,N
OMA2432,OPTIUM MUSEUM ACR 24X32 1 LITE,0,EA,NULL,194.57,0,0,Glazing & Foam,0,0,N,N,N
OMA3240,OPTIUM MUSEUM ACR 32X40 1 LITE,0,EA,NULL,323.35,0,0,Glazing & Foam,0,0,N,N,N
OMA6080,"  TRU VUE OPTIUM UV ACR 60x80""",0,EA,NULL,1974.69,0,0,Glazing & Foam,0,0,N,N,N
OPM3648,OPTIUM MUSEUM ACR 36X48 1 LITE,0,EA,NULL,450.67,0,0,Glazing & Foam,0,0,N,N,N
SP2513251575,13.25 X 15.75 2.5MM GLASS,0,EA,NULL,5.57,0,0,Glazing & Foam,0,0,N,N,N
SP2513251900,13.25 X 19 2.5MM CUT GLASS,0,EA,NULL,6.77,0,0,Glazing & Foam,0,0,N,N,N
SP2516001900,16 X 19 2.5MM CUT GLASS,0,EA,NULL,7.21,0,0,Glazing & Foam,0,0,N,N,N
WWMG1620,WATER WHITE MUSEUM 16 LITES,0,EA,NULL,394.8,0,0,Glazing & Foam,0,0,N,N,Y
WWMG2436,WATER WHITE MUSEUM  6 LITES,0,EA,NULL,394.8,0,0,Glazing & Foam,0,0,N,N,Y
WWMG3240,WATER WHITE MUSEUM  4 LITES,0,EA,NULL,394.8,0,0,Glazing & Foam,0,0,N,N,Y
X0140,W2 FL/NAT.LIN-GOLD LINER 1 1/4,1.25,FT,720472103572,4.9,8.32,9.32,Frame Moulding,180,3.11,N,N,N
X0466,"W0 FL/GOLD FILLET 3/16""",0.1875,FT,720472103596,3.58,6.1,7.1,Fillet,1140,1.97,Y,N,N
X1536,W1 FL/NAT. LINEN LINER     3/4,0.75,FT,720472103633,3.56,5.87,6.87,Frame Moulding,399,2.12,N,N,N
X1537,W1 FL/WHITE LINEN LINER    3/4,0.75,FT,720472103640,3.56,5.87,6.87,Frame Moulding,360,2.12,N,N,N
X1551,W2 FL/NAT. LINEN LINER   1 1/4,1.25,FT,720472103657,5.27,9.07,10.07,Frame Moulding,400,3.43,N,N,N
X1552,W2 FL/WHITE LINEN LINER  1 1/4,1.25,FT,720472103664,5.25,9,10,Frame Moulding,400,3.28,N,N,N
X1572,W2 FL/WHITE LINEN LINER      2,2,FT,720472103688,7.04,10.81,11.81,Frame Moulding,300,4.18,N,N,N
