category,item,description, chop , cost , JOIN , group , size decimal 
BELLA,520263,OXIDE 1 5/8 MOCHA RUST CENTURY,  19.97 ,  11.98 ,  28.53 ,Wood,  1.63 
BELLA,520266,OXIDE 1 5/8 TEAL RUST CENTURY,  19.97 ,  11.98 ,  28.53 ,Wood,  1.63 
BELLA,520267,OXIDE 1 5/8 BLACK RUST CENTURY,  19.97 ,  11.98 ,  28.53 ,Wood,  1.63 
BELLA,520270,OXIDE 1 OXBLOOD RUST MIDCENTUR,  15.34 ,  9.20 ,  21.91 ,Wood,  1.00 
BELLA,520271,OXIDE 1 TEAL RUST MIDCENTURY,  15.34 ,  9.20 ,  21.91 ,Wood,  1.00 
BELLA,520272,OXIDE 1 BLACK RUST MIDCENTURY,  15.34 ,  9.20 ,  21.91 ,Wood,  1.00 
BELLA,520342,BRAMBLE 9/16 CHESTNUT,  9.23 ,  5.54 ,  13.18 ,Wood,  0.56 
BELLA,520343,BRAMBLE 9/16 HONEYSUCKLE,  9.23 ,  5.54 ,  13.18 ,Wood,  0.56 
BELLA,520344,BRAMBLE 9/16 PRIMROSE,  9.23 ,  5.54 ,  13.18 ,Wood,  0.56 
BELLA,520345,BRAMBLE 9/16 THISTLE,  9.23 ,  5.54 ,  13.18 ,Wood,  0.56 
BELLA,520346,BRAMBLE 9/16 GOLDENROD,  9.23 ,  5.54 ,  13.18 ,Wood,  0.56 
BELLA,520521,QUARRY 1 3/16 LILAC AMETHYST,  34.78 ,  20.87 ,  49.69 ,Wood,  1.19 
BELLA,520522,QUARRY 1 3/16 ROSE QUARTZ,  34.78 ,  20.87 ,  49.69 ,Wood,  1.19 
BELLA,520523,QUARRY 1 3/16 WHITE MOONSTONE,  34.78 ,  20.87 ,  49.69 ,Wood,  1.19 
BELLA,520524,QUARRY 1 3/16 TURQUOISE,  34.78 ,  20.87 ,  49.69 ,Wood,  1.19 
BELLA,520525,QUARRY 1 3/16 GREEN JASPER,  34.78 ,  20.87 ,  49.69 ,Wood,  1.19 
BELLA,520526,QUARRY 1 3/16 LAPIS LAZULI,  34.78 ,  20.87 ,  49.69 ,Wood,  1.19 
BELLA,520527,QUARRY 1 3/16 TIGERS EYE,  34.78 ,  20.87 ,  49.69 ,Wood,  1.19 
BELLA,520528,QUARRY 1 3/16 RED GARNET,  34.78 ,  20.87 ,  49.69 ,Wood,  1.19 
BELLA,520581,GARDA 2 MORNING MIST MTN PINE,  38.69 ,  23.21 ,  55.27 ,Wood,  2.00 
BELLA,520582,GARDA 2 SHADOW BLACK MTN PINE,  38.69 ,  23.21 ,  55.27 ,Wood,  2.00 
BELLA,520583,GARDA 2 LILAC SKY MTN PINE,  38.69 ,  23.21 ,  55.27 ,Wood,  2.00 
BELLA,520584,GARDA 2 CERULEAN MTN PINE,  38.69 ,  23.21 ,  55.27 ,Wood,  2.00 
BELLA,520585,GARDA 2 GILDED SUN MTN PINE,  38.69 ,  23.21 ,  55.27 ,Wood,  2.00 
BELLA,520586,GARDA 2 CASTELLO GREY MTN PINE,  38.69 ,  23.21 ,  55.27 ,Wood,  2.00 
BELLA,520587,GARDA 1 1/16 MORNING MIST ORNA,  31.10 ,  18.66 ,  44.43 ,Wood,  1.06 
BELLA,520588,GARDA 1 1/16 SHADOW BLACK ORNA,  31.10 ,  18.66 ,  44.43 ,Wood,  1.06 
BELLA,520589,GARDA 1 1/16 LILAC SKY ORNATE,  31.10 ,  18.66 ,  44.43 ,Wood,  1.06 
BELLA,520590,GARDA 1 1/16 CERULEAN ORNATE,  31.10 ,  18.66 ,  44.43 ,Wood,  1.06 
BELLA,520591,GARDA 1 1/16 GILDED SUN ORNATE,  31.10 ,  18.66 ,  44.43 ,Wood,  1.06 
BELLA,520592,GARDA 1 1/16 CASTELLO GREY ORN,  31.10 ,  18.66 ,  44.43 ,Wood,  1.06 
BELLA,520625,JARDIN 1 3/8 DUSTED MOON,  36.38 ,  21.83 ,  51.97 ,Wood,  1.38 
BELLA,520626,JARDIN 1 3/8 SUN KING GOLD,  36.38 ,  21.83 ,  51.97 ,Wood,  1.38 
BELLA,520627,JARDIN 1 3/8 SOIL BLACK,  36.38 ,  21.83 ,  51.97 ,Wood,  1.38 
BELLA,520628,JARDIN 1 3/8 FOUNTAIN GREY,  36.38 ,  21.83 ,  51.97 ,Wood,  1.38 
BELLA,520629,JARDIN 1 3/8 BORDEAU BRICK,  36.38 ,  21.83 ,  51.97 ,Wood,  1.38 
BELLA,520630,JARDIN 1 3/8 DELPHINIM BLUE,  36.38 ,  21.83 ,  51.97 ,Wood,  1.38 
BELLA,520631,JARDIN 1 3/8 AQUA VERT,  36.38 ,  21.83 ,  51.97 ,Wood,  1.38 
BELLA,520632,HELENA 3/4 BLACK COINS,  30.61 ,  18.36 ,  43.72 ,Wood,  0.75 
BELLA,520633,HELENA 3/4 GREEN COINS,  30.61 ,  18.36 ,  43.72 ,Wood,  0.75 
BELLA,520634,HELENA 3/4 BLUECOINS,  30.61 ,  18.36 ,  43.72 ,Wood,  0.75 
BELLA,520635,HELENA 3/4 PURPLE COINS,  30.61 ,  18.36 ,  43.72 ,Wood,  0.75 
BELLA,520636,HELENA 3/4 CYPRESS COINS,  30.61 ,  18.36 ,  43.72 ,Wood,  0.75 
BELLA,520637,HELENA 3/4 LINEN COINS,  30.61 ,  18.36 ,  43.72 ,Wood,  1.00 
BELLA,520680,ALHAMBRA 1 COBALT,  16.25 ,  10.57 ,  23.20 ,Wood,  1.00 
BELLA,520681,ALHAMBRA 1 PURPLE,  16.25 ,  10.57 ,  23.20 ,Wood,  1.00 
BELLA,520682,ALHAMBRA 1 RED,  16.25 ,  10.57 ,  23.20 ,Wood,  1.00 
BELLA,520683,ALHAMBRA 1 BROWN,  16.25 ,  10.57 ,  23.20 ,Wood,  1.00 
BELLA,520684,ALHAMBRA 1 TURQUOISE,  16.25 ,  10.57 ,  23.20 ,Wood,  1.00 
BELLA,520685,ALHAMBRA 1 OLIVED PERIDOT,  16.25 ,  10.57 ,  23.20 ,Wood,  1.00 
BELLA,520686,ALHAMBRA 1 CREAM,  16.25 ,  10.57 ,  23.20 ,Wood,  1.00 
BELLA,554623,TAPPO 1 NATURAL CORK,  11.75 ,  7.05 ,  16.78 ,Wood,  1.00 
BELLA,554624,TAPPO 1 DOVE CORK,  11.75 ,  7.05 ,  16.78 ,Wood,  1.00 
BELLA,554625,TAPPO 1 COCOA CORK,  11.75 ,  7.05 ,  16.78 ,Wood,  1.00 
BELLA,554626,TAPPO 1 CONCRETE CORK,  11.75 ,  7.05 ,  16.78 ,Wood,  1.00 
BELLA,554627,TAPPO 1 INDIGO CORK,  11.75 ,  7.05 ,  16.78 ,Wood,  1.00 
BELLA,554628,TAPPO 1 MUSHROOM CORK,  11.75 ,  7.05 ,  16.78 ,Wood,  1.00 
BELLA,554718,FRIDA 1 15/16 BLACK EMBOSSED,  19.80 ,  11.88 ,  28.28 ,Wood,  1.94 
BELLA,554719,FRIDA 1 15/16 XOLO NERO EMBOSS,  19.80 ,  11.88 ,  28.28 ,Wood,  1.94 
BELLA,554720,FRIDA 1 15/16 IRON EMBOSSED,  19.80 ,  11.88 ,  28.28 ,Wood,  1.94 
BELLA,554721,FRIDA 1 15/16 BRONZE EMBOSSED,  19.80 ,  11.88 ,  28.28 ,Wood,  1.94 
BELLA,554722,FRIDA 1 15/16 GOLD EMBOSSED,  19.80 ,  11.88 ,  28.28 ,Wood,  1.94 
BELLA,554723,FRIDA 1 15/16 CALLA LILY EMBOS,  19.80 ,  11.88 ,  28.28 ,Wood,  1.94 
BELLA,554725,FRIDA 11/16 BLACK EMBOSSED,  11.60 ,  6.96 ,  16.58 ,Wood,  0.69 
BELLA,554726,FRIDA 11/16 NERO EMBOSSED,  11.60 ,  6.96 ,  16.58 ,Wood,  0.69 
BELLA,554727,FRIDA 11/16 MOLE ROJO EMBOSSED,  11.60 ,  6.96 ,  16.58 ,Wood,  0.69 
BELLA,554728,FRIDA 11/16 CASA AZUL EMBOSSED,  11.60 ,  6.96 ,  16.58 ,Wood,  0.69 
BELLA,554729,FRIDA 11/16 CORAZON EMBOSSED,  11.60 ,  6.96 ,  16.58 ,Wood,  0.69 
BELLA,554730,FRIDA 11/16 QUINCEANERA EMBOSS,  11.60 ,  6.96 ,  16.58 ,Wood,  0.69 
BELLA,554731,FRIDA 11/16 MARIGOLD EMBOSSED,  11.60 ,  6.96 ,  16.58 ,Wood,  0.69 
BELLA,554732,FRIDA 11/16 IRON EMBOSSED,  11.60 ,  6.96 ,  16.58 ,Wood,  0.69 
BELLA,554733,FRIDA 11/16 BRONZE EMBOSSED,  11.60 ,  6.96 ,  16.58 ,Wood,  0.69 
BELLA,554734,FRIDA 11/16 AZTEC GOLD EMBOSSE,  11.60 ,  6.96 ,  16.58 ,Wood,  0.69 
BELLA,554735,FRIDA 11/16 CALLA LILY EMBOSSE,  11.60 ,  6.96 ,  16.58 ,Wood,  0.69 
BELLA,554737,FRIDA 11/16 NOPALES EMBOSSED,  11.60 ,  6.96 ,  16.58 ,Wood,  0.69 
BELLA,554738,BUNGALOW 1 1/2 BLACK DIAMOND,  27.17 ,  16.30 ,  38.82 ,Wood,  1.50 
BELLA,554739,BUNGALOW 1 1/2 BROWN DIAMOND,  27.17 ,  16.30 ,  38.82 ,Wood,  1.50 
BELLA,554740,BUNGALOW 1 1/2 WHITE DIAMOND,  27.17 ,  16.30 ,  38.82 ,Wood,  1.50 
BELLA,554741,BUNGALOW 1 1/2 BLUE DIAMOND,  27.17 ,  16.30 ,  38.82 ,Wood,  1.50 
BELLA,554742,BUNGALOW 1 1/2 MUSTARD DIAMOND,  27.17 ,  16.30 ,  38.82 ,Wood,  1.50 
BELLA,554743,BUNGALOW 1 1/2 SAGE DIAMOND,  27.17 ,  16.30 ,  38.82 ,Wood,  1.50 
BELLA,554744,BUNGALOW 1 1/2 ORANGE DIAMOND,  27.17 ,  16.30 ,  38.82 ,Wood,  1.50 
BELLA,590001,BIJOU 3/4 BLANC D'ARGENT,  11.20 ,  6.72 ,  16.01 ,Wood,  0.75 
BELLA,590002,BIJOU 3/4 ROUGE D'ARGENT,  11.20 ,  6.72 ,  16.01 ,Wood,  0.75 
BELLA,590003,BIJOU 3/4 VERT D'OR,  11.20 ,  6.72 ,  16.01 ,Wood,  0.75 
BELLA,590004,BIJOU 3/4 BLEU D'ARGENT,  11.20 ,  6.72 ,  16.01 ,Wood,  0.75 
BELLA,590005,BIJOU 3/4 GRIS D'ARGENT,  11.20 ,  6.72 ,  16.01 ,Wood,  0.75 
BELLA,590006,BIJOU 3/4 TAUPE D'OR,  11.20 ,  6.72 ,  16.01 ,Wood,  0.75 
BELLA,590007,BIJOU 3/4 NOIR D'ARGENT,  11.20 ,  6.72 ,  16.01 ,Wood,  0.75 
BELLA,590008,BIJOU 3/4 NOIR DI BRONZE,  11.20 ,  6.72 ,  16.01 ,Wood,  0.75 
BELLA,740009,AURORA 1 3/16 BLACK BLOCK,  13.13 ,  7.88 ,  18.75 ,Wood,  1.19 
BELLA,740010,AURORA 1 3/16 GREY GALAXY BLOC,  13.13 ,  7.88 ,  18.75 ,Wood,  1.19 
BELLA,740011,AURORA 1 3/16 SILVER BLOCK,  13.13 ,  7.88 ,  18.75 ,Wood,  1.19 
BELLA,740012,AURORA 1 3/16 MERCURY BLOCK,  13.13 ,  7.88 ,  18.75 ,Wood,  1.19 
BELLA,740013,AURORA 1 3/16 SUN FLARE GOLD B,  13.13 ,  7.88 ,  18.75 ,Wood,  1.19 
BELLA,740014,AURORA 3/4 GREY GALAXY CAP,  12.73 ,  7.64 ,  18.19 ,Wood,  0.75 
BELLA,740015,AURORA 3/4 SOLAR SILVER CAP,  12.73 ,  7.64 ,  18.19 ,Wood,  0.75 
BELLA,740016,AURORA 3/4 MERCURY CAP,  12.73 ,  7.64 ,  18.19 ,Wood,  0.75 
BELLA,740017,AURORA 3/4 SUN FLARE GOLD CAP,  12.73 ,  7.64 ,  18.19 ,Wood,  0.75 
BELLA,740031,AURORA 3/4 BLACK BOREALIS CAP,  12.73 ,  7.64 ,  18.19 ,Wood,  0.75 
BELLA,740032,HI-FI 1 GROOVY VINTAGE VINYL,  10.96 ,  6.58 ,  15.66 ,Wood,  1.00 
BELLA,740033,HI-FI 1 GROOVY MARVIN GREY,  10.96 ,  6.58 ,  15.66 ,Wood,  1.00 
BELLA,740034,HI-FI 1 GROOVY SMOKEY BROWN,  10.96 ,  6.58 ,  15.66 ,Wood,  1.00 
BELLA,740035,HI-FI 1 GROOVY TINA TANNER,  10.96 ,  6.58 ,  15.66 ,Wood,  1.00 
BELLA,740036,HI-FI 1 GROOVY BARRY WHITE,  10.96 ,  6.58 ,  15.66 ,Wood,  1.00 
BELLA,740053,BUNGALOW 3/4 OAK/BEIGE,  11.27 ,  6.76 ,  16.09 ,Wood,  0.75 
BELLA,740054,BUNGALOW 3/4 OAK/SAGE,  11.27 ,  6.76 ,  16.09 ,Wood,  0.75 
BELLA,740055,BUNGALOW 3/4 OAK/GREY,  11.27 ,  6.76 ,  16.09 ,Wood,  0.75 
BELLA,740056,BUNGALOW 3/4 OAK/PINK,  11.27 ,  6.76 ,  16.09 ,Wood,  0.75 
BELLA,740057,BUNGALOW 3/4 OAK/WHITE,  11.27 ,  6.76 ,  16.09 ,Wood,  0.75 
BELLA,740058,BUNGALOW 3/4 OAK/MUSTARD,  11.27 ,  6.76 ,  16.09 ,Wood,  0.75 
BELLA,740059,BUNGALOW 3/4 WALNUT/BEIGE,  11.27 ,  6.76 ,  16.09 ,Wood,  0.75 
BELLA,740060,BUNGALOW 3/4 WALNUT/BLACK,  11.27 ,  6.76 ,  16.09 ,Wood,  0.75 
BELLA,740061,BUNGALOW 3/4 WALNUT/BLUE,  11.27 ,  6.76 ,  16.09 ,Wood,  0.75 
BELLA,740062,BUNGALOW 3/4 WALNUT/ORANGE,  11.27 ,  6.76 ,  16.09 ,Wood,  0.75 
BELLA,740063,KUSAMA 3/4 BLACK INFINITE GREY,  11.70 ,  7.02 ,  16.71 ,Wood,  0.75 
BELLA,740064,KUSAMA 3/4 BLACK CRIMSON DOTS,  11.70 ,  7.02 ,  16.71 ,Wood,  0.75 
BELLA,740065,KUSAMA 3/4 GREY PRISMATIC PEWT,  11.70 ,  7.02 ,  16.71 ,Wood,  0.75 
BELLA,740066,KUSAMA 3/4 TAN COSMIC BRONZE,  11.70 ,  7.02 ,  16.71 ,Wood,  0.75 
BELLA,740067,KUSAMA 3/4 YELLOW ASTRIAL GOLD,  11.70 ,  7.02 ,  16.71 ,Wood,  0.75 
BELLA,740068,KUSAMA 3/4 WHITE CELESTIAL ORB,  11.70 ,  7.02 ,  16.71 ,Wood,  0.75 
BELLA,770001,VARIS 13/16 BLK SIDE SILVER CA,  14.59 ,  8.75 ,  20.84 ,Wood,  0.81 
BELLA,770002,VARIS 13/16 WHT SIDE SILVER CA,  14.59 ,  8.75 ,  20.84 ,Wood,  0.81 
BELLA,770003,VARIS 13/16 BRN SIDE SILVER CA,  14.59 ,  8.75 ,  20.84 ,Wood,  0.81 
BELLA,770004,VARIS 13/16 GRY SIDE SILVER CA,  14.59 ,  8.75 ,  20.84 ,Wood,  0.81 
BELLA,770005,VARIS 11/16 WNTERGRN SILVER CA,  12.17 ,  7.30 ,  17.39 ,Wood,  0.69 
BELLA,770006,VARIS 11/16 BLIE/SILVER CAP,  12.17 ,  7.30 ,  17.39 ,Wood,  0.69 
BELLA,770007,VARIS 11/16 GOLDENRD SILVER CA,  12.17 ,  7.30 ,  17.39 ,Wood,  0.69 
BELLA,770008,VARIS 11/16 GREY/SILVER CAP,  12.17 ,  7.30 ,  17.39 ,Wood,  0.69 
BELLA,770031,VARIS 3/4 BLACK ICE METALLIC,  8.85 ,  5.31 ,  12.64 ,Wood,  0.75 
BELLA,770032,VARIS 3/4 ARCTIC WHITE METALLI,  8.85 ,  5.31 ,  12.64 ,Wood,  0.75 
BELLA,770033,VARIS 3/4 WINTERGREEN METALLIC,  8.85 ,  5.31 ,  12.64 ,Wood,  0.75 
BELLA,770034,VARIS 3/4 REINDEER METALLIC,  8.85 ,  5.31 ,  12.64 ,Wood,  0.75 
BELLA,770035,VARIS 3/4 BALTIC BLUE METALLIC,  8.85 ,  5.31 ,  12.64 ,Wood,  0.75 
BELLA,770036,VARIS 3/4 FROSTED PLUM METALLI,  8.85 ,  5.31 ,  12.64 ,Wood,  0.75 
BELLA,770037,VARIS 3/4 BLACK ICE METALLIC,  15.03 ,  9.02 ,  21.47 ,Wood,  0.75 
BELLA,770038,VARIS 3/4 ARCTIC WHITE METALLI,  15.03 ,  9.02 ,  21.47 ,Wood,  0.75 
BELLA,770039,VARIS 3/4 WINTERGREEN METALLIC,  15.03 ,  9.02 ,  21.47 ,Wood,  0.75 
BELLA,770040,VARIS 3/4 REINDEER METALLIC,  15.03 ,  9.02 ,  21.47 ,Wood,  0.75 
BELLA,770041,VARIS 3/4 BALTIC BLUE METALLIC,  15.03 ,  9.02 ,  21.47 ,Wood,  0.75 
BELLA,770042,VARIS 3/4 FROSTED PLUM METALLI,  15.03 ,  9.02 ,  21.47 ,Wood,  0.75 
BELLA,780071,CHAUCER 1 1/2 BRASS KNIGHT,  19.47 ,  11.68 ,  27.81 ,Wood,  1.50 
BELLA,780072,CHAUCER 1 1/2 CREAM KNIGHT,  19.47 ,  11.68 ,  27.82 ,Wood,  1.50 
BELLA,780073,CHAUCER 1 1/2 STEEL KNIGHT,  19.47 ,  11.68 ,  27.81 ,Wood,  1.50 
BELLA,780074,CHAUCER 9/16 BLACK FLOWERS,  8.76 ,  5.26 ,  12.51 ,Wood,  0.56 
BELLA,780075,CHAUCER 9/16 WHITE FLOWERS,  8.76 ,  5.26 ,  12.51 ,Wood,  0.56 
BELLA,780076,CHAUCER 9/16 VICTORY RED FLOWE,  8.76 ,  5.26 ,  12.51 ,Wood,  0.56 
BELLA,780077,CHAUCER 9/16 BLUE FLOWERS,  8.76 ,  5.26 ,  12.51 ,Wood,  0.56 
BELLA,780078,CHAUCER 9/16 ORANGE FLOWERS,  8.76 ,  5.26 ,  12.51 ,Wood,  0.56 
BELLA,780079,CHAUCER 9/16 GREEN FLOWERS,  8.76 ,  5.26 ,  12.51 ,Wood,  0.56 
FI,STR1,STRETCHER 1 3/16X7/16 200/BNDL,  2.11 ,  1.25 ,  3.01 ,Extender,  1.19 
FI,STR10,STRAINER 1 7/16 X 1/2 200/BNDL,  3.30 ,  1.65 ,  4.71 ,Extender,  1.44 
FI,STR11,STRAINER 1 1/2 x 1/4 200/BNDL,  1.82 ,  0.91 ,  2.60 ,Extender,  1.50 
FI,STR12,STRAINER 2 1/2 x 3/4 100/BNDL,  5.10 ,  2.55 ,  7.30 ,Extender,  2.50 
FI,STR2,STRETCHER 1 9/16X5/8 200/BNDL,  3.30 ,  1.90 ,  4.71 ,Extender,  1.56 
FI,STR3,STRETCHER 2 1/4 X1 60/BNDL,  6.50 ,  3.70 ,  9.29 ,Extender,  2.25 
FI,STR4,STRETCHER 2 1/4 X1 3/8 60/BNDL,  7.80 ,  4.35 ,  11.14 ,Extender,  2.25 
FI,STR6,STRETCHER 1 1/8X1 15/16 100/BN,  6.00 ,  3.35 ,  8.57 ,Extender,  1.13 
FI,STR7,STRETCHER 1 1/8x1 1/2 100/BNDL,  4.80 ,  2.70 ,  6.86 ,Extender,  1.13 
FI,STR9,STRAINER 1 7/16 X 3/4 200/BNDL,  3.70 ,  1.65 ,  5.29 ,Extender,  1.44 
FI ,E110102,BERGAMO 1 BLACK SCALLOP,  5.00 ,  2.40 ,  7.69 ,Wood,  1.00 
FI ,E110103,BERGAMO 1 GOLD SCALLOP,  5.00 ,  2.40 ,  7.69 ,Wood,  1.00 
FI ,E110104,BERGAMO 1 SILVER SCALLOP,  5.00 ,  2.40 ,  7.69 ,Wood,  1.00 
FI ,E110112,BERGAMO 7/8 BLACK LOTUS LEAF,  5.31 ,  2.55 ,  8.17 ,Wood,  0.88 
FI ,E110113,BERGAMO 7/8 GOLD LOTUS LEAF,  5.31 ,  2.55 ,  8.17 ,Wood,  0.88 
FI ,E110114,BERGAMO 7/8 SILVER LOTUS LEAF,  5.31 ,  2.55 ,  8.17 ,Wood,  0.88 
FI ,E110122,BERGAMO 1 1/8 ANTIQUE BLACK,  5.00 ,  2.75 ,  9.09 ,Wood,  1.13 
FI ,E110132,BERGAMO 7/8 BLACK PALM LEAF,  6.98 ,  3.35 ,  10.74 ,Wood,  0.88 
FI ,E110133,BERGAMO 7/8 GOLD PALM LEAF,  6.98 ,  3.35 ,  10.74 ,Wood,  0.88 
FI ,E110134,BERGAMO 7/8 SILVER PALM LEAF,  6.98 ,  3.35 ,  10.74 ,Wood,  0.88 
FI ,E110142,BERGAMO 1 1/8 BLACK REEDS,  4.06 ,  1.95 ,  6.25 ,Wood,  1.13 
FI ,E110143,BERGAMO 1 1/8 GOLD REEDS,  4.06 ,  1.95 ,  6.25 ,Wood,  1.13 
FI ,E110144,BERGAMO 1 1/8 SILVER REEDS,  4.06 ,  1.95 ,  6.25 ,Wood,  1.13 
FI ,E133622,RUE BOURBON 1 13/16 BLACK RSTC,  6.45 ,  3.55 ,  11.74 ,Wood,  1.81 
FI ,E133623,RUE BOURBON 1 13/16 BROWN RSTC,  6.45 ,  3.55 ,  11.74 ,Wood,  1.81 
FI ,E172437,5/8 BLACK,  2.36 ,  1.30 ,  4.30 ,Wood,  0.63 
FI ,E511022,NEHALEM 1 CHARCOAL RAKED,  4.79 ,  2.30 ,  7.37 ,Wood,  1.00 
FI ,E511024,NEHALEM 1 WINE RAKED,  4.79 ,  2.30 ,  7.37 ,Wood,  1.00 
FI ,E511026,NEHALEM 1 DEEP GREEN RAKED,  4.79 ,  2.30 ,  7.37 ,Wood,  1.00 
FI ,E511027,NEHALEM 1 WAYWARD BLUE RAKED,  4.79 ,  2.30 ,  7.37 ,Wood,  1.00 
FI ,E511028,NEHALEM 1 ANTELOPE RAKED,  4.79 ,  2.30 ,  7.37 ,Wood,  1.00 
FI ,E711021,RUE BOURBON 3/4 WHITE RUSTIC,  3.73 ,  2.05 ,  6.78 ,Wood,  0.75 
FI ,E711022,RUE BOURBON 3/4 BLACK RUSTIC,  3.73 ,  2.05 ,  6.78 ,Wood,  0.75 
FI ,E711023,RUE BOURBON 3/4 BROWN RUSTIC,  3.73 ,  2.05 ,  6.78 ,Wood,  0.75 
FI ,E711024,RUE BOURBON 3/4 RED RUSTIC,  3.73 ,  2.05 ,  6.78 ,Wood,  0.75 
FI ,E711025,RUE BOURBON 3/4 ORANGE RUSTIC,  3.73 ,  2.05 ,  6.78 ,Wood,  0.75 
FI ,E711026,RUE BOURBON 3/4 GREEN RUSTIC,  3.73 ,  2.05 ,  6.78 ,Wood,  0.75 
FI ,E711027,RUE BOURBON 3/4 BLUE RUSTIC,  3.73 ,  2.05 ,  6.78 ,Wood,  0.75 
FI ,900005,GALLERY 3/4 SATIN BLACK 412/BX,  4.27 ,  2.35 ,  7.77 ,Wood,  0.75 
FI ,900010,GALLERY 7/8 SATIN BLACK 694/BX,  2.73 ,  1.50 ,  4.96 ,Wood,  0.88 
FI ,900015,GALLERY 1 1/4 BLACK 411/BX,  4.45 ,  2.45 ,  8.10 ,Wood,  1.25 
FI ,900020,GALLERY 1 11/16 BLACK 190/BX,  6.82 ,  3.75 ,  12.40 ,Wood,  1.69 
FI ,900025,GALLERY 7/8 BLACK 384/BX,  3.73 ,  2.05 ,  6.78 ,Wood,  0.88 
FI ,900030,GALLERY 1 1/4 BLACK 367/BX,  3.82 ,  2.10 ,  6.94 ,Wood,  1.25 
FI ,900035,GALLERY 7/8 BLACK 478/BX,  3.27 ,  1.80 ,  5.95 ,Wood,  0.88 
FI ,900040,GALLERY 7/8 BLACK 998/BX,  2.64 ,  1.45 ,  4.79 ,Wood,  0.88 
FI ,900045,GALLERY 5/8 BLACK 957/BX,  2.82 ,  1.55 ,  5.12 ,Wood,  0.63 
FI ,900050,GALLERY 1 3/16 BLACK 354/BX,  4.09 ,  2.25 ,  7.44 ,Wood,  1.19 
FI ,900055,GALLERY 1 3/4 BLACK 252/BX,  5.45 ,  3.00 ,  9.92 ,Wood,  1.75 
FI ,900060,GALLERY 1 1/8 BLACK 413/BX,  4.09 ,  2.25 ,  7.44 ,Wood,  1.13 
FI ,900070,GALLERY 1 3/4 BLACK 258/BOX,  5.73 ,  3.15 ,  10.41 ,Wood,  1.75 
FI ,900075,GALLERY 2 3/8 BLACK 206/BX,  6.82 ,  3.75 ,  12.40 ,Wood,  2.38 
FI ,900080,GALLERY 1 1/4 BLACK 262/BOX,  4.36 ,  2.40 ,  7.93 ,Wood,  1.25 
FI ,900090,GALLERY 1 X 2 1/4 BLACK 156/BX,  8.73 ,  4.80 ,  15.87 ,Wood,  1.00 
FI ,900100,GALLERY 3/4 BLACK 648/BX,  3.09 ,  1.70 ,  5.62 ,Wood,  0.75 
FI ,900125,GALLERY 1 1/2 BLACK 398/BX,  4.45 ,  2.45 ,  8.10 ,Wood,  1.50 
FI ,900135,GALLERY 1 1/8 BLACK 312/BX,  4.31 ,  2.37 ,  7.83 ,Wood,  1.13 
FI ,911105,GALLERY 1 BLACK 577/BX,  3.36 ,  1.85 ,  6.12 ,Wood,  1.00 
FI ,911210,GALLERY 5/8 SATIN BLACK 756/BX,  3.55 ,  1.95 ,  6.45 ,Wood,  0.63 
FI ,911220,GALLERY 5/8 BLACK W/ RED,  3.55 ,  1.95 ,  6.45 ,Wood,  0.63 
FI ,911225,GALLERY 7/8 BLACK W/ BEAD,  2.91 ,  1.60 ,  5.29 ,Wood,  0.88 
FI ,911230,GALLERY 1 9/16 BLACK W/ BEAD,  5.00 ,  2.75 ,  9.09 ,Wood,  1.56 
FI ,911245,GALLERY 1 1/2 BLACK 349/BX,  4.64 ,  2.55 ,  8.43 ,Wood,  1.50 
FI ,911250,"GALLERY 1 3/4"" BLACK 306/BX",  5.36 ,  2.95 ,  9.75 ,Wood,  1.75 
FI ,911345,3/4 SATIN WHITE NO GESSO 448/B,  3.18 ,  1.75 ,  5.79 ,Wood,  0.75 
FI ,911355,"1 1/4"" GALLERY WHITE NG 320/B",  3.83 ,  2.11 ,  6.96 ,Wood,  1.25 
FI ,911400,15/16 GALLERY ESPRESSO 540/BX,  3.65 ,  1.75 ,  5.60 ,Wood,  0.94 
FI ,911405,1 3/8 GALLERY ESPRESSO 378/BX,  5.45 ,  2.60 ,  8.35 ,Wood,  1.38 
FI ,911410,1 9/16 GALLERY ESPRESSO 324/BX,  5.85 ,  2.80 ,  9.00 ,Wood,  1.56 
FI ,911415,7/8 GALLERY ESPRESSO 378/BX,  6.45 ,  3.10 ,  9.95 ,Wood,  0.88 
FI ,911500,3/4 GALLERY BLACK OPEN GRAIN,  2.90 ,  1.40 ,  4.85 ,Wood,  0.75 
FI ,911501,1 1/4 GALLERY BLACK OPEN GRAIN,  5.55 ,  2.65 ,  8.54 ,Wood,  1.25 
FI ,911505,3/4 GALLERY WHITE OPEN GRAIN,  2.90 ,  1.40 ,  4.85 ,Wood,  0.75 
FI ,911506,1 1/4 GALLERY WHITE OPEN GRAIN,  5.55 ,  2.65 ,  8.54 ,Wood,  1.25 
FI ,911510,3/4 GALLERY NATURAL OPEN GRAIN,  2.90 ,  1.40 ,  4.85 ,Wood,  0.75 
FI ,911511,1 1/4 GALLERY NATURAL OPN GRAI,  5.55 ,  2.65 ,  8.54 ,Wood,  1.25 
FI ,911515,3/4 GALLERY CHARCOAL OPEN GRAI,  2.90 ,  1.40 ,  4.85 ,Wood,  0.75 
FI ,911516,1 1/4 GALLERY CHARCOAL OPN GRA,  5.55 ,  2.65 ,  8.54 ,Wood,  1.25 
FI ,911520,3/4 GALLERY GREY OPEN GRAIN,  2.90 ,  1.40 ,  4.85 ,Wood,  0.75 
FI ,911521,1 1/4 GALLERY GREY OPEN GRAIN,  5.55 ,  2.65 ,  8.54 ,Wood,  1.25 
FI ,911525,3/4 GALLERY WALNUT OPEN GRAIN,  2.90 ,  1.40 ,  4.85 ,Wood,  0.75 
FI ,911526,1 1/4 GALLERY WALNUT OPEN GRAI,  5.55 ,  2.65 ,  8.54 ,Wood,  1.25 
FI ,911530,3/4 GALLERY CHESTNUT OPEN GRAI,  2.90 ,  1.40 ,  4.85 ,Wood,  0.75 
FI ,911531,1 1/4 GALLERY CHESTNUT OPN GRA,  5.55 ,  2.65 ,  8.54 ,Wood,  1.25 
FI ,911535,3/4 GALLERY SEDONA RED W/ GRAI,  2.90 ,  1.40 ,  4.85 ,Wood,  0.75 
FI ,911536,1 1/4 GALLERY SEDONA RED OPN G,  5.55 ,  2.65 ,  8.54 ,Wood,  1.25 
FI ,911540,3/4 GALLERY HUNTER GREEN GRAIN,  2.90 ,  1.40 ,  4.85 ,Wood,  0.75 
FI ,911541,1 1/4 GALLERY HUNTER GREEN OPN,  5.55 ,  2.65 ,  8.54 ,Wood,  1.25 
FI ,911600,METOLIUS 1 5/8 CHARCOAL W/ BRN,  7.10 ,  3.40 ,  10.92 ,Wood,  1.13 
FI ,911601,METOLIUS 1 5/8 WALNUT W/ BROWN,  7.10 ,  3.40 ,  10.92 ,Wood,  1.13 
FI ,911602,METOLIUS 1 5/8 PECAN W/ BROWN,  7.10 ,  3.40 ,  10.92 ,Wood,  1.13 
FI ,911603,METOLIUS 1 5/8 CHERRY W/ BROWN,  7.10 ,  3.40 ,  10.92 ,Wood,  1.13 
FI ,911604,METOLIUS 1 5/8 SPRUCE W/ BROWN,  7.10 ,  3.40 ,  10.92 ,Wood,  1.13 
FI ,920100,CLASSIC 1 3/8 CHERRY SWAN W/BL,  5.10 ,  2.45 ,  7.85 ,Wood,  1.13 
FI ,920105,CLASSIC 1 3/8 WALNUT SWAN W/BL,  5.10 ,  2.45 ,  7.85 ,Wood,  1.13 
FI ,920200,CLASSIC 1 3/8 CHERRY W/BLK BEA,  4.70 ,  2.25 ,  7.23 ,Wood,  1.13 
FI ,920205,CLASSIC 1 3/8 WALNUT W/BLK BEA,  4.70 ,  2.25 ,  7.23 ,Wood,  1.13 
FI ,920210,CLASSIC 1 3/4 CHERRY W/BLK BEA,  6.15 ,  2.95 ,  9.46 ,Wood,  1.13 
FI ,920215,CLASSIC 1 3/4 WALNUT W/BLK BEA,  6.15 ,  2.95 ,  9.46 ,Wood,  1.13 
FI ,920305,MALLESCO 1 1/8 PEWTER HAMMERED,  7.92 ,  3.80 ,  12.18 ,Wood,  1.13 
FI ,920310,MALLESCO 1 1/8 SILVER HAMMERED,  7.92 ,  3.80 ,  12.18 ,Wood,  1.13 
FI ,920315,MALLESCO 1 1/8 CHAMPAGNE HAMRD,  7.92 ,  3.80 ,  12.18 ,Wood,  1.13 
FI ,920320,MALLESCO 1 1/8 GOLD HAMMERED,  7.92 ,  3.80 ,  12.18 ,Wood,  1.13 
FI ,920400,RELIC 5/8 RUSTED GOLD RIVET,  3.23 ,  1.55 ,  4.97 ,Wood,  0.63 
FI ,920405,RELIC 5/8 RUSTED SILVER RIVET,  3.23 ,  1.55 ,  4.97 ,Wood,  0.63 
FI ,920410,RELIC 5/8 RUSTED GOLD SPIKE,  3.23 ,  1.55 ,  4.97 ,Wood,  0.63 
FI ,920415,RELIC 5/8 RUSTED SILVER SPIKE,  3.23 ,  1.55 ,  4.97 ,Wood,  0.63 
FI- LINERS,A101,LINEN LINER 3/4 WHITE BEVEL,  4.69 ,  3.05 ,  6.69 ,Liner,  0.75 
FI- LINERS,A102,LINEN LINER 3/4 NATURAL BEVEL,  4.69 ,  3.05 ,  6.69 ,Liner,  0.75 
FI- LINERS,A401,SILK LINER 3/4 BLACK BEVEL,  4.69 ,  3.05 ,  6.69 ,Liner,  0.75 
FI- LINERS,C2U,PRIMED LINER 1 1/4 BEVEL,  4.85 ,  3.15 ,  6.92 ,Liner,  1.25 
FI- LINERS,C2101,LINEN LINER 1 1/4 WHITE BEVEL,  5.77 ,  3.75 ,  8.24 ,Liner,  1.25 
FI- LINERS,C2102,LINEN LINER 1 1/4 NATURAL BEVL,  5.77 ,  3.75 ,  8.24 ,Liner,  1.25 
FI- LINERS,C2401,SILK LINER 1 1/4 BLACK BEVEL,  5.77 ,  3.75 ,  8.24 ,Liner,  1.25 
FI- LINERS,D101,LINEN LINER1 1/2 WHITE BEVEL,  6.55 ,  4.25 ,  9.35 ,Liner,  1.50 
FI- LINERS,D102,LINEN LINER 1 1/2 NATURAL BEVL,  6.55 ,  4.25 ,  9.35 ,Liner,  1.50 
FI- LINERS,D401,SILK LINER 1 1/2 BLACK BEVEL,  6.55 ,  4.25 ,  9.35 ,Liner,  1.50 
FI- LINERS,F1101,LINEN LINER 2 1/2 WHITE BEVEL,  9.23 ,  6.00 ,  13.19 ,Liner,  2.50 
FI- LINERS,F1102,LINEN LINER 2 1/2 NATURAL BEVL,  9.23 ,  6.00 ,  13.19 ,Liner,  2.50 
FI- LINERS,F1401,SILK LINER 2 1/2 BLACK BEVEL,  9.23 ,  6.00 ,  13.19 ,Liner,  2.50 
FI- LINERS,Q101,LINEN LINER 1 WHITE SCOOP,  5.69 ,  3.70 ,  8.12 ,Liner,  1.00 
FI- LINERS,Q102,LINEN LINER 1 NATURAL SCOOP,  5.69 ,  3.70 ,  8.12 ,Liner,  1.00 
FI- LINERS,Q401,SILK LINER 1 BLACK SCOOP,  5.69 ,  3.70 ,  8.12 ,Liner,  1.00 
FI- LINERS,S101,LINEN LINER 2 WHITE SCOOP,  7.69 ,  5.00 ,  10.99 ,Liner,  2.00 
FI- LINERS,S102,LINEN LINER 2 NATURAL SCOOP,  7.69 ,  5.00 ,  10.99 ,Liner,  2.00 
FII,F12811,FILLET 1/4 GOLD SHELL,,  2.40 ,,Fillet,  0.25 
FII,F12822,FILLET 1/4 GOLD BEAD,,  2.40 ,,Fillet,  0.25 
FII,1020210,REUBENS 2 3/4 SILVER DUTCH RIP,  29.00 ,  14.50 ,  48.33 ,Wood,  2.75 
FII,1020211,REUBENS 2 3/4 GOLD DUTCH RIPP,  29.00 ,  14.50 ,  48.33 ,Wood,  2.75 
FII,1020308,REUBENS 2 3/4 BLACK DUTCH RIPP,  29.00 ,  14.50 ,  48.33 ,Wood,  2.75 
FII,1021210,REUBENS 2 1/4 SILVER DUTCH RIP,  22.00 ,  11.00 ,  36.67 ,Wood,  2.25 
FII,1021211,REUBENS 2 1/4 GOLD DUTCH RIPP,  22.00 ,  11.00 ,  36.67 ,Wood,  2.25 
FII,1021308,REUBENS 2 1/4 BLACK DUTCH RIP,  22.00 ,  11.00 ,  36.67 ,Wood,  2.25 
FII,1022210,REUBENS 1 1/2 SILVER DUTCH RIP,  17.00 ,  8.50 ,  28.33 ,Wood,  1.50 
FII,1022211,REUBENS 1 1/2 GOLD DUTCH RIP,  17.00 ,  8.50 ,  28.33 ,Wood,  1.50 
FII,1022308,REUBENS 1 1/2 BLACK DUTCH RIP,  17.00 ,  8.50 ,  28.33 ,Wood,  1.50 
FII,1120307,REMBRANDT 2 3/4 BLACK/GOLD,  33.10 ,  16.55 ,  50.95 ,Wood,  2.75 
FII,1121307,REMBRANDT 2 1/8 BLACK/GOLD,  27.80 ,  13.90 ,  42.75 ,Wood,  2.13 
FII,1122307,REMBRANDT 1 5/8 BLACK/GOLD,  19.90 ,  9.95 ,  30.60 ,Wood,  1.63 
FII,1228853,BOHEME 1 3/4 X 1 3/16 GOLD,  17.90 ,  8.95 ,  29.83 ,Wood,  1.75 
FII,1228854,BOHEME 1 3/4 X 1 3/16 SILVER,  17.90 ,  8.95 ,  29.83 ,Wood,  1.75 
FII,1228855,BOHEME 1 3/4 X 1 3/16 BROWN,  17.90 ,  8.95 ,  29.83 ,Wood,  1.75 
FII,1228857,BOHEME 1 3/4 X 1 3/16 BLK/GOLD,  17.90 ,  8.95 ,  29.83 ,Wood,  1.75 
FII,1228858,BOHEME 1 3/4X1 3/16 BLK/SILVER,  17.90 ,  8.95 ,  29.83 ,Wood,  1.75 
FII,1229853,BOHEME 1 X 7/8 GOLD,  11.00 ,  5.50 ,  18.33 ,Wood,  1.00 
FII,1229854,BOHEME 1 X 7/8 SILVER,  11.00 ,  5.50 ,  18.33 ,Wood,  1.00 
FII,1229855,BOHEME 1 X 7/8 BROWN W/ GOLD,  13.00 ,  6.50 ,  21.67 ,Wood,  1.00 
FII,1229857,BOHEME 1 X 7/8 BLACK W/ GOLD,  13.00 ,  6.50 ,  21.67 ,Wood,  1.00 
FII,1229858,BOHEME 1 X 7/8 BLACK W/ SILVER,  13.00 ,  6.50 ,  21.67 ,Wood,  1.00 
FII,160151,JAZZ 3/4 X 2 1/16 BLACK 395/BX,  10.50 ,  5.25 ,  17.50 ,Wood,  0.75 
FII,1602906,OFFICINA 1 1/2 RUSTY MOSS GREE,  27.20 ,  13.60 ,  45.33 ,Wood,  1.50 
FII,1602908,OFFICINA 1 1/2 RUSTY TAUPE,  27.20 ,  13.60 ,  45.33 ,Wood,  1.50 
FII,1602909,OFFICINA 1 1/2 RUSTY LAVENDER,  27.20 ,  13.60 ,  45.33 ,Wood,  1.50 
FII,1602912,OFFICINA 1 1/2 RUSTY NIGHT BLU,  27.20 ,  13.60 ,  45.33 ,Wood,  1.50 
FII,1602914,OFFICINA 1 1/2 RUSTY SKY BLUE,  27.20 ,  13.60 ,  45.33 ,Wood,  1.50 
FII,1602915,OFFICINA 1 1/2 RUSTY LEMON,  27.20 ,  13.60 ,  45.33 ,Wood,  1.50 
FII,1602916,OFFICINA 1 1/2 RUSTY CHERRY,  27.20 ,  13.60 ,  45.33 ,Wood,  1.50 
FII,1602917,OFFICINA 1 1/2 RUSTY TEAL,  27.20 ,  13.60 ,  45.33 ,Wood,  1.50 
FII,1602918,OFFICINA 1 1/2 RUSTY LIME,  27.20 ,  13.60 ,  45.33 ,Wood,  1.50 
FII,160351,JAZZ 3/4 X 1 1/4 BLACK 570/BX,  6.50 ,  3.25 ,  10.83 ,Wood,  0.75 
FII,1603563,LANDSCAPE 13/16 BLACK,  9.90 ,  4.95 ,  16.50 ,Wood,  0.81 
FII,1603568,LANDSCAPE 13/16 CHARCOAL,  9.90 ,  4.95 ,  16.50 ,Wood,  0.81 
FII,1603569,LANDSCAPE 13/16 LIGHT GREY,  9.90 ,  4.95 ,  16.50 ,Wood,  0.81 
FII,1603570,LANDSCAPE 13/16 TURQUOISE,  9.90 ,  4.95 ,  16.50 ,Wood,  0.81 
FII,1603571,LANDSCAPE 13/16 AQUA BLUE,  9.90 ,  4.95 ,  16.50 ,Wood,  0.81 
FII,1603572,LANDSCAPE 13/16 GREEN,  9.90 ,  4.95 ,  16.50 ,Wood,  0.81 
FII,1603573,LANDSCAPE 13/16 OLIVE GREEN,  9.90 ,  4.95 ,  16.50 ,Wood,  0.81 
FII,1603576,LANDSCAPE 13/16 YELLOW,  9.90 ,  4.95 ,  16.50 ,Wood,  0.81 
FII,1603577,LANDSCAPE 13/16 STRAW,  9.90 ,  4.95 ,  16.50 ,Wood,  0.81 
FII,1603578,LANDSCAPE 13/16 TAUPE,  9.90 ,  4.95 ,  16.50 ,Wood,  0.81 
FII,1603579,LANDSCAPE 13/16 BROWN,  9.90 ,  4.95 ,  16.50 ,Wood,  0.81 
FII,160451,JAZZ 9/16 X 1 3/16 BLACK CAP,  6.40 ,  3.20 ,  10.67 ,Wood,  0.56 
FII,160551,MATT 1/2 BLACK,  4.89 ,  2.45 ,  8.16 ,Wood,  0.50 
FII,160552,MATT 1/2 WHITE,  4.89 ,  2.45 ,  8.16 ,Wood,  0.50 
FII,1605753,* MATT 1/2 DARK GREY,  4.89 ,  2.45 ,  8.16 ,Wood,  0.50 
FII,1605754,* MATT 1/2 LIGHT GREY,  4.89 ,  2.45 ,  8.16 ,Wood,  0.50 
FII,1605755,MATT 1/2 DARK BLUE,  4.89 ,  2.45 ,  8.16 ,Wood,  0.50 
FII,1605756,MATT 1/2 BLUE,  4.89 ,  2.45 ,  8.16 ,Wood,  0.50 
FII,1605758,MATT 1/2 VIOLET,  4.89 ,  2.45 ,  8.16 ,Wood,  0.50 
FII,1605760,MATT 1/2 DARK GREEN,  4.89 ,  2.45 ,  8.16 ,Wood,  0.50 
FII,1605761,MATT 1/2 LIGHT GREEN,  4.89 ,  2.45 ,  8.16 ,Wood,  0.50 
FII,1605762,MATT 1/2 DARK RED,  4.89 ,  2.45 ,  8.16 ,Wood,  0.50 
FII,1605764,MATT 1/2 ORANGE,  4.89 ,  2.45 ,  8.16 ,Wood,  0.50 
FII,1605765,MATT 1/2 YELLOW,  4.89 ,  2.45 ,  8.16 ,Wood,  0.50 
FII,1605766,MATT 1/2 BROWN,  4.89 ,  2.45 ,  8.16 ,Wood,  0.50 
FII,1605767,MATT 1/2 WARM GREY,  4.89 ,  2.45 ,  8.16 ,Wood,  0.50 
FII,1609460,TIGLIO 1/2 x 1 1/2 RAW/NAT CAP,  5.40 ,  2.70 ,  9.00 ,Wood,  0.50 
FII,160951,JAZZ 1/2 X 1 1/2 BLACK CAP,  7.00 ,  3.50 ,  11.67 ,Wood,  0.50 
FII,1617381,WOODLINE 1 3/16 NATURAL CAP,  9.60 ,  4.80 ,  16.00 ,Wood,  1.19 
FII,1617382,WOODLINE 1 3/16 BLACK CAP,  9.60 ,  4.80 ,  16.00 ,Wood,  1.19 
FII,1617383,WOODLINE 1 3/16 WALNUT CAP,  9.60 ,  4.80 ,  16.00 ,Wood,  1.19 
FII,161751,JAZZ 1 1/8 x 3/4 BLACK,  6.60 ,  3.30 ,  10.99 ,Wood,  1.13 
FII,1902670,FOREST 1 1/4 CARBON BLACK,  10.20 ,  5.10 ,  17.00 ,Wood,  1.25 
FII,1902672,FOREST 1 1/4 WHITE QUARTZ,  10.20 ,  5.10 ,  17.00 ,Wood,  1.25 
FII,1902673,FOREST 1 1/4 NIGHT BLUE,  10.20 ,  5.10 ,  17.00 ,Wood,  1.25 
FII,1902674,FOREST 1 1/4 SKY BLUE,  10.20 ,  5.10 ,  17.00 ,Wood,  1.25 
FII,1902675,FOREST 1 1/4 MOSS GREEN,  10.20 ,  5.10 ,  17.00 ,Wood,  1.25 
FII,1902677,FOREST 1 1/4 RASPBERRY,  10.20 ,  5.10 ,  17.00 ,Wood,  1.25 
FII,1902679,FOREST 1 1/4 MUSTARD,  10.20 ,  5.10 ,  17.00 ,Wood,  1.25 
FII,200851,JAZZ 1 X 11/16 BLACK 787/BOX,  3.70 ,  1.85 ,  6.17 ,Wood,  1.00 
FII,20101661,MATT FLUO 5/8 NEON YELLOW,  5.90 ,  2.95 ,  9.08 ,Wood,  0.63 
FII,20101662,MATT FLUO 5/8 NEON ORANGE,  5.90 ,  2.95 ,  9.08 ,Wood,  0.63 
FII,20101663,MATT FLUO 5/8 NEON PINK,  5.90 ,  2.95 ,  9.08 ,Wood,  0.63 
FII,20101664,MATT FLUO 5/8 NEON BLUE,  5.90 ,  2.95 ,  9.08 ,Wood,  0.63 
FII,20101665,MATT FLUO 5/8 NEON GREEN,  5.90 ,  2.95 ,  9.08 ,Wood,  0.63 
FII,20101666,MATT FLUO 5/8 NEON PURPLE,  5.90 ,  2.95 ,  9.08 ,Wood,  0.63 
FII,20101742,STRIPES 5/8 WHITE/GREEN CAP,  7.10 ,  3.55 ,  10.95 ,Wood,  0.63 
FII,20101743,STRIPES 5/8 WHITE/BLUE CAP,  7.10 ,  3.55 ,  10.95 ,Wood,  0.63 
FII,20101744,STRIPES 5/8 WHITE/PINK CAP,  7.10 ,  3.55 ,  10.95 ,Wood,  0.63 
FII,20101745,STRIPES 5/8 WHITE/YELLOW CAP,  7.10 ,  3.55 ,  10.95 ,Wood,  0.63 
FII,20101746,STRIPES 5/8 WHITE/LAVENDER CAP,  7.10 ,  3.55 ,  10.95 ,Wood,  0.63 
FII,2010460,TIGLIO 5/8 x 1/2 RAW/NAT CAP,  3.70 ,  1.85 ,  6.17 ,Wood,  0.56 
FII,2010753,MATT 5/8 x 1/2 DARK GREY,  4.20 ,  2.10 ,  7.00 ,Wood,  0.63 
FII,2010754,MATT 5/8 x 1/2 LIGHT GREY,  4.20 ,  2.10 ,  7.00 ,Wood,  0.63 
FII,2010755,MATT 5/8 x 1/2 DARK BLUE,  4.20 ,  2.10 ,  7.00 ,Wood,  0.63 
FII,2010758,MATT 5/8 x 1/2 VOILET,  4.20 ,  2.10 ,  7.00 ,Wood,  0.63 
FII,2010760,MATT 5/8 x 1/2 DARK GREEN,  4.20 ,  2.10 ,  7.00 ,Wood,  0.63 
FII,2010761,MATT 5/8 x 1/2 LIGHT GREEN,  4.20 ,  2.10 ,  7.00 ,Wood,  0.63 
FII,2010766,* MATT 5/8 x 1/2 BROWN,  4.20 ,  2.10 ,  7.00 ,Wood,  0.63 
FII,2601436,ICONA 13/16 X 2 GOLD,  12.50 ,  6.25 ,  20.83 ,Wood,  0.81 
FII,2601437,ICONA 13/16 X 2 SILVER,  12.50 ,  6.25 ,  20.83 ,Wood,  0.81 
FII,2604436,ICONA 5/8 X 1 1/8 GOLD,  10.30 ,  5.15 ,  17.17 ,Wood,  0.63 
FII,2604437,ICONA 5/8 X 1 1/8 SILVER,  10.31 ,  5.15 ,  17.18 ,Wood,  0.63 
FII,2605436,ICONA 1/2 X 7/8 GOLD,  9.70 ,  4.85 ,  16.17 ,Wood,  0.50 
FII,2605437,ICONA 1/2 X 7/8 SILVER,  9.70 ,  4.85 ,  16.17 ,Wood,  0.50 
FII,3010751,JAZZ 1 3/16 x 4 3/16 BLACK SB,  19.90 ,  9.95 ,  33.17 ,Wood,  1.19 
FII,302151,JAZZ 1 3/16 X 13/16 BLACK,  6.50 ,  3.25 ,  10.83 ,Wood,  1.19 
FII,313210,ART DECO 11/16 SILVER,  10.30 ,  5.15 ,  17.17 ,Wood,  0.69 
FII,313211,ART DECO 11/16 GOLD,  10.30 ,  5.15 ,  17.17 ,Wood,  0.69 
FII,313212,ART DECO 11/16 BLACK,  10.30 ,  5.15 ,  17.17 ,Wood,  0.69 
FII,318356,HOME 3/4 CHOCOLATE CAP W/ BEVE,  7.39 ,  3.70 ,  12.32 ,Wood,  0.75 
FII,318358,HOME 3/4 BLACK CAP W/ BEVEL LI,  7.39 ,  3.70 ,  12.32 ,Wood,  0.75 
FII,318359,HOME 3/4 WHITE CAP W/ BEVEL LI,  7.39 ,  3.70 ,  12.32 ,Wood,  0.75 
FII,318360,HOME 3/4 VERDE CAP W/ BEVEL LI,  7.39 ,  3.70 ,  12.32 ,Wood,  0.75 
FII,318361,HOME 3/4 MUSTARD CAP W/ BEVEL,  7.39 ,  3.70 ,  12.32 ,Wood,  0.75 
FII,318364,HOME 3/4 BLUE CAP W/ BEVEL LIP,  7.39 ,  3.70 ,  12.32 ,Wood,  0.75 
FII,318371,HOME 3/4 AUBERGINE CAP W/ BEVE,  7.39 ,  3.70 ,  12.32 ,Wood,  0.75 
FII,320210,ART DECO 1 1/16 SILVER,  12.74 ,  6.37 ,  21.24 ,Wood,  1.06 
FII,320211,ART DECO 1 1/16 GOLD,  12.74 ,  6.37 ,  21.24 ,Wood,  1.06 
FII,320212,ART DECO 1 1/16 BLACK,  12.74 ,  6.37 ,  21.23 ,Wood,  1.06 
FII,321210,ART DECO 1 SILVER,  13.00 ,  6.50 ,  21.67 ,Wood,  1.38 
FII,321211,ART DECO 1 GOLD,  13.00 ,  6.50 ,  21.67 ,Wood,  1.38 
FII,321212,ART DECO 1 BLACK,  13.00 ,  6.50 ,  21.67 ,Wood,  1.38 
FII,322210,ART DECO 15/16 SILVER,  10.20 ,  5.10 ,  17.00 ,Wood,  0.94 
FII,322211,ART DECO 15/16 GOLD,  13.10 ,  6.55 ,  21.83 ,Wood,  0.94 
FII,322212,ART DECO 15/16 BLACK,  11.10 ,  5.55 ,  18.50 ,Wood,  0.94 
FII,326277,EPOQUE 2 BLACK W/ GOLD LIP,  18.70 ,  9.35 ,  31.17 ,Wood,  2.00 
FII,326278,EPOQUE 2 BLACK W/ SILVER LIP,  18.70 ,  9.35 ,  31.17 ,Wood,  2.00 
FII,328602,OXFORD 5/8 GOLD & WALNUT PANEL,  8.50 ,  4.25 ,  14.17 ,Wood,  0.63 
FII,328603,OXFORD 5/8 GOLD PANEL,  8.50 ,  4.25 ,  14.17 ,Wood,  0.63 
FII,328606,OXFORD 5/8 GOLD & TERRA COTTA,  8.50 ,  4.25 ,  14.17 ,Wood,  0.63 
FII,328607,OXFORD 5/8 GOLD & OLIVE PANEL,  8.50 ,  4.25 ,  14.17 ,Wood,  0.63 
FII,328608,OXFORD 5/8 GOLD & BLACK PANEL,  8.50 ,  4.25 ,  14.17 ,Wood,  0.63 
FII,328613,OXFORD 5/8 SILVER PANEL,  8.50 ,  4.25 ,  14.17 ,Wood,  0.63 
FII,328614,OXFORD 5/8 SILVER/BLUE PANEL,  8.50 ,  4.25 ,  14.17 ,Wood,  0.63 
FII,328616,OXFORD 5/8 SILVER/RED PANEL,  8.50 ,  4.25 ,  14.17 ,Wood,  0.63 
FII,328617,OXFORD 5/8 SILVER/GREEN PANEL,  8.50 ,  4.25 ,  14.17 ,Wood,  0.63 
FII,328618,OXFORD 5/8 SILVER/BLACK PANEL,  8.50 ,  4.25 ,  14.17 ,Wood,  0.63 
FII,329210,ART DECO 9/16 SILVER,  10.30 ,  5.15 ,  17.17 ,Wood,  0.56 
FII,329211,ART DECO 9/16 GOLD,  10.30 ,  5.15 ,  17.17 ,Wood,  0.56 
FII,329212,ART DECO 9/16 BLACK,  10.30 ,  5.15 ,  17.17 ,Wood,  0.56 
FII,339836,ICONA FLOATER 7/16 GOLD,  24.50 ,  12.25 ,  40.83 ,Wood,  2.00 
FII,339837,ICONA FLOATER 7/16 SILVER,  24.50 ,  12.25 ,  40.83 ,Wood,  2.00 
FII,3398381,WOODLINE FLOATER 7/16 NATURAL,  15.90 ,  7.95 ,  26.50 ,Wood,  1.19 
FII,3398383,WOODLINE FLOATER 7/16 WALNUT,  15.90 ,  7.95 ,  26.50 ,Wood,  1.19 
FII,339928,CARBON FLOATER 7/16 BLACK,  12.47 ,  6.23 ,  20.78 ,Wood,  2.00 
FII,36928,CARBON 13/16 BLACK,  6.00 ,  3.00 ,  10.00 ,Wood,  0.81 
FII,432210,ART DECO 2 1/8 SILVER,  13.80 ,  6.90 ,  23.00 ,Wood,  2.13 
FII,432211,ART DECO 2 1/8 GOLD,  13.80 ,  6.90 ,  23.00 ,Wood,  2.13 
FII,432218,ART DECO 2 1/8 BLACK,  13.80 ,  6.90 ,  23.00 ,Wood,  2.13 
FII,432219,ART DECO 2 1/8 WHITE,  13.80 ,  6.90 ,  23.00 ,Wood,  2.13 
FII,434210,ART DECO 1 1/8 X 3/4 SILVER,  10.30 ,  5.15 ,  17.17 ,Wood,  1.13 
FII,434211,ART DECO 1 1/8 X 3/4 GOLD,  10.30 ,  5.15 ,  17.17 ,Wood,  1.13 
FII,434218,ART DECO 1 1/8 X 3/4 BLACK,  8.30 ,  4.15 ,  13.83 ,Wood,  1.13 
FII,434219,ART DECO 1 1/8 X 3/4 WHITE,  8.30 ,  4.15 ,  13.83 ,Wood,  1.13 
FII,434220,LOLLIPOP 1 1/8 CREAM,  10.00 ,  5.00 ,  16.67 ,Wood,  1.13 
FII,434221,LOLLIPOP 1 1/8 SOFT PINK,  10.00 ,  5.00 ,  16.67 ,Wood,  1.13 
FII,434222,LOLLIPOP 1 1/8 GREEN,  10.00 ,  5.00 ,  16.67 ,Wood,  1.13 
FII,434223,LOLLIPOP 1 1/8 SKY BLUE,  10.00 ,  5.00 ,  16.67 ,Wood,  1.13 
FII,434226,LOLLIPOP 1 1/8 DUSTY LILAC,  10.00 ,  5.00 ,  16.67 ,Wood,  1.13 
FII,4433210,ART DECO 1 3/4 SILVER,  17.50 ,  8.75 ,  29.17 ,Wood,  1.75 
FII,4433211,ART DECO 1 3/4 GOLD,  17.50 ,  8.75 ,  29.17 ,Wood,  1.75 
FII,4433212,ART DECO 1 3/4 BLACK,  17.50 ,  8.75 ,  29.17 ,Wood,  1.75 
FII,51314,FENICE 5/8 SILVER ORNATE,  12.00 ,  6.00 ,  20.00 ,Wood,  0.63 
FII,51315,FENICE 5/8 GOLD ORNATE,  12.00 ,  6.00 ,  20.00 ,Wood,  0.63 
FII,513308,FENICE 5/8 BLACK ORNATE,  12.00 ,  6.00 ,  20.00 ,Wood,  0.63 
FII,513637,MADAME 5/8 X 11/16 TANGERINE,  9.50 ,  4.75 ,  15.83 ,Wood,  0.63 
FII,513640,MADAME 5/8 X 11/16 MED GREY,  9.50 ,  4.75 ,  15.83 ,Wood,  0.63 
FII,513651,MADAME 5/8 X 11/16 VIOLET,  9.50 ,  4.75 ,  15.83 ,Wood,  0.63 
FII,513655,MADAME 5/8 X 11/16 MUSTARD,  9.50 ,  4.75 ,  15.83 ,Wood,  0.63 
FII,513656,MADAME 5/8 X 11/16 CARDINAL RE,  9.50 ,  4.75 ,  15.83 ,Wood,  0.63 
FII,513658,MADAME 5/8 X 11/16 MOSS GREEN,  9.50 ,  4.75 ,  15.83 ,Wood,  0.63 
FII,513660,MADAME 5/8 X 11/16 BLUE,  9.50 ,  4.75 ,  15.83 ,Wood,  0.63 
FII,524245,TRAVIATA 5/8 WAVY GOLD,  13.30 ,  6.65 ,  22.17 ,Wood,  0.63 
FII,524246,TRAVIATA 5/8 WAVY SILVER,  13.30 ,  6.65 ,  22.17 ,Wood,  0.63 
FII,524547,TRAVIATA 5/8 WAVY GOLD/BLACK,  15.30 ,  7.65 ,  23.55 ,Wood,  0.63 
FII,524549,TRAVIATA 5/8 WAVY GOLD/WHITE,  15.30 ,  7.65 ,  23.55 ,Wood,  0.63 
FII,524552,TRAVIATA 5/8 WAVY GOLD/BLUE,  15.30 ,  7.65 ,  23.55 ,Wood,  0.63 
FII,524553,TRAVIATA 5/8 WAVY GOLD/GREEN,  15.30 ,  7.65 ,  23.55 ,Wood,  0.63 
FII,524554,TRAVIATA 5/8 WAVY GOLD/WINE,  15.30 ,  7.65 ,  23.55 ,Wood,  0.63 
FII,528245,TRAVIATA 1 3/4 WAVY GOLD PANEL,  20.70 ,  10.35 ,  34.50 ,Wood,  1.75 
FII,528246,TRAVIATA 1 3/4 WAVY SILVER PAN,  20.70 ,  10.35 ,  34.50 ,Wood,  1.75 
FII,60061251,GROOVE 1 9/16 BLACK,  11.90 ,  5.95 ,  19.83 ,Wood,  1.56 
FII,60061252,* GROOVE 1 9/16 WHITE,  11.90 ,  5.95 ,  19.83 ,Wood,  1.56 
FII,60071251,GROOVE 3/4 BLACK,  10.70 ,  5.35 ,  17.83 ,Wood,  0.75 
FII,60071252,* GROOVE 3/4 WHITE,  10.70 ,  5.35 ,  17.83 ,Wood,  0.75 
FII,6007381,WOODLINE 3/4 NATURAL CAP,  9.00 ,  4.50 ,  15.00 ,Wood,  0.75 
FII,6007382,WOODLINE 3/4 BLACK CAP,  9.00 ,  4.50 ,  15.00 ,Wood,  0.75 
FII,6007383,WOODLINE 3/4 WALNUT CAP,  9.00 ,  4.50 ,  15.00 ,Wood,  0.75 
FII,6007460,TIGLIO 3/4 x 1 5/16 RAW/NAT CA,  5.40 ,  2.70 ,  9.01 ,Wood,  0.75 
FII,6007463,COHIBA 3/4 X 1 5/16 DK WALNUT,  10.30 ,  5.15 ,  17.17 ,Wood,  0.75 
FII,600751,JAZZ 3/4 x 5/16 BLACK 570/BOX,  6.10 ,  3.05 ,  10.17 ,Wood,  0.75 
FII,600752,JAZZ 3/4 X 5/16 WHITE 630/BOX,  6.30 ,  3.15 ,  10.50 ,Wood,  0.75 
FII,6007753,MATT 3/4 x 1 5/16 DARK GREY,  7.00 ,  3.50 ,  11.67 ,Wood,  0.75 
FII,6007754,MATT 3/4 x 1 5/16 LIGHT GREY,  7.00 ,  3.50 ,  11.67 ,Wood,  0.75 
FII,6007755,MATT 3/4 x 1 5/16 DARK BLUE,  7.00 ,  3.50 ,  11.67 ,Wood,  0.75 
FII,6007758,MATT 3/4 x 1 5/16 VOILET,  7.00 ,  3.50 ,  11.67 ,Wood,  0.75 
FII,6007760,MATT 3/4 x 1 5/16 DARK GREEN,  7.00 ,  3.50 ,  11.67 ,Wood,  0.75 
FII,6007761,MATT 3/4 x 1 5/16 LIGHT GREEN,  7.00 ,  3.50 ,  11.67 ,Wood,  0.75 
FII,6007766,* MATT 3/4 x 1 5/16 BROWN,  7.00 ,  3.50 ,  11.67 ,Wood,  0.75 
FII,6007906,OFFICINA 3/4 RUSTY MOSS GREEN,  17.90 ,  8.95 ,  29.83 ,Wood,  0.75 
FII,6007908,OFFICINA 3/4 RUSTY TAUPE,  17.90 ,  8.95 ,  29.83 ,Wood,  0.75 
FII,6007909,OFFICINA 3/4 RUSTY LAVENDER,  17.90 ,  8.95 ,  29.83 ,Wood,  0.75 
FII,6007912,OFFICINA 3/4 RUSTY NIGHT BLUE,  17.90 ,  8.95 ,  29.83 ,Wood,  0.75 
FII,6007914,OFFICINA 3/4 RUSTY SKY BLUE,  17.90 ,  8.95 ,  29.83 ,Wood,  0.75 
FII,6007915,OFFICINA 3/4 RUSTY LEMON,  17.90 ,  8.95 ,  29.83 ,Wood,  0.75 
FII,6007916,OFFICINA 3/4 RUSTY CHERRY,  17.90 ,  8.95 ,  29.83 ,Wood,  0.75 
FII,6007917,OFFICINA 3/4 RUSTY TEAL,  17.90 ,  8.95 ,  29.83 ,Wood,  0.75 
FII,6007918,OFFICINA 3/4 RUSTY LIME,  17.90 ,  8.95 ,  29.83 ,Wood,  0.75 
FII,60081251,GROOVE 13/16 BLACK,  10.20 ,  5.10 ,  17.00 ,Wood,  0.81 
FII,60081252,* GROOVE 13/16 WHITE,  10.20 ,  5.10 ,  17.00 ,Wood,  0.81 
FII,6008381,WOODLINE 3/4 X 3/4 NATURAL CAP,  7.60 ,  3.80 ,  12.67 ,Wood,  0.75 
FII,6008382,WOODLINE 3/4 X 3/4 BLACK CAP,  7.60 ,  3.80 ,  12.67 ,Wood,  0.75 
FII,6008383,WOODLINE 3/4 X 3/4 WALNUT CAP,  7.60 ,  3.80 ,  12.67 ,Wood,  0.75 
FII,6008460,TIGLIO 3/4 x 3/4 RAW/NAT CAP,  4.11 ,  2.05 ,  6.84 ,Wood,  0.75 
FII,6008463,COHIBA 3/4 X 3/4 DK WALNUT CAP,  7.20 ,  3.60 ,  12.00 ,Wood,  0.75 
FII,600851,JAZZ 3/4 X 3/4 BLACK 944/BX,  7.50 ,  3.75 ,  12.50 ,Wood,  0.75 
FII,6008563,LANDSCAPE 3/4 X 3/4 BLACK,  8.10 ,  4.05 ,  13.50 ,Wood,  0.75 
FII,6008568,LANDSCAPE 3/4 X 3/4 CHARCOAL,  8.10 ,  4.05 ,  13.50 ,Wood,  0.75 
FII,6008569,LANDSCAPE 3/4 X 3/4 LIGHT GREY,  8.10 ,  4.05 ,  13.50 ,Wood,  0.75 
FII,6008570,LANDSCAPE 3/4 X 3/4 TURQUOISE,  8.10 ,  4.05 ,  13.50 ,Wood,  0.75 
FII,6008571,LANDSCAPE 3/4 X 3/4 AQUA BLUE,  8.10 ,  4.05 ,  13.50 ,Wood,  0.75 
FII,6008572,LANDSCAPE 3/4 X 3/4 GREEN,  8.10 ,  4.05 ,  13.50 ,Wood,  0.75 
FII,6008573,LANDSCAPE 3/4 X 3/4 OLIVE GREE,  8.10 ,  4.05 ,  13.50 ,Wood,  0.75 
FII,6008576,LANDSCAPE 3/4 X 3/4 YELLOW,  8.10 ,  4.05 ,  13.50 ,Wood,  0.75 
FII,6008577,LANDSCAPE 3/4 X 3/4 STRAW,  8.10 ,  4.05 ,  13.50 ,Wood,  0.75 
FII,6008578,LANDSCAPE 3/4 X 3/4 TAUPE,  8.10 ,  4.05 ,  13.50 ,Wood,  0.75 
FII,6008579,LANDSCAPE 3/4 X 3/4 BROWN,  8.10 ,  4.05 ,  13.50 ,Wood,  0.75 
FII,6008670,FOREST 3/4 CARBON BLACK,  8.50 ,  4.25 ,  14.17 ,Wood,  0.75 
FII,6008672,FOREST 3/4 WHITE QUARTZ,  8.50 ,  4.25 ,  14.17 ,Wood,  0.75 
FII,6008673,FOREST 3/4 NIGHT BLUE,  8.50 ,  4.25 ,  14.17 ,Wood,  0.75 
FII,6008674,FOREST 3/4 SKY BLUE,  8.50 ,  4.25 ,  14.17 ,Wood,  0.75 
FII,6008675,FOREST 3/4 MOSS GREEN,  8.50 ,  4.25 ,  14.17 ,Wood,  0.75 
FII,6008677,FOREST 3/4 RASPBERRY,  8.50 ,  4.25 ,  14.17 ,Wood,  0.75 
FII,6008679,FOREST 3/4 MUSTARD,  8.50 ,  4.25 ,  14.17 ,Wood,  0.75 
FII,6008928,CARBON 13/16 BLACK,  5.50 ,  2.75 ,  9.17 ,Wood,  0.81 
FII,6015836,ICONA FLOATER 3/8 GOLD,  18.10 ,  9.05 ,  30.17 ,Wood,  1.56 
FII,6015837,ICONA FLOATER 3/16 SILVER,  18.10 ,  9.05 ,  30.17 ,Wood,  1.56 
FII,601624,COLORI 9/16 ORANGE BEVEL,  5.50 ,  2.75 ,  9.17 ,Wood,  0.56 
FII,601626,COLORI 9/16 RED BEVEL,  5.50 ,  2.75 ,  9.17 ,Wood,  0.56 
FII,601627,COLORI 9/16 GREEN BEVEL,  5.50 ,  2.75 ,  9.17 ,Wood,  0.56 
FII,601628,COLORI 9/16 BLACK BEVEL,  5.50 ,  2.75 ,  9.17 ,Wood,  0.56 
FII,601629,COLORI 9/16 BLUE BEVEL,  5.50 ,  2.75 ,  9.17 ,Wood,  0.56 
FII,601631,COLORI 9/16 DARK GREY BEVEL,  5.50 ,  2.75 ,  9.17 ,Wood,  0.56 
FII,601632,COLORI 9/16 LIGHT GREY BEVEL,  5.50 ,  2.75 ,  9.17 ,Wood,  0.56 
FII,601633,COLORI 9/16 BROWN BEVEL,  5.50 ,  2.75 ,  9.17 ,Wood,  0.56 
FII,6016460,TIGLIO FLOATER 3/16 NATURAL,  11.00 ,  5.50 ,  18.33 ,Wood,  0.19 
FII,6036463,COHIBA FLOATER 3/16 DK WALNUT,  12.00 ,  6.00 ,  20.00 ,Wood,  0.19 
FII,6108401,DENIM 3/4 TURQUOISE,  10.20 ,  5.10 ,  17.00 ,Wood,  0.75 
FII,6108402,DENIM 3/4 SAGE GREEN,  10.20 ,  5.10 ,  17.00 ,Wood,  0.75 
FII,6108403,DENIM 3/4 ROSA,  10.20 ,  5.10 ,  17.00 ,Wood,  0.75 
FII,6108404,DENIM 3/4 LIGHT BLUE,  10.20 ,  5.10 ,  17.00 ,Wood,  0.75 
FII,6108405,DENIM 3/4 MUSTARD,  10.20 ,  5.10 ,  17.00 ,Wood,  0.75 
FII,6108406,DENIM 3/4 RED,  10.20 ,  5.10 ,  17.00 ,Wood,  0.75 
FII,6108407,DENIM 3/4 FOREST GREEN,  10.20 ,  5.10 ,  17.00 ,Wood,  0.75 
FII,6108408,DENIM 3/4 CARBON BLACK,  10.20 ,  5.10 ,  17.00 ,Wood,  0.75 
FII,6108409,DENIM 3/4 SNOW WHITE,  10.20 ,  5.10 ,  17.00 ,Wood,  0.75 
FII,6108410,DENIM 3/4 SMOKE GREY,  10.20 ,  5.10 ,  17.00 ,Wood,  0.75 
FII,6108412,DENIM 3/4 BLUE,  10.20 ,  5.10 ,  17.00 ,Wood,  0.75 
FII,6208843,OPERA 7/16 X 3/4 GOLD W/ BEAD,  9.90 ,  4.95 ,  16.50 ,Wood,  0.44 
FII,6208844,OPERA 7/16 X 3/4 SILVER W/BEAD,  9.90 ,  4.95 ,  16.50 ,Wood,  0.44 
FII,6208845,OPERA 7/16 X 3/4 BROWN W/ GOLD,  9.90 ,  4.95 ,  16.50 ,Wood,  0.44 
FII,6208847,OPERA 7/16 X 3/4 BLACK W/ GOLD,  9.90 ,  4.95 ,  16.50 ,Wood,  0.44 
FII,6208848,OPERA 7/16 X 3/4 BLACK W/SILVE,  9.90 ,  4.95 ,  16.50 ,Wood,  0.44 
FII,6581,* NOCE 1/2 X 1/2 BROWN W/ GOLD,  5.50 ,  2.75 ,  9.17 ,Wood,  0.50 
FII,65843,OPERA 1/2 X 1/2 GOLD,  8.10 ,  4.05 ,  13.50 ,Wood,  0.50 
FII,65844,OPERA 1/2 X 1/2 SILVER,  8.10 ,  4.05 ,  13.50 ,Wood,  0.50 
FII,65847,OPERA 1/2 X 1/2 BLACK W/ GOLD,  8.10 ,  4.05 ,  13.50 ,Wood,  0.50 
FII,65848,OPERA 1/2 X 1/2 BLACK W/ SILVE,  8.10 ,  4.05 ,  13.50 ,Wood,  0.50 
FII,702816,SEQUOIA 1 1/2 BROWN,  13.50 ,  6.75 ,  22.50 ,Wood,  1.50 
FII,702817,SEQUOIA 1 1/2 GREY,  13.50 ,  6.75 ,  22.50 ,Wood,  1.50 
FII,702818,SEQUOIA 1 1/2 BLACK,  13.50 ,  6.75 ,  22.50 ,Wood,  1.50 
FII,702819,SEQUOIA 1 1/2 WHITE,  13.50 ,  6.75 ,  22.50 ,Wood,  1.50 
FII,703816,SEQUOIA 3/4 X 7/8 BROWN,  10.30 ,  5.15 ,  17.17 ,Wood,  0.75 
FII,703817,SEQUOIA 3/4 X 7/8 GREY,  10.30 ,  5.15 ,  17.17 ,Wood,  0.75 
FII,703818,SEQUOIA 3/4 X 7/8 BLACK,  10.30 ,  5.15 ,  17.17 ,Wood,  0.75 
FII,703819,SEQUOIA 3/4 X 7/8 WHITE,  10.30 ,  5.15 ,  17.17 ,Wood,  0.75 
FII,742928,CARBON 2 7/8 BLACK,  12.00 ,  6.00 ,  20.00 ,Wood,  2.88 
FII,7431210,* 1 11/16 LINGOTTO SILVER,  17.00 ,  8.50 ,  28.33 ,Wood,  1.69 
FII,7431211,* 1 11/16 LINGOTTO GOLD,  17.00 ,  8.50 ,  28.33 ,Wood,  1.69 
FII,7431212,* 1 11/16 LINGOTTO STEEL,  17.00 ,  8.50 ,  28.33 ,Wood,  1.69 
FII,743928,CARBON 1 3/4 BLACK,  9.20 ,  4.60 ,  15.33 ,Wood,  1.75 
FII,745928,CARBON 1 3/16 BLACK,  7.20 ,  3.60 ,  12.00 ,Wood,  1.19 
FII,75310,DOGE 2 SILVER BAROQUE TEXTURED,  39.00 ,  19.50 ,  60.00 ,Wood,  2.00 
FII,75311,DOGE 2 COOL GOLD BAROQUE,  39.00 ,  19.50 ,  60.00 ,Wood,  2.00 
FII,75315,DOGE 2 DARK GOLD BAROQUE,  39.00 ,  19.50 ,  60.00 ,Wood,  2.00 
FII,753307,DOGE 2 BLACK/GOLD BAROQUE,  39.00 ,  19.50 ,  60.00 ,Wood,  2.00 
FII,753308,DOGE 2 BLACK BAROQUE TEXTURED,  39.00 ,  19.50 ,  60.00 ,Wood,  2.00 
FII,75410,DOGE 1 3/8 SILVER BAROQUE,  23.00 ,  11.50 ,  35.35 ,Wood,  1.38 
FII,75411,DOGE 1 3/8 COOL GOLD BAROQUE,  23.00 ,  11.50 ,  35.35 ,Wood,  1.38 
FII,75415,DOGE 1 3/8 DARK GOLD BAROQUE,  23.00 ,  11.50 ,  35.35 ,Wood,  1.38 
FII,754307,DOGE 1 3/8 BLACK/GOLD BAROQUE,  23.00 ,  11.50 ,  35.35 ,Wood,  1.38 
FII,754308,DOGE 1 3/8 BLACK BAROQUE,  23.00 ,  11.50 ,  35.35 ,Wood,  1.38 
FII,75814,FENICE 2 1/4 SILVER ORNATE,  25.00 ,  12.50 ,  41.67 ,Wood,  2.25 
FII,75815,FENICE 2 1/4 GOLD ORNATE,  25.00 ,  12.50 ,  41.67 ,Wood,  2.25 
FII,758308,FENICE 2 1/4 BLACK ORNATE,  23.00 ,  11.50 ,  38.33 ,Wood,  2.25 
FII,75914,FENICE 1 1/8 SILVER ORNATE,  17.20 ,  8.60 ,  28.67 ,Wood,  1.13 
FII,75915,FENICE 1 1/8 GOLD ORNATE,  17.20 ,  8.60 ,  28.67 ,Wood,  1.13 
FII,759308,FENICE 1 1/8 BLACK ORNATE,  17.20 ,  8.60 ,  28.67 ,Wood,  1.13 
FII,759637,MADAME 1 1/4 TANGERINE,  14.50 ,  7.25 ,  24.17 ,Wood,  1.25 
FII,759640,MADAME 1 1/4 MEDIUM GREY,  14.50 ,  7.25 ,  24.17 ,Wood,  1.25 
FII,759651,MADAME 1 1/4 VIOLET,  14.50 ,  7.25 ,  24.17 ,Wood,  1.25 
FII,759655,MADAME 1 1/4 MUSTARD,  14.50 ,  7.25 ,  24.17 ,Wood,  1.25 
FII,759656,MADAME 1 1/4 CARDINAL RED,  14.50 ,  7.25 ,  24.17 ,Wood,  1.25 
FII,759658,MADAME 1 1/4 MOSS GREEN,  14.50 ,  7.25 ,  24.17 ,Wood,  1.25 
FII,759660,MADAME 1 1/4 BLUE,  14.50 ,  7.25 ,  24.17 ,Wood,  1.25 
FII,759661,MADAME FLUO 1 1/4 NEON YELLOW,  15.90 ,  7.95 ,  26.50 ,Wood,  1.25 
FII,759662,MADAME FLUO 1 1/4 NEON ORANGE,  15.90 ,  7.95 ,  26.50 ,Wood,  1.25 
FII,759663,MADAME FLUO 1 1/4 NEON PINK,  15.90 ,  7.95 ,  26.50 ,Wood,  1.25 
FII,759664,MADAME FLUO 1 1/4 NEON BLUE,  15.90 ,  7.95 ,  26.50 ,Wood,  1.25 
FII,759665,MADAME FLUO 1 1/4 NEON GREEN,  15.90 ,  7.95 ,  26.50 ,Wood,  1.25 
FII,759962,MADAME STARDUST 1 1/4 BLUE/GLD,  22.20 ,  11.10 ,  37.00 ,Wood,  1.25 
FII,759964,MADAME STARDUST 1 1/4 GRN/GLD,  22.20 ,  11.10 ,  37.00 ,Wood,  1.25 
FII,759966,MADAME STARDUST 1 1/4 YELLW/GD,  22.20 ,  11.10 ,  37.00 ,Wood,  1.25 
FII,759967,MADAME STARDUST 1 1/4 PEACH/GD,  22.20 ,  11.10 ,  37.00 ,Wood,  1.25 
FII,759968,MADAME STARDUST 1 1/4 WHTE/GLD,  22.20 ,  11.10 ,  37.00 ,Wood,  1.25 
FII,76010,FENICE 1 1/16 SILVER,  11.30 ,  5.65 ,  18.84 ,Wood,  1.06 
FII,76011,FENICE 1 1/16 GOLD,  11.30 ,  5.65 ,  18.84 ,Wood,  1.06 
FII,760212,FENICE 1 1/16 BLACK,  10.40 ,  5.20 ,  17.33 ,Wood,  1.06 
FII,762210,FENICE 5/8 X 3/4 SILVER,  11.10 ,  5.55 ,  18.50 ,Wood,  0.63 
FII,762211,FENICE 5/8 X 3/4 GOLD,  11.10 ,  5.55 ,  18.50 ,Wood,  0.63 
FII,762212,FENICE 5/8 X 3/4 BLACK,  11.10 ,  5.55 ,  18.50 ,Wood,  0.63 
FII,76610,DOGE 2 1/16 SILVER SCOOP,  20.65 ,  10.33 ,  34.42 ,Wood,  2.06 
FII,76611,DOGE 2 1/16 GOLD SCOOP,  20.65 ,  10.33 ,  34.42 ,Wood,  2.06 
FII,766212,DOGE 2 1/16 BLACK SCOOP,  19.00 ,  9.50 ,  31.67 ,Wood,  2.06 
FII,76710,DOGE 1 7/16 SILVER SCOOP,  14.50 ,  7.25 ,  24.17 ,Wood,  1.44 
FII,76711,DOGE 1 7/16 GOLD SCOOP,  15.90 ,  7.95 ,  26.50 ,Wood,  1.44 
FII,767212,DOGE 1 7/16 BLACK SCOOP,  14.50 ,  7.25 ,  24.17 ,Wood,  1.44 
FII,771210,BAMBU 1 SILVER,  12.80 ,  6.40 ,  21.33 ,Wood,  1.00 
FII,771211,BAMBU 1 GOLD,  12.80 ,  6.40 ,  21.33 ,Wood,  1.00 
FII,771212,BAMBU 1 BLACK,  12.80 ,  6.40 ,  21.33 ,Wood,  1.00 
FII,771213,BAMBU 1 NATURAL,  12.80 ,  6.40 ,  21.33 ,Wood,  1.00 
FII,772210,BAMBU 3/4 SILVER,  9.50 ,  4.75 ,  15.83 ,Wood,  0.75 
FII,772211,BAMBU 3/4 GOLD,  9.50 ,  4.75 ,  15.83 ,Wood,  0.75 
FII,772212,BAMBU 3/4 BLACK,  9.50 ,  4.75 ,  15.83 ,Wood,  0.75 
FII,772213,BAMBU 3/4 NATURAL,  9.50 ,  4.75 ,  15.83 ,Wood,  0.75 
FII,775210,VERSAILLES 1 9/16 SILVER,  12.61 ,  6.30 ,  21.01 ,Wood,  1.56 
FII,775211,VERSAILLES 1 9/16 GOLD,  12.61 ,  6.30 ,  21.01 ,Wood,  1.56 
FII,775597,VERSAILLES 1 9/16 TAUPE,  12.61 ,  6.30 ,  21.01 ,Wood,  1.56 
FII,775598,VERSAILLES 1 9/16 BLACK,  12.61 ,  6.30 ,  21.01 ,Wood,  1.56 
FII,775599,VERSAILLES 1 9/16 WHITE,  12.61 ,  6.30 ,  21.01 ,Wood,  1.56 
FII,779463,COHIBA 1 5/16 DK WALNUT CAP,  7.50 ,  3.75 ,  12.50 ,Wood,  1.31 
FII,780460,TIGLIO 3/4 x 2 RAW/NATURAL CAP,  7.80 ,  3.90 ,  13.00 ,Wood,  0.75 
FII,780463,COHIBA 3/4 X 2 DK WALNUT CAP,  9.80 ,  4.90 ,  16.33 ,Wood,  0.75 
FII,781460,TIGLIO 9/16 x 1 3/16 RAW CAP,  4.11 ,  2.05 ,  6.84 ,Wood,  0.56 
FII,781463,COHIBA 9/16 X 1 1/4 DK WALNUT,  7.70 ,  3.85 ,  12.83 ,Wood,  0.56 
FII,782460,TIGLIO 1/2 x 7/8 RAW/NAT CAP,  3.70 ,  1.85 ,  6.17 ,Wood,  0.50 
FII,7835646,HIGH LINE 7/8 RED & GOLD,  17.60 ,  8.80 ,  29.33 ,Wood,  0.88 
FII,7835648,HIGH LINE 7/8 BLACK & GOLD,  17.60 ,  8.80 ,  29.33 ,Wood,  0.88 
FII,7835651,HIGH LINE 7/8 NAVY BLUE & GOLD,  17.60 ,  8.80 ,  29.33 ,Wood,  0.88 
FII,7835655,HIGH LINE 7/8 MUSTARD & GOLD,  17.60 ,  8.80 ,  29.33 ,Wood,  0.88 
FII,7835658,HIGH LINE 7/8 VERDE & GOLD,  17.60 ,  8.80 ,  29.33 ,Wood,  0.88 
FII,7835659,HIGH LINE 7/8 TIFF BLUE & GOLD,  17.60 ,  8.80 ,  29.33 ,Wood,  0.88 
FII,808238,COLORI 3/4 BLACK CAP W/ BEVEL,  8.90 ,  4.45 ,  13.70 ,Wood,  0.75 
FII,808624,COLORI 3/4 ORANGE CAP W/ BEVEL,  8.90 ,  4.45 ,  13.70 ,Wood,  0.75 
FII,808625,COLORI 3/4 YELLOW CAP W/ BEVEL,  8.90 ,  4.45 ,  13.70 ,Wood,  0.75 
FII,808626,COLORI 3/4 RED CAP W/ BEVEL,  8.90 ,  4.45 ,  13.70 ,Wood,  0.75 
FII,808627,COLORI 3/4 GREEN CAP W/ BEVEL,  8.90 ,  4.45 ,  13.70 ,Wood,  0.75 
FII,808629,COLORI 3/4 BLUE CAP W/ BEVEL,  8.90 ,  4.45 ,  13.70 ,Wood,  0.75 
FII,814137,HERMITAGE 2 1/2 BLACK W/ SILVE,  22.50 ,  11.25 ,  37.50 ,Wood,  2.50 
FII,814138,HERMITAGE 2 1/2 BLACK W/ GOLD,  22.50 ,  11.25 ,  37.50 ,Wood,  2.50 
FII,821137,HERMITAGE 1 3/4 BLACK W/ SILVE,  19.90 ,  9.95 ,  33.17 ,Wood,  2.50 
FII,821138,HERMITAGE 1 3/4 BLACK W/ GOLD,  19.90 ,  9.95 ,  33.17 ,Wood,  1.75 
FII,85336,ICONA 5/8 X 3/4 GOLD SCOOP,  10.25 ,  5.10 ,  17.08 ,Wood,  0.63 
FII,85337,ICONA 5/8 X 3/4 SILVER SCOOP,  10.25 ,  5.10 ,  17.08 ,Wood,  0.63 
FII,87236,ICONA 5/8 X 11/16 GOLD,  10.20 ,  5.10 ,  17.00 ,Wood,  0.63 
FII,87237,ICONA 5/8 X 11/16 SILVER,  10.20 ,  5.10 ,  17.00 ,Wood,  0.63 
FII,92836,ICONA 1 11/16 GOLD SCOOP,  19.00 ,  9.50 ,  31.67 ,Wood,  1.69 
FII,92837,ICONA 1 11/16 SILVER SCOOP,  19.00 ,  9.50 ,  31.67 ,Wood,  1.69 
FII,92936,ICONA 1 X 7/8 GOLD,  13.00 ,  6.50 ,  21.67 ,Wood,  1.00 
FII,92937,ICONA 1 X 7/8 SILVER,  13.00 ,  6.50 ,  21.67 ,Wood,  1.88 
FII,94263,PROVENZAL 1 3/8 GRIGIO,  11.80 ,  5.90 ,  19.67 ,Wood,  1.38 
FII,94264,PROVENZAL 1 3/8 MARRONE,  11.80 ,  5.90 ,  19.67 ,Wood,  1.38 
FII,94268,PROVENZAL 1 3/8 NERO,  11.80 ,  5.90 ,  19.67 ,Wood,  1.38 
FII,94269,PROVENZAL 1 3/8 BIANCO,  11.80 ,  5.90 ,  19.67 ,Wood,  1.38 
FII,94363,PROVENZAL 5/8 GRIGIO,  7.20 ,  3.60 ,  12.00 ,Wood,  0.63 
FII,94364,PROVENZAL 5/8 MARRONE,  7.20 ,  3.60 ,  12.00 ,Wood,  0.63 
FII,94368,PROVENZAL 5/8 NERO,  7.20 ,  3.60 ,  12.00 ,Wood,  0.63 
FII,94369,PROVENZAL 5/8 BIANCO,  7.20 ,  3.60 ,  12.00 ,Wood,  0.63 
FII,945575,RIVER 13/16 X 1 1/8 HAZELNUT,  8.80 ,  4.40 ,  14.67 ,Wood,  0.81 
FII,945576,RIVER 13/16 X 1 1/8 BROWN,  8.80 ,  4.40 ,  14.67 ,Wood,  0.81 
FII,945577,RIVER 13/16 X 1 1/8 GREY,  8.80 ,  4.40 ,  14.67 ,Wood,  0.81 
FII,945578,RIVER 13/16 X 1 1/8 BLACK,  8.80 ,  4.40 ,  14.67 ,Wood,  0.81 
FII,945579,RIVER 13/16 X 1 1/8 WHITE,  8.80 ,  4.40 ,  14.67 ,Wood,  0.81 
FII,947575,RIVER 9/16 RUSTIC HAZELNUT,  7.30 ,  3.65 ,  12.16 ,Wood,  0.56 
FII,947576,RIVER 9/16 RUSTIC BROWN,  7.30 ,  3.65 ,  12.16 ,Wood,  0.56 
FII,947577,RIVER 9/16 RUSTIC GREY,  7.30 ,  3.65 ,  12.16 ,Wood,  0.56 
FII,947578,RIVER 9/16 RUSTIC BLACK,  7.30 ,  3.65 ,  12.16 ,Wood,  0.56 
FII,947579,RIVER 9/16 RUSTIC WHITE,  7.30 ,  3.65 ,  12.16 ,Wood,  0.56 
FII,959144,OPERA 1 x 7/8 BLACK/GOLD,  11.00 ,  5.50 ,  18.33 ,Wood,  1.88 
FII,959148,OPERA 1 x 7/8 BLACK/SILVER,  11.00 ,  5.50 ,  18.33 ,Wood,  1.88 
FII,961144,OPERA 5/8 BLACK W/ GOLD BEAD,  10.60 ,  5.30 ,  17.67 ,Wood,  0.56 
FII,961145,OPERA 5/8 GOLD W/BEAD,  10.60 ,  5.30 ,  17.66 ,Wood,  0.63 
FII,961146,OPERA 5/8 SILVER W/BEAD,  10.60 ,  5.30 ,  17.66 ,Wood,  0.63 
FII,961147,OPERA 5/8 BROWN W/GLD BEAD,  10.60 ,  5.30 ,  17.66 ,Wood,  0.63 
FII,961148,OPERA 5/8 BLACK W/ SILVER BEAD,  10.60 ,  5.30 ,  17.67 ,Wood,  0.56 
FII,961149,OPERA 5/8 WHITE W/ SLVR BEAD,  10.60 ,  5.30 ,  17.66 ,Wood,  0.63 
FII,97815,IMPERO 3 1/2 GOLD ORNATE SCOOP,  83.50 ,  41.75 ,  128.45 ,Wood,  3.50 
FII,978307,IMPERO 3 1/2 BLACK/GLD ORNATE,  83.50 ,  41.75 ,  128.45 ,Wood,  3.50 
FII,978308,IMPERO 3 1/2 BLACK ORNATE,  83.50 ,  41.75 ,  128.45 ,Wood,  3.50 
FII,99114,FENICE 1 SILVER ORNATE,  16.30 ,  8.15 ,  27.17 ,Wood,  1.00 
FII,99115,FENICE 1 GOLD ORNATE,  16.30 ,  8.15 ,  27.17 ,Wood,  1.00 
FII,991308,FENICE 1 BLACK ORNATE,  16.30 ,  8.15 ,  27.17 ,Wood,  1.00 
FII,6680900,GALLERY 3/4 BLACK CAP,  4.94 ,  2.47 ,  7.06 ,Wood,  0.75 
FII,6680908,GALLERY 1 1/8 X 1 1/2 BLACK,  6.44 ,  3.22 ,  9.20 ,Wood,  1.13 
FII,6690927,GARA 1 GOLDEN APRICOT,  7.20 ,  3.60 ,  10.29 ,Wood,  1.00 
FII,6691015,GARA 1 CREAM,  7.20 ,  3.60 ,  10.29 ,Wood,  1.00 
FII,6691332,GARA 1 PHEASANT,  7.20 ,  3.60 ,  10.29 ,Wood,  1.00 
FII,6691334,GARA 1 HENNA,  7.20 ,  3.60 ,  10.29 ,Wood,  1.00 
FII,6691405,GARA 1 FLINT,  7.20 ,  3.60 ,  10.29 ,Wood,  1.00 
FII,6691636,GARA 1 BLACK,  7.20 ,  3.60 ,  10.29 ,Wood,  1.00 
FII,6693905,GARA 1 DIAPHANOUS LILAC,  7.20 ,  3.60 ,  10.29 ,Wood,  1.00 
FII,6694309,GARA 1 STERLING BLUE,  7.20 ,  3.60 ,  10.29 ,Wood,  1.00 
FII,6697009,GARA 1 OLIVE GREEN,  7.20 ,  3.60 ,  10.29 ,Wood,  1.00 
FII,6697032,GARA 1 MISTY GREY,  7.20 ,  3.60 ,  10.29 ,Wood,  1.00 
FII,6699007,GARA 1 SILVER SHIMMER,  7.20 ,  3.60 ,  10.29 ,Wood,  1.00 
FII,100719,KNOTTY 13/16 LIGHT BROWN,  7.72 ,  4.25 ,  9.93 ,Wood,  0.81 
FII,100721,KNOTTY 13/16 DARK BROWN,  7.72 ,  4.25 ,  9.93 ,Wood,  0.81 
FII,100821,KNOTTY 1 1/4 DARK BROWN,  10.45 ,  5.75 ,  13.44 ,Wood,  1.25 
FII,100829,KNOTTY 1 1/4 LIGHT BROWN,  10.45 ,  5.75 ,  13.44 ,Wood,  1.25 
FII,103338,SULCO 1 3/16 NAVY BLUE,  7.91 ,  4.35 ,  10.17 ,Wood,  1.19 
FII,103339,SULCO 1 3/16 DARKEST SPRUCE,  7.91 ,  4.35 ,  10.17 ,Wood,  1.19 
FII,103340,SULCO 1 3/16 MUSTARD,  7.91 ,  4.35 ,  10.17 ,Wood,  1.19 
FII,103341,SULCO 1 3/16 SAGE GREEN,  7.91 ,  4.35 ,  10.17 ,Wood,  1.19 
FII,103342,SULCO 1 3/16 URBAN RED,  7.91 ,  4.35 ,  10.17 ,Wood,  1.19 
FII,103344,SULCO 1 3/16 GREY,  7.91 ,  4.35 ,  10.17 ,Wood,  1.19 
FII,1060067,GRANGE 13/16 RUSTIC GREEN,  5.73 ,  3.15 ,  7.36 ,Wood,  0.81 
FII,1060068,GRANGE 13/16 RUSTIC PEACH,  5.73 ,  3.15 ,  7.36 ,Wood,  0.81 
FII,1060069,GRANGE 13/16 RUSTIC BROWN,  5.73 ,  3.15 ,  7.36 ,Wood,  0.81 
FII,1060070,GRANGE 13/16 RUSTIC BLACK,  5.73 ,  3.15 ,  7.36 ,Wood,  0.81 
FII,1060071,GRANGE 13/16 RUSTIC SILVER,  5.73 ,  3.15 ,  7.36 ,Wood,  0.81 
FII,1060073,GRANGE 13/16 RUSTIC TAN,  5.73 ,  3.15 ,  7.36 ,Wood,  0.81 
FII,108046,FAZENDA 1 1/8 CINNABAR RED,  9.18 ,  5.05 ,  11.81 ,Wood,  1.13 
FII,108047,FAZENDA 1 1/8 COCOA BROWN,  9.18 ,  5.05 ,  11.81 ,Wood,  1.13 
FII,108048,FAZENDA 1 1/8 HONEY,  9.18 ,  5.05 ,  11.81 ,Wood,  1.13 
FII,108049,FAZENDA 1 1/8 SLATE BLACK,  9.18 ,  5.05 ,  11.81 ,Wood,  1.13 
FII,108050,FAZENDA 1 1/8 BLUESTONE,  9.18 ,  5.05 ,  11.81 ,Wood,  1.13 
FII,109200,GLAZED 13/16 CELADON,  7.72 ,  4.25 ,  9.93 ,Wood,  0.81 
FII,109201,GLAZED 13/16 DELFT BLUE,  7.72 ,  4.25 ,  9.93 ,Wood,  0.81 
FII,109203,GLAZED 13/16 OCHRE,  7.72 ,  4.25 ,  9.93 ,Wood,  0.81 
FII,109205,GLAZED 13/16 JADE,  7.72 ,  4.25 ,  9.93 ,Wood,  0.81 
FII,109206,GLAZED 13/16 ROSE,  7.72 ,  4.25 ,  9.93 ,Wood,  0.81 
FII,109208,GLAZED 13/16 SALMON,  7.72 ,  4.25 ,  9.93 ,Wood,  0.81 
FII,109212,GLAZED 13/16 BLACK CHERRY,  7.72 ,  4.25 ,  9.93 ,Wood,  0.81 
FOTIOU,JS1912BL,3/4 BLACK MATTE STAIN W/PYRA,  13.54 ,  7.92 ,  22.57 ,Wood,  0.75 
FOTIOU,JS1912GO,3/4 GILDED GOLD LEAF W/PYRAM,  13.54 ,  7.92 ,  22.57 ,Wood,  0.75 
FOTIOU,JS1912SI,3/4 GILDED SILVER LEAF W/PYR,  13.54 ,  7.92 ,  22.57 ,Wood,  0.75 
FOTIOU,JS2022DW,1 X 1 5/8 NAT WENGE VENEER,  16.00 ,  9.36 ,  26.67 ,Wood,  1.00 
FOTIOU,JS2022NA,1 X 1 5/8 NAT OAK VENEER,  16.00 ,  9.36 ,  26.67 ,Wood,  1.00 
FOTIOU,JS2022WA,1 WALNUT VENEER,  16.00 ,  9.36 ,  26.67 ,Wood,  1.00 
FOTIOU,JS2024DW,1 7/8 WENGE VENEER,  19.64 ,  11.48 ,  32.73 ,Wood,  1.88 
FOTIOU,JS2024NA,1 7/8 NATURAL OAK VENEER,  19.64 ,  11.48 ,  32.73 ,Wood,  1.88 
FOTIOU,JS2024WA,1 7/8 NATURAL WALNUT VENEER,  19.64 ,  11.48 ,  32.73 ,Wood,  1.88 
FOTIOU,JS2025DW,FLOATER 1/4 WENGE VENEER,  24.45 ,  14.30 ,  40.75 ,Wood,  1.50 
FOTIOU,JS2025NA,FLOATER 1/4 NAT OAK VENEER,  24.45 ,  14.30 ,  40.75 ,Wood,  1.50 
FOTIOU,JS2025WA,FLOATER 1/4 WALNUT VENEER,  24.45 ,  14.30 ,  40.75 ,Wood,  1.50 
FOTIOU,JS6421BU,7/8 SYMPHONY BLUE LACQUER ST,  11.49 ,  6.72 ,  19.15 ,Wood,  0.88 
FOTIOU,JS6421GN,7/8 LIME SORBET LACQUER STAI,  11.49 ,  6.72 ,  19.15 ,Wood,  0.88 
FOTIOU,JS6421RD,7/8 CORAL RED LACQUER STAIN,  11.49 ,  6.72 ,  19.15 ,Wood,  0.88 
FOTIOU,JS6421RO,7/8 CLARET ROSE LACQUER STAI,  11.49 ,  6.72 ,  19.15 ,Wood,  0.88 
FOTIOU,JS6421VI,7/8 PURPLE BEACH LACQUER STA,  11.49 ,  6.72 ,  19.15 ,Wood,  0.88 
FOTIOU,JS6421YL,7/8 YELLOW FINCH LACQUER STA,  11.49 ,  6.72 ,  19.15 ,Wood,  0.88 
FOTIOU,1048BU,TANGO 3/8 SKY BLUE FLOATER,  12.94 ,  7.57 ,  21.57 ,Wood,  1.38 
FOTIOU,1048GN,TANGO 3/8 GREEN FLOATER,  12.94 ,  7.57 ,  21.57 ,Wood,  1.38 
FOTIOU,1048WA,TANGO 3/8 SCARLET RED FLOATE,  12.94 ,  7.57 ,  21.57 ,Wood,  1.38 
FOTIOU,1048YL,TANGO 3/8 SUNSET YELLOW FLOATE,  12.94 ,  7.57 ,  21.57 ,Wood,  1.38 
FOTIOU,1050BU,TANGO 3/4 SKY BLUE CAP,  10.03 ,  5.86 ,  16.72 ,Wood,  0.75 
FOTIOU,1050GN,TANGO 3/4 GREEN CAP,  10.03 ,  5.86 ,  16.72 ,Wood,  0.75 
FOTIOU,1050WA,TANGO 3/4 SCARLET RED CAP,  10.03 ,  5.86 ,  16.72 ,Wood,  0.75 
FOTIOU,1050YL,TANGO 3/4 SUNSET YELLOW CAP,  10.03 ,  5.86 ,  16.72 ,Wood,  0.75 
FOTIOU,1058CL,PORTFOLIO 5/8 MAPLE VENEER,  10.29 ,  6.02 ,  17.15 ,Wood,  0.63 
FOTIOU,1058TE,PORTFOLIO 5/8 TEAK VENEER,  10.29 ,  6.02 ,  17.15 ,Wood,  0.63 
FOTIOU,1059TE,PORTFOLIO 3/4 TEAK VENEER,  11.84 ,  6.92 ,  19.73 ,Wood,  0.75 
FOTIOU,1162AF,SOUTH BEACH 5/8 ALUMINUM,  13.42 ,  7.85 ,  22.37 ,Wood,  0.63 
FOTIOU,1162BL,SOUTH BEACH 5/8 BLACK LACQUER,  11.63 ,  6.80 ,  19.38 ,Wood,  0.63 
FOTIOU,1162BU,SOUTH BEACH 5/8 SAPPHIRE BLUE,  11.63 ,  6.80 ,  19.38 ,Wood,  0.63 
FOTIOU,1162GN,SOUTH BEACH 5/8 GREEN LACQUER,  11.63 ,  6.80 ,  19.38 ,Wood,  0.63 
FOTIOU,1162RD,SOUTH BEACH 5/8 RED LACQUER,  11.63 ,  6.80 ,  19.38 ,Wood,  0.63 
FOTIOU,1162WH,SOUTH BEACH 5/8 WHITE LACQUER,  11.63 ,  6.80 ,  19.38 ,Wood,  0.63 
FOTIOU,2210BL,TRIBECA 3/4 BLACK/RED,  8.68 ,  5.08 ,  14.47 ,Wood,  0.75 
FOTIOU,2210BU,TRIBECA 3/4 BLUEBERRY/RED,  8.68 ,  5.08 ,  14.47 ,Wood,  0.75 
FOTIOU,2210GN,TRIBECA 3/4 ANTIQUE GREEN,  8.68 ,  5.08 ,  14.47 ,Wood,  0.75 
FOTIOU,2210GR,TRIBECA 3/4 ASH GREY/BLK,  8.68 ,  5.08 ,  14.47 ,Wood,  0.75 
FOTIOU,2210IV,TRIBECA 3/4 IVORY/BROWN,  8.68 ,  5.08 ,  14.47 ,Wood,  0.75 
FOTIOU,2210RD,TRIBECA 3/4 CRIMSON RED/BLK,  8.68 ,  5.08 ,  14.47 ,Wood,  0.75 
FOTIOU,2210YL,TRIBECA 3/4 DIJON YELLOW/BROWN,  8.68 ,  5.08 ,  14.47 ,Wood,  0.75 
FOTIOU,2301BU,FAIRMONT 3/4 PYRAMID DK BLUE,  8.16 ,  4.77 ,  13.60 ,Wood,  0.75 
FOTIOU,2301CH,FAIRMONT 3/4 PYRAMID CHARCOAL,  8.16 ,  4.77 ,  13.60 ,Wood,  0.75 
FOTIOU,2301GN,FAIRMONT 3/4 PYRAMID GREEN,  8.16 ,  4.77 ,  13.60 ,Wood,  0.75 
FOTIOU,2301GR,FAIRMONT 3/4 PYRAMID GREY/SILV,  8.16 ,  4.77 ,  13.60 ,Wood,  0.75 
FOTIOU,2301WH,FAIRMONT 3/4 PYRAMID WHITE,  8.16 ,  4.77 ,  13.60 ,Wood,  0.75 
FOTIOU,2302BU,FAIRMONT 3/4 PYRAMID DK BLUE,  11.25 ,  6.58 ,  18.75 ,Wood,  0.75 
FOTIOU,2302CH,FAIRMONT 3/4 PYRAMID CHARCOAL,  11.25 ,  6.58 ,  18.75 ,Wood,  0.75 
FOTIOU,2302GN,FAIRMONT 3/4 PYRAMID GREEN,  11.25 ,  6.58 ,  18.75 ,Wood,  0.75 
FOTIOU,2302GR,FAIRMONT 3/4 PYRAMID GREY/SILV,  11.25 ,  6.58 ,  18.75 ,Wood,  0.75 
FOTIOU,2302WH,FAIRMONT 3/4 PYRAMID WHITE,  11.25 ,  6.58 ,  18.75 ,Wood,  0.75 
FOTIOU,2340BU,MIAMI 1/2 DISTRESSED BLUE,  8.16 ,  4.77 ,  13.60 ,Wood,  0.50 
FOTIOU,2340GN,MIAMI 1/2 DISTRESSED GREEN,  8.16 ,  4.77 ,  13.60 ,Wood,  0.50 
FOTIOU,2340GR,MIAMI 1/2 DISTRESSED GRAY,  8.16 ,  4.77 ,  13.60 ,Wood,  0.50 
FOTIOU,2340OR,MIAMI 1/2 DISTRESSED ORANGE,  8.16 ,  4.77 ,  13.60 ,Wood,  0.50 
FOTIOU,2340RD,MIAMI 1/2 DISTRESSED RED,  8.16 ,  4.77 ,  13.60 ,Wood,  0.50 
FOTIOU,2340TE,MIAMI 1/2 DISTRESSED TEAL,  8.16 ,  4.77 ,  13.60 ,Wood,  0.50 
FOTIOU,2340VI,MIAMI 1/2 DISTRESSED VIOLET,  8.16 ,  4.77 ,  13.60 ,Wood,  0.50 
FOTIOU,2340YL,MIAMI 1/2 DISTRESSED YELLOW,  8.16 ,  4.77 ,  13.60 ,Wood,  0.50 
FOTIOU,2345BU,MIAMI 1 DISTRESSED BLUE,  11.23 ,  6.57 ,  18.72 ,Wood,  1.00 
FOTIOU,2345GN,MIAMI 1 DISTRESSED GREEN,  11.23 ,  6.57 ,  18.72 ,Wood,  1.00 
FOTIOU,2345GR,MIAMI 1 DISTRESSED GRAY,  11.23 ,  6.57 ,  18.72 ,Wood,  1.00 
FOTIOU,2345OR,MIAMI 1 DISTRESSED ORANGE,  11.23 ,  6.57 ,  18.72 ,Wood,  1.00 
FOTIOU,2345RD,MIAMI 1 DISTRESSED RED,  11.23 ,  6.57 ,  18.72 ,Wood,  1.00 
FOTIOU,2345TE,MIAMI 1 DISTRESSED TEAL,  11.23 ,  6.57 ,  18.72 ,Wood,  1.00 
FOTIOU,2345VI,MIAMI 1 DISTRESSED VIOLET,  11.23 ,  6.57 ,  18.72 ,Wood,  1.00 
FOTIOU,2345YL,MIAMI 1 DISTRESSED YELLOW,  11.23 ,  6.57 ,  18.72 ,Wood,  1.00 
FOTIOU,2347BU,MIAMI 3/4 DISTRESSED BLUE,  9.78 ,  5.72 ,  16.30 ,Wood,  0.75 
FOTIOU,2347GR,MIAMI 3/4 DISTRESSED GREY,  9.78 ,  5.72 ,  16.30 ,Wood,  0.75 
FOTIOU,2347RD,MIAMI 3/4 DISTRESSED RED,  9.78 ,  5.72 ,  16.30 ,Wood,  0.75 
FOTIOU,2347TE,MIAMI 3/4 DISTRESSED TEAL,  9.78 ,  5.72 ,  16.30 ,Wood,  0.75 
FOTIOU,2347YL,MIAMI 3/4 DISTRESSED YELLOW,  9.78 ,  5.72 ,  16.30 ,Wood,  0.75 
FOTIOU,2373BU,1 1/2 RUSTIC BLUE FINISH ON,  23.00 ,  13.45 ,  38.33 ,Wood,  1.50 
FOTIOU,2373GN,1 1/2 RUSTIC GREEN FINISH,  23.00 ,  13.45 ,  38.33 ,Wood,  1.50 
FOTIOU,2373WA,1 1/2 RUSTIC RED FINISH ON A,  23.00 ,  13.45 ,  38.33 ,Wood,  1.50 
FOTIOU,2375GN,2 1/8 RUSTIC GREEN FINISH,  30.83 ,  18.03 ,  51.38 ,Wood,  2.13 
FOTIOU,2375GR,2 1/8 RUSTIC GREY FINISH ON,  30.83 ,  18.03 ,  51.38 ,Wood,  2.13 
FOTIOU,2375WA,2 1/8 RUSTIC RED FINISH,  30.83 ,  18.03 ,  51.38 ,Wood,  2.13 
FOTIOU,2375WH,2 1/8 RUSTIC WHITE FINISH ON,  29.08 ,  17.01 ,  48.47 ,Wood,  2.13 
FOTIOU,2390BL,7/8 SORRENTO BLACK RAKED SCOOP,  10.23 ,  5.98 ,  17.05 ,Wood,  0.88 
FOTIOU,2390BU,7/8 SORRENTO BLUE RAKED SCOOP,  10.23 ,  5.98 ,  17.05 ,Wood,  0.88 
FOTIOU,2390GN,7/8 SORRENTO GREEN RAKED SCOOP,  10.23 ,  5.98 ,  17.05 ,Wood,  0.88 
FOTIOU,2390GR,7/8 SORRENTO GREY RAKED SCOOP,  10.23 ,  5.98 ,  17.05 ,Wood,  0.88 
FOTIOU,2390LB,7/8 SORRENTO LT BLUE RAKED SCO,  10.23 ,  5.98 ,  17.05 ,Wood,  0.88 
FOTIOU,2390LG,7/8 SORRENTO LT GRN RAKED SCOO,  10.23 ,  5.98 ,  17.05 ,Wood,  0.88 
FOTIOU,2390RD,7/8 SORRENTO RED RAKED SCOOP,  10.23 ,  5.98 ,  17.05 ,Wood,  0.88 
FOTIOU,2390WH,7/8 SORRENTO WHITE RAKED SCOOP,  10.23 ,  5.98 ,  17.05 ,Wood,  0.88 
FOTIOU,2390YL,7/8 SORRENTO YELLOW RAKED SCOO,  10.23 ,  5.98 ,  17.05 ,Wood,  0.88 
FOTIOU,2402CH,3/4 ORNATE SILVER W/ CHARCOA,  11.36 ,  6.64 ,  18.93 ,Wood,  0.75 
FOTIOU,2402GO,3/4 ORNATE GOLD W/ WARM SIL,  11.36 ,  6.64 ,  18.93 ,Wood,  0.75 
FOTIOU,2402RU,3/4 ORNATE RUSTIC IRON,  11.36 ,  6.64 ,  18.93 ,Wood,  0.75 
FOTIOU,2402SI,3/4 ORNATE SILVER W/ MISTY,  11.36 ,  6.64 ,  18.93 ,Wood,  0.75 
FOTIOU,3410GO,1 ORNATE ANT. BROKEN DK.GOLD,  13.56 ,  7.93 ,  22.60 ,Wood,  1.00 
FOTIOU,3410SI,1 ORN.ANTIQUE DK.BROKEN SILV,  13.56 ,  7.93 ,  22.60 ,Wood,  1.00 
FOTIOU,3608GO,FILLET 1/2 ORNATE GOLD,  8.63 ,  5.05 ,  14.38 ,Fillet,  0.50 
FOTIOU,3608SI,FILLET 1/2 ORNATE SILVER,  8.63 ,  5.05 ,  14.38 ,Fillet,  0.50 
FOTIOU,4110CH,3/4 CABERNET W/ GRAY WASH ST,  12.62 ,  7.38 ,  21.03 ,Wood,  0.75 
FOTIOU,4120BL,1 1/8 VINTAGE BLACK STAIN ON,  15.76 ,  9.21 ,  26.27 ,Wood,  1.13 
FOTIOU,4120DW,1 1/8 VINTAGE BROWN STAIN ON,  15.76 ,  9.21 ,  26.27 ,Wood,  1.13 
FOTIOU,4120NA,1 1/8 VINTAGE NATURAL STAIN,  15.76 ,  9.21 ,  26.27 ,Wood,  1.13 
FOTIOU,4120WA,1 1/8 VINTAGE WALNUT STAIN O,  15.76 ,  9.21 ,  26.27 ,Wood,  1.13 
FOTIOU,4704BG,3/4 ANT BLACK STAINED W/ GOL,  12.14 ,  7.10 ,  20.23 ,Wood,  0.75 
FOTIOU,4704BS,3/4 ANT BLACK STAINED W/ SIL,  12.14 ,  7.10 ,  20.23 ,Wood,  0.75 
FOTIOU,4704GO,3/4 ANT GOLD LEAF,  12.14 ,  7.10 ,  20.23 ,Wood,  0.75 
FOTIOU,4704SI,3/4 ANT SILVER LEAF,  12.14 ,  7.10 ,  20.23 ,Wood,  0.75 
FOTIOU,4705BG,1 1/4 ANT BLACK STAINED W/ G,  14.96 ,  8.75 ,  24.93 ,Wood,  1.25 
FOTIOU,4705BS,1 1/4 ANT BLACK STAINED W/ S,  14.96 ,  8.75 ,  24.93 ,Wood,  1.25 
FOTIOU,4705GO,1 1/4 ANT GOLD LEAF,  14.96 ,  8.75 ,  24.93 ,Wood,  1.25 
FOTIOU,4705SI,1 1/4 ANT SILVER LEAF,  14.96 ,  8.75 ,  24.93 ,Wood,  1.25 
FOTIOU,4706BL,7/8 ORN.BLACK W/GOLD UNDERTO,  15.28 ,  8.93 ,  25.47 ,Wood,  0.88 
FOTIOU,4706SI,7/8 ORN.OXDZD SILVER W/RED U,  15.28 ,  8.93 ,  25.47 ,Wood,  0.88 
FOTIOU,4779BL,3/4 ORN BLACK / SILVER W/SCR,  13.30 ,  7.78 ,  22.17 ,Wood,  0.75 
FOTIOU,4779GO,3/4 ORN BRIGHT GOLD W/SCRATC,  13.30 ,  7.78 ,  22.17 ,Wood,  0.75 
FOTIOU,4779SI,3/4 BRIGHT SILVER W/ SCRATCH,  13.30 ,  7.78 ,  22.17 ,Wood,  0.75 
FOTIOU,4839BL,1 1/2 BLACK WITH SILVER EDGE,  11.29 ,  6.60 ,  18.82 ,Wood,  1.50 
FOTIOU,4839GR,1 1/2 GREY WITH SILVER EDGE,  11.29 ,  6.60 ,  18.82 ,Wood,  1.50 
FOTIOU,4839WA,1 1/2 WALNUT WITH SILVER EDG,  11.29 ,  6.60 ,  18.82 ,Wood,  1.50 
FOTIOU,4841GR,7/8 GRAY WITH SILVER EDGE,  11.29 ,  6.60 ,  18.82 ,Wood,  0.88 
FOTIOU,4910GO,3/4 ORN.ANT.GOLD PAINTED BAC,  14.82 ,  8.66 ,  24.70 ,Wood,  0.75 
FOTIOU,4910SI,3/4 ORN.ANT.SILVER PAINTED B,  14.82 ,  8.66 ,  24.70 ,Wood,  0.75 
FOTIOU,5830BL,3/4 SATIN BLACK STAIN,  7.37 ,  4.31 ,  12.28 ,Wood,  0.75 
FOTIOU,5830DW,3/4 DARK WALNUT STAIN,  7.37 ,  4.31 ,  12.28 ,Wood,  0.75 
FOTIOU,5830SI,3/4 STAINLESS STEEL SILVER LEA,  8.24 ,  4.82 ,  13.73 ,Wood,  0.75 
FOTIOU,5831BL,1 1/2 SATIN BLACK STAIN,  11.90 ,  6.96 ,  19.83 ,Wood,  1.50 
FOTIOU,5831DW,1 1/2 DARK WALNUT STAIN,  11.90 ,  6.96 ,  19.83 ,Wood,  1.50 
FOTIOU,5831SI,1 1/2 STAINLESS STEEL SILVER L,  13.56 ,  7.93 ,  22.60 ,Wood,  1.50 
FOTIOU,5837BL,1 DISTRESSED ANTIQUE BLACK W,  8.24 ,  4.82 ,  13.73 ,Wood,  1.00 
FOTIOU,5837GO,1 DISTRESSED ANTIQUE GOLD LE,  9.66 ,  5.65 ,  16.10 ,Wood,  1.00 
FOTIOU,5837SI,1 DISTRESSED ANTIQUE SILVER,  9.66 ,  5.65 ,  16.10 ,Wood,  1.00 
FOTIOU,5838BL,1 3/4 DISTRESSED ANTIQUE BLA,  12.03 ,  7.03 ,  20.05 ,Wood,  1.75 
FOTIOU,5838GO,1 3/4 DISTRESSED ANTIQUE GOL,  13.56 ,  7.93 ,  22.60 ,Wood,  1.75 
FOTIOU,5838SI,1 3/4 DISTRESSED ANTIQUE SIL,  13.56 ,  7.93 ,  22.60 ,Wood,  1.75 
FOTIOU,5907BL,PAISLEY1 1/8 BLACK W/EMBOSSING,  14.98 ,  8.76 ,  24.97 ,Wood,  1.13 
FOTIOU,5907BU,PAISLEY1 1/8 BLUE W/EMBOSSING,  14.98 ,  8.76 ,  24.97 ,Wood,  1.13 
FOTIOU,5907GN,PAISLEY1 1/8 GREEN W/EMBOSSING,  14.98 ,  8.76 ,  24.97 ,Wood,  1.13 
FOTIOU,5907IV,PAISLEY1 1/8 IVORY W/EMBOSSING,  14.98 ,  8.76 ,  24.97 ,Wood,  1.13 
FOTIOU,5907LB,PAISLEY1 1/8 LT BLUE W/EMBOSS,  14.98 ,  8.76 ,  24.97 ,Wood,  1.13 
FOTIOU,5907PU,PAISLEY1 1/8 MAROON W/EMBOSS,  14.98 ,  8.76 ,  24.97 ,Wood,  1.13 
FOTIOU,5907RD,PAISLEY1 1/8 RED W/EMBOSSING,  14.98 ,  8.76 ,  24.97 ,Wood,  1.13 
FOTIOU,5986BL,1 3/8 PARIS GATES ORNATE BLACK,  18.20 ,  10.64 ,  30.33 ,Wood,  1.38 
FOTIOU,5986GR,1 3/8 PARIS GATES ORNATE GREY,  18.20 ,  10.64 ,  30.33 ,Wood,  1.38 
FOTIOU,5986WH,1 3/8 PARIS GATES ORNATE WHITE,  18.20 ,  10.64 ,  30.33 ,Wood,  1.38 
FOTIOU,6301WH,1 1/8 ANTIQUE WHITE STAIN,  9.75 ,  5.70 ,  16.25 ,Wood,  1.13 
FOTIOU,6625BL,VALORE 1 1/8 BLACK W/ GOLD,  15.51 ,  9.07 ,  25.85 ,Wood,  1.13 
FOTIOU,6625BU,VALORE 1 1/8 BLUE W/ GOLD,  15.51 ,  9.07 ,  25.85 ,Wood,  1.13 
FOTIOU,6625GN,VALORE 1 1/8 GREEN W/ GOLD,  15.51 ,  9.07 ,  25.85 ,Wood,  1.13 
FOTIOU,6625RD,VALORE 1 1/8 RED W/ GOLD,  15.51 ,  9.07 ,  25.85 ,Wood,  1.13 
FOTIOU,6916RU,3/4 TWO TONE RUST,  13.04 ,  7.63 ,  21.73 ,Wood,  0.75 
FOTIOU,6916SI,3/4 TWO TONE SILVER,  13.04 ,  7.63 ,  21.73 ,Wood,  0.75 
FOTIOU,6918RU,1 1/4 TWO TONE RUST,  15.65 ,  9.15 ,  26.08 ,Wood,  1.25 
FOTIOU,6935BL,5/8 CARBON BLACK WITH SILVE,  12.95 ,  7.57 ,  21.58 ,Wood,  0.63 
FOTIOU,6935CH,5/8 MERCURY SILVER WITH SI,  12.95 ,  7.57 ,  21.58 ,Wood,  0.63 
FOTIOU,6935RU,5/8 LAVA ROCK RUST WITH SIL,  12.95 ,  7.57 ,  21.58 ,Wood,  0.63 
FOTIOU,6935SI,5/8 ALUMINUM SILVER WITH SI,  12.95 ,  7.57 ,  21.58 ,Wood,  0.63 
FOTIOU,6935WH,5/8 GLACIER WHITE WITH SILV,  12.95 ,  7.57 ,  21.58 ,Wood,  0.63 
FOTIOU,6936CH,1 1/8 MERCURY SILVER WITH,  18.43 ,  10.78 ,  30.72 ,Wood,  1.13 
FOTIOU,6936RU,1 1/8 LAVA ROCK RUST WITH,  18.43 ,  10.78 ,  30.72 ,Wood,  1.13 
FOTIOU,6936SI,1 1/8 ALUMINUM SILVER WITH,  18.43 ,  10.78 ,  30.72 ,Wood,  1.13 
FOTIOU,6940BL,1 3/8 VIKTORIA CARBON BLK FLOA,  31.43 ,  18.38 ,  52.38 ,Wood,  1.38 
FOTIOU,6952BU,3/4 BLUE HAND PAINTED ROUND,  15.23 ,  8.90 ,  25.38 ,Wood,  0.75 
FOTIOU,6952CH,3/4 CHARCOAL HAND PAINTED ROUN,  15.23 ,  8.90 ,  25.38 ,Wood,  0.75 
FOTIOU,6952GN,3/4 GREEN HAND PAINTED ROUND,  15.23 ,  8.90 ,  25.38 ,Wood,  0.75 
FOTIOU,6952RD,3/4 RED HAND PAINTED ROUND PRO,  15.23 ,  8.90 ,  25.38 ,Wood,  0.75 
FOTIOU,6952TE,3/4 TEAL HAND PAINTED ROUND,  15.23 ,  8.90 ,  25.38 ,Wood,  0.75 
FOTIOU,6953BU,1 BLUE ORNATE HAND PAINTED,  20.28 ,  11.86 ,  33.80 ,Wood,  1.00 
FOTIOU,6953CH,1 CHARCOAL ORNATE HAND PAINTED,  20.28 ,  11.86 ,  33.80 ,Wood,  1.00 
FOTIOU,6953GN,1 GREEN ORNATE HAND PAINTED,  20.28 ,  11.86 ,  33.80 ,Wood,  1.00 
FOTIOU,6953RD,1 RED ORNATE HAND PAINTED,  20.28 ,  11.86 ,  33.80 ,Wood,  1.00 
FOTIOU,6953TE,1 TEAL ORNATE HAND PAINTED,  20.28 ,  11.86 ,  33.80 ,Wood,  1.00 
FOTIOU,6957BL,3/4 MOSAIC BLACK/ GOLD PATTERN,  13.74 ,  8.03 ,  22.90 ,Wood,  0.75 
FOTIOU,6957BU,3/4 MOSAIC BLUE/ GOLD PATTERN,  13.74 ,  8.03 ,  22.90 ,Wood,  0.75 
FOTIOU,6957GN,3/4 MOSAIC GREEN/ GOLD PATTERN,  13.74 ,  8.03 ,  22.90 ,Wood,  0.75 
FOTIOU,6957RD,3/4 MOSAIC RED/ GOLD PATTERN,  13.74 ,  8.03 ,  22.90 ,Wood,  0.75 
FOTIOU,6957SA,3/4 MOSAIC BEIGE/ GOLD PATTERN,  13.74 ,  8.03 ,  22.90 ,Wood,  0.75 
FOTIOU,6957WH,3/4 MOSAIC WHITE/ GOLD PATTERN,  13.74 ,  8.03 ,  22.90 ,Wood,  0.75 
FOTIOU,7111BL,1 ARCADE BLACK LACQUER,  7.33 ,  4.29 ,  12.22 ,Wood,  1.00 
FOTIOU,7111BU,1 ARCADE BLUE LACQUER,  7.33 ,  4.29 ,  12.22 ,Wood,  1.00 
FOTIOU,7111GR,1 ARCADE GRAY LACQUER,  7.33 ,  4.29 ,  12.22 ,Wood,  1.00 
FOTIOU,7111RD,1 ARCADE RED LACQUER,  7.33 ,  4.29 ,  12.22 ,Wood,  1.00 
FOTIOU,7111WA,1 ARCADE BROWN LACQUER,  7.33 ,  4.29 ,  12.22 ,Wood,  1.00 
FOTIOU,7111YL,1 ARCADE YELLOW LACQUER,  7.33 ,  4.29 ,  12.22 ,Wood,  1.00 
FOTIOU,7539BL,3/4 MILLENNIAL METALLIC BLACK,  9.75 ,  5.70 ,  16.25 ,Wood,  0.75 
FOTIOU,7539CP,3/4 MILLENNIAL METALLIC COPPER,  9.75 ,  5.70 ,  16.25 ,Wood,  0.75 
FOTIOU,7540BL,1 MILLENNIAL METALLIC BLACK,  13.01 ,  7.61 ,  21.68 ,Wood,  1.00 
FOTIOU,7540CP,1 MILLENNIAL METALLIC COPPER,  13.01 ,  7.61 ,  21.68 ,Wood,  1.00 
FOTIOU,7545BU,3/4 MILLENNIAL METALLIC BLUE,  9.75 ,  5.70 ,  16.25 ,Wood,  0.75 
FOTIOU,7545RD,3/4 MILLENNIAL METALLIC RED,  9.75 ,  5.70 ,  16.25 ,Wood,  0.75 
FOTIOU,7545TE,3/4 MILLENNIAL METALLIC TEAL,  9.75 ,  5.70 ,  16.25 ,Wood,  0.75 
FOTIOU,7545VI,3/4 MILLENNIAL METALLIC VIOLET,  9.75 ,  5.70 ,  16.25 ,Wood,  0.75 
FOTIOU,7545YL,3/4 MILLENNIAL METALLIC YELLOW,  9.75 ,  5.70 ,  16.25 ,Wood,  0.75 
FOTIOU,7546BU,1 MILLENNIAL METALLIC BLUE,  13.01 ,  7.61 ,  21.68 ,Wood,  1.00 
FOTIOU,7546RD,1 MILLENNIAL METALLIC CANDY RE,  13.01 ,  7.61 ,  21.68 ,Wood,  1.00 
FOTIOU,7546TE,1 MILLENNIAL METALLIC TEAL,  13.01 ,  7.61 ,  21.68 ,Wood,  1.00 
FOTIOU,7546VI,1 MILLENNIAL METALLIC VIOLET,  13.01 ,  7.61 ,  21.68 ,Wood,  1.00 
FOTIOU,7546YL,1 MILLENNIAL METALLIC YELLOW,  13.01 ,  7.61 ,  21.68 ,Wood,  1.00 
FOTIOU,8123BL,2 SMOKED ANTRACITE / SILVER,  21.25 ,  12.42 ,  35.42 ,Wood,  2.00 
FOTIOU,8805BU,1 1/2 SPANISH BLUE STAINED W,  14.59 ,  8.53 ,  24.32 ,Wood,  1.50 
FOTIOU,8805GN,1 1/2 HARLEQUIN GREEN STAINE,  14.59 ,  8.53 ,  24.32 ,Wood,  1.50 
FOTIOU,8805RD,1 1/2 TANGO RED STAINED W/SC,  14.59 ,  8.53 ,  24.32 ,Wood,  1.50 
FOTIOU,8805WA,1 1/2 ESPRESSO STAINED W/SCR,  14.59 ,  8.53 ,  24.32 ,Wood,  1.50 
FOTIOU,8805WH,1 1/2 OFF WHITE STAIN W/SCRA,  15.06 ,  8.81 ,  25.10 ,Wood,  1.50 
FOTIOU,8811BL,7/8 ORNATE ANTIQUE BLK PLUM,  10.79 ,  6.31 ,  17.98 ,Wood,  0.88 
FOTIOU,8811GO,7/8 ORNATE GOLD LEAF W/BROWN,  10.79 ,  6.31 ,  17.98 ,Wood,  0.88 
FOTIOU,8811SI,7/8 ORNATE SILVER LEAF W/BLA,  10.79 ,  6.31 ,  17.98 ,Wood,  0.88 
FOTIOU,8820BL,5/8 ANTIQUE DISTRESSED BLACK,  9.27 ,  5.42 ,  15.45 ,Wood,  0.63 
FOTIOU,8820GO,5/8 ANTIQUE GOLD LEAF W/BROW,  8.94 ,  5.23 ,  14.90 ,Wood,  0.63 
FOTIOU,8820SI,5/8 ANTIQUE SILVER LEAF W/BR,  8.94 ,  5.23 ,  14.90 ,Wood,  0.63 
FOTIOU,8820WA,5/8 ANTIQUE DISTRESSED WALNU,  8.94 ,  5.23 ,  14.90 ,Wood,  0.63 
FOTIOU,8820WH,5/8 ANTIQUE DISTRESSED WHITE,  8.94 ,  5.23 ,  14.90 ,Wood,  0.63 
FOTIOU,9013BL,1 1/8 ANT.ORN.BLACK W/RED/SILV,  12.58 ,  7.36 ,  20.97 ,Wood,  1.13 
FOTIOU,9013GO,1 1/8 ANT.ORN.GOLD W/BLACK/R,  12.58 ,  7.36 ,  20.97 ,Wood,  1.13 
FOTIOU,9013SI,1 1/8 ANT.ORN.SILVER W/BLACK,  12.58 ,  7.36 ,  20.97 ,Wood,  1.13 
FOTIOU,9060ZI,1 ZINC VENEER W/DISTRESSED,  11.72 ,  6.85 ,  19.53 ,Wood,  1.00 
FOTIOU,9062ZI,2 1/8 ZINC VENEER W/DISTRESSED,  26.38 ,  15.43 ,  43.97 ,Wood,  2.13 
FOTIOU,9063BR,1 BRONZE VENEER W/DISTRESSED,  15.73 ,  9.20 ,  26.22 ,Wood,  1.00 
FOTIOU,9063ZI,1 ZINC VENEER W/DISTRESSED,  15.73 ,  9.20 ,  26.22 ,Wood,  1.00 
FOTIOU,9131BR,TWILIGHT 5/8 BRONZE HONEYCOMB,  6.41 ,  3.75 ,  10.68 ,Wood,  0.63 
FOTIOU,9131CP,TWILIGHT 5/8 COPPER HONEYCOMB,  6.41 ,  3.75 ,  10.68 ,Wood,  0.63 
FOTIOU,9131GO,TWILIGHT 5/8 GOLD HONEYCOMB,  6.41 ,  3.75 ,  10.68 ,Wood,  0.63 
FOTIOU,9131SI,TWILIGHT 5/8 SILVER HONEYCOMB,  6.41 ,  3.75 ,  10.68 ,Wood,  0.63 
FOTIOU,9950BL,1 ORNATE PATTERN W/BLACK FINIS,  11.55 ,  6.75 ,  19.25 ,Wood,  1.00 
FOTIOU,9950GO,1 ORNATE PATTERN W/GOLD FINISH,  11.55 ,  6.75 ,  19.25 ,Wood,  1.00 
FOTIOU,9950SI,1 ORNATE PATTERN W/SILVER,  11.55 ,  6.75 ,  19.25 ,Wood,  1.00 
FOTIOU,9951BL,1 1/2 ORNATE PATTERN W/BLACK,  17.02 ,  9.96 ,  28.37 ,Wood,  1.50 
FOTIOU,9951GO,1 1/2 ORNATE PATTERN W/GOLD,  17.02 ,  9.96 ,  28.37 ,Wood,  1.50 
FOTIOU,9951SI,1 1/2 ORNATE PATTERN W/SILVER,  17.02 ,  9.96 ,  28.37 ,Wood,  1.50 
NIELSEN,10014N,GERMAN SILVER,  15.68 ,  10.19 ,       ,Metal,  0.50 
NIELSEN,10021N,MATTE BLACK,  15.68 ,  10.19 ,       ,Metal,  0.50 
NIELSEN,1101N,SILVER,  5.67 ,  3.68 ,       ,Metal,  0.50 
NIELSEN,1102N,FROSTED SILVER,  5.67 ,  3.68 ,       ,Metal,  0.50 
NIELSEN,1103N,GOLD,  5.67 ,  3.68 ,       ,Metal,  0.50 
NIELSEN,1104N,FROSTED GOLD,  5.67 ,  3.68 ,       ,Metal,  0.50 
NIELSEN,1108N,FROSTED BRONZE,  6.56 ,  4.26 ,       ,Metal,  0.50 
NIELSEN,1110N,GRAPHITE,  6.56 ,  4.26 ,       ,Metal,  0.50 
NIELSEN,1112N,FROSTED PEWTER,  6.56 ,  4.26 ,       ,Metal,  0.50 
NIELSEN,1113N,CONTRAST GRAY,  6.56 ,  4.26 ,       ,Metal,  0.50 
NIELSEN,1114N,GERMAN SILVER,  6.56 ,  4.26 ,       ,Metal,  0.50 
NIELSEN,11154N,FLORENTINE GRAY,  6.61 ,  4.30 ,       ,Metal,  0.50 
NIELSEN,11156N,FLORENTINE BLACK,  6.61 ,  4.30 ,       ,Metal,  0.50 
NIELSEN,1120N,ANODIC BLACK,  6.56 ,  4.26 ,       ,Metal,  0.50 
NIELSEN,1121N,MATTE BLACK,  6.56 ,  4.26 ,       ,Metal,  0.50 
NIELSEN,1123N,ANTIQUE GOLD,  5.67 ,  3.68 ,       ,Metal,  0.50 
NIELSEN,1150N,BLACK,  5.67 ,  3.68 ,       ,Metal,  0.50 
NIELSEN,11701N,SILVER,  6.56 ,  4.26 ,       ,Metal,  0.50 
NIELSEN,11702N,FROSTED SILVER,  6.56 ,  4.26 ,       ,Metal,  0.50 
NIELSEN,11704N,FROSTED GOLD,  6.56 ,  4.26 ,       ,Metal,  0.50 
NIELSEN,11710N,GRAPHITE,  7.37 ,  4.79 ,       ,Metal,  0.50 
NIELSEN,11712N,FROSTED PEWTER,  7.37 ,  4.79 ,       ,Metal,  0.50 
NIELSEN,11714N,GERMAN SILVER,  7.37 ,  4.79 ,       ,Metal,  0.50 
NIELSEN,117164N,DUSK,  7.37 ,  4.79 ,       ,Metal,  0.50 
NIELSEN,11719N,FROSTED WALNUT,  7.37 ,  4.79 ,       ,Metal,  0.50 
NIELSEN,11720N,ANODIC BLACK,  7.37 ,  4.79 ,       ,Metal,  0.50 
NIELSEN,117201N,POP CULTURE MAROON,  6.56 ,  4.26 ,       ,Metal,  0.50 
NIELSEN,117202N,POP CULTURE TIGER ORANGE,  6.56 ,  4.26 ,       ,Metal,  0.50 
NIELSEN,117203N,POP CULTURE SUNSHINE,  6.56 ,  4.26 ,       ,Metal,  0.50 
NIELSEN,117204N,POP CULTURE KELLY GREEN,  6.56 ,  4.26 ,       ,Metal,  0.50 
NIELSEN,117205N,POP CULTURE FOREST GREEN,  6.56 ,  4.26 ,       ,Metal,  0.50 
NIELSEN,117206N,POP CULTURE AQUA,  6.56 ,  4.26 ,       ,Metal,  0.50 
NIELSEN,117207N,POP CULTURE MAGIC BLUE,  6.56 ,  4.26 ,       ,Metal,  0.50 
NIELSEN,117208N,POP CULTURE ROYAL PURPLE,  6.56 ,  4.26 ,       ,Metal,  0.50 
NIELSEN,11721N,MATTE BLACK,  7.37 ,  4.79 ,       ,Metal,  0.50 
NIELSEN,117227N,TORNADO RED,  7.69 ,  5.00 ,       ,Metal,  0.50 
NIELSEN,11723N,ANTIQUE GOLD,  7.35 ,  4.78 ,       ,Metal,  0.50 
NIELSEN,117230N,REFLEX SILVER,  7.69 ,  5.00 ,       ,Metal,  0.50 
NIELSEN,117231N,GOLD BULLION,  7.69 ,  5.00 ,       ,Metal,  0.50 
NIELSEN,117232N,GALACTIC BLUE,  7.69 ,  5.00 ,       ,Metal,  0.50 
NIELSEN,117233N,PURPLE HAZE,  7.69 ,  5.00 ,       ,Metal,  0.50 
NIELSEN,117235N,TANGERINE TWIST,  7.69 ,  5.00 ,       ,Metal,  0.50 
NIELSEN,117236N,CYBER GREEN,  7.69 ,  5.00 ,       ,Metal,  0.50 
NIELSEN,117237N,RASPBERRY FIZZ,  7.69 ,  5.00 ,       ,Metal,  0.50 
NIELSEN,117238N,TURQUOISE,  7.69 ,  5.00 ,       ,Metal,  0.50 
NIELSEN,117240N,AMETHYST,  7.69 ,  5.00 ,       ,Metal,  0.50 
NIELSEN,117270N,BURNT SIENNA,  7.37 ,  4.79 ,       ,Metal,  0.50 
NIELSEN,117280N,TIMBERLINE AMERICAL NATURAL,  8.33 ,  5.42 ,       ,Metal,  0.50 
NIELSEN,117400N,BRUSHED ALUMINUM,  7.69 ,  5.00 ,       ,Metal,  0.50 
NIELSEN,117470N,BRUSHED SATIN NICKEL,  8.72 ,  5.67 ,       ,Metal,  0.50 
NIELSEN,117478N,BRUSHED SATIN PEWTER,  8.72 ,  5.67 ,       ,Metal,  0.50 
NIELSEN,11750N,BLACK,  6.56 ,  4.26 ,       ,Metal,  0.50 
NIELSEN,11752N,BRIGHT WHITE,  6.56 ,  4.26 ,       ,Metal,  0.50 
NIELSEN,11755N,POP CULTURE RIGHT RED,  6.56 ,  4.26 ,       ,Metal,  0.50 
NIELSEN,11758N,POP CULTURE INDIGO,  6.56 ,  4.26 ,       ,Metal,  0.50 
NIELSEN,1202N,FROSTED SILVER,  6.56 ,  4.26 ,       ,Metal,  0.50 
NIELSEN,1221N,MATTE BLACK,  7.37 ,  4.79 ,       ,Metal,  0.50 
NIELSEN,12901N,TIFFANY SILVER,  5.67 ,  3.68 ,       ,Metal,  0.50 
NIELSEN,12907N,TIFFANY BRONZE,  5.67 ,  3.68 ,       ,Metal,  0.50 
NIELSEN,12913N,TIFFANY CONTRAST GREY,  5.67 ,  3.68 ,       ,Metal,  0.50 
NIELSEN,12915N,TIFFANY AMBER,  5.67 ,  3.68 ,       ,Metal,  0.50 
NIELSEN,12920N,TIFFANY BLACK,  5.67 ,  3.68 ,       ,Metal,  0.50 
NIELSEN,12921N,MATTE BLACK,  5.67 ,  3.68 ,       ,Metal,  0.50 
NIELSEN,12952N,TIFFANY BRIGHT WHITE,  5.67 ,  3.68 ,       ,Metal,  0.50 
NIELSEN,1314N,GERMAN SILVER FRAME OR FLOATER,  8.16 ,  5.31 ,       ,Metal,  0.50 
NIELSEN,1321N,MATTE BLACK FRAME OR FLOATER?,  8.16 ,  5.31 ,       ,Metal,  0.50 
NIELSEN,1414N,GERMAN SILVER FLOATER,  13.31 ,  8.65 ,       ,Metal,  0.50 
NIELSEN,1421N,MATTE BLACK FLOATER,  13.31 ,  8.65 ,       ,Metal,  0.50 
NIELSEN,1501N,SILVER,  6.22 ,  4.04 ,       ,Metal,  0.50 
NIELSEN,1502N,FROSTED SILVER,  6.22 ,  4.04 ,       ,Metal,  0.50 
NIELSEN,1503N,GOLD,  6.22 ,  4.04 ,       ,Metal,  0.50 
NIELSEN,1504N,FROSTED GOLD,  6.22 ,  4.04 ,       ,Metal,  0.50 
NIELSEN,1508N,FROSTED BRONZE,  7.03 ,  4.57 ,       ,Metal,  0.50 
NIELSEN,1510N,GRAPHITE,  7.03 ,  4.57 ,       ,Metal,  0.50 
NIELSEN,1512N,FROSTED PEWTER,  7.03 ,  4.57 ,       ,Metal,  0.50 
NIELSEN,1513N,CONTRAST GRAY,  7.03 ,  4.57 ,       ,Metal,  0.50 
NIELSEN,1514N,GERMAN SILVER,  7.03 ,  4.57 ,       ,Metal,  0.50 
NIELSEN,15150N,FLORENTINE SILVER,  7.35 ,  4.78 ,       ,Metal,  0.50 
NIELSEN,15153N,FLORENTINE PEWTER,  7.35 ,  4.78 ,       ,Metal,  0.50 
NIELSEN,15154N,FLORENTINE GRAY,  7.35 ,  4.78 ,       ,Metal,  0.50 
NIELSEN,15155N,FLORENTINE AMBER,  7.35 ,  4.78 ,       ,Metal,  0.50 
NIELSEN,15156N,FLORENTINE BLACK,  7.35 ,  4.78 ,       ,Metal,  0.50 
NIELSEN,15164N,DUSK,  7.03 ,  4.57 ,       ,Metal,  0.50 
NIELSEN,15170N,FROSTED UMBER,  7.03 ,  4.57 ,       ,Metal,  0.50 
NIELSEN,1519N,FROSTED WALNUT,  7.03 ,  4.57 ,       ,Metal,  0.50 
NIELSEN,1520N,ANODIC BLACK,  7.03 ,  4.57 ,       ,Metal,  0.50 
NIELSEN,1521N,MATTE BLACK,  7.03 ,  4.57 ,       ,Metal,  0.50 
NIELSEN,1523N,ANT GOLD,  6.22 ,  4.04 ,       ,Metal,  0.50 
NIELSEN,1524N,COBALT,  7.03 ,  4.57 ,       ,Metal,  0.50 
NIELSEN,1550N,BLACK,  6.22 ,  4.04 ,       ,Metal,  0.50 
NIELSEN,1552N,BRIGHT WHITE,  6.22 ,  4.04 ,       ,Metal,  0.50 
NIELSEN,1555N,RIGHT RED,  6.22 ,  4.04 ,       ,Metal,  0.50 
NIELSEN,1558N,INDIGO,  6.22 ,  4.04 ,       ,Metal,  0.50 
NIELSEN,1566N,LAPIS,  6.22 ,  4.04 ,       ,Metal,  0.50 
NIELSEN,1568N,CHINESE RED,  6.22 ,  4.04 ,       ,Metal,  0.50 
NIELSEN,2108N,FROSTED ROSE GOLD,  8.43 ,  5.48 ,       ,Metal,  0.50 
NIELSEN,2121N,MATTE BLACK,  8.43 ,  5.48 ,       ,Metal,  0.50 
NIELSEN,21227N,VIVID RED,  8.43 ,  5.48 ,       ,Metal,  0.50 
NIELSEN,2123N,ANTIQUE GOLD,  8.43 ,  5.48 ,       ,Metal,  0.50 
NIELSEN,21233N,PURPLE HAZE,  8.43 ,  5.48 ,       ,Metal,  0.50 
NIELSEN,21235N,TANGERINE TWIST,  8.43 ,  5.48 ,       ,Metal,  0.50 
NIELSEN,21250N,MERLOT,  8.43 ,  5.48 ,       ,Metal,  0.50 
NIELSEN,21257N,SAPPHIRE,  8.43 ,  5.48 ,       ,Metal,  0.50 
NIELSEN,21258N,REALLY TEAL,  8.43 ,  5.48 ,       ,Metal,  0.50 
NIELSEN,21261N,DAWN,  8.43 ,  5.48 ,       ,Metal,  0.50 
NIELSEN,21400N,CHROME,  8.43 ,  5.48 ,       ,Metal,  0.50 
NIELSEN,2150N,MATTE BLACK,  8.43 ,  5.48 ,       ,Metal,  0.50 
NIELSEN,2201N,SILVER,  7.10 ,  4.61 ,       ,Metal,  0.50 
NIELSEN,2202N,FROSTED SILVER,  7.10 ,  4.61 ,       ,Metal,  0.50 
NIELSEN,2203N,GOLD,  7.10 ,  4.61 ,       ,Metal,  0.50 
NIELSEN,2214N,GERMAN SILVER,  8.26 ,  5.37 ,       ,Metal,  0.50 
NIELSEN,2220N,ANODIC BLACK,  8.26 ,  5.37 ,       ,Metal,  0.50 
NIELSEN,2221N,MATTE BLACK,  8.26 ,  5.37 ,       ,Metal,  0.50 
NIELSEN,225154N,GRAPHITE REFLECTIONS,  11.55 ,  7.51 ,       ,Metal,  0.50 
NIELSEN,225421N,JET BLACK REFLECTIONS,  11.55 ,  7.51 ,       ,Metal,  0.50 
NIELSEN,225452N,FROSTED GOLD REFLECTIONS,  11.55 ,  7.51 ,       ,Metal,  0.50 
NIELSEN,225469N,MODERN PEWTER REFLECTIONS,  11.55 ,  7.51 ,       ,Metal,  0.50 
NIELSEN,24414N,GERMAN SILVER,  8.72 ,  5.67 ,       ,Metal,  0.50 
NIELSEN,24421N,BRUSHED SATIN BLACK,  8.72 ,  5.67 ,       ,Metal,  0.50 
NIELSEN,24423N,ANTIQUE GOLD,  8.72 ,  5.67 ,       ,Metal,  0.50 
NIELSEN,24469N,STAINLES STEEL,  8.72 ,  5.67 ,       ,Metal,  0.50 
NIELSEN,24471N,SLATE,  8.72 ,  5.67 ,       ,Metal,  0.50 
NIELSEN,24475N,CHOCOLATE,  8.72 ,  5.67 ,       ,Metal,  0.50 
NIELSEN,24476N,SAPPHIRE,  8.72 ,  5.67 ,       ,Metal,  0.50 
NIELSEN,2501N,SILVER,  6.96 ,  4.53 ,       ,Metal,  0.50 
NIELSEN,2502N,FROSTED SILVER,  6.96 ,  4.53 ,       ,Metal,  0.50 
NIELSEN,2504N,FROSTED GOLD,  6.96 ,  4.53 ,       ,Metal,  0.50 
NIELSEN,2520N,ANODIC BLACK,  7.94 ,  5.16 ,       ,Metal,  0.50 
NIELSEN,2521N,MATTE BLACK,  7.94 ,  5.16 ,       ,Metal,  0.50 
NIELSEN,3350N,BLACK,  6.58 ,  4.28 ,       ,Metal,  0.50 
NIELSEN,3414N,GERMAN SILVER,  7.37 ,  4.79 ,       ,Metal,  0.50 
NIELSEN,34179N,BLACK METALLINE,  8.15 ,  5.29 ,       ,Metal,  0.50 
NIELSEN,3421N,MATTE BLACK,  7.37 ,  4.79 ,       ,Metal,  0.50 
NIELSEN,34280N,TIMBERLINE AMERICAL NATURAL,  8.65 ,  5.62 ,       ,Metal,  0.50 
NIELSEN,65246N,OLD GOLD,  8.43 ,  5.48 ,       ,Metal,  0.50 
NIELSEN,65251N,BARELY GOLD,  8.43 ,  5.48 ,       ,Metal,  0.50 
NIELSEN,65252N,ROBIN'S EGG,  8.43 ,  5.48 ,       ,Metal,  0.50 
NIELSEN,65421N,MATTE BLACK,  8.43 ,  5.48 ,       ,Metal,  0.50 
NIELSEN,65429N,EBONY,  8.43 ,  5.48 ,       ,Metal,  0.50 
NIELSEN,7121N,MATTE BLACK,  9.34 ,  6.07 ,       ,Metal,  0.50 
NIELSEN,9301N,SILVER,  6.54 ,  4.25 ,       ,Metal,  0.50 
NIELSEN,9304N,FROSTED GOLD PRECIOUS METAL,  6.54 ,  4.25 ,       ,Metal,  0.50 
NIELSEN,9314N,GERMAN SILVER,  7.37 ,  4.79 ,       ,Metal,  0.50 
NIELSEN,93150N,FLORENTINE SILVER,  7.91 ,  5.14 ,       ,Metal,  0.50 
NIELSEN,93154N,FLORENTINE GREY,  7.91 ,  5.14 ,       ,Metal,  0.50 
NIELSEN,93156N,FLORENTINE BLACK,  7.91 ,  5.14 ,       ,Metal,  0.50 
NIELSEN,93170N,FROSTED UMBER PRECIOUS METALS,  7.37 ,  4.79 ,       ,Metal,  0.50 
NIELSEN,9319N,FROSTED WALNUT,  7.37 ,  4.79 ,       ,Metal,  0.50 
NIELSEN,9320N,ANODIC BLACK,  7.37 ,  4.79 ,       ,Metal,  0.50 
NIELSEN,9321N,MATTE BLACK,  7.37 ,  4.79 ,       ,Metal,  0.50 
NIELSEN,9323N,ANTIQUE GOLD PRECIOUS METALS,  6.54 ,  4.25 ,       ,Metal,  0.50 
NIELSEN,9350N,BLACK,  6.54 ,  4.25 ,       ,Metal,  0.50 
NIELSEN,9352N,BRIGHT WHITE,  6.54 ,  4.25 ,       ,Metal,  0.50 
NIELSEN,93550N,TUSCAN SILVER LINEN PREC METAL,  7.91 ,  5.14 ,       ,Metal,  0.50 
NIELSEN,93552N,7/16 TUSCAN LINEN RAW STEEL,  7.91 ,  5.14 ,       ,Metal,  0.50 
NIELSEN,93553N,7/16 TUSCAN LINEN CARAMEL,  7.91 ,  5.14 ,       ,Metal,  0.50 
NIELSEN,93555N,GOLD LINEN PRECIOUS METALS,  7.91 ,  5.14 ,       ,Metal,  0.50 
NIELSEN,93556N,TUSCAN LINEN PRECIOUS METALS,  7.91 ,  5.14 ,       ,Metal,  0.50 
NIELSEN,93557N,7/16 TUSCAN LINEN PEWTER,  7.91 ,  5.14 ,       ,Metal,  0.50 
NIELSEN,93558N,7/16 TUSCAN LINEN SLATE,  7.91 ,  5.14 ,       ,Metal,  0.50 
NIELSEN,9402N,FROSTED SILVER,  7.18 ,  4.67 ,       ,Metal,  0.50 
NIELSEN,9421N,MATTE BLACK,  8.23 ,  5.35 ,       ,Metal,  0.50 
NIELSEN,9510N,GRAPHITE,  10.27 ,  6.68 ,       ,Metal,  0.50 
NIELSEN,9514N,GERMAN SILVER,  10.27 ,  6.68 ,       ,Metal,  0.50 
NIELSEN,9521N,MATTE BLACK,  10.27 ,  6.68 ,       ,Metal,  0.50 
NIELSEN,95224N,MATTE WHITE,  9.28 ,  6.03 ,       ,Metal,  0.50 
NIELSEN,9523N,ANTIQUE GOLD,  9.28 ,  6.03 ,       ,Metal,  0.50 
NIELSEN,95429N,BRITE BLACK BRUSHED,  10.57 ,  6.87 ,       ,Metal,  0.50 
NIELSEN,95470N,BRUSHED SATIN NICKEL,  11.67 ,  7.59 ,       ,Metal,  0.50 
NIELSEN,9714N,GERMAN SILVER,  8.72 ,  5.67 ,       ,Metal,  0.50 
NIELSEN,97150N,FLORENTINE SILVER,  10.00 ,  6.50 ,       ,Metal,  0.50 
NIELSEN,97151N,FLORENTINE GOLD,  10.00 ,  6.50 ,       ,Metal,  0.50 
NIELSEN,97154N,FLORENTINE GRAY,  10.00 ,  6.50 ,       ,Metal,  0.50 
NIELSEN,97155N,FLORENTINE AMBER,  10.00 ,  6.50 ,       ,Metal,  0.50 
NIELSEN,97156N,FLORENTINE BLACK,  10.00 ,  6.50 ,       ,Metal,  0.50 
NIELSEN,97167N,FLORENTINE WALNUT,  10.00 ,  6.50 ,       ,Metal,  0.50 
NIELSEN,9721N,MATTE BLACK,  8.72 ,  5.67 ,       ,Metal,  0.50 
NIELSEN,97400N,BRUSHED ALUMINUM SATIN,  10.00 ,  6.50 ,       ,Metal,  0.50 
NIELSEN,9750N,BLACK,  7.71 ,  5.01 ,       ,Metal,  0.50 
NIELSEN,97550N,TUSCAN LINEN SILVER,  10.00 ,  6.50 ,       ,Metal,  0.50 
NIELSEN,97552N,7/8 TUSCAN LINEN RAW STEEL,  10.00 ,  6.50 ,       ,Metal,  0.50 
NIELSEN,97553N,7/8 TUSCAN LINEN CARAMEL,  10.00 ,  6.50 ,       ,Metal,  0.50 
NIELSEN,97555N,TUSCAN LINEN AMBER,  10.00 ,  6.50 ,       ,Metal,  0.50 
NIELSEN,97556N,TUSCAN LINEN BLACK,  10.00 ,  6.50 ,       ,Metal,  0.50 
NIELSEN,97557N,7/8 TUSCAN LINEN PEWTER,  10.00 ,  6.50 ,       ,Metal,  0.50 
NIELSEN,97558N,7/8 TUSCAN LINEN SLATE,  10.00 ,  6.50 ,       ,Metal,  0.50 
NIELSEN,99150N,FLORENTINE SILVER,  11.67 ,  7.59 ,       ,Metal,  0.50 
NIELSEN,99154N,FLORENTINE GREY,  11.67 ,  7.59 ,       ,Metal,  0.50 
NIELSEN,99156N,FLORENTINE BLACK,  11.67 ,  7.59 ,       ,Metal,  0.50 
NIELSEN,9921N,MATTE BLACK,  10.27 ,  6.68 ,       ,Metal,  0.50 
NIELSEN,99421N,BRUSHED SATIN BLACK,  12.13 ,  7.88 ,       ,Metal,  0.50 
NIELSEN,99430N,BRUSHED GERMAN SILVER,  11.67 ,  7.59 ,       ,Metal,  0.50 
NIELSEN,99470N,BRUSHED SATIN NICKEL,  12.13 ,  7.88 ,       ,Metal,  0.50 
NIELSEN,99478N,BRUSHED SATIN PEWTER,  12.13 ,  7.88 ,       ,Metal,  0.50 
NIELSEN,OEM1MB,MATTE BLACK *MIN 40' ORD QTY*,  4.23 ,  2.75 ,       ,Metal,  0.50 
NIELSEN,OEM15MB,MATTE BLACK *MIN 40' ORD QTY*,  4.85 ,  3.15 ,       ,Metal,  0.50 
NIELSEN,OEM2MB,MATTE BLACK *MIN 40' ORD QTY*,  4.38 ,  2.85 ,       ,Metal,  0.50 
NIELSEN,OEM5CG,CONTRAST GREY *MIN 40' ORD QTY,  3.85 ,  2.50 ,       ,Metal,  0.50 
NIELSEN,OEM5MB,MATTE BLACK *MIN 40' ORD QTY*,  4.23 ,  2.75 ,       ,Metal,  0.50 
NURRE CAXTON,NC14603,CASTILE 3/4 FORGED PEWTER,  11.05 ,  6.08 ,  17.01 ,Wood,  0.75 
NURRE CAXTON,NC14604,CASTILE 3/4 FORGED IRON,  11.05 ,  6.08 ,  17.01 ,Wood,  0.75 
NURRE CAXTON,NC14606,CASTILE 3/4 FORGED BRASS,  11.05 ,  6.08 ,  17.01 ,Wood,  0.75 
NURRE CAXTON,NC14609,CASTILE 3/4 FORGED BRONZE,  11.05 ,  6.08 ,  17.01 ,Wood,  0.75 
NURRE CAXTON,NC14703,CASTILE 1 1/4 FORGED PEWTER,  14.51 ,  7.98 ,  22.32 ,Wood,  1.25 
NURRE CAXTON,NC14704,CASTILE 1 1/4 FORGED IRON,  14.51 ,  7.98 ,  22.32 ,Wood,  1.25 
NURRE CAXTON,NC14706,CASTILE 1 1/4 FORGED BRASS,  14.51 ,  7.98 ,  22.32 ,Wood,  1.25 
NURRE CAXTON,NC14709,CASTILE 1 1/4 FORGED BRONZE,  14.51 ,  7.98 ,  22.32 ,Wood,  1.25 
NURRE CAXTON,NC14803,CASTILE 2 3/8 FORGED PEWTER,  21.02 ,  11.56 ,  32.34 ,Wood,  2.38 
NURRE CAXTON,NC14804,CASTILE 2 3/8 FORGED IRON,  21.02 ,  11.56 ,  32.34 ,Wood,  2.38 
NURRE CAXTON,NC14806,CASTILE 2 3/8 FORGED BRASS,  21.02 ,  11.56 ,  32.34 ,Wood,  2.38 
NURRE CAXTON,NC14809,CASTILE 2 3/8 FORGED BRONZE,  21.02 ,  11.56 ,  32.34 ,Wood,  2.38 
NURRE CAXTON,NC17004,DUALITA 2 EBONY,  16.11 ,  8.86 ,  24.78 ,Wood,  2.00 
NURRE CAXTON,NC17005,DUALITA 2 WHITE OAK,  16.11 ,  8.86 ,  24.78 ,Wood,  2.00 
NURRE CAXTON,NC17009,DUALITA 2 MAHOGANY,  16.11 ,  8.86 ,  24.78 ,Wood,  2.00 
NURRE CAXTON,NC17013,DUALITA 2 BLACK WALNUT,  16.11 ,  8.86 ,  24.78 ,Wood,  2.00 
NURRE CAXTON,NC17017,DUALITA 2 HONEY BIRCH,  16.11 ,  8.86 ,  24.78 ,Wood,  2.00 
NURRE CAXTON,NC17027,DUALITA 2 HICKORY,  16.11 ,  8.86 ,  24.78 ,Wood,  2.00 
NURRE CAXTON,NC17104,DUALITA 1 1/2 EBONY,  13.02 ,  7.16 ,  20.03 ,Wood,  1.50 
NURRE CAXTON,NC17105,DUALITA 1 1/2 WHITE OAK,  13.02 ,  7.16 ,  20.03 ,Wood,  1.50 
NURRE CAXTON,NC17109,DUALITA 1 1/2 MAHOGANY,  13.02 ,  7.16 ,  20.03 ,Wood,  1.50 
NURRE CAXTON,NC17113,DUALITA 1 1/2 BLACK WALNUT,  13.02 ,  7.16 ,  20.03 ,Wood,  1.50 
NURRE CAXTON,NC17117,DUALITA 1 1/2 HONEY BIRCH,  13.02 ,  7.16 ,  20.03 ,Wood,  1.50 
NURRE CAXTON,NC17127,DUALITA 1 1/2 HICKORY,  13.02 ,  7.16 ,  20.03 ,Wood,  1.50 
NURRE CAXTON,NC17403,COLONNA 1 1/2 WINDSWEPT,  13.02 ,  7.16 ,  20.03 ,Wood,  1.50 
NURRE CAXTON,NC17404,COLONNA 1 1/2 GILDED BLACK,  13.02 ,  7.16 ,  20.03 ,Wood,  1.50 
NURRE CAXTON,NC17409,COLONNA 1 1/2 SEPIA,  13.02 ,  7.16 ,  20.03 ,Wood,  1.50 
NURRE CAXTON,NC17481,COLONNA 1 1/2 SAGE,  13.02 ,  7.16 ,  20.03 ,Wood,  1.50 
NURRE CAXTON,NC17491,COLONNA 1 1/2 TERRA,  13.02 ,  7.16 ,  20.03 ,Wood,  1.50 
NURRE CAXTON,NC17492,COLONNA 1 1/2 SLATE,  13.02 ,  7.16 ,  20.03 ,Wood,  1.50 
NURRE CAXTON,NC17503,COLONNA 2 1/2 WINDSWEPT,  16.22 ,  8.92 ,  24.95 ,Wood,  2.50 
NURRE CAXTON,NC17504,COLONNA 2 1/2 GILDED BLACK,  16.22 ,  8.92 ,  24.95 ,Wood,  2.50 
NURRE CAXTON,NC17509,COLONNA 2 1/2 SEPIA,  16.22 ,  8.92 ,  24.95 ,Wood,  2.50 
NURRE CAXTON,NC17581,COLONNA 2 1/2 SAGE,  16.22 ,  8.92 ,  24.95 ,Wood,  2.50 
NURRE CAXTON,NC17591,COLONNA 2 1/2 TERRA,  16.22 ,  8.92 ,  24.95 ,Wood,  2.50 
NURRE CAXTON,NC17592,COLONNA 2 1/2 SLATE,  16.22 ,  8.92 ,  24.95 ,Wood,  2.50 
NURRE CAXTON,NC17703,RIALTO 1 3/4 PELICAN,  13.02 ,  7.16 ,  20.03 ,Wood,  1.75 
NURRE CAXTON,NC17704,RIALTO 1 3/4 CYPRESS,  13.02 ,  7.16 ,  20.03 ,Wood,  1.75 
NURRE CAXTON,NC17709,RIALTO 1 3/4 WALNUT,  13.02 ,  7.16 ,  20.03 ,Wood,  1.75 
NURRE CAXTON,NC17791,RIALTO 1 3/4 CEDAR,  13.02 ,  7.16 ,  20.03 ,Wood,  1.75 
NURRE CAXTON,NC17803,RIALTO 2 1/2 PELICAN,  16.55 ,  9.10 ,  25.45 ,Wood,  2.50 
NURRE CAXTON,NC17804,RIALTO 2 1/2 CYPRESS,  16.55 ,  9.10 ,  25.45 ,Wood,  2.50 
NURRE CAXTON,NC17809,RIALTO 2 1/2 WALNUT,  16.55 ,  9.10 ,  25.45 ,Wood,  2.50 
NURRE CAXTON,NC17891,RIALTO 2 1/2 CEDAR,  16.55 ,  9.10 ,  25.45 ,Wood,  2.50 
NURRE CAXTON,NC17902,MARRAKESH 1 MEDINA SILVER,  8.69 ,  4.78 ,  13.37 ,Wood,  1.00 
NURRE CAXTON,NC17914,MARRAKESH 1 GALENA BLACK,  8.69 ,  4.78 ,  13.37 ,Wood,  1.00 
NURRE CAXTON,NC17915,MARRAKESH 1 TAJINE,  8.69 ,  4.78 ,  13.37 ,Wood,  1.00 
NURRE CAXTON,NC17941,MARRAKESH 1 SAFFRON GOLD,  8.69 ,  4.78 ,  13.37 ,Wood,  1.00 
NURRE CAXTON,NC18002,MARRAKESH 2 1/4 MEDINA SILVER,  17.42 ,  9.58 ,  26.80 ,Wood,  2.25 
NURRE CAXTON,NC18014,MARRAKESH 2 1/4 GALENA BLACK,  17.42 ,  9.58 ,  26.80 ,Wood,  2.25 
NURRE CAXTON,NC18015,MARRAKESH 2 1/4 TAJINE,  17.42 ,  9.58 ,  26.80 ,Wood,  2.25 
NURRE CAXTON,NC18041,MARRAKESH 2 1/4 SAFFRON GOLD,  17.42 ,  9.58 ,  26.80 ,Wood,  2.25 
NURRE CAXTON,NC18102,MARRAKESH 1 3/8 MEDINA SILVER,  13.64 ,  7.50 ,  20.98 ,Wood,  1.38 
NURRE CAXTON,NC18106,ALTAMIRA 3/4 SLATE,  6.04 ,  3.32 ,  9.29 ,Wood,  0.75 
NURRE CAXTON,NC18107,ALTAMIRA 3/4 IVORY,  6.04 ,  3.32 ,  9.29 ,Wood,  0.75 
NURRE CAXTON,NC18109,ALTAMIRA 3/4 UMBER,  6.04 ,  3.32 ,  9.29 ,Wood,  0.75 
NURRE CAXTON,NC18114,MARRAKESH 1 3/8 GALENA BLACK,  13.64 ,  7.50 ,  20.98 ,Wood,  1.38 
NURRE CAXTON,NC18115,MARRAKESH 1 3/8 TAJINE,  13.64 ,  7.50 ,  20.98 ,Wood,  1.38 
NURRE CAXTON,NC18141,MARRAKESH 1 3/8 SAFFRON GOLD,  13.64 ,  7.50 ,  20.98 ,Wood,  1.38 
NURRE CAXTON,NC18206,ALTAMIRA 1 1/4 SLATE,  9.02 ,  4.96 ,  13.87 ,Wood,  1.25 
NURRE CAXTON,NC18207,ALTAMIRA 1 1/4 IVORY,  9.02 ,  4.96 ,  13.87 ,Wood,  1.25 
NURRE CAXTON,NC18209,ALTAMIRA 1 1/4 UMBER,  9.02 ,  4.96 ,  13.87 ,Wood,  1.25 
NURRE CAXTON,NC18302,MARRAKESH MINI 3/4 MEDINA SLVR,  7.09 ,  3.90 ,  10.91 ,Wood,  0.75 
NURRE CAXTON,NC18314,MARRAKESH MINI 3/4 GALENA BLK,  7.09 ,  3.90 ,  10.91 ,Wood,  0.75 
NURRE CAXTON,NC18315,MARRAKESH MNI 3/4 SAFFRON GLD,  7.09 ,  3.90 ,  10.91 ,Wood,  0.75 
NURRE CAXTON,NC18341,MARRAKESH MINI 3/4 TAJINE,  7.09 ,  3.90 ,  10.91 ,Wood,  0.75 
NURRE CAXTON,NC18402,MARRAKESH MINI 5/8 MEDINA SLVR,  6.45 ,  3.55 ,  9.92 ,Wood,  0.63 
NURRE CAXTON,NC18414,MARRAKESH MINI 5/8 GALENA BLK,  6.45 ,  3.55 ,  9.92 ,Wood,  0.63 
NURRE CAXTON,NC18415,MARRAKESH MINI 5/8 SAFFRON GLD,  6.45 ,  3.55 ,  9.92 ,Wood,  0.63 
NURRE CAXTON,NC18441,MARRAKESH MINI 5/8 TAJINE,  6.45 ,  3.55 ,  9.92 ,Wood,  0.63 
NURRE CAXTON,NC18602,IRONWORKS II 1 3/8 SILVER SLAN,  9.56 ,  5.26 ,  14.71 ,Wood,  1.38 
NURRE CAXTON,NC18603,IRONWORKS II 1 3/8 PEWTER SLAN,  9.56 ,  5.26 ,  14.71 ,Wood,  1.38 
NURRE CAXTON,NC18604,IRONWORKS II 1 3/8 BLACK SLANT,  9.56 ,  5.26 ,  14.71 ,Wood,  1.38 
NURRE CAXTON,NC18615,IRONWORKS II 1 3/8 CHAMPA SLAN,  9.56 ,  5.26 ,  14.71 ,Wood,  1.38 
NURRE CAXTON,NC18662,IRONWORKS II 1 3/8 BRONZE SLAN,  9.56 ,  5.26 ,  14.71 ,Wood,  1.38 
NURRE CAXTON,NC18802,IRONWORKS II 2 5/32 SILV SLANT,  14.69 ,  8.08 ,  22.60 ,Wood,  2.16 
NURRE CAXTON,NC18803,IRONWORKS II 2 5/32 PEWT SLANT,  14.69 ,  8.08 ,  22.60 ,Wood,  2.16 
NURRE CAXTON,NC18804,IRONWORKS II 2 5/32 BLACK SLAN,  14.69 ,  8.08 ,  22.60 ,Wood,  2.16 
NURRE CAXTON,NC18815,IRONWORKS II 2 5/32 CHAMP SLAN,  14.69 ,  8.08 ,  22.60 ,Wood,  2.16 
NURRE CAXTON,NC18862,IRONWORKS II 2 5/32 BRONZE SLA,  14.69 ,  8.08 ,  22.60 ,Wood,  2.16 
NURRE CAXTON,NC19104,NANTUCKET 3/4 BLACK,  7.75 ,  4.26 ,  11.92 ,Wood,  0.75 
NURRE CAXTON,NC19123,NANTUCKET 3/4 DOVER GREY,  7.75 ,  4.26 ,  11.92 ,Wood,  0.75 
NURRE CAXTON,NC19127,NANTUCKET 3/4 TAUPE,  7.75 ,  4.26 ,  11.92 ,Wood,  0.75 
NURRE CAXTON,NC19131,NANTUCKET 3/4 DRIFTWOOD,  7.75 ,  4.26 ,  11.92 ,Wood,  0.75 
NURRE CAXTON,NC19192,NANTUCKET 3/4 BLUE GREY,  7.75 ,  4.26 ,  11.92 ,Wood,  0.75 
NURRE CAXTON,NC19304,NANTUCKET 1 3/4 BLACK,  10.22 ,  5.62 ,  15.72 ,Wood,  1.75 
NURRE CAXTON,NC19323,NANTUCKET 1 3/4 DOVER GREY,  10.22 ,  5.62 ,  15.72 ,Wood,  1.75 
NURRE CAXTON,NC19327,NANTUCKET 1 3/4 TAUPE,  10.22 ,  5.62 ,  15.72 ,Wood,  1.75 
NURRE CAXTON,NC19331,NANTUCKET 1 3/4 DRIFTWOOD,  10.22 ,  5.62 ,  15.72 ,Wood,  1.75 
NURRE CAXTON,NC19392,NANTUCKET 1 3/4 BLUE GREY,  10.22 ,  5.62 ,  15.72 ,Wood,  1.75 
NURRE CAXTON,NC27215,FORGED METALS 1 3/16 CHAMPAGNE,  8.18 ,  4.50 ,  12.59 ,Wood,  1.19 
NURRE CAXTON,NC27262,FORGED METALS 1 3/16 BRONZE,  8.18 ,  4.50 ,  12.59 ,Wood,  1.19 
NURRE CAXTON,NC27404,FORGED METALS 1 3/4 BLACK,  8.29 ,  4.56 ,  12.76 ,Wood,  1.75 
NURRE CAXTON,NC27415,FORGED METALS 1 3/4 CHAMPAGNE,  8.29 ,  4.56 ,  12.76 ,Wood,  1.75 
NURRE CAXTON,NC27436,FORGED METALS 1 3/4 MERCURY,  8.29 ,  4.56 ,  12.76 ,Wood,  1.75 
NURRE CAXTON,NC27462,FORGED METALS 1 3/4 BRONZE,  8.29 ,  4.56 ,  12.76 ,Wood,  1.75 
NURRE CAXTON,NC29105,WOODWORKS 5/8 WALNUT,  3.05 ,  1.68 ,  4.70 ,Wood,  0.63 
NURRE CAXTON,NC29113,WOODWORKS 5/8 GREY WASH,  3.05 ,  1.68 ,  4.70 ,Wood,  0.63 
NURRE CAXTON,NC29114,WOODWORKS 5/8 BLACK,  3.05 ,  1.68 ,  4.70 ,Wood,  0.63 
NURRE CAXTON,NC29116,WOODWORKS 5/8 WHITE WASH,  3.05 ,  1.68 ,  4.70 ,Wood,  0.63 
NURRE CAXTON,NC29129,WOODWORKS 5/8 CEDAR,  3.05 ,  1.68 ,  4.70 ,Wood,  0.63 
NURRE CAXTON,NC29175,WOODWORKS 5/8 HAZELNUT,  3.05 ,  1.68 ,  4.70 ,Wood,  0.63 
NURRE CAXTON,NC29205,WOODWORKS 3/4 WALNUT,  4.84 ,  2.66 ,  7.44 ,Wood,  0.75 
NURRE CAXTON,NC29213,WOODWORKS 3/4 GREY WASH,  4.84 ,  2.66 ,  7.44 ,Wood,  0.75 
NURRE CAXTON,NC29214,WOODWORKS 3/4 BLACK,  4.84 ,  2.66 ,  7.44 ,Wood,  0.75 
NURRE CAXTON,NC29216,WOODWORKS 3/4 WHITE WASH,  4.84 ,  2.66 ,  7.44 ,Wood,  0.75 
NURRE CAXTON,NC29229,WOODWORKS 3/4 CEDAR,  4.84 ,  2.66 ,  7.44 ,Wood,  0.75 
NURRE CAXTON,NC29275,WOODWORKS 3/4 HAZELNUT,  4.84 ,  2.66 ,  7.44 ,Wood,  0.75 
NURRE CAXTON,NC29405,WOODWORKS 1 1/2 WALNUT,  5.24 ,  2.88 ,  8.06 ,Wood,  1.50 
NURRE CAXTON,NC29413,WOODWORKS 1 1/2 GREY WASH,  5.24 ,  2.88 ,  8.06 ,Wood,  1.50 
NURRE CAXTON,NC29414,WOODWORKS 1 1/2 BLACK ASH,  5.24 ,  2.88 ,  8.06 ,Wood,  1.50 
NURRE CAXTON,NC29416,WOODWORKS 1 1/2 WHITE WASH,  5.24 ,  2.88 ,  8.06 ,Wood,  1.50 
NURRE CAXTON,NC29429,WOODWORKS 1 1/2 CEDAR,  5.24 ,  2.88 ,  8.06 ,Wood,  1.50 
NURRE CAXTON,NC29475,WOODWORKS 1 1/2 HAZELNUT,  5.24 ,  2.88 ,  8.06 ,Wood,  1.50 
NURRE CAXTON,NC29505,WOODWORKS 1 11/16 WALNUT,  7.09 ,  3.90 ,  10.91 ,Wood,  1.69 
NURRE CAXTON,NC29513,WOODWORKS 1 11/16 GREY WASH,  7.09 ,  3.90 ,  10.91 ,Wood,  1.69 
NURRE CAXTON,NC29514,WOODWORKS 1 11/16 BLACK ASH,  7.09 ,  3.90 ,  10.91 ,Wood,  1.69 
NURRE CAXTON,NC29516,WOODWORKS 1 11/16 WHITE WASH,  7.09 ,  3.90 ,  10.91 ,Wood,  1.69 
NURRE CAXTON,NC29529,WOODWORKS 1 11/16 CEDAR,  7.09 ,  3.90 ,  10.91 ,Wood,  1.69 
NURRE CAXTON,NC29575,WOODWORKS 1 11/16 HAZELNUT,  7.09 ,  3.90 ,  10.91 ,Wood,  1.69 
NURRE CAXTON,NC30314,MADERA 1 3/8 ZEBRAWOOD VENEER,  14.47 ,  7.96 ,  22.27 ,Wood,  1.38 
NURRE CAXTON,NC30324,MADERA 1 3/8 EBONY VENEER,  14.47 ,  7.96 ,  22.27 ,Wood,  1.38 
NURRE CAXTON,NC31504,RESTORATIONS 1 3/16 MATTE BLAC,  10.55 ,  5.80 ,  16.22 ,Wood,  1.19 
NURRE CAXTON,NC31549,RESTORATIONS 1 3/16 HAZELNUT,  10.55 ,  5.80 ,  16.22 ,Wood,  1.19 
NURRE CAXTON,NC31604,RESTORATIONS 1 7/8 MATTE BLACK,  12.95 ,  7.12 ,  19.92 ,Wood,  1.88 
NURRE CAXTON,NC31649,RESTORATIONS 1 7/8 HAZELNUT,  12.95 ,  7.12 ,  19.92 ,Wood,  1.88 
NURRE CAXTON,NC38109,NOCTURNE 3/4 ESPRESSO BROWN,  8.40 ,  4.62 ,  12.92 ,Wood,  0.75 
NURRE CAXTON,NC38309,NOCTURNE 5/8 ESPRESSO BROWN,  6.04 ,  3.32 ,  9.29 ,Wood,  0.63 
NURRE CAXTON,NC38409,NOCTURNE 1 ESPRESSO BROWN,  7.24 ,  3.98 ,  11.13 ,Wood,  1.00 
NURRE CAXTON,NC38509,NOCTURNE 1 3/8 ESPRESSO BROWN,  8.69 ,  4.78 ,  13.37 ,Wood,  1.38 
NURRE CAXTON,NC40304,ARDESIA 3/4 CAST IRON,  8.47 ,  4.66 ,  13.03 ,Wood,  0.75 
NURRE CAXTON,NC40362,ARDESIA 3/4 OILED BRONZE,  11.05 ,  6.08 ,  17.01 ,Wood,  0.75 
NURRE CAXTON,NC40562,ARDESIA 1 1/2 OILED BRONZE,  17.71 ,  9.74 ,  27.24 ,Wood,  1.50 
NURRE CAXTON,NC40704,ARDESIA 2 1/4 CAST IRON,  17.67 ,  9.72 ,  27.19 ,Wood,  2.25 
NURRE CAXTON,NC40762,ARDESIA 2 1/4 OILED BRONZE,  22.04 ,  12.12 ,  33.90 ,Wood,  2.25 
NURRE CAXTON,NC42331,AM. HARDWD 5/8 NATURAL MAPLE,  12.40 ,  6.82 ,  19.08 ,Wood,  0.63 
NURRE CAXTON,NC42431,AM. HARDWD 3/4 NATURAL MAPLE,  13.56 ,  7.46 ,  20.87 ,Wood,  0.75 
NURRE CAXTON,NC42631,AM HARDWD 3/4 NATURAL MAPLE,  20.98 ,  11.54 ,  32.28 ,Wood,  0.75 
NURRE CAXTON,NC44041,PALLADIO CARVED 3/4 BLACK/GOLD,  13.71 ,  7.54 ,  21.09 ,Wood,  0.75 
NURRE CAXTON,NC44042,PALLADIO CARVED 3/4 BLACK/SILV,  13.71 ,  7.54 ,  21.09 ,Wood,  0.75 
NURRE CAXTON,NC44043,PALLADIO CARVED 3/4 BLACK/BROW,  9.89 ,  5.44 ,  15.22 ,Wood,  0.75 
NURRE CAXTON,NC44141,PALLADIO CRVD 1 3/16 BLACK/GOL,  16.15 ,  8.88 ,  24.84 ,Wood,  1.81 
NURRE CAXTON,NC44142,PALLADIO CRVD 1 3/16 BLACK/SIL,  16.15 ,  8.88 ,  24.84 ,Wood,  1.81 
NURRE CAXTON,NC44143,PALLADIO CRVD 1 3/16 BLACK/BRO,  14.25 ,  7.84 ,  21.93 ,Wood,  1.81 
NURRE CAXTON,NC45204,PROVENCE 3/4 CHARRED BLACK,  7.49 ,  4.12 ,  11.52 ,Wood,  0.75 
NURRE CAXTON,NC45207,PROVENCE 3/4 COTTAGE WHITE,  7.49 ,  4.12 ,  11.52 ,Wood,  0.75 
NURRE CAXTON,NC45209,PROVENCE 3/4 WEATHERED BROWN,  7.49 ,  4.12 ,  11.52 ,Wood,  0.75 
NURRE CAXTON,NC45304,PROVENCE 1 1/8 CHARRED BLACK,  6.98 ,  3.84 ,  10.74 ,Wood,  1.13 
NURRE CAXTON,NC45307,PROVENCE 1 1/8 COTTAGE WHITE,  6.98 ,  3.84 ,  10.74 ,Wood,  1.13 
NURRE CAXTON,NC45309,PROVENCE 1 1/8 WEATHERED BROWN,  6.98 ,  3.84 ,  10.74 ,Wood,  1.13 
NURRE CAXTON,NC45604,PROVENCE 1 7/8 CHARRED BLACK,  13.24 ,  7.28 ,  20.36 ,Wood,  1.88 
NURRE CAXTON,NC45607,PROVENCE 1 7/8 COTTAGE WHITE,  13.24 ,  7.28 ,  20.36 ,Wood,  1.88 
NURRE CAXTON,NC45609,PROVENCE 1 7/8 WEATHERED BROWN,  13.24 ,  7.28 ,  20.36 ,Wood,  1.88 
NURRE CAXTON,NC46101,MINIS 5/8 ANT GOLD LEAF,  8.36 ,  4.60 ,  12.87 ,Wood,  0.63 
NURRE CAXTON,NC46102,MINIS 5/8 ANT SILVER LEAF,  8.36 ,  4.60 ,  12.87 ,Wood,  0.63 
NURRE CAXTON,NC46104,MINIS 5/8 ANTIQUE BLACK,  6.44 ,  3.54 ,  9.90 ,Wood,  0.63 
NURRE CAXTON,NC46111,MINIS 5/8 BLACK & GOLD LEAF,  7.09 ,  3.90 ,  10.91 ,Wood,  0.63 
NURRE CAXTON,NC46112,MINIS 5/8 BLACK & SILVER LEAF,  7.09 ,  3.90 ,  10.91 ,Wood,  0.63 
NURRE CAXTON,NC46116,MINIS 5/8 COPPER,  7.31 ,  4.02 ,  11.24 ,Wood,  0.63 
NURRE CAXTON,NC46198,MINIS 5/8 BLACK VERDIGRIS,  7.31 ,  4.02 ,  11.24 ,Wood,  0.63 
NURRE CAXTON,NC46205,MINIS 5/8 OXIDIZED COPPER,  9.02 ,  4.96 ,  13.87 ,Wood,  0.63 
NURRE CAXTON,NC46207,MINIS 5/8 OXIDIZED GOLD,  9.02 ,  4.96 ,  13.87 ,Wood,  0.63 
NURRE CAXTON,NC46209,MINIS 5/8 OXIDIZED SILVER,  9.02 ,  4.96 ,  13.87 ,Wood,  0.63 
NURRE CAXTON,NC46242,MINIS 5/8 OXIDIZED BLACK,  7.85 ,  4.32 ,  12.08 ,Wood,  0.63 
NURRE CAXTON,NC46307,MINIS 5/8 OXIDIZED GOLD,  9.53 ,  5.24 ,  14.66 ,Wood,  0.63 
NURRE CAXTON,NC46309,MINIS 5/8 OXIDIZED SILVER,  9.53 ,  5.24 ,  14.66 ,Wood,  0.63 
NURRE CAXTON,NC46342,MINIS 5/8 OXIDIZED BLACK,  8.22 ,  4.52 ,  12.64 ,Wood,  0.63 
NURRE CAXTON,NC46501,MINIS 9/16 ANTIQUE GOLD LEAF,  7.05 ,  3.88 ,  10.85 ,Wood,  0.56 
NURRE CAXTON,NC46502,MINIS 9/16 ANTIQUE SILVER LEAF,  7.05 ,  3.88 ,  10.85 ,Wood,  0.56 
NURRE CAXTON,NC46504,MINIS 9/16 ANTIQUE BLACK,  6.25 ,  3.44 ,  9.62 ,Wood,  0.56 
NURRE CAXTON,NC46601,MINIS 3/4 ANTIQUE GOLD LEAF,  7.38 ,  4.06 ,  11.36 ,Wood,  0.75 
NURRE CAXTON,NC46671,MINIS 3/4 BROWN & GOLD LEAF,  7.38 ,  4.06 ,  11.36 ,Wood,  0.75 
NURRE CAXTON,NC61943,PALLADIO 1 3/4 BLACK/BROWN,  13.64 ,  7.50 ,  20.98 ,Wood,  1.75 
NURRE CAXTON,NC62104,PALLADIO 3/4 ANTIQUE BLACK,  8.36 ,  4.60 ,  12.87 ,Wood,  0.75 
NURRE CAXTON,NC62304,PALLADIO 5/8 ANTIQUE BLACK,  6.04 ,  3.32 ,  9.29 ,Wood,  0.63 
NURRE CAXTON,NC62404,PALLADIO 1 ANTIQUE BLACK,  7.24 ,  3.98 ,  11.13 ,Wood,  1.00 
NURRE CAXTON,NC62504,PALLADIO 1 3/8 ANTIQUE BLACK,  8.69 ,  4.78 ,  13.37 ,Wood,  1.38 
NURRE CAXTON,NC62603,PALLADIO 1 3/16 COCOA BROWN,  12.84 ,  7.06 ,  19.75 ,Wood,  1.19 
NURRE CAXTON,NC62641,PALLADIO 1 3/16 BLACK/GOLD,  13.56 ,  7.46 ,  20.87 ,Wood,  1.19 
NURRE CAXTON,NC62642,PALLADIO 1 3/16 BLACK/SILVER,  13.56 ,  7.46 ,  20.87 ,Wood,  1.19 
NURRE CAXTON,NC62643,PALLADIO 1 3/16 BLACK/BROWN,  12.84 ,  7.06 ,  19.75 ,Wood,  1.19 
NURRE CAXTON,NC62703,PALLADIO 1 3/8 COCOA BROWN,  14.44 ,  7.94 ,  22.21 ,Wood,  1.38 
NURRE CAXTON,NC62741,PALLADIO 1 3/8 BLACK/GOLD,  15.20 ,  8.36 ,  23.38 ,Wood,  1.38 
NURRE CAXTON,NC62742,PALLADIO 1 3/8 BLACK/SILVER,  15.20 ,  8.36 ,  23.38 ,Wood,  1.38 
NURRE CAXTON,NC62743,PALLADIO 1 3/8 BLACK/BROWN,  14.47 ,  7.96 ,  22.27 ,Wood,  1.38 
NURRE CAXTON,NC62803,PALLADIO 2 1/2 COCOA BROWN,  22.55 ,  12.40 ,  34.69 ,Wood,  2.50 
NURRE CAXTON,NC62841,PALLADIO 2 1/2 BLACK/GOLD,  23.45 ,  12.90 ,  36.08 ,Wood,  2.50 
NURRE CAXTON,NC62842,PALLADIO 2 1/2 BLACK/SILVER,  23.45 ,  12.90 ,  36.08 ,Wood,  2.50 
NURRE CAXTON,NC62843,PALLADIO 2 1/2 BLACK/BROWN,  20.95 ,  11.52 ,  32.22 ,Wood,  2.50 
NURRE CAXTON,NC65103,PALLADIO 1 3/4 COCOA BROWN,  14.44 ,  7.94 ,  22.21 ,Wood,  1.75 
NURRE CAXTON,NC65141,PALLADIO 1 3/4 BLACK/GOLD,  20.25 ,  11.14 ,  31.16 ,Wood,  1.75 
NURRE CAXTON,NC65142,PALLADIO 1 3/4 BLACK/SILVER,  20.33 ,  11.18 ,  31.27 ,Wood,  1.75 
NURRE CAXTON,NC65143,PALLADIO 1 3/4 BLACK/BROWN,  14.44 ,  7.94 ,  22.21 ,Wood,  1.75 
NURRE CAXTON,NC65201,TREVISO 1 STERLING SILVER,  17.09 ,  9.40 ,  26.29 ,Wood,  1.00 
NURRE CAXTON,NC65202,TREVISO 1 GOLD,  17.09 ,  9.40 ,  26.29 ,Wood,  1.00 
NURRE CAXTON,NC65204,TREVISO 1 MIDNIGHT BLACK,  12.07 ,  6.64 ,  18.57 ,Wood,  1.00 
NURRE CAXTON,NC65206,TREVISO 1 AGED BRASS,  17.09 ,  9.40 ,  26.29 ,Wood,  1.00 
NURRE CAXTON,NC65207,TREVISO 1 PEWTER,  17.09 ,  9.40 ,  26.29 ,Wood,  1.00 
NURRE CAXTON,NC65214,TREVISO 1 MATTE BLACK,  17.09 ,  9.40 ,  26.29 ,Wood,  1.00 
NURRE CAXTON,NC65243,TREVISO 1 EBONY,  17.09 ,  9.40 ,  26.29 ,Wood,  1.00 
NURRE CAXTON,NC65301,TREVISO 1 3/4 STERLING SILVER,  25.82 ,  14.20 ,  39.72 ,Wood,  1.75 
NURRE CAXTON,NC65302,TREVISO 1 3/4 GOLD,  25.82 ,  14.20 ,  39.72 ,Wood,  1.75 
NURRE CAXTON,NC65304,TREVISO 1 3/4 MIDNIGHT BLACK,  20.29 ,  11.16 ,  31.22 ,Wood,  1.75 
NURRE CAXTON,NC65306,TREVISO 1 3/4 AGED BRASS,  25.82 ,  14.20 ,  39.72 ,Wood,  1.75 
NURRE CAXTON,NC65307,TREVISO 1 3/4 PEWTER,  25.82 ,  14.20 ,  39.72 ,Wood,  1.75 
NURRE CAXTON,NC65314,TREVISO 1 3/4 MATTE BLACK,  25.82 ,  14.20 ,  39.72 ,Wood,  1.75 
NURRE CAXTON,NC65343,TREVISO 1 3/4 EBONY,  25.82 ,  14.20 ,  39.72 ,Wood,  1.75 
NURRE CAXTON,NC65401,TREVISO 2 3/4 STERLING SILVER,  33.93 ,  18.66 ,  52.20 ,Wood,  2.75 
NURRE CAXTON,NC65402,TREVISO 2 3/4 GOLD,  33.93 ,  18.66 ,  52.20 ,Wood,  2.75 
NURRE CAXTON,NC65404,TREVISO 2 3/4 MIDNIGHT BLACK,  24.51 ,  13.48 ,  37.71 ,Wood,  2.75 
NURRE CAXTON,NC65406,TREVISO 2 5/16 AGED BRASS,  33.93 ,  18.66 ,  52.20 ,Wood,  2.31 
NURRE CAXTON,NC65407,TREVISO 2 3/4 PEWTER,  33.93 ,  18.66 ,  52.20 ,Wood,  2.75 
NURRE CAXTON,NC65414,TREVISO 2 3/4 MATTE BLACK,  33.93 ,  18.66 ,  52.20 ,Wood,  2.75 
NURRE CAXTON,NC65443,TREVISO 2 5/16 EBONY,  33.93 ,  18.66 ,  52.20 ,Wood,  2.31 
NURRE CAXTON,NC72501,METRO FLOAT 1/4 ANTIQUE GOLD,  13.13 ,  7.22 ,  20.20 ,Wood,  0.25 
NURRE CAXTON,NC72502,METRO FLOAT 1/4 ANTIQUE SILVER,  13.13 ,  7.22 ,  20.20 ,Wood,  0.25 
NURRE CAXTON,NC72504,METRO FLOAT 1/4 ANTIQUE BLACK,  12.33 ,  6.78 ,  18.97 ,Wood,  0.25 
NURRE CAXTON,NC73311,METRO 1 7/16 BLACK/GOLD,  14.44 ,  7.94 ,  22.21 ,Wood,  1.44 
NURRE CAXTON,NC73404,METRO 2 ANTIQUE BLACK,  14.91 ,  8.20 ,  22.94 ,Wood,  2.00 
NURRE CAXTON,NC73411,METRO 2 BLACK/GOLD,  16.65 ,  9.16 ,  25.62 ,Wood,  2.00 
NURRE CAXTON,NC73701,METROPOLITAN 3/4 CAP ANTIQUE G,  11.75 ,  6.46 ,  18.07 ,Wood,  0.75 
NURRE CAXTON,NC73702,METROPOLITAN 3/4 CAP ANTIQUE S,  11.75 ,  6.46 ,  18.07 ,Wood,  0.75 
NURRE CAXTON,NC73704,METRO 3/4 CAP ANTIQUE BLACK,  10.51 ,  5.78 ,  16.17 ,Wood,  0.75 
NURRE CAXTON,NC73804,METRO 1 3/16 FLAT CAP ANT BLK,  11.96 ,  6.58 ,  18.41 ,Wood,  1.19 
NURRE CAXTON,NC85741,HERITAGE 3/4 BLACK/GOLD,  12.04 ,  6.62 ,  18.52 ,Wood,  0.75 
NURRE CAXTON,NC85744,HERITAGE 3/4 BROWN/GOLD,  12.04 ,  6.62 ,  18.52 ,Wood,  0.75 
NURRE CAXTON,NC85841,HERITAGE 1 1/4 BLACK/GOLD,  14.91 ,  8.20 ,  22.94 ,Wood,  1.25 
NURRE CAXTON,NC85844,HERITAGE 1 1/4 BROWN/GOLD,  14.91 ,  8.20 ,  22.94 ,Wood,  1.25 
NURRE CAXTON,NC85941,HERITAGE 2 1/8 BLACK/GOLD,  20.58 ,  11.32 ,  31.66 ,Wood,  2.13 
NURRE CAXTON,NC85944,HERITAGE 2 1/8 BROWN/GOLD,  20.58 ,  11.32 ,  31.66 ,Wood,  2.13 
NURRE CAXTON,NC86041,HERITAGE 1 3/4 BLACK/GOLD,  25.20 ,  13.86 ,  38.77 ,Wood,  1.75 
NURRE CAXTON,NC86044,HERITAGE 1 3/4 BROWN/GOLD,  25.20 ,  13.86 ,  38.77 ,Wood,  1.75 
NURRE CAXTON,NC86141,HERITAGE 2 BLACK/GOLD,  27.71 ,  15.24 ,  42.63 ,Wood,  2.00 
NURRE CAXTON,NC86144,HERITAGE 2 BROWN/GOLD,  27.71 ,  15.24 ,  42.63 ,Wood,  2.00 
NURRE CAXTON,NC86241,HERITAGE 1 3/8 BLACK/GOLD,  20.00 ,  11.00 ,  30.77 ,Wood,  1.38 
NURRE CAXTON,NC86244,HERITAGE 1 3/8 BROWN/GOLD,  20.00 ,  11.00 ,  30.77 ,Wood,  1.38 
NURRE CAXTON,NC93809,HYGGE 2 5/16 CARBON,  21.20 ,  11.66 ,  32.62 ,Wood,  2.31 
NURRE CAXTON,NC93817,HYGGE 2 5/16 NATURAL,  21.20 ,  11.66 ,  32.62 ,Wood,  2.31 
NURRE CAXTON,NC93823,HYGGE 2 5/16 DOVE GREY,  21.20 ,  11.66 ,  32.62 ,Wood,  2.31 
NURRE CAXTON,NC93827,HYGGE 2 5/16 WALNUT,  21.20 ,  11.66 ,  32.62 ,Wood,  2.31 
NURRE CAXTON,NC93831,HYGGE 2 5/16 DRIFTWOOD,  21.20 ,  11.66 ,  32.62 ,Wood,  2.31 
NURRE CAXTON,NC93909,HYGGE 1 CARBON,  12.47 ,  6.86 ,  19.19 ,Wood,  1.00 
NURRE CAXTON,NC93917,HYGGE 1 NATURAL,  12.47 ,  6.86 ,  19.19 ,Wood,  1.00 
NURRE CAXTON,NC93923,HYGGE 1 DOVE GREY,  12.47 ,  6.86 ,  19.19 ,Wood,  1.00 
NURRE CAXTON,NC93927,HYGGE 1 WALNUT,  12.47 ,  6.86 ,  19.19 ,Wood,  1.00 
NURRE CAXTON,NC93931,HYGGE 1 DRIFTWOOD,  12.47 ,  6.86 ,  19.19 ,Wood,  1.00 
NURRE CAXTON,NC94009,HYGGE 2 3/16 CARBON,  19.16 ,  10.54 ,  29.48 ,Wood,  2.19 
NURRE CAXTON,NC94017,HYGGE 2 3/16 NATURAL,  19.16 ,  10.54 ,  29.48 ,Wood,  2.19 
NURRE CAXTON,NC94023,HYGGE 2 3/16 DOVE GREY,  19.16 ,  10.54 ,  29.48 ,Wood,  2.19 
NURRE CAXTON,NC94027,HYGGE 2 3/16 WALNUT,  19.16 ,  10.54 ,  29.48 ,Wood,  2.19 
NURRE CAXTON,NC94031,HYGGE 2 3/16 DRIFTWOOD,  19.16 ,  10.54 ,  29.48 ,Wood,  2.19 
NURRE CAXTON,NC97101,PALLADIO COLOR 3/4 ANT GOLD,  12.62 ,  6.94 ,  19.41 ,Wood,  0.75 
NURRE CAXTON,NC97102,PALLADIO COLOR 3/4 ANT SILVER,  12.62 ,  6.94 ,  19.41 ,Wood,  0.75 
NURRE CAXTON,NC97132,PALLADIO COLOR 3/4 BLUE SILVER,  12.62 ,  6.94 ,  19.41 ,Wood,  0.75 
NURRE CAXTON,NC97141,PALLADIO COLOR 3/4 ESPRESSO/GO,  12.62 ,  6.94 ,  19.41 ,Wood,  0.75 
NURRE CAXTON,NC97142,PALLADIO COLOR 3/4 GRAPHITE/SI,  12.62 ,  6.94 ,  19.41 ,Wood,  0.75 
NURRE CAXTON,NC97181,PALLADIO COLOR 3/4 EVERGREEN/G,  12.62 ,  6.94 ,  19.41 ,Wood,  0.75 
NURRE CAXTON,NC97191,PALLADIO COLOR 3/4 ROSEWOOD/GO,  12.62 ,  6.94 ,  19.41 ,Wood,  0.75 
NURRE CAXTON,NC97201,PALLADIO COLOR 1 1/2 ANT GOLD,  18.91 ,  10.40 ,  29.09 ,Wood,  1.50 
NURRE CAXTON,NC97202,PALLADIO COLOR 1 1/2 ANT SILVE,  18.91 ,  10.40 ,  29.09 ,Wood,  1.50 
NURRE CAXTON,NC97232,PALLADIO COLOR 1 1/2 WEDGEWOOD,  18.91 ,  10.40 ,  29.09 ,Wood,  1.50 
NURRE CAXTON,NC97241,PALLADIO COLOR 1 1/2 ESPRESSO/,  18.91 ,  10.40 ,  29.09 ,Wood,  1.50 
NURRE CAXTON,NC97242,PALLADIO COLOR 1 1/2 GRAPHITE/,  19.02 ,  10.46 ,  29.26 ,Wood,  1.50 
NURRE CAXTON,NC97281,PALLADIO COLOR 1 1/2 EVERGREEN,  19.02 ,  10.46 ,  29.26 ,Wood,  1.50 
ROMA,R00057,FILLET LA CONTESSA 5/16 BLACK,       ,  3.61 ,       ,Fillet,  0.31 
ROMA,R10,FILLET MOLTO 9/16 ZINC,       ,  1.71 ,       ,Fillet,  0.56 
ROMA,R10141001,RAMINO FLOATER 3/8 BLACK,  14.38 ,  6.78 ,  20.84 ,Wood,  1.75 
ROMA,R103,FILLET METRO 3/4 URB SLV LEAF,       ,  3.40 ,       ,Fillet,  0.75 
ROMA,R10361001,RAMINO FLOATER 1/2 BLACK,  21.63 ,  10.38 ,  31.35 ,Wood,  1.75 
ROMA,R10361067,RAMINO FLOATER 1/2 BROWN,  21.63 ,  10.38 ,  31.35 ,Wood,  1.75 
ROMA,R10361083,RAMINO FLOATER 1/2 NATURAL,  21.63 ,  10.38 ,  31.35 ,Wood,  1.75 
ROMA,R104,FILLET METRO 3/4 URB GLD LEAF,       ,  3.40 ,       ,Fillet,  0.75 
ROMA,R10421001,RAMINO FLOATER 1/4 BLACK,  7.82 ,  3.74 ,  11.33 ,Wood,  1.00 
ROMA,R1054,GIANNI 3/4 FROSTED SILVER,  9.54 ,  4.55 ,  13.83 ,Wood,  0.75 
ROMA,R1055,GIANNI 3/4 FROSTED GOLD,  9.54 ,  4.55 ,  13.83 ,Wood,  0.75 
ROMA,R10601009,1 7/8 X 3/4 OPAQUE WHITE SB,  10.60 ,  5.15 ,  15.36 ,Wood,  1.88 
ROMA,R10732,LAVO 7/8 SEAPORT BLUE CAP,  7.48 ,  3.74 ,  10.84 ,Wood,  0.88 
ROMA,R10737,LAVO 7/8 PLUM PURPLE CAP,  7.48 ,  3.74 ,  10.84 ,Wood,  0.88 
ROMA,R10741,LAVO 7/8 ORANGE MARMALADE CAP,  7.48 ,  3.74 ,  10.84 ,Wood,  0.88 
ROMA,R10747,LAVO 7/8 FRESH LIME CAP,  7.48 ,  3.74 ,  10.84 ,Wood,  0.88 
ROMA,R10752,MOLTO 7/8 ZINC CAP,  6.57 ,  3.29 ,  9.52 ,Wood,  0.88 
ROMA,R10753,MOLTO 7/8 GOLD CAP,  6.57 ,  3.29 ,  9.52 ,Wood,  0.88 
ROMA,R10754,MOLTO 7/8 CHROME CAP,  6.57 ,  3.29 ,  9.52 ,Wood,  0.88 
ROMA,R10755,MOLTO 7/8 POLISHED GOLD CAP,  6.57 ,  3.29 ,  9.52 ,Wood,  0.88 
ROMA,R10771067,"RAMINO 3/4"" BELVINDER BROWN",  7.52 ,  3.62 ,  10.90 ,Wood,  0.75 
ROMA,R10771308,3/4 ARDOISE SLATE RAMINO,  7.30 ,  3.51 ,  10.58 ,Wood,  0.75 
ROMA,R10774,LAVO 7/8 SUNBURST YELLOW CAP,  7.48 ,  3.74 ,  10.84 ,Wood,  0.88 
ROMA,R10776,LAVO 7/8 CHERRY RED CAP,  7.48 ,  3.74 ,  10.84 ,Wood,  0.88 
ROMA,R10777,LAVO 7/8 CAPRI TEAL CAP,  7.48 ,  3.74 ,  10.84 ,Wood,  0.88 
ROMA,R108,FILLET PROVENCE 3/8 CREAM,       ,  3.41 ,       ,Fillet,  0.38 
ROMA,R11,FILLET MOLTO 9/16 GOLD,       ,  1.71 ,       ,Fillet,  0.56 
ROMA,R110,FILLET PROVENCE 3/8 BLACK,       ,  3.41 ,       ,Fillet,  0.38 
ROMA,R111,FILLET PROVENCE 3/8 COCOA,       ,  3.41 ,       ,Fillet,  0.38 
ROMA,R11141000,RAMINO FLOATER 3/8 BLACK,  12.84 ,  6.18 ,  18.61 ,Wood,  1.75 
ROMA,R11141009,RAMINO FLOATER 3/8 WHITE,  12.84 ,  6.18 ,  18.61 ,Wood,  1.75 
ROMA,R11141063,RAMINO FLOATER 3/8 BROWN,  13.42 ,  6.47 ,  19.45 ,Wood,  1.75 
ROMA,R11141073,RAMINO FLOATER 3/8 BLACK/GOLD,  13.51 ,  6.47 ,  19.58 ,Wood,  1.75 
ROMA,R11141075,RAMINO FLOATER 3/8 BLACK/SILVR,  13.51 ,  6.47 ,  19.58 ,Wood,  1.75 
ROMA,R114011,"SR MESSINA, 1 1/2"" BRONZE",  13.90 ,  6.95 ,  20.14 ,Wood,  1.50 
ROMA,R114045,"SR MESSINA, 1 1/2"" BLACK",  13.90 ,  6.95 ,  20.14 ,Wood,  1.50 
ROMA,R114054,"SR MESSINA, 1 1/2"" SILVER",  13.90 ,  6.95 ,  20.14 ,Wood,  1.50 
ROMA,R114055,"SR MESSINA, 1 1/2"" GOLD",  13.90 ,  6.95 ,  20.14 ,Wood,  1.50 
ROMA,R114056,"SR MESSINA, 1 1/2"" PEWTER",  13.90 ,  6.95 ,  20.14 ,Wood,  1.50 
ROMA,R12,FILLET MOLTO 9/16 CHROME,       ,  1.71 ,       ,Fillet,  0.56 
ROMA,R120900,"SR, 1 1/2 SATIN BLACK",  9.27 ,  4.51 ,  13.43 ,Wood,  1.50 
ROMA,R120910,"SR RAMINO 1 1/2"" MATTE MAHOGAN",  9.27 ,  4.51 ,  13.43 ,Wood,  1.50 
ROMA,R120987,"SR RAMINO 1 1/2"" WALNUT",  9.27 ,  4.51 ,  13.43 ,Wood,  1.50 
ROMA,R121045,"SR 3/4"" CHARCOAL SAVOIR",  11.46 ,  5.53 ,  16.61 ,Wood,  0.75 
ROMA,R121053,"SR 3/4"" BURNT BROWN SAVOIR",  11.46 ,  5.53 ,  16.61 ,Wood,  0.75 
ROMA,R121087,"SR 3/4"" DARK BROWN SAVOIR",  11.46 ,  5.53 ,  16.61 ,Wood,  0.75 
ROMA,R122045,"SR 3/4"" CHARCOAL SAVOIR",  15.35 ,  7.41 ,  22.25 ,Wood,  0.75 
ROMA,R122053,"SR 3/4"" BURNT BROWN SAVOIR",  15.35 ,  7.41 ,  22.25 ,Wood,  0.75 
ROMA,R122087,"SR 3/4"" DARK BROWN SAVOIR",  15.35 ,  7.41 ,  22.25 ,Wood,  0.75 
ROMA,R123045,"SR 1 1/2"" CHARCOAL SAVOIR",  19.86 ,  9.54 ,  28.78 ,Wood,  1.50 
ROMA,R123053,"SR 1 1/2"" BURNT BROWN SAVOIR",  19.86 ,  9.54 ,  28.78 ,Wood,  1.50 
ROMA,R123087,"SR 1 1/2"" DARK BROWN SAVOIR",  19.86 ,  9.54 ,  28.78 ,Wood,  1.50 
ROMA,R12316303,"SR 1"" BRUSHED GOLD RAMINO",  7.01 ,  3.36 ,  10.16 ,Wood,  1.00 
ROMA,R12316308,"SR 1"" ARDOISE SLATE RAMINO",  6.27 ,  2.94 ,  9.09 ,Wood,  1.00 
ROMA,R124110,"SR VERSAILLES, 2 5/8"" BOURBON",  26.02 ,  13.30 ,  37.71 ,Wood,  2.63 
ROMA,R124145,"SR VERSAILLES, 2 5/8"" DARK ASH",  26.02 ,  13.30 ,  37.71 ,Wood,  2.63 
ROMA,R124187,"SR VERSAILLES, 2 5/8"" BROWN",  26.02 ,  13.30 ,  37.71 ,Wood,  2.63 
ROMA,R124210,"SR VERSAILLES, 1 5/8"" BOURBON",  13.90 ,  6.95 ,  20.14 ,Wood,  1.63 
ROMA,R124245,"SR VERSAILLES, 1 5/8"" DARK ASH",  13.90 ,  6.95 ,  20.14 ,Wood,  1.63 
ROMA,R124287,"SR VERSAILLES, 1 5/8"" BROWN",  13.90 ,  6.95 ,  20.14 ,Wood,  1.63 
ROMA,R127010,"SR VERSAILLES, 7/8"" BOURBON",  8.49 ,  4.25 ,  12.30 ,Wood,  0.88 
ROMA,R127045,"SR VERSAILLES, 7/8"" DARK ASH",  8.49 ,  4.25 ,  12.30 ,Wood,  0.88 
ROMA,R127087,"SR VERSAILLES, 7/8"" BROWN",  8.49 ,  4.25 ,  12.30 ,Wood,  0.88 
ROMA,R127110,"SR VERSAILLES, 3/4"" BOURBON",  10.75 ,  5.37 ,  15.58 ,Wood,  0.75 
ROMA,R127145,"SR VERSAILLES, 3/4"" DARK ASH",  10.75 ,  5.37 ,  15.58 ,Wood,  0.75 
ROMA,R127187,"SR VERSAILLES, 3/4"" BROWN",  10.75 ,  5.37 ,  15.58 ,Wood,  0.75 
ROMA,R127210,"SR VERSAILLES,1 1/4"" BOURBON",  14.28 ,  7.14 ,  20.70 ,Wood,  1.25 
ROMA,R127245,"SR VERSAILLES,1 1/4"" DARK ASH",  14.28 ,  7.14 ,  20.70 ,Wood,  1.25 
ROMA,R127287,"SR VERSAILLES,1 1/4"" BROWN",  14.28 ,  7.14 ,  20.70 ,Wood,  1.25 
ROMA,R13,FILLET MOLTO 9/16 POLISH GOLD,       ,  1.71 ,       ,Fillet,  0.56 
ROMA,R133001,"SR 1 3/8"" SATIN BLACK RAMINO",  11.17 ,  5.34 ,  16.19 ,Wood,  1.38 
ROMA,R13420009,"SR RAMINO 3/4"" OPAQUE WHITE",  4.30 ,  2.16 ,  6.23 ,Wood,  0.75 
ROMA,R13420011,"SR 3/4"" RUBBED BRONZE RAMINO",  5.51 ,  2.62 ,  7.99 ,Wood,  0.75 
ROMA,R13420303,"SR 3/4"" BRUSHED GOLD RAMINO",  5.62 ,  2.70 ,  8.14 ,Wood,  0.75 
ROMA,R13420308,"SR 3/4"" ARDOISE SLATE RAMINO",  4.75 ,  2.29 ,  6.88 ,Wood,  0.75 
ROMA,R13530009,"SR RAMINO 1 1/8"" OPAQUE WHITE",  5.81 ,  2.92 ,  8.42 ,Wood,  1.13 
ROMA,R13530067,"SR, 1 1/8 BROWN",  7.01 ,  3.36 ,  10.16 ,Wood,  1.13 
ROMA,R13530069,"SR, 1 1/8 CHARCOAL",  6.91 ,  3.33 ,  10.01 ,Wood,  1.13 
ROMA,R13530085,"SR, 1 1/8 MAHOGANY",  6.63 ,  3.19 ,  9.61 ,Wood,  1.13 
ROMA,R138011,SR MESSINA 1 RUBBED BRONZE,  17.50 ,  8.36 ,  25.36 ,Wood,  1.00 
ROMA,R138045,SR MESSINA 1 FORMAL BLACK,  17.50 ,  8.36 ,  25.36 ,Wood,  1.00 
ROMA,R138054,SR MESSINA 1 RUBBED SILVER,  17.50 ,  8.36 ,  25.36 ,Wood,  1.00 
ROMA,R138055,SR MESSINA 1 RUBBED GOLD,  17.50 ,  8.36 ,  25.36 ,Wood,  1.00 
ROMA,R138056,SR MESSINA 1 RUBBED PEWTER,  17.50 ,  8.36 ,  25.36 ,Wood,  1.00 
ROMA,R14044001,"SR RAMINO 1 3/4"" SATIN BLACK",  10.13 ,  4.85 ,  14.68 ,Wood,  1.75 
ROMA,R14540001,RAMINO FLOATER 3/8 BLACK,  19.37 ,  9.68 ,  28.07 ,Wood,  2.00 
ROMA,R14540009,RAMINO FLOATER 3/8 WHITE,  19.37 ,  9.68 ,  28.07 ,Wood,  2.00 
ROMA,R14540011,RAMINO FLOATER 3/8 BRONZE,  22.80 ,  10.98 ,  33.04 ,Wood,  2.00 
ROMA,R14540061,RAMINO FLOATER 3/8 SILVER,  22.80 ,  10.98 ,  33.04 ,Wood,  2.00 
ROMA,R14540062,RAMINO FLOATER 3/8 PALE GOLD,  22.80 ,  10.98 ,  33.04 ,Wood,  2.00 
ROMA,R14930063,"SR 1 5/8"" WENGE RAMINO",  8.55 ,  4.07 ,  12.39 ,Wood,  1.63 
ROMA,R14930303,"SR 1 5/8"" BRUSHED GOLD RAMINO",  8.55 ,  4.07 ,  12.39 ,Wood,  1.63 
ROMA,R14930308,"SR 1 5/8"" ARDOISE SLATE RAMINO",  7.33 ,  3.45 ,  10.62 ,Wood,  1.63 
ROMA,R15030001,*SR 1 5/8 SATIN BLK RAMINO SHB,  12.88 ,  6.42 ,  18.67 ,Wood,  1.63 
ROMA,R15030308,SR 1 5/8 ARDOISE SLATE SHBX,  13.54 ,  6.46 ,  19.62 ,Wood,  1.63 
ROMA,R15125001,"SR 7/8"" SATIN BLACK RAMINO",  6.86 ,  3.28 ,  9.94 ,Wood,  0.88 
ROMA,R15125308,SR RAMINO 1 1/8 ARDOISE SLATE,  6.70 ,  3.21 ,  9.71 ,Wood,  1.13 
ROMA,R15209,SR VINTAGE 1 1/4 URBAN WHITE,  10.95 ,  5.21 ,  15.87 ,Wood,  1.25 
ROMA,R15245,SR VINTAGE 1 1/4 URBAN BLACK,  10.95 ,  5.21 ,  15.87 ,Wood,  1.25 
ROMA,R15254,SR VINTAGE 1 1/4 GILDED SILVER,  10.95 ,  5.21 ,  15.87 ,Wood,  1.25 
ROMA,R15255,SR VINTAGE 1 1/4 GILDED GOLD,  10.95 ,  5.21 ,  15.87 ,Wood,  1.25 
ROMA,R153010,SR 7/8 VERSAILLES LIGHT WALNUT,  11.39 ,  5.41 ,  16.51 ,Wood,  0.88 
ROMA,R153069,SR 7/8 VERSAILLES DRK CHARCOAL,  11.39 ,  5.41 ,  16.51 ,Wood,  0.88 
ROMA,R153087,SR 7/8 VERSAILLES DARK WALNUT,  11.39 ,  5.41 ,  16.51 ,Wood,  0.88 
ROMA,R15309,SR VINTAGE 2 URBAN WHITE,  17.05 ,  8.13 ,  24.71 ,Wood,  2.00 
ROMA,R15345,SR VINTAGE 2 URBAN BLACK,  17.22 ,  8.22 ,  24.96 ,Wood,  2.00 
ROMA,R15354,SR VINTAGE 2 GILDED SILVER LEA,  17.22 ,  8.22 ,  24.96 ,Wood,  2.00 
ROMA,R15355,SR VINTAGE 2 GILDED GOLD LEAF,  17.22 ,  8.22 ,  24.96 ,Wood,  2.00 
ROMA,R154010,"2"" SR VERSAILLES LIGHT WALNUT",  19.00 ,  9.09 ,  27.54 ,Wood,  2.00 
ROMA,R154069,SR 2 VERSAILLES DARK CHARCOAL,  19.00 ,  9.09 ,  27.54 ,Wood,  2.00 
ROMA,R154087,SR 2 VERSAILLES DARK WALNUT,  19.00 ,  9.09 ,  27.54 ,Wood,  2.00 
ROMA,R156010,"7/8"" SR VERSAILLES LIGHT WALNU",  13.78 ,  6.59 ,  19.97 ,Wood,  0.88 
ROMA,R156069,"7/8"" SR VERSAILLES DRK CHARCOA",  13.78 ,  6.59 ,  19.97 ,Wood,  0.88 
ROMA,R156087,"7/8"" SR VERSAILLES DARK WALNUT",  13.78 ,  6.59 ,  19.97 ,Wood,  0.88 
ROMA,R158010,"1 5/8"" SR VERSAILLES LT WALNU",  18.02 ,  8.61 ,  26.12 ,Wood,  1.63 
ROMA,R158069,"1 5/8"" SR VERSAILES DK CHARCOA",  18.02 ,  8.61 ,  26.12 ,Wood,  1.63 
ROMA,R158087,"1 5/8"" SR VERSAILLES DK WALNUT",  18.02 ,  8.61 ,  26.12 ,Wood,  1.63 
ROMA,R159045,"VINTAGE 3/4"" BLACK",  11.42 ,  6.25 ,  16.55 ,Wood,  0.75 
ROMA,R159054,VINTAGE 3/4 X 5/8 SILVER/BLACK,  11.42 ,  6.25 ,  16.55 ,Wood,  0.75 
ROMA,R159055,VINTAGE 3/4 X 5/8 GOLD/BLACK,  11.42 ,  6.25 ,  16.55 ,Wood,  0.75 
ROMA,R159056,"VINTAGE 3/4"" SILVER & WHITE",  11.42 ,  6.25 ,  16.55 ,Wood,  0.75 
ROMA,R160045,"VINTAGE 3/4"" BLACK",  14.52 ,  7.74 ,  21.04 ,Wood,  0.75 
ROMA,R160054,VINTAGE 3/4 X 1 1/8 SILVER/BLK,  14.52 ,  7.74 ,  21.04 ,Wood,  0.75 
ROMA,R160055,VINTAGE 3/4 X 1 1/8 GOLD/BLACK,  14.52 ,  7.74 ,  21.04 ,Wood,  0.75 
ROMA,R160056,"VINTAGE 3/4"" SILVER & WHITE",  14.52 ,  7.74 ,  21.04 ,Wood,  0.75 
ROMA,R162045,"VINTAGE 3/4"" BLACK",  18.73 ,  10.15 ,  27.14 ,Wood,  0.75 
ROMA,R162054,VINTAGE 3/4 X 1 3/4 SILVER/BLK,  18.73 ,  10.15 ,  27.14 ,Wood,  0.75 
ROMA,R162055,VINTAGE 3/4 X 1 3/4 GOLD/BLACK,  18.73 ,  10.15 ,  27.14 ,Wood,  0.75 
ROMA,R162056,"VINTAGE 3/4"" SILVER & WHITE",  18.73 ,  10.15 ,  27.14 ,Wood,  0.75 
ROMA,R163045,"VINTAGE 1"" BLACK",  22.90 ,  12.34 ,  33.19 ,Wood,  1.00 
ROMA,R163054,VINTAGE 3/4 X 2 3/8 SILVER/BLK,  22.90 ,  12.34 ,  33.19 ,Wood,  0.75 
ROMA,R163055,VINTAGE 3/4 X 2 3/8 GOLD/BLACK,  22.90 ,  12.34 ,  33.19 ,Wood,  0.75 
ROMA,R163056,"VINTAGE 1"" SILVER & WHITE",  22.90 ,  12.34 ,  33.19 ,Wood,  1.00 
ROMA,R163200,VINTAGE 9/16 CARBON BLACK,  10.31 ,  4.91 ,  14.94 ,Wood,  0.56 
ROMA,R163209,VINTAGE 9/16 WHITE,  10.31 ,  4.91 ,  14.94 ,Wood,  0.56 
ROMA,R163254,VINTAGE 9/16 SILVER LEAF,  10.78 ,  5.13 ,  15.62 ,Wood,  0.56 
ROMA,R163255,VINTAGE 9/16 GOLD LEAF,  10.78 ,  5.13 ,  15.62 ,Wood,  0.56 
ROMA,R164045,"SR ARBER 3/4"" CHOCOLATE",  12.54 ,  6.44 ,  18.17 ,Wood,  0.75 
ROMA,R164070,"SR ARBER 3/4"" DARK WALNUT",  12.54 ,  6.44 ,  18.17 ,Wood,  0.75 
ROMA,R164086,"SR ARBER 3/4"" CHESTNUT",  12.54 ,  6.44 ,  18.17 ,Wood,  0.75 
ROMA,R164087,"SR ARBER 3/4"" LIGHT WALNUT",  12.54 ,  6.44 ,  18.17 ,Wood,  0.75 
ROMA,R165045,"SR ARBER 3/4"" CHOCOLATE",  14.80 ,  7.90 ,  21.45 ,Wood,  0.75 
ROMA,R165070,"SR ARBER 3/4"" DARK WALNUT",  14.80 ,  7.90 ,  21.45 ,Wood,  0.75 
ROMA,R165086,"SR ARBER 3/4"" CHESTNUT",  14.80 ,  7.90 ,  21.45 ,Wood,  0.75 
ROMA,R165087,"SR ARBER 3/4"" LIGHT WALNUT",  14.80 ,  7.90 ,  21.45 ,Wood,  0.75 
ROMA,R167045,"SR ARBER 1 3/8"" CHOCOLATE",  15.96 ,  8.40 ,  23.13 ,Wood,  1.38 
ROMA,R167070,"SR ARBER 1 3/8"" DARK WALNUT",  15.96 ,  8.40 ,  23.13 ,Wood,  1.38 
ROMA,R167086,"SR ARBER 1 3/8"" CHESTNUT",  15.96 ,  8.40 ,  23.13 ,Wood,  1.38 
ROMA,R167087,"SR ARBER 1 3/8"" LIGHT WALNUT",  15.96 ,  8.40 ,  23.13 ,Wood,  1.38 
ROMA,R168045,"ARBER 3/4"" CHOCOLATE",  12.97 ,  6.88 ,  18.80 ,Wood,  0.75 
ROMA,R168070,"ARBER 3/4"" DARK WALNUT",  12.97 ,  6.88 ,  18.80 ,Wood,  0.75 
ROMA,R168086,"ARBER 3/4"" CHESTNUT",  12.97 ,  6.88 ,  18.80 ,Wood,  0.75 
ROMA,R168087,"ARBER 3/4"" LIGHT WALNUT",  12.97 ,  6.88 ,  18.80 ,Wood,  0.75 
ROMA,R169045,"SR ARBER 1 5/8"" CHOCOLATE",  18.23 ,  9.88 ,  26.42 ,Wood,  1.63 
ROMA,R169070,"SR ARBER 1 5/8"" DARK WALNUT",  18.23 ,  9.88 ,  26.42 ,Wood,  1.63 
ROMA,R169086,"SR ARBER 1 5/8"" CHESTNUT",  18.23 ,  9.88 ,  26.42 ,Wood,  1.63 
ROMA,R169087,"SR ARBER 1 5/8"" LIGHT WALNUT",  18.23 ,  9.88 ,  26.42 ,Wood,  1.63 
ROMA,R1702005,"SR GIANNI 1"" VINTAGE COCOA GOL",  11.03 ,  5.27 ,  15.99 ,Wood,  1.00 
ROMA,R1702006,"SR GIANNI 1"" VINT COCOA SILVER",  11.03 ,  5.27 ,  15.99 ,Wood,  1.00 
ROMA,R1702007,"SR COUNTRY 1"" RUSTIC BLACK",  10.63 ,  5.05 ,  15.41 ,Wood,  1.00 
ROMA,R1702008,"SR COUNTRY 1"" RUSTIC NATURAL",  10.63 ,  5.05 ,  15.41 ,Wood,  1.00 
ROMA,R1702054,SR PALIO 1 ANT BLACK & SILVER,  11.86 ,  5.68 ,  17.19 ,Wood,  1.00 
ROMA,R1702055,SR PALIO 1 ANT BLACK & GOLD,  11.86 ,  5.68 ,  17.19 ,Wood,  1.00 
ROMA,R1703005,SR GIANNI 1 1/2 VINT COCOA GOL,  14.99 ,  7.16 ,  21.72 ,Wood,  1.50 
ROMA,R1703006,SR GIANNI 1 1/2 VINT COCOA SLV,  14.99 ,  7.16 ,  21.72 ,Wood,  1.50 
ROMA,R1703007,SR COUNTRY 1 1/2 RUSTIC BLACK,  14.61 ,  6.94 ,  21.17 ,Wood,  1.50 
ROMA,R1703008,SR COUNTRY 1 1/2 RUSTIC NATURA,  14.61 ,  6.94 ,  21.17 ,Wood,  1.50 
ROMA,R1703055,SR PALIO 1 3/8 ANT BLACK & GOL,  15.81 ,  7.55 ,  22.91 ,Wood,  1.38 
ROMA,R1704001,"RO VINTAGE, 5/8 POINTED BLACK",  13.01 ,  6.24 ,  18.86 ,Wood,  0.63 
ROMA,R1704052,"RO VINTAGE, 5/8 POINTED CHAMPA",  17.44 ,  8.32 ,  25.28 ,Wood,  0.63 
ROMA,R1704055,"RO VINTAGE, 5/8 POINTED GOLD",  17.44 ,  8.32 ,  25.28 ,Wood,  0.63 
ROMA,R1705001,"RO VINTAGE, 1 POINTED BLACK",  17.06 ,  8.15 ,  24.72 ,Wood,  1.00 
ROMA,R1705009,"RO VINTAGE, 1 POINTED WHITE",  17.06 ,  8.15 ,  24.72 ,Wood,  1.00 
ROMA,R1705052,"RO VINTAGE, 1 POINTED CHAMPAGN",  22.24 ,  10.60 ,  32.23 ,Wood,  1.00 
ROMA,R1705053,"RO VINTAGE, 1 POINTED COPPER",  22.24 ,  10.60 ,  32.23 ,Wood,  1.00 
ROMA,R1705054,"RO VINTAGE, 1 POINTED SILVER",  22.24 ,  10.60 ,  32.23 ,Wood,  1.00 
ROMA,R1705055,"RO VINTAGE, 1 POINTED GOLD",  22.24 ,  10.60 ,  32.23 ,Wood,  1.00 
ROMA,R171001,"SR RAMINO, 1 3/8 STEEL BLACK",  15.20 ,  7.24 ,  22.03 ,Wood,  1.38 
ROMA,R17200,"ELEMENTS, 1 1/4 RAVEN BLACK",  22.92 ,  12.79 ,  33.22 ,Wood,  1.25 
ROMA,R172001,"SR RAMINO, 1 3/16 STEEL BLACK",  15.76 ,  7.54 ,  22.84 ,Wood,  1.19 
ROMA,R173001,"SR RAMINO, 15/16 STEEL BLACK",  14.81 ,  7.07 ,  21.46 ,Wood,  0.94 
ROMA,R173200,ELEGANZA 9/16 BLACK,  10.78 ,  5.13 ,  15.62 ,Wood,  0.56 
ROMA,R173251,ELEGANZA 9/16 BONE,  10.78 ,  5.13 ,  15.62 ,Wood,  0.56 
ROMA,R173252,ELEGANZA 9/16 FOG,  10.78 ,  5.13 ,  15.62 ,Wood,  0.56 
ROMA,R174001,"SR RAMINO, 1 9/16 STEEL BLACK",  19.69 ,  9.41 ,  28.54 ,Wood,  1.56 
ROMA,R175001,"SR RAMINO, 1 STEEL BLACK",  24.72 ,  11.79 ,  35.83 ,Wood,  1.00 
ROMA,R1804001,"RO VINTAGE, 5/8 HAMMERED BLACK",  13.64 ,  6.39 ,  19.77 ,Wood,  0.63 
ROMA,R1804009,"RO VINTAGE, 5/8 HAMMERED WHITE",  13.64 ,  6.39 ,  19.77 ,Wood,  0.63 
ROMA,R1804053,"RO VINTAGE, 5/8 HAMMERED COPPE",  17.44 ,  8.32 ,  25.28 ,Wood,  0.63 
ROMA,R1804055,"RO VINTAGE, 5/8 HAMMERED GOLD",  17.44 ,  8.32 ,  25.28 ,Wood,  0.63 
ROMA,R1805001,"RO VINTAGE, 1 HAMMERED BLACK",  17.06 ,  8.15 ,  24.72 ,Wood,  1.00 
ROMA,R1805009,"RO VINTAGE, 1 HAMMERED WHITE",  17.06 ,  8.15 ,  24.72 ,Wood,  1.00 
ROMA,R1805053,"RO VINTAGE, 1 HAMMERED COPPER",  22.24 ,  10.60 ,  32.23 ,Wood,  1.00 
ROMA,R1805055,"RO VINTAGE, 1 HAMMERED GOLD",  22.24 ,  10.60 ,  32.23 ,Wood,  1.00 
ROMA,R1822007,SR COUNTRY 3/4 RUSTIC BLACK,  11.03 ,  5.27 ,  15.99 ,Wood,  0.75 
ROMA,R1822008,SR COUNTRY 3/4 RUSTIC NATURA,  11.03 ,  5.27 ,  15.99 ,Wood,  0.75 
ROMA,R1822054,SR PALIO 3/4 ANT BLACK & SILVE,  13.39 ,  6.38 ,  19.41 ,Wood,  0.75 
ROMA,R1822055,SR PALIO 3/4 ANT BLACK & GOLD,  13.39 ,  6.38 ,  19.41 ,Wood,  0.75 
ROMA,R1832054,SR PALIO 3/4 SILVER,  9.54 ,  4.55 ,  13.83 ,Wood,  0.75 
ROMA,R1832055,SR PALIO 3/4 COOL GOLD,  9.54 ,  4.55 ,  13.83 ,Wood,  0.75 
ROMA,R1843054,SR PALIO 1 1/4 COOL SILVER,  15.41 ,  7.37 ,  22.33 ,Wood,  1.25 
ROMA,R1843055,SR PALIO 1 1/4 COOL GOLD,  15.41 ,  7.37 ,  22.33 ,Wood,  1.25 
ROMA,R1843086,SR PALIO 1 1/4 NIGHT SKY BLACK,  14.20 ,  6.79 ,  20.58 ,Wood,  1.25 
ROMA,R1852054,SR PALIO 3/4 COOL SILVER,  10.13 ,  4.84 ,  14.68 ,Wood,  0.75 
ROMA,R1852055,SR PALIO 3/4 COOL GOLD,  10.13 ,  4.84 ,  14.68 ,Wood,  0.75 
ROMA,R1852086,SR PALIO 3/4 NIGHT SKY BLACK,  9.39 ,  4.49 ,  13.61 ,Wood,  0.75 
ROMA,R1923054,SR PALIO 1 1/8 COOL SILVER,  12.17 ,  5.81 ,  17.64 ,Wood,  1.13 
ROMA,R1923055,SR PALIO 1 1/8 COOL GOLD,  12.17 ,  5.81 ,  17.64 ,Wood,  1.13 
ROMA,R1923086,SR PALIO 1 1/8 NIGHT SKY BLACK,  11.86 ,  5.68 ,  17.19 ,Wood,  1.13 
ROMA,R1932006,SR RAMINO 3/4 RAW OAK,  8.92 ,  4.25 ,  12.93 ,Wood,  0.75 
ROMA,R1932008,SR RAMINO 3/4 RAW WALNUT,  8.92 ,  4.25 ,  12.93 ,Wood,  0.75 
ROMA,R193209,ORGANIC 3/4 WHITE,  5.24 ,  2.62 ,  7.59 ,Wood,  0.75 
ROMA,R193245,ORGANIC 3/4 CHARCOAL,  5.24 ,  2.62 ,  7.59 ,Wood,  0.75 
ROMA,R193252,ORGANIC 3/4 GREY WASH,  5.24 ,  2.62 ,  7.59 ,Wood,  0.75 
ROMA,R195045,SR MESSINA 3/4 DARK ASH,  14.29 ,  6.83 ,  20.71 ,Wood,  0.75 
ROMA,R195054,SR MESSINA 3/4 ANTIQUE SILVER,  14.29 ,  6.83 ,  20.71 ,Wood,  0.75 
ROMA,R195055,SR MESSINA 3/4 ANTIQUE GOLD,  14.29 ,  6.83 ,  20.71 ,Wood,  0.75 
ROMA,R195056,SR MESSINA 3/4 NIGHT SILVER,  14.29 ,  6.83 ,  20.71 ,Wood,  0.75 
ROMA,R196045,SR MESSINA 1 1/2 DARK ASH,  22.85 ,  10.89 ,  33.12 ,Wood,  1.50 
ROMA,R196054,SR MESSINA 1 1/2 ANTIQUE SILVE,  22.85 ,  10.89 ,  33.12 ,Wood,  1.50 
ROMA,R196055,SR MESSINA 1 1/2 ANTIQUE GOLD,  22.85 ,  10.89 ,  33.12 ,Wood,  1.50 
ROMA,R196056,SR MESSINA 1 1/2 NIGHT SILVER,  22.85 ,  10.89 ,  33.12 ,Wood,  1.50 
ROMA,R2016054,GIANNI 7/8 VINTAGE COCOA SILVE,  10.95 ,  5.23 ,  15.87 ,Wood,  0.88 
ROMA,R2016055,GIANNI 7/8 VINTAGE COCOA GOLD,  10.95 ,  5.23 ,  15.87 ,Wood,  0.88 
ROMA,R2020003,SR ARBER 13/16 GRAY OAK,  3.50 ,  1.75 ,  5.07 ,Wood,  0.81 
ROMA,R2020008,SR ARBER 13/16 LIGHT WALNUT,  3.50 ,  1.75 ,  5.07 ,Wood,  0.81 
ROMA,R202009,ORGANIC 7/8 WHITE,  3.83 ,  1.91 ,  5.55 ,Wood,  0.88 
ROMA,R202045,ORGANIC 7/8 CHARCOAL,  3.83 ,  1.91 ,  5.55 ,Wood,  0.88 
ROMA,R202052,ORGANIC 7/8 GREY WASH,  3.83 ,  1.91 ,  5.55 ,Wood,  0.88 
ROMA,R2032003,SR ARBER 13/16 GRAY OAK,  7.41 ,  3.53 ,  10.74 ,Wood,  0.81 
ROMA,R2032008,SR ARBER 13/16 LIGHT WALNUT,  7.41 ,  3.53 ,  10.74 ,Wood,  0.81 
ROMA,R204209,ORGANIC 1 3/4 WHITE,  6.84 ,  3.42 ,  9.91 ,Wood,  1.75 
ROMA,R204245,ORGANIC 1 3/4 CHARCOAL,  6.84 ,  3.42 ,  9.91 ,Wood,  1.75 
ROMA,R204252,ORGANIC 1 3/4 GREY WASH,  6.84 ,  3.42 ,  9.91 ,Wood,  1.75 
ROMA,R2132000,RO ELEGANZA 7/8 ASH SHAGREEN,  10.60 ,  5.78 ,  15.36 ,Wood,  0.88 
ROMA,R2132051,RO ELEGANZA 7/8 BONE SHAGREEN,  10.60 ,  5.78 ,  15.36 ,Wood,  0.88 
ROMA,R2132052,RO ELEGANZA 7/8 FOG SHAGREEN,  10.60 ,  5.78 ,  15.36 ,Wood,  0.88 
ROMA,R2132055,RO ELEGANZA 7/8 GOLD SHAGREEN,  10.59 ,  5.78 ,  15.35 ,Wood,  0.88 
ROMA,R22725069,"SR, 1 CHARCOAL",  9.15 ,  4.43 ,  13.26 ,Wood,  1.00 
ROMA,R22725085,"SR, 1 MAHOGANY",  9.15 ,  4.43 ,  13.26 ,Wood,  1.00 
ROMA,R22725087,"SR, 1 DARK WALNUT",  9.15 ,  4.43 ,  13.26 ,Wood,  1.00 
ROMA,R250003,"BELLE EPOQUE, 5/8 GRIS SOURIS",  7.82 ,  4.41 ,  11.33 ,Wood,  0.63 
ROMA,R250015,"BELLE EPOQUE, 5/8 SABLE",  7.82 ,  4.41 ,  11.33 ,Wood,  0.63 
ROMA,R250047,"BELLE EPOQUE, 5/8 ARTICHOKE",  7.82 ,  4.41 ,  11.33 ,Wood,#N/A
ROMA,R250048,"BELLE EPOQUE, 5/8 VANILLA",  7.82 ,  4.41 ,  11.33 ,Wood,  0.63 
ROMA,R250083,"BELLE EPOQUE, 5/8 CARAMEL",  7.82 ,  4.41 ,  11.33 ,Wood,  0.63 
ROMA,R250087,"BELLE EPOQUE, 5/8 CHOCOLATE",  7.82 ,  4.41 ,  11.33 ,Wood,  0.63 
ROMA,R250097,RO BELLE EPOQUE 5/8 BLEU GLACE,  7.82 ,  4.41 ,  11.33 ,Wood,  0.63 
ROMA,R252205,"SR GIANNI 1"" VINTAGE COCOA GOL",  9.43 ,  4.51 ,  13.67 ,Wood,  1.00 
ROMA,R252206,"SR GIANNI 1"" VINT COCOA SILVER",  9.43 ,  4.51 ,  13.67 ,Wood,  1.00 
ROMA,R253500,ELEGANZA 1 BLACK,  14.70 ,  7.36 ,  21.30 ,Wood,  1.00 
ROMA,R253551,ELEGANZA 1 BONE,  14.70 ,  7.36 ,  21.30 ,Wood,  1.00 
ROMA,R253552,ELEGANZA 1 FOG,  14.70 ,  7.36 ,  21.30 ,Wood,  1.00 
ROMA,R253700,VINTAGE 1 CARBON BLACK,  14.70 ,  7.36 ,  21.30 ,Wood,  1.00 
ROMA,R2548008,SR ARBER 1 LIGHT WALNUT,  15.59 ,  7.44 ,  22.59 ,Wood,  1.00 
ROMA,R2556006,"* SR RAMINO 1"" RAW OAK",  16.54 ,  7.90 ,  23.97 ,Wood,  1.00 
ROMA,R2556008,"* SR RAMINO 1"" RAW WALNUT",  16.54 ,  7.90 ,  23.97 ,Wood,  1.00 
ROMA,R26206,SR ELEGANZA 1 1/2 URBAN BLACK,  15.92 ,  7.58 ,  23.07 ,Wood,  1.50 
ROMA,R26255,SR ELEGANZA 1 1/2 GILDED GOLD,  15.92 ,  7.58 ,  23.07 ,Wood,  1.50 
ROMA,R26306,"SR ELEGANZA 2"" URBAN BLACK",  22.32 ,  10.66 ,  32.35 ,Wood,  2.00 
ROMA,R26355,"SR ELEGANZA 2"" GILDED GOLD",  22.32 ,  10.66 ,  32.35 ,Wood,  2.00 
ROMA,R26506,SR ELEGANZA 1 1/8 URBAN BLACK,  14.45 ,  6.92 ,  20.94 ,Wood,  1.13 
ROMA,R26555,SR ELEGANZA 1 1/8 GILDED GOLD,  14.45 ,  6.92 ,  20.94 ,Wood,  1.13 
ROMA,R26655,SR ELEGANZA 2 GILDED GOLD,  22.32 ,  10.66 ,  32.35 ,Wood,  2.00 
ROMA,R26855,SR ELEGANZA 1 3/8 GILDED GOLD,  15.92 ,  7.58 ,  23.07 ,Wood,  1.38 
ROMA,R27052,MOLTO 1 1/16 ZINC CAP,  10.30 ,  5.15 ,  14.93 ,Wood,  1.06 
ROMA,R27053,MOLTO 1 1/16 GOLD CAP,  10.30 ,  5.15 ,  14.93 ,Wood,  1.06 
ROMA,R27054,MOLTO 1 1/16 CHROME CAP,  10.30 ,  5.15 ,  14.93 ,Wood,  1.06 
ROMA,R27055,MOLTO 1 1/16 POLISHED GOLD CAP,  10.30 ,  5.15 ,  14.93 ,Wood,  1.06 
ROMA,R273808,ARBER 1 1/8 WALNUT,  9.05 ,  4.53 ,  13.12 ,Wood,  1.13 
ROMA,R2854003,SR ARBER 1 1/8 GRAY OAK,  14.60 ,  7.30 ,  21.16 ,Wood,  1.13 
ROMA,R2854008,SR ARBER 1 1/8 LIGHT WALNUT,  14.60 ,  7.30 ,  21.16 ,Wood,  1.13 
ROMA,R29000,"RO METRO, 3/4 BLACK IRON",  11.30 ,  5.65 ,  16.38 ,Wood,  0.75 
ROMA,R29054,"RO METRO, 3/4 URBAN SILVER",  11.30 ,  5.65 ,  16.38 ,Wood,  0.75 
ROMA,R29055,"RO METRO, 3/4 URBAN GOLD",  11.30 ,  5.65 ,  16.38 ,Wood,  0.75 
ROMA,R29087,"RO METRO, 3/4 BLVD BROWN",  11.30 ,  5.65 ,  16.38 ,Wood,  0.75 
ROMA,R29454,"ELEGANZA 5/8"" GILDED SILVER",  15.25 ,  8.11 ,  22.10 ,Wood,  0.63 
ROMA,R29455,"ELEGANZA 5/8"" GILDED GOLD",  15.25 ,  8.11 ,  22.10 ,Wood,  0.63 
ROMA,R29554,"ELEGANZA 7/8"" GILDED SILVER",  18.15 ,  10.46 ,  26.30 ,Wood,  0.88 
ROMA,R29555,"ELEGANZA 7/8"" GILDED GOLD",  18.15 ,  10.46 ,  26.30 ,Wood,  0.88 
ROMA,R3030000,RO ELEGANZA 1 3/16 ASH SHAGREE,  13.06 ,  7.08 ,  18.93 ,Wood,  1.19 
ROMA,R3030006,SR RAMINO 1 3/16 RAW OAK,  12.60 ,  6.01 ,  18.26 ,Wood,  1.19 
ROMA,R3030008,SR RAMINO 1 3/16 RAW WALNUT,  12.60 ,  6.01 ,  18.26 ,Wood,  1.19 
ROMA,R3030051,RO ELEGANZA 1 3/16 BONE SHAGRE,  13.06 ,  7.08 ,  18.93 ,Wood,  1.19 
ROMA,R3030052,RO ELEGANZA 1 3/16 FOG SHAGREE,  13.06 ,  7.08 ,  18.93 ,Wood,  1.19 
ROMA,R3030055,RO ELEGANZA 1 13/16 GOLD SHAGR,  13.06 ,  7.08 ,  18.93 ,Wood,  1.81 
ROMA,R30345,"3/4"" METRO URBAN BLACK",  16.01 ,  8.01 ,  23.20 ,Wood,  0.75 
ROMA,R30354,"3/4"" METRO URBAN SILVER LEAF",  16.01 ,  8.01 ,  23.20 ,Wood,  0.75 
ROMA,R30355,"3/4"" METRO URBAN GOLD LEAF",  16.01 ,  8.01 ,  23.20 ,Wood,  0.75 
ROMA,R3055000,RO ELEGANZA 1 3/16 ASH SHAGREE,  22.86 ,  12.39 ,  33.13 ,Wood,  1.19 
ROMA,R3055051,RO ELEGANZA 1 3/16 BONE SHAGRE,  22.86 ,  12.39 ,  33.13 ,Wood,  1.19 
ROMA,R3055052,RO ELEGANZA 1 3/16 FOG SHAGREE,  22.86 ,  12.39 ,  33.13 ,Wood,  1.19 
ROMA,R3055055,RO ELEGANZA 1 3/16 GOLD SHAGRE,  22.87 ,  12.39 ,  33.14 ,Wood,  1.19 
ROMA,R310045,"SR 7/8"" VILLAGE COAL",  6.14 ,  3.01 ,  8.90 ,Wood,  0.88 
ROMA,R310053,"SR 7/8"" MYSTIC MAHOGANY",  6.14 ,  3.01 ,  8.90 ,Wood,  0.88 
ROMA,R310067,"SR 7/8"" BRAVO BROWN",  6.14 ,  3.01 ,  8.90 ,Wood,  0.88 
ROMA,R310086,"SR 7/8"" HUMBLE HONEY",  6.14 ,  3.01 ,  8.90 ,Wood,  0.88 
ROMA,R31554,"ELEGANZA 7/8"" GILDED SILVER",  15.30 ,  8.79 ,  22.17 ,Wood,  0.88 
ROMA,R31555,"ELEGANZA 7/8"" GILDED GOLD",  15.30 ,  8.79 ,  22.17 ,Wood,  0.88 
ROMA,R31754,"ELEGANZA 5/8"" GILDED SILVER",  11.17 ,  6.01 ,  16.19 ,Wood,  0.63 
ROMA,R31755,"ELEGANZA 5/8"" GILDED GOLD",  11.17 ,  6.01 ,  16.19 ,Wood,  0.63 
ROMA,R3220008,ARBER 1 1/4 WALNUT,  5.64 ,  2.82 ,  8.17 ,Wood,  1.25 
ROMA,R3232003,SR ARBER 1 1/4 GRAY OAK,  11.52 ,  5.55 ,  16.70 ,Wood,  1.25 
ROMA,R3232008,SR ARBER 1 1/4 LIGHT WALNUT,  11.52 ,  5.55 ,  16.70 ,Wood,  1.25 
ROMA,R330045,"SR 1 1/4"" VILLAGE COAL",  9.02 ,  4.31 ,  13.07 ,Wood,  1.25 
ROMA,R330053,"SR 1 1/4"" MYSTIC MAHOGANY",  9.02 ,  4.31 ,  13.07 ,Wood,  1.25 
ROMA,R330067,"SR 1 1/4"" BRAVO BROWN",  9.02 ,  4.31 ,  13.07 ,Wood,  1.25 
ROMA,R330086,"SR 1 1/4"" HUMBLE HONEY",  9.02 ,  4.31 ,  13.07 ,Wood,  1.25 
ROMA,R34008,ARBER FLOATER 3/8 DARK WALNUT,  12.01 ,  6.01 ,  17.41 ,Wood,  1.31 
ROMA,R34083,ARBER FLOATER 3/8 NATURAL,  12.01 ,  6.01 ,  17.41 ,Wood,  1.31 
ROMA,R34084,ARBER FLOATER 3/8 WHITE OAK,  12.01 ,  6.01 ,  17.41 ,Wood,  1.31 
ROMA,R352,MOLTO 1 3/8 ZINC,  10.87 ,  5.43 ,  15.75 ,Wood,  1.38 
ROMA,R353,MOLTO 1 3/8 GOLD,  10.87 ,  5.43 ,  15.75 ,Wood,  1.38 
ROMA,R355,MOLTO 1 3/8 POLISHED GOLD,  10.87 ,  5.43 ,  15.75 ,Wood,  1.38 
ROMA,R360000,"SR, 1 1/2 SATIN BLACK",  10.93 ,  5.25 ,  15.84 ,Wood,  1.50 
ROMA,R360045,"SR 1 1/2"" VILLAGE COAL",  11.42 ,  5.48 ,  16.55 ,Wood,  1.50 
ROMA,R360067,"SR 1 1/2"" BRAVO BROWN",  11.42 ,  5.48 ,  16.55 ,Wood,  1.50 
ROMA,R360086,"SR 1 1/2"" HUMBLE HONEY",  11.42 ,  5.48 ,  16.55 ,Wood,  1.50 
ROMA,R3750001,SR 1 1/2 DEEP RAVEN BLACK FLOA,  11.74 ,  5.59 ,  17.01 ,Wood,  1.50 
ROMA,R3750009,SR 1 1/2 DEEP RAVEN WHITE FLOA,  11.74 ,  5.59 ,  17.01 ,Wood,  1.50 
ROMA,R3750045,SR 1 1/2 DEEP SATIN BLACK FLOA,  14.21 ,  6.78 ,  20.59 ,Wood,  1.50 
ROMA,R3750048,SR 1 1/2 DEEP SATIN WHITE FLOA,  14.21 ,  6.78 ,  20.59 ,Wood,  1.50 
ROMA,R3750054,SR 1 1/2 DEEP BRSH SILVER FLOA,  15.80 ,  7.54 ,  22.90 ,Wood,  1.50 
ROMA,R3750055,SR 1 1/2 DEEP BRSHED GOLD FLOA,  15.80 ,  7.54 ,  22.90 ,Wood,  1.50 
ROMA,R3750087,SR 1 1/2 DEEP RAVEN BROWN FLOA,  11.74 ,  5.59 ,  17.01 ,Wood,  1.50 
ROMA,R383005,SR GIANNI 1 1/2 VINT COCOA GOL,  14.21 ,  6.79 ,  20.59 ,Wood,  1.50 
ROMA,R39200,"VINTAGE, 1/2 RAVEN BLACK",  18.67 ,  9.81 ,  27.06 ,Wood,  0.50 
ROMA,R39256,"VINTAGE, 1/2 PEWTER LEAF",  18.67 ,  9.81 ,  27.06 ,Wood,  0.50 
ROMA,R39700,"VINTAGE, 1/2 RAVEN BLACK",  17.95 ,  9.43 ,  26.01 ,Wood,  0.50 
ROMA,R40120067,"SR RAVEN 3/4"" RAVEN BROWN",  4.50 ,  2.17 ,  6.52 ,Wood,  0.75 
ROMA,R40120069,"SR RAVEN 3/4"" RAVEN GREY",  4.50 ,  2.17 ,  6.52 ,Wood,  0.75 
ROMA,R40230001,"SR RAVEN 1 1/4"" RAVEN BLACK",  6.33 ,  3.04 ,  9.17 ,Wood,  1.25 
ROMA,R40834000,"SR RAMINO, 3/4 RAVEN BLACK",  10.85 ,  5.18 ,  15.72 ,Wood,  0.75 
ROMA,R40834046,"SR RAMINO, 3/4 RED LACQUER",  10.85 ,  5.18 ,  15.72 ,Wood,  0.75 
ROMA,R4335154,GIANNI 1 3/4 VINTAGE COCOA SLV,  24.61 ,  11.74 ,  35.67 ,Wood,  1.75 
ROMA,R4335155,GIANNI 1 3/4 VINTAGE COCOA GOL,  24.61 ,  11.74 ,  35.67 ,Wood,  1.75 
ROMA,R4835003,SR ARBER 1 7/8 GRAY OAK,  17.04 ,  8.12 ,  24.70 ,Wood,  1.88 
ROMA,R4835008,SR ARBER 1 7/8 LIGHT WALNUT,  17.04 ,  8.12 ,  24.70 ,Wood,  1.88 
ROMA,R5041032,RO LAVO 2 SEAPORT BLUE,  17.77 ,  8.88 ,  25.75 ,Wood,  2.00 
ROMA,R5041037,RO LAVO 2 ROYAL LILAC,  17.77 ,  8.88 ,  25.75 ,Wood,  2.00 
ROMA,R5041041,RO LAVO 2 ORANGE MARMALADE,  17.77 ,  8.88 ,  25.75 ,Wood,  2.00 
ROMA,R5041047,RO LAVO 2 FRESH LIME,  17.77 ,  8.88 ,  25.75 ,Wood,  2.00 
ROMA,R5041074,RO LAVO 2 SUNBURST YELLOW,  17.77 ,  8.88 ,  25.75 ,Wood,  2.00 
ROMA,R5041076,RO LAVO 2 CHERRY RED,  17.77 ,  8.88 ,  25.75 ,Wood,  2.00 
ROMA,R5041077,RO LAVO 2 CAPRI TEAL,  17.77 ,  8.88 ,  25.75 ,Wood,  2.00 
ROMA,R527009,"SR 3/4"" MATTE WHITE COUNTRY CO",  8.65 ,  4.51 ,  12.54 ,Wood,  0.75 
ROMA,R527045,"SR 3/4"" NIGHTFALL COUNTRY COLL",  8.65 ,  4.51 ,  12.54 ,Wood,  0.75 
ROMA,R527069,"SR 3/4"" GREYSTONE COUNTRY COLL",  8.65 ,  4.51 ,  12.54 ,Wood,  0.75 
ROMA,R528009,"SR 3/4"" MATTE WHITE COUNTRY CO",  13.24 ,  6.79 ,  19.19 ,Wood,  0.75 
ROMA,R528045,"SR 3/4"" NIGHTFALL COUNTRY COLL",  13.24 ,  6.79 ,  19.19 ,Wood,  0.75 
ROMA,R528069,"SR 3/4"" GREYSTONE COUNTRY COLL",  13.24 ,  6.79 ,  19.19 ,Wood,  0.75 
ROMA,R529009,"SR 1 1/4"" MATTE WHITE COUNTRY",  16.08 ,  8.67 ,  23.30 ,Wood,  1.25 
ROMA,R529045,"SR 1 1/4"" NIGHTFALL COUNTRY CO",  16.08 ,  8.67 ,  23.30 ,Wood,  1.25 
ROMA,R529069,"SR 1 1/4"" GREYSTONE COUNTRY CO",  16.08 ,  8.67 ,  23.30 ,Wood,  1.25 
ROMA,R533000,"SR ARBER, 3/4 CHARCOAL BLACK",  9.41 ,  4.49 ,  13.64 ,Wood,  0.75 
ROMA,R543800,SR GIANNI 2 1/8 VINTAGE COCOA,  17.36 ,  8.28 ,  25.16 ,Wood,  2.13 
ROMA,R543805,SR GIANNI 2 1/8 VINT COCOA GOL,  18.14 ,  8.67 ,  26.29 ,Wood,  2.13 
ROMA,R543806,SR GIANNI 2 1/8 VINT COCOA SLV,  18.14 ,  8.67 ,  26.29 ,Wood,  2.13 
ROMA,R550086,"CORTONA, 5/8 BLACK",  7.82 ,  4.41 ,  11.33 ,Wood,  0.63 
ROMA,R550087,"CORTONA, 5/8 WALNUT",  7.82 ,  4.41 ,  11.33 ,Wood,  0.63 
ROMA,R555086,"CORTONA, 1 1/4 BLACK",  16.27 ,  8.84 ,  23.58 ,Wood,  1.25 
ROMA,R555087,"CORTONA, 1 1/4"" WALNUT",  16.27 ,  8.84 ,  23.58 ,Wood,  1.25 
ROMA,R556086,"CORTONA, 2 1/2 BLACK",  27.21 ,  16.96 ,  39.43 ,Wood,  2.50 
ROMA,R556087,"CORTONA, 2 1/2 WALNUT",  27.21 ,  16.96 ,  39.43 ,Wood,  2.50 
ROMA,R58511,"HYDE 2"" CINNAMON STICK",  18.25 ,  9.49 ,  26.45 ,Wood,  2.00 
ROMA,R58811,HYDE 1 3/8 CINNAMON STICK,  13.31 ,  6.84 ,  19.29 ,Wood,  1.38 
ROMA,R60210,TABACCHINO 1 1/8 TOBACCO LEAF,  17.98 ,  10.25 ,  26.06 ,Wood,  1.13 
ROMA,R60245,TABACCHINO 1 1/8 DARK ASH,  17.98 ,  10.25 ,  26.06 ,Wood,  1.13 
ROMA,R60253,TABACCHINO 1 1/8 COGNAC,  17.98 ,  10.25 ,  26.06 ,Wood,  1.13 
ROMA,R60283,TABACCHINO 1 1/8 BOURBON,  17.98 ,  10.25 ,  26.06 ,Wood,  1.13 
ROMA,R60287,TABACCHINO 1 1/8 CIGAR LEAF,  17.98 ,  10.25 ,  26.06 ,Wood,  1.13 
ROMA,R60310,TABACCHINO 7/8 TOBACCO LEAF,  11.93 ,  6.86 ,  17.29 ,Wood,  0.88 
ROMA,R60345,TABACCHINO 7/8 DARK ASH,  11.93 ,  6.86 ,  17.29 ,Wood,  0.88 
ROMA,R60353,TABACCHINO 7/8 COGNAC,  11.93 ,  6.86 ,  17.29 ,Wood,  0.88 
ROMA,R60383,TABACCHINO 7/8 BOURBON,  11.93 ,  6.86 ,  17.29 ,Wood,  0.88 
ROMA,R60387,TABACCHINO 7/8 CIGAR LEAF,  11.93 ,  6.86 ,  17.29 ,Wood,  0.88 
ROMA,R60410,TABACCHINO 1 3/8 TOBACCO LEAF,  22.46 ,  14.19 ,  32.55 ,Wood,  1.38 
ROMA,R60445,TABACCHINO 1 3/8 DARK ASH,  22.46 ,  14.19 ,  32.55 ,Wood,  1.38 
ROMA,R60453,TABACCHINO 1 3/8 COGNAC,  22.46 ,  14.19 ,  32.55 ,Wood,  1.38 
ROMA,R60483,TABACCHINO 1 3/8 BOURBON,  22.46 ,  14.19 ,  32.55 ,Wood,  1.38 
ROMA,R60487,TABACCHINO 1 3/8 CIGAR LEAF,  22.46 ,  14.19 ,  32.55 ,Wood,  1.38 
ROMA,R60545,TABACCHINO 2 3/4 DARK ASH,  33.53 ,  20.58 ,  48.59 ,Wood,  2.75 
ROMA,R690001,"1 1/4"" SR NOIRE SATIN BLACK",  16.53 ,  7.85 ,  23.96 ,Wood,  1.25 
ROMA,R691001,"1"" SR NOIRE SATIN BLACK",  10.77 ,  5.23 ,  15.61 ,Wood,  1.00 
ROMA,R692001,"1 1/4"" SR NOIRE SATIN BLACK",  15.84 ,  7.57 ,  22.96 ,Wood,  1.25 
ROMA,R745002,COUNTRY 3 1/2 RUSTIC BLACK,  31.58 ,  15.06 ,  45.77 ,Wood,  3.50 
ROMA,R748002,COUNTRY 1 1/2 RUSTIC BLACK,  14.21 ,  6.79 ,  20.59 ,Wood,  1.50 
ROMA,R748032,RO LAVO 1 1/2 SEAPORT BLUE,  13.82 ,  6.91 ,  20.03 ,Wood,  1.50 
ROMA,R748037,RO LAVO 1 1/2 ROYAL LILAC,  13.82 ,  6.91 ,  20.03 ,Wood,  1.50 
ROMA,R748041,RO LAVO 1 1/2 ORANGE MARMALADE,  13.82 ,  6.91 ,  20.03 ,Wood,  1.50 
ROMA,R748047,RO LAVO 1 1/2 FRESH LIME,  13.82 ,  6.91 ,  20.03 ,Wood,  1.50 
ROMA,R748058,COUNTRY 1 1/2 RUSTIC WHITE,  14.21 ,  6.79 ,  20.59 ,Wood,  1.50 
ROMA,R748074,RO LAVO 1 1/2 SUNBURST YELLOW,  13.82 ,  6.91 ,  20.03 ,Wood,  1.50 
ROMA,R748076,RO LAVO 1 1/2 CHERRY RED,  13.82 ,  6.91 ,  20.03 ,Wood,  1.50 
ROMA,R748077,RO LAVO 1 1/2 CAPRI TEAL,  13.82 ,  6.91 ,  20.03 ,Wood,  1.50 
ROMA,R806005,RUVO 1 GOLD/BLACK,  9.92 ,  4.96 ,  14.38 ,Wood,  1.00 
ROMA,R806006,RUVO 1 BLACK/SILVER,  9.92 ,  4.96 ,  14.38 ,Wood,  1.00 
ROMA,R806054,RUVO 1 SILVER,  9.10 ,  4.55 ,  13.19 ,Wood,  1.00 
ROMA,R806055,RUVO 1 GOLD,  9.10 ,  4.55 ,  13.19 ,Wood,  1.00 
ROMA,R807005,RUVO 1 1/2 GOLD/BLACK,  16.78 ,  8.39 ,  24.32 ,Wood,  1.50 
ROMA,R807006,"SR RUVO, 1 1/2"" SILVER/BLACK",  16.78 ,  8.39 ,  24.32 ,Wood,  1.50 
ROMA,R807054,"SR RUVO, 1 1/2"" SILVER",  16.78 ,  8.39 ,  24.32 ,Wood,  1.50 
ROMA,R807055,"SR RUVO, 1 1/2"" GOLD",  16.78 ,  8.39 ,  24.32 ,Wood,  1.50 
ROMA,R808005,"SR RUVO, 2 5/8"" GOLD/BLACK",  20.70 ,  10.35 ,  30.00 ,Wood,  2.63 
ROMA,R808006,"SR RUVO, 2 5/8"" SILVER/BLACK",  20.70 ,  10.35 ,  30.00 ,Wood,  2.63 
ROMA,R809009,"SR RUVO, 1"" WHITE",  9.10 ,  4.55 ,  13.19 ,Wood,  1.00 
ROMA,R809045,"SR RUVO, 1"" BLACK",  9.10 ,  4.55 ,  13.19 ,Wood,  1.00 
ROMA,R809054,"SR RUVO, 1"" SILVER",  9.10 ,  4.55 ,  13.19 ,Wood,  1.00 
ROMA,R809055,"SR RUVO, 1"" GOLD",  9.10 ,  4.55 ,  13.19 ,Wood,  1.00 
ROMA,R809085,"SR RUVO, 1"" MAHOGANY",  9.10 ,  4.55 ,  13.19 ,Wood,  1.00 
ROMA,R852045,ARBER 1 CHARCOAL BLACK,  9.30 ,  4.43 ,  13.48 ,Wood,  1.00 
ROMA,R852047,ARBER 1 SMOKED PINE,  9.30 ,  4.43 ,  13.48 ,Wood,  1.00 
ROMA,R852069,ARBER 1 ASH GREY,  9.30 ,  4.43 ,  13.48 ,Wood,  1.00 
ROMA,R852086,ARBER 1 ROASTED CHESTNUT,  9.30 ,  4.43 ,  13.48 ,Wood,  1.00 
ROMA,R853045,ARBER 1 1/2 CHARCOAL BLACK,  12.47 ,  5.95 ,  18.07 ,Wood,  1.50 
ROMA,R853047,ARBER 1 1/2 SMOKED PINE,  12.47 ,  5.95 ,  18.07 ,Wood,  1.50 
ROMA,R853069,"SR 1 1/2"" ASH GREY ARBER",  12.47 ,  5.95 ,  18.07 ,Wood,  1.50 
ROMA,R853086,"SR 1 1/2"" ROASTED CHESTNUT ARB",  12.47 ,  5.95 ,  18.07 ,Wood,  1.50 
ROMA,R855045,"SR 1 1/4"" CHARCOAL BLACK ARBER",  16.43 ,  7.84 ,  23.81 ,Wood,  1.25 
ROMA,R855047,"SR 1 1/4"" SMOKED PINE ARBER",  16.43 ,  7.84 ,  23.81 ,Wood,  1.25 
ROMA,R855069,"SR 1 1/4"" ASH GREY ARBER",  16.43 ,  7.84 ,  23.81 ,Wood,  1.25 
ROMA,R855086,"SR 1 1/4"" ROASTED CHESTNUT ARB",  16.43 ,  7.84 ,  23.81 ,Wood,  1.25 
ROMA,R856045,"SR 3"" CHARCOAL BLACK ARBER",  29.29 ,  13.96 ,  42.45 ,Wood,  3.00 
ROMA,R857003,SR 1 1/2 ARBER SOFT GRAY,  15.80 ,  7.55 ,  22.90 ,Wood,  1.50 
ROMA,R857045,SR 1 1/2 ARBER CHARCOAL BLACK,  15.80 ,  7.55 ,  22.90 ,Wood,  1.50 
ROMA,R857047,SR 1 1/2 ARBER SMOKED PINE,  15.80 ,  7.55 ,  22.90 ,Wood,  1.50 
ROMA,R858045,SR 2 3/4 ARBER CHARCOAL BLACK,  22.63 ,  11.24 ,  32.80 ,Wood,  2.75 
ROMA,R858047,ARBER 2 3/4 SMOKED PINE,  22.63 ,  11.24 ,  32.80 ,Wood,  2.75 
ROMA,R860032,"LAVO 5/8"" SHIMMERING BLUE",  6.22 ,  3.49 ,  9.01 ,Wood,  0.63 
ROMA,R860045,"LAVO 5/8"" SHIMMERING BLACK",  6.22 ,  3.49 ,  9.01 ,Wood,  0.63 
ROMA,R860046,"RO LAVO 5/8"" SHIMMERING RED",  6.22 ,  3.49 ,  9.01 ,Wood,  0.63 
ROMA,R860047,"RO LAVO 5/8"" SHIMMERING GREEN",  6.22 ,  3.49 ,  9.01 ,Wood,  0.63 
ROMA,R860048,"LAVO 5/8"" SHIMMERING WHITE",  6.22 ,  3.49 ,  9.01 ,Wood,  0.63 
ROMA,R860069,"LAVO 5/8"" MATTE CHARCOAL",  6.22 ,  3.49 ,  9.01 ,Wood,  0.63 
ROMA,R860074,"LAVO 5/8"" SHIMMERING YELLOW",  6.22 ,  3.49 ,  9.01 ,Wood,  0.63 
ROMA,R860300,"LAVO 5/8"" MATTE ALUMINUM",  6.22 ,  3.49 ,  9.01 ,Wood,  0.63 
ROMA,R860308,"RO LAVO 5/8"" MATTE IRON",  6.22 ,  3.49 ,  9.01 ,Wood,  0.63 
ROMA,R861069,"LAVO 2"" MATTE CHARCOAL",  20.94 ,  11.92 ,  30.35 ,Wood,  2.00 
ROMA,R865032,"SR LAVO, 3/4"" BLUE",  5.57 ,  2.78 ,  8.07 ,Wood,  0.75 
ROMA,R865037,"SR LAVO, 3/4"" VIOLET",  5.57 ,  2.78 ,  8.07 ,Wood,  0.75 
ROMA,R865041,"SR LAVO, 3/4"" ORANGE",  5.57 ,  2.78 ,  8.07 ,Wood,  0.75 
ROMA,R865045,"SR LAVO, 3/4"" BLACK",  5.57 ,  2.78 ,  8.07 ,Wood,  0.75 
ROMA,R865046,"SR LAVO, 3/4"" RED",  5.57 ,  2.78 ,  8.07 ,Wood,  0.75 
ROMA,R865047,"SR LAVO, 3/4"" GREEN",  5.57 ,  2.78 ,  8.07 ,Wood,  0.75 
ROMA,R865048,"SR LAVO, 3/4"" WHITE",  5.57 ,  2.78 ,  8.07 ,Wood,  0.75 
ROMA,R865054,"SR LAVO, 3/4"" SILVER",  5.57 ,  2.78 ,  8.07 ,Wood,  0.75 
ROMA,R865069,"SR LAVO, 3/4"" PEWTER",  5.57 ,  2.78 ,  8.07 ,Wood,  0.75 
ROMA,R865074,"SR LAVO, 3/4"" YELLOW",  5.57 ,  2.78 ,  8.07 ,Wood,  0.75 
STUDIO,SF024,FILLET 3/4 DISTRESSED PECAN,       ,  2.52 ,       ,Fillet,  0.75 
STUDIO,SF025,FILLET 3/4 DISTRESSED CHERRY,       ,  2.52 ,       ,Fillet,  0.75 
STUDIO,SF040,FILLET 3/4 DISTRESSED TAUPE,       ,  2.26 ,       ,Fillet,  0.75 
STUDIO,SF20,FILLET 3/4 COFFEE BROWN,       ,  2.26 ,       ,Fillet,  0.75 
STUDIO,SF2143,FILLET 3/4 UTOPIA GOLD,       ,  2.39 ,       ,Fillet,  0.75 
STUDIO,SF2233,FILLET SILVER BEAD,       ,  2.39 ,       ,Fillet,  0.75 
STUDIO,SF2243,FILLET GOLD SMALL BEAD,       ,  2.39 ,       ,Fillet,  0.75 
STUDIO,SF2259,FILLET BLACK BEAD,       ,  2.39 ,       ,Fillet,  0.75 
STUDIO,SF2333,FILLET SILVER BEAD,       ,  2.39 ,       ,Fillet,  0.75 
STUDIO,SF2343,FILLET GOLD BEAD,       ,  2.39 ,       ,Fillet,  0.75 
STUDIO,SF2359,FILLET BLACK BEAD,       ,  2.39 ,       ,Fillet,  0.75 
STUDIO,SF240,FILLET ARIA GOLD,       ,  2.33 ,       ,Fillet,  0.75 
STUDIO,SF2433,FILLET SILVER BEAD,       ,  2.35 ,       ,Fillet,  0.75 
STUDIO,SF2443,FILLET 1/2 GOLD LARGE BEAD,       ,  2.35 ,       ,Fillet,  0.75 
STUDIO,SF250,FILLET ARIA SILVER,       ,  2.33 ,       ,Fillet,  0.75 
STUDIO,SF322,FILLET VIRTU GOLD,       ,  2.37 ,       ,Fillet,  0.75 
STUDIO,SF332,FILLET VIRTU SILVER,       ,  2.37 ,       ,Fillet,  0.75 
STUDIO,SF35,FILLET 1/4 SILVER,       ,  2.39 ,       ,Fillet,  0.75 
STUDIO,SF370,FILLET MATT BLACK,       ,  2.10 ,       ,Fillet,  0.75 
STUDIO,SF45,FILLET 1/4 GOLD,       ,  2.39 ,       ,Fillet,  0.75 
STUDIO,SF55,FILLET SABI ANTIC GOLD,       ,  2.39 ,       ,Fillet,  0.75 
STUDIO,SF65,FILLET ELEVE 3/4 GOLD,       ,  2.39 ,       ,Fillet,  0.75 
STUDIO,SF75,FILLET ELEVE 3/4 SILVER,       ,  2.39 ,       ,Fillet,  0.75 
STUDIO,SF81,FILLET GOLD PLACER 3/16,       ,  2.39 ,       ,Fillet,  0.75 
STUDIO,SF812,FILLET REGIA DARK GOLD,       ,  2.39 ,       ,Fillet,  0.75 
STUDIO,SF814,FILLET REGIA DARK SILVER,       ,  2.33 ,       ,Fillet,  0.75 
STUDIO,SF822,FILLET REGIA GOLD,       ,  2.35 ,       ,Fillet,  0.75 
STUDIO,SF824,FILLET REGIA SILVER,       ,  2.35 ,       ,Fillet,  0.75 
STUDIO,SF85,FILLET ELEVE 3/4 DARK SILVER,       ,  2.33 ,       ,Fillet,  0.75 
STUDIO,SF91,FILLET SILVER PLACER 3/16,       ,  2.42 ,       ,Fillet,  0.75 
STUDIO,S100,FILLET GOLD,       ,  2.15 ,       ,Fillet,  0.75 
STUDIO,S110,FILLET SILVER,       ,  2.15 ,       ,Fillet,  0.75 
STUDIO,S130,FILLET BLACK ROUND,       ,  2.14 ,       ,Fillet,  0.75 
STUDIO,S170,FILLET MATT BLACK ROUND,       ,  2.10 ,       ,Fillet,  0.50 
STUDIO,S1820,B&B1 3/16 COFFEE BROWN,  6.98 ,  3.77 ,  9.97 ,Wood,  1.19 
STUDIO,S200,FILLET GOLD,       ,  2.15 ,       ,Fillet,  0.75 
STUDIO,S20101,ST FLOATER 7/16 MATT BLACK,  11.50 ,  7.26 ,  16.43 ,Wood,  1.75 
STUDIO,S20103,ST FLOATER 7/16 BLACK LACQUER,  11.73 ,  7.42 ,  16.76 ,Wood,  1.75 
STUDIO,S20140,ST FLOATER 7/16 GOLD LEAF,  13.85 ,  8.94 ,  19.79 ,Wood,  1.75 
STUDIO,S20150,ST FLOATER 7/16 SILVER LEAF,  13.85 ,  8.94 ,  19.79 ,Wood,  1.75 
STUDIO,S20160,ST FLOATER 7/16 MATT WHITE,  11.50 ,  7.26 ,  16.43 ,Wood,  1.75 
STUDIO,S210,FILLET SILVER,       ,  2.15 ,       ,Fillet,  0.75 
STUDIO,S21501,1 1/8 MATT BLACK,  6.41 ,  3.38 ,  9.16 ,Wood,  1.13 
STUDIO,S21560,1 1/8 X 1 3/16 MATT WHITE SWAN,  6.41 ,  3.38 ,  9.16 ,Wood,  1.13 
STUDIO,S21601,1 3/4 MATT BLACK,  8.88 ,  5.28 ,  12.69 ,Wood,  1.75 
STUDIO,S21701,7/8 MATT BLACK,  6.27 ,  3.29 ,  8.96 ,Wood,  0.88 
STUDIO,S21760,MATT WHITE 7/8 X 1 3/8,  6.27 ,  3.29 ,  8.96 ,Wood,  0.88 
STUDIO,S21801,1 MATT BLACK,  8.40 ,  4.86 ,  12.00 ,Wood,  1.00 
STUDIO,S21860,1 X 1 7/8 MATT WHITE BEVELED P,  8.40 ,  4.86 ,  12.00 ,Wood,  1.00 
STUDIO,S22001,MATT BLACK 1-1/4 X 7/8,  5.59 ,  2.86 ,  7.99 ,Wood,  1.25 
STUDIO,S22101,MATT BLACK 1 1/2 X 7/8,  6.40 ,  3.37 ,  9.14 ,Wood,  1.50 
STUDIO,S22160,1 5/8 MATT WHITE,  6.40 ,  3.37 ,  9.14 ,Wood,  1.63 
STUDIO,S22201,MATT BLACK 1 x 1 1/4,  6.58 ,  3.49 ,  9.40 ,Wood,  1.00 
STUDIO,S22260,1 MATT WHITE,  6.58 ,  3.49 ,  9.40 ,Wood,  1.00 
STUDIO,S22301,MATT BLACK 1 1/2 X 7/8,  6.41 ,  3.38 ,  9.16 ,Wood,  1.50 
STUDIO,S22360,1 1/2 X 7/8 MATT WHITE FLAT W/,  6.41 ,  3.38 ,  9.16 ,Wood,  1.50 
STUDIO,S22401,MATT BLACK 7/8 X 7/8,  4.72 ,  2.34 ,  6.74 ,Wood,  0.88 
STUDIO,S22460,7/8 MATT WHITE,  4.72 ,  2.34 ,  6.74 ,Wood,  0.88 
STUDIO,S22501,MATT BLACK 3 1/2 X 7/8,  11.12 ,  7.00 ,  15.89 ,Wood,  3.50 
STUDIO,S23101,MATT BLACK 5/8,  5.11 ,  2.57 ,  7.30 ,Wood,  0.63 
STUDIO,S23160,5/8 X 1/4 MATT WHITE CAP,  5.11 ,  2.57 ,  7.30 ,Wood,  0.63 
STUDIO,S23201,MAGNIFICENT 7/MATT BLACK 7/8,  4.75 ,  2.36 ,  6.79 ,Wood,  0.88 
STUDIO,S23260,7/8 X 7/8 MATT WHITE FLAT W/ S,  4.75 ,  2.36 ,  6.79 ,Wood,  0.88 
STUDIO,S23301,MAGNIFICENT 7/MATT BLACK 2 X 1,  9.22 ,  5.61 ,  13.17 ,Wood,  2.00 
STUDIO,S23360,2 X 1 3/8 MATT WHITE FLAT W/ B,  9.22 ,  5.61 ,  13.17 ,Wood,  2.00 
STUDIO,S23501,MATT BLACK 3/4 X 5/8,  3.92 ,  1.90 ,  5.60 ,Wood,  0.75 
STUDIO,S23601,MATT BLK 1 1/8 SHADOWBOX,  9.02 ,  5.41 ,  12.89 ,Wood,  1.13 
STUDIO,S23701,MATT BLACK 3/4 SHADOWBOX,  7.93 ,  4.47 ,  11.33 ,Wood,  0.75 
STUDIO,S23760,3/4 X 2 MATT WHITE CAP,  7.93 ,  4.47 ,  11.33 ,Wood,  0.75 
STUDIO,S23901,MATTE BLACK SHBX 5/8 X 1 3/4,  6.91 ,  3.72 ,  9.87 ,Wood,  0.63 
STUDIO,S23960,5/8 MATT WHITE SHADOWBOX,  6.91 ,  3.72 ,  9.87 ,Wood,  0.63 
STUDIO,S24101,MATT FLOATER 3/16 BLACK,  7.80 ,  4.37 ,  11.14 ,Wood,  1.31 
STUDIO,S24160,MATT FLOATER 3/16 WHITE,  7.80 ,  4.37 ,  11.14 ,Wood,  1.31 
STUDIO,S24301,2 1/2 MATT BLACK,  13.11 ,  8.40 ,  18.73 ,Wood,  2.50 
STUDIO,S24560,2 3/4 X 7/8 MATT WHITE FLAT PR,  9.19 ,  5.58 ,  13.13 ,Wood,  2.75 
STUDIO,S24601,2 MATT BLACK,  7.79 ,  4.36 ,  11.13 ,Wood,  2.00 
STUDIO,S24660,MATT WHITE 2 X 7/8,  7.79 ,  4.36 ,  11.13 ,Wood,  2.88 
STUDIO,S24701,1 MATT BLACK,  7.90 ,  4.45 ,  11.29 ,Wood,  1.00 
STUDIO,S24730,LISO 1 SILVER SHBX,  9.50 ,  5.87 ,  13.57 ,Wood,  1.00 
STUDIO,S24740,LISO 1 GOLD SHBX,  9.50 ,  5.87 ,  13.57 ,Wood,  1.00 
STUDIO,S24760,MATT WHITE 1 X 1 7/8 SB,  7.90 ,  4.45 ,  11.29 ,Wood,  1.00 
STUDIO,S24801,3/4 X 1 1/2 MATT BLACK CAP,  6.26 ,  3.28 ,  8.94 ,Wood,  0.75 
STUDIO,S24860,3/4 X 1 1/2 MATT WHITE CAP,  6.26 ,  3.28 ,  8.94 ,Wood,  0.75 
STUDIO,S24901,13/16 X 2 5/8 MATT BLACK SB,  9.32 ,  5.71 ,  13.31 ,Wood,  0.81 
STUDIO,S24960,13/16 X 2 5/8 MATT WHITE SB,  9.32 ,  5.71 ,  13.31 ,Wood,  0.81 
STUDIO,S25001,1 1/8 X 3 1/8 MATT BLACK SB,  12.54 ,  7.99 ,  17.91 ,Wood,  1.13 
STUDIO,S25060,1 3/8 x 3 1/8 MATT WHITE SB,  12.54 ,  7.99 ,  17.91 ,Wood,  1.38 
STUDIO,S25101,MATT FLOAT 1/2 BLACK,  8.90 ,  5.30 ,  12.71 ,Wood,  1.50 
STUDIO,S25160,MATT FLOAT 1/2 WHITE,  8.90 ,  5.30 ,  12.71 ,Wood,  1.50 
STUDIO,S25201,ST FLOATER 1/4 MATT BLACK,  8.04 ,  4.56 ,  11.49 ,Wood,  1.75 
STUDIO,S25220,ST FLOATER 1/4 COFFEE BROWN,  8.04 ,  4.56 ,  11.49 ,Wood,  1.75 
STUDIO,S25230,ST FLOATER 1/4 SILVER,  9.01 ,  5.40 ,  12.87 ,Wood,  1.75 
STUDIO,S25240,ST FLOATER 1/4 GOLD,  9.01 ,  5.40 ,  12.87 ,Wood,  1.75 
STUDIO,S25260,ST FLOATER 1/4 MATT WHITE,  8.04 ,  4.56 ,  11.49 ,Wood,  1.75 
STUDIO,S25301,MATT BLACK 1 7/16 X 1 3/16,  6.94 ,  3.74 ,  9.91 ,Wood,  1.44 
STUDIO,S25801,MAGNIFICENT 7/MAT BLACK 7/8X1,  5.13 ,  2.58 ,  7.33 ,Wood,  0.88 
STUDIO,S26001,MATTE BLACK ROPE 1 3/8 X 7/16,  6.87 ,  3.69 ,  9.81 ,Wood,  1.38 
STUDIO,S26101,MATT BLACK 1-3/16 X 7/8,  4.94 ,  2.47 ,  7.06 ,Wood,  1.19 
STUDIO,S261056,POEMS FLOATER 7/16 RED,  11.05 ,  6.95 ,  15.79 ,Wood,  0.44 
STUDIO,S261057,POEMS FLOATER 7/16 BLUE,  11.05 ,  6.95 ,  15.79 ,Wood,  0.44 
STUDIO,S261058,POEMS FLOATER 7/16 GREEN,  11.05 ,  6.95 ,  15.79 ,Wood,  0.44 
STUDIO,S261059,POEMS FLOATER 7/16 YELLOW,  11.05 ,  6.95 ,  15.79 ,Wood,  0.44 
STUDIO,S261070,POEMS FLOATER 7/16 CERUL BLUE,  11.05 ,  6.95 ,  15.79 ,Wood,  0.44 
STUDIO,S26130,LISO 1 3/16 SILVER,  6.61 ,  3.51 ,  9.44 ,Wood,  1.19 
STUDIO,S26140,LISO 1 3/16 GOLD,  6.61 ,  3.51 ,  9.44 ,Wood,  1.19 
STUDIO,S26160,MATT WHITE 1 3/16 X 7/8,  4.94 ,  2.47 ,  7.06 ,Wood,  1.81 
STUDIO,S26201,MATT BLACK 1 13/16 X 7/8,  6.90 ,  3.71 ,  9.86 ,Wood,  1.81 
STUDIO,S26260,MATT WHITE 1 13/16 X 7/8,  6.90 ,  3.71 ,  9.86 ,Wood,  1.81 
STUDIO,S26401,MAGNIFICENT 7/MATT BLK 2 1/2X1,  9.30 ,  5.69 ,  13.29 ,Wood,  2.50 
STUDIO,S26501,MATT BLACK 9/16,  3.96 ,  1.92 ,  5.66 ,Wood,  0.56 
STUDIO,S26560,9/16 x 7/8 MATT WHITE CAP,  3.96 ,  1.92 ,  5.66 ,Wood,  0.56 
STUDIO,S26701,MATT BLACK 1,  4.61 ,  2.28 ,  6.59 ,Wood,  1.00 
STUDIO,S26760,MATT WHITE 1 X 3/4,  4.61 ,  2.28 ,  6.59 ,Wood,  1.00 
STUDIO,S26800,POEMS II 11/16 BLACK,  6.00 ,  3.11 ,  8.57 ,Wood,  0.69 
STUDIO,S26801,MATT BLACK 7/8 X 3 SB,  11.11 ,  6.99 ,  15.87 ,Wood,  0.88 
STUDIO,S26856,POEMS II 11/16 RED,  7.08 ,  3.84 ,  10.11 ,Wood,  0.69 
STUDIO,S26857,POEMS II 11/16 BLUE,  7.08 ,  3.84 ,  10.11 ,Wood,  0.69 
STUDIO,S26858,POEMS II 11/16 GREEN,  7.08 ,  3.84 ,  10.11 ,Wood,  0.69 
STUDIO,S26859,POEMS II 11/16 YELLOW,  7.08 ,  3.84 ,  10.11 ,Wood,  0.69 
STUDIO,S26860,POEMS II 11/16 WHITE,  6.00 ,  3.11 ,  8.57 ,Wood,  0.69 
STUDIO,S26865,POEMS II 11/16 CHINA RED,  7.08 ,  3.84 ,  10.11 ,Wood,  0.69 
STUDIO,S26866,POEMS II 11/16 ORANGE,  7.08 ,  3.84 ,  10.11 ,Wood,  0.69 
STUDIO,S26867,POEMS II 11/16 CANARY YELLOW,  7.08 ,  3.84 ,  10.11 ,Wood,  0.69 
STUDIO,S26868,POEMS II 11/16 AQUA GREEN,  7.08 ,  3.84 ,  10.11 ,Wood,  0.69 
STUDIO,S26870,POEMS II 11/16 CERULEAN BLUE,  7.08 ,  3.84 ,  10.11 ,Wood,  0.69 
STUDIO,S26871,POEMS II 11/16 VIOLET,  7.08 ,  3.84 ,  10.11 ,Wood,  0.69 
STUDIO,S26901,MATT BLACK 3/4 X 7/8,  4.02 ,  1.95 ,  5.74 ,Wood,  0.75 
STUDIO,S26951,POEM GOLD 3/4 X 7/8,  5.53 ,  2.82 ,  7.90 ,Wood,  0.75 
STUDIO,S26954,POEM METALLIC GREEN 3/4 X 7/8,  5.53 ,  2.82 ,  7.90 ,Wood,  0.75 
STUDIO,S26955,POEM METALLIC PERIWINK BLUE 3/,  5.53 ,  2.82 ,  7.90 ,Wood,  0.75 
STUDIO,S26956,POEM RED 3/4 X 7/8,  5.53 ,  2.82 ,  7.90 ,Wood,  0.75 
STUDIO,S26957,POEM BLUE 3/4 X 7/8,  5.53 ,  2.82 ,  7.90 ,Wood,  0.75 
STUDIO,S26958,POEM GREEN 3/4 X 7/8,  5.53 ,  2.82 ,  7.90 ,Wood,  0.75 
STUDIO,S26959,POEM YELLOW 3/4 X 7/8,  5.53 ,  2.82 ,  7.90 ,Wood,  0.75 
STUDIO,S26960,MATT WHITE 3/4 X 7/8,  4.02 ,  1.95 ,  5.74 ,Wood,  0.75 
STUDIO,S26961,POEM METALLIC BLACK 3/4 X 7/8,  5.53 ,  2.82 ,  7.90 ,Wood,  0.75 
STUDIO,S26964,POEM SILVER 3/4 X 7/8,  5.53 ,  2.82 ,  7.90 ,Wood,  0.75 
STUDIO,S26965,POEMS CHINA RED 3/4 X 7/8,  5.53 ,  2.82 ,  7.90 ,Wood,  0.75 
STUDIO,S26966,POEMS ORANGE 3/4 X 7/8,  5.53 ,  2.82 ,  7.90 ,Wood,  0.75 
STUDIO,S26967,POEMS CANARY YELLOW 3/4 X 7/8,  5.53 ,  2.82 ,  7.90 ,Wood,  0.75 
STUDIO,S26968,POEMS AQUA GREEN 3/4 X 7/8,  5.53 ,  2.82 ,  7.90 ,Wood,  0.75 
STUDIO,S26970,POEMS CERULEAN BLUE 3/4 X 7/8,  5.53 ,  2.82 ,  7.90 ,Wood,  0.75 
STUDIO,S26971,POEMS VIOLET 3/4 X 7/8,  5.53 ,  2.82 ,  7.90 ,Wood,  0.75 
STUDIO,S270,FILLET MATT BLACK SCOOP,       ,  2.14 ,       ,Fillet,  0.50 
STUDIO,S27001,MATTE BLACK STEP 1 1/8 X 7/8,  5.50 ,  2.80 ,  7.86 ,Wood,  1.13 
STUDIO,S27060,MATT WHITE 1 1/8 X 7/8,  5.50 ,  2.80 ,  7.86 ,Wood,  1.13 
STUDIO,S27235,OPUS MATT BLACK/SILVER 3/4,  7.22 ,  3.94 ,  10.31 ,Wood,  0.75 
STUDIO,S27245,OPUS MATT BLACK/GOLD 3/4,  7.22 ,  3.94 ,  10.31 ,Wood,  0.75 
STUDIO,S27255,OPUS MATT BLACK/COPPER 3/4,  7.22 ,  3.94 ,  10.31 ,Wood,  0.75 
STUDIO,S27265,OPUS MATT BLACK/GUN METAL 3/4,  7.22 ,  3.94 ,  10.31 ,Wood,  0.75 
STUDIO,S27401,MATT BLACK 1 1/4 X 1 1/8,  6.67 ,  3.55 ,  9.53 ,Wood,  1.25 
STUDIO,S27460,MATT WHITE 1 1/4 X 1 1/8,  6.67 ,  3.55 ,  9.53 ,Wood,  1.25 
STUDIO,S27501,MATT BLACK 1 5/8 X 1 3/8,  7.91 ,  4.46 ,  11.30 ,Wood,  1.63 
STUDIO,S27560,MATT WHITE 1 5/8 X 1 3/8,  7.91 ,  4.46 ,  11.30 ,Wood,  1.63 
STUDIO,S27601,MATT BLACK 2 X 1 5/16,  9.21 ,  5.60 ,  13.16 ,Wood,  2.00 
STUDIO,S27660,2 MATT WHITE,  9.21 ,  5.60 ,  13.16 ,Wood,  2.00 
STUDIO,S27701,MATT BLACK 3/4 X 1 1/8,  4.77 ,  2.37 ,  6.81 ,Wood,  0.75 
STUDIO,S277120,COFFEE BROWN 3/4 X 1-1/4,  8.43 ,  4.88 ,  12.04 ,Wood,  0.75 
STUDIO,S277124,HONEY MAPLE 3/4 X 1-1/4,  8.43 ,  4.88 ,  12.04 ,Wood,  0.75 
STUDIO,S277125,CHERRY STAIN 3/4 X 1-1/4,  8.43 ,  4.88 ,  12.04 ,Wood,  0.75 
STUDIO,S277128,WALNUT STAIN 3/4 X 1-1/4,  8.43 ,  4.88 ,  12.04 ,Wood,  0.75 
STUDIO,S277129,CLEAR 3/4 RAMIN,  8.43 ,  4.88 ,  12.04 ,Wood,  0.75 
STUDIO,S277134,MAHOGANY STAIN 3/4 X 1-1/4,  8.43 ,  4.88 ,  12.04 ,Wood,  0.75 
STUDIO,S277145,CHARCOAL STAIN 3/4 X 1-1/4,  8.43 ,  4.88 ,  12.04 ,Wood,  0.75 
STUDIO,S277158,WHITEWASH STAIN 3/4 X 1-1/4,  8.43 ,  4.88 ,  12.04 ,Wood,  0.75 
STUDIO,S277159,BLACK STAIN 3/4 X 1-1/4,  8.43 ,  4.88 ,  12.04 ,Wood,  0.75 
STUDIO,S27730,LISO 3/4 SILVER,  6.55 ,  3.47 ,  9.36 ,Wood,  0.75 
STUDIO,S27740,LISO 3/4 GOLD,  6.55 ,  3.47 ,  9.36 ,Wood,  0.75 
STUDIO,S27760,MATT WHITE 3/4 X 1 1/8,  4.77 ,  2.37 ,  6.81 ,Wood,  0.75 
STUDIO,S27801,MATT BLACK 1 1/2 x 2 1/4 SB,  11.02 ,  6.93 ,  15.74 ,Wood,  1.50 
STUDIO,S27860,MATT WHITE 1 1/2 X 2 1/4 SB,  11.02 ,  6.93 ,  15.74 ,Wood,  1.50 
STUDIO,S27901,MATT BLACK 1 X 2 1/4 SB,  9.34 ,  5.73 ,  13.34 ,Wood,  1.00 
STUDIO,S27960,MATT WHITE 1 X 2 1/4 SB,  9.34 ,  5.73 ,  13.34 ,Wood,  1.00 
STUDIO,S28103,OMNI BLACK/GOLD LIP 1-1/2 X 7/,  7.55 ,  4.18 ,  10.79 ,Wood,  1.50 
STUDIO,S28104,OMNI BLACK/SILVER LIP 1-1/2 X,  7.55 ,  4.18 ,  10.79 ,Wood,  1.50 
STUDIO,S28105,OMNI BLACK/GUNMETAL LIP 1-1/2,  7.55 ,  4.18 ,  10.79 ,Wood,  1.50 
STUDIO,S28203,OMNI BLACK/GOLD LIP 2-1/4 X 1-,  10.69 ,  6.70 ,  15.27 ,Wood,  2.25 
STUDIO,S28204,OMNI BLK/SLVR LIP 2-1/4 X 1-1/,  10.69 ,  6.70 ,  15.27 ,Wood,  2.25 
STUDIO,S28205,OMNI BLK/GUNMETAL LIP 2 1/4 X,  10.69 ,  6.70 ,  15.27 ,Wood,  2.25 
STUDIO,S28235,OPUS MATT BLACK/SILVER 1,  7.84 ,  4.40 ,  11.20 ,Wood,  1.00 
STUDIO,S28245,OPUS MATT BLACK/GOLD 1,  7.84 ,  4.40 ,  11.20 ,Wood,  1.00 
STUDIO,S28255,OPUS MATT BLACK/COPPER 1,  7.84 ,  4.40 ,  11.20 ,Wood,  1.00 
STUDIO,S28265,OPUS MATT BLACK/GUN METAL 1,  7.84 ,  4.40 ,  11.20 ,Wood,  1.00 
STUDIO,S28701,MATTE BLACK ANGLE 1 5/8 X 15/1,  7.52 ,  4.16 ,  10.74 ,Wood,  1.63 
STUDIO,S28901,MATTE BLACK SLOPE 1 5/8 X 1 1/,  8.31 ,  4.78 ,  11.87 ,Wood,  1.63 
STUDIO,S28960,MATT WHITE 1 5/8 X 1 13/16,  8.31 ,  4.78 ,  11.87 ,Wood,  1.63 
STUDIO,S29201,MATTE BLACK FLAT 2 3/8 X 7/8,  8.41 ,  4.87 ,  12.01 ,Wood,  2.39 
STUDIO,S29601,MATT BLACK 1 PANEL,  5.79 ,  2.98 ,  8.27 ,Wood,  1.00 
STUDIO,S29701,MATT BLACK 2 1/16 PANEL,  7.95 ,  4.49 ,  11.36 ,Wood,  2.06 
STUDIO,S30050,HONORS MATT MHGNY 1 3/16 X 7/8,  7.25 ,  3.96 ,  10.36 ,Wood,  1.19 
STUDIO,S30120,KOTA 13/16 COFFEE BROWN,  6.17 ,  3.22 ,  8.81 ,Wood,  0.81 
STUDIO,S30124,KOTA 13/16 PECAN,  6.17 ,  3.22 ,  8.81 ,Wood,  0.81 
STUDIO,S30125,KOTA 13/16 CHERRY,  6.17 ,  3.22 ,  8.81 ,Wood,  0.81 
STUDIO,S30128,KOTA 13/16 WALNUT,  6.17 ,  3.22 ,  8.81 ,Wood,  0.81 
STUDIO,S30129,KOTA 13/16 NATURAL,  6.17 ,  3.22 ,  8.81 ,Wood,  0.81 
STUDIO,S30159,KOTA 13/16 BLACK,  6.17 ,  3.22 ,  8.81 ,Wood,  0.81 
STUDIO,S3020,MADERA COFFEE 3/4 X 3/4,  5.09 ,  2.56 ,  7.27 ,Wood,  0.75 
STUDIO,S30220,KOTA 1 3/4 COFFEE BROWN,  10.46 ,  6.54 ,  14.94 ,Wood,  1.75 
STUDIO,S30224,KOTA 1 3/4 PECAN,  10.46 ,  6.54 ,  14.94 ,Wood,  1.75 
STUDIO,S30225,KOTA 1 3/4 CHERRY,  10.46 ,  6.54 ,  14.94 ,Wood,  1.75 
STUDIO,S30228,KOTA 1 3/4 WALNUT,  10.46 ,  6.54 ,  14.94 ,Wood,  1.75 
STUDIO,S30229,KOTA 1 3/4 NATURAL,  10.46 ,  6.54 ,  14.94 ,Wood,  1.75 
STUDIO,S3024,MADERA PECAN 3/4 X 3/4,  5.09 ,  2.56 ,  7.27 ,Wood,  0.75 
STUDIO,S30259,KOTA 1 3/4 BLACK,  10.46 ,  6.54 ,  14.94 ,Wood,  1.75 
STUDIO,S3028,MADERA WALNUT 3/4 X 3/4,  5.09 ,  2.56 ,  7.27 ,Wood,  0.75 
STUDIO,S3029,MADERA NATURAL CLR 3/4 X 3/4,  5.09 ,  2.56 ,  7.27 ,Wood,  0.75 
STUDIO,S30320,KOTA 1 5/16 COFFEE BROWN,  8.60 ,  5.03 ,  12.29 ,Wood,  1.31 
STUDIO,S30324,KOTA 1 5/16 PECAN,  8.60 ,  5.03 ,  12.29 ,Wood,  1.31 
STUDIO,S30325,KOTA 1 5/16 CHERRY,  8.60 ,  5.03 ,  12.29 ,Wood,  1.31 
STUDIO,S30328,KOTA 1 5/16 WALNUT,  8.60 ,  5.03 ,  12.29 ,Wood,  1.31 
STUDIO,S30329,KOTA 1 5/16 NATURAL,  8.60 ,  5.03 ,  12.29 ,Wood,  1.31 
STUDIO,S30359,KOTA 1 5/16 BLACK,  8.60 ,  5.03 ,  12.29 ,Wood,  1.31 
STUDIO,S30420,KOTA 13/16 COFFEE BROWN,  8.60 ,  5.03 ,  12.29 ,Wood,  0.81 
STUDIO,S30424,KOTA 13/16 PECAN,  8.60 ,  5.03 ,  12.29 ,Wood,  0.81 
STUDIO,S30425,KOTA 13/16 CHERRY,  8.60 ,  5.03 ,  12.29 ,Wood,  0.81 
STUDIO,S30428,KOTA 13/16 WALNUT,  8.60 ,  5.03 ,  12.29 ,Wood,  0.81 
STUDIO,S30429,KOTA 13/16 NATURAL,  8.60 ,  5.03 ,  12.29 ,Wood,  0.81 
STUDIO,S30459,KOTA 13/16 BLACK,  8.60 ,  5.03 ,  12.29 ,Wood,  0.81 
STUDIO,S30520,KOTA 1 COFFEE BROWN SHBX,  11.76 ,  7.44 ,  16.80 ,Wood,  1.00 
STUDIO,S30524,KOTA 1 PECAN SHBX,  11.76 ,  7.44 ,  16.80 ,Wood,  1.00 
STUDIO,S30525,KOTA 1 CHERRY SHBX,  11.76 ,  7.44 ,  16.80 ,Wood,  1.00 
STUDIO,S30528,KOTA 1 WALNUT SHBX,  11.76 ,  7.44 ,  16.80 ,Wood,  1.00 
STUDIO,S30529,KOTA 1 NATURAL SHBX,  11.76 ,  7.44 ,  16.80 ,Wood,  1.00 
STUDIO,S30559,KOTA 1 BLACK SHBX,  11.76 ,  7.44 ,  16.80 ,Wood,  1.00 
STUDIO,S3059,MADERA BLACK 3/4 X 3/4,  5.09 ,  2.56 ,  7.27 ,Wood,  0.75 
STUDIO,S30620,KOTA 2 3/8 COFFEE BROWN,  13.12 ,  8.41 ,  18.74 ,Wood,  2.38 
STUDIO,S30624,KOTA 2 3/8 PECAN,  13.12 ,  8.41 ,  18.74 ,Wood,  2.38 
STUDIO,S30625,KOTA 2 3/8 CHERRY,  13.12 ,  8.41 ,  18.74 ,Wood,  2.38 
STUDIO,S30628,KOTA 2 3/8 WALNUT,  13.12 ,  8.41 ,  18.74 ,Wood,  2.38 
STUDIO,S30629,KOTA 2 3/8 NATURAL,  13.12 ,  8.41 ,  18.74 ,Wood,  2.38 
STUDIO,S30659,KOTA 2 3/8 BLACK,  13.12 ,  8.41 ,  18.74 ,Wood,  2.38 
STUDIO,S31045,HONORS GLOS MHGNY/GLD LN 1 3/4,  9.03 ,  5.42 ,  12.90 ,Wood,  1.75 
STUDIO,S31050,HONORS MATT MAHOGANY 1 3/4 X 7,  8.16 ,  4.66 ,  11.66 ,Wood,  1.75 
STUDIO,S31055,HONORS MATT MHGNY/GLD LN 1 3/4,  8.82 ,  5.23 ,  12.60 ,Wood,  1.75 
STUDIO,S32026,CHALET 15/16 WALNUT,  9.58 ,  5.94 ,  13.69 ,Wood,  0.94 
STUDIO,S32027,CHALET 15/16 BUFF,  9.58 ,  5.94 ,  13.69 ,Wood,  0.94 
STUDIO,S32055,CHALET 15/16 CAROB,  9.58 ,  5.94 ,  13.69 ,Wood,  0.94 
STUDIO,S32059,CHALET 15/16 BLACK,  9.58 ,  5.94 ,  13.69 ,Wood,  0.94 
STUDIO,S32060,CHALET 15/16 WHITE,  9.58 ,  5.94 ,  13.69 ,Wood,  0.94 
STUDIO,S322125,NUANCE CHERRY 1-1/2 X 7/8,  8.27 ,  4.75 ,  11.81 ,Wood,  1.50 
STUDIO,S3228,MADERA WALNUT 1 5/8 X 7/8,  7.77 ,  4.35 ,  11.10 ,Wood,  1.63 
STUDIO,S3229,MADERA NATURAL CLR 1 5/8 X 7/8,  7.77 ,  4.35 ,  11.10 ,Wood,  1.63 
STUDIO,S3328,MADERA WALNUT 3/4 X 1 1/4,  7.04 ,  3.81 ,  10.06 ,Wood,  0.75 
STUDIO,S3329,MADERA NATURAL CLR 3/4 X 1 1/4,  7.04 ,  3.81 ,  10.06 ,Wood,  0.75 
STUDIO,S3345,MADERA GRAY 3/4 X 1 1/4,  7.04 ,  3.81 ,  10.06 ,Wood,  0.75 
STUDIO,S3359,MADERA BLACK 3/4 X 1 1/4,  7.04 ,  3.81 ,  10.06 ,Wood,  0.75 
STUDIO,S34120,KOTA FLOATER 3/8 COFFEE BROWN,  8.04 ,  4.56 ,  11.49 ,Wood,  1.38 
STUDIO,S34125,KOTA FLOATER 3/8 CHERRY,  8.04 ,  4.56 ,  11.49 ,Wood,  1.38 
STUDIO,S34128,KOTA FLOATER 3/8 WALNUT,  8.04 ,  4.56 ,  11.49 ,Wood,  1.38 
STUDIO,S34129,KOTA FLOATER 3/8 NATURAL,  8.04 ,  4.56 ,  11.49 ,Wood,  1.38 
STUDIO,S34159,KOTA FLOATER 3/8 BLACK,  8.04 ,  4.56 ,  11.49 ,Wood,  1.38 
STUDIO,S35120,KOTA FLOATER 3/8 COFFEE BROWN,  10.91 ,  6.85 ,  15.59 ,Wood,  1.63 
STUDIO,S35125,KOTA FLOATER 3/8 CHERRY,  10.91 ,  6.85 ,  15.59 ,Wood,  1.63 
STUDIO,S35128,KOTA FLOATER 3/8 WALNUT,  10.91 ,  6.85 ,  15.59 ,Wood,  1.63 
STUDIO,S35129,KOTA FLOATER 3/8 NATURAL,  10.91 ,  6.85 ,  15.59 ,Wood,  1.63 
STUDIO,S35159,KOTA FLOATER 3/8 BLACK,  10.91 ,  6.85 ,  15.59 ,Wood,  1.63 
STUDIO,S361120,COFFEE BROWN 1-3/16 X 3/4,  8.20 ,  4.69 ,  11.71 ,Wood,  1.19 
STUDIO,S361124,HONEY PECAN 1 3/16 X 3/4,  8.20 ,  4.69 ,  11.71 ,Wood,  1.81 
STUDIO,S361125,CHERRY STAIN 1-3/16 X 3/4,  8.20 ,  4.69 ,  11.71 ,Wood,  1.19 
STUDIO,S361128,WALNUT STAIN 1-3/16 X 3/4,  8.20 ,  4.69 ,  11.71 ,Wood,  1.19 
STUDIO,S361129,CLEAR 1-3/16 X 3/4,  8.20 ,  4.69 ,  11.71 ,Wood,  1.19 
STUDIO,S361135,DK MAHOGANY STAIN 1-3/16 X 3/4,  8.20 ,  4.69 ,  11.71 ,Wood,  1.19 
STUDIO,S361142,WHITEWASH STAIN 1-3/16 X 3/4,  8.20 ,  4.69 ,  11.71 ,Wood,  1.19 
STUDIO,S361145,CHARCOAL STAIN 1-3/16 X 3/4,  8.20 ,  4.69 ,  11.71 ,Wood,  1.19 
STUDIO,S361159,BLACK STAIN 1 3/16 X 3/4,  8.20 ,  4.69 ,  11.71 ,Wood,  1.81 
STUDIO,S36320,SIERRA 1X1 WALNUT,  8.14 ,  4.64 ,  11.63 ,Wood,  1.00 
STUDIO,S36324,SIERRA 1X1 PECAN,  8.14 ,  4.64 ,  11.63 ,Wood,  1.00 
STUDIO,S36327,SIERRA 1X1 BUFF,  8.14 ,  4.64 ,  11.63 ,Wood,  1.00 
STUDIO,S36345,SIERRA 1X1 GRAY,  8.14 ,  4.64 ,  11.63 ,Wood,  1.00 
STUDIO,S36358,SIERRA 1X1 BEIGE,  8.14 ,  4.64 ,  11.63 ,Wood,  1.00 
STUDIO,S36420,SIERRA III 3/4 WALNUT,  4.91 ,  2.45 ,  7.01 ,Wood,  0.75 
STUDIO,S36424,SIERRA III 3/4 PECAN,  4.91 ,  2.45 ,  7.01 ,Wood,  0.75 
STUDIO,S36427,SIERRA III 3/4 BUFF,  4.91 ,  2.45 ,  7.01 ,Wood,  0.75 
STUDIO,S36445,SIERRA III 3/4 GRAY,  4.91 ,  2.45 ,  7.01 ,Wood,  0.75 
STUDIO,S36458,SIERRA III 3/4 BEIGE,  4.91 ,  2.45 ,  7.01 ,Wood,  0.75 
STUDIO,S365,FILLET CRUSHED GOLD,       ,  2.23 ,       ,Fillet,  0.75 
STUDIO,S36520,SIERRA III 13/16 WALNUT,  8.05 ,  4.57 ,  11.50 ,Wood,  0.81 
STUDIO,S36524,SIERRA III 13/16 PECAN,  8.05 ,  4.57 ,  11.50 ,Wood,  0.81 
STUDIO,S36527,SIERRA III 13/16 BUFF,  8.05 ,  4.57 ,  11.50 ,Wood,  0.81 
STUDIO,S36545,SIERRA III 13/16 GRAY,  8.05 ,  4.57 ,  11.50 ,Wood,  0.81 
STUDIO,S36558,SIERRA III 13/16 BEIGE,  8.05 ,  4.57 ,  11.50 ,Wood,  0.81 
STUDIO,S36620,SIERRA 1 9/16 X 1 1/16 WALNUT,  10.50 ,  6.57 ,  15.00 ,Wood,  1.56 
STUDIO,S36624,SIERRA 1 9/16 X 1 1/16 PECAN,  10.50 ,  6.57 ,  15.00 ,Wood,  1.56 
STUDIO,S36627,SIERRA 1 9/16 X 1 1/16 BUFF,  10.50 ,  6.57 ,  15.00 ,Wood,  1.56 
STUDIO,S36645,SIERRA 1 9/16 X 1 1/16 GRAY,  10.50 ,  6.57 ,  15.00 ,Wood,  1.56 
STUDIO,S36658,SIERRA 1 9/16 X 1 1/16 BEIGE,  10.50 ,  6.57 ,  15.00 ,Wood,  1.56 
STUDIO,S368,FILLET CRUSHED GOLD,       ,  2.23 ,       ,Fillet,  0.75 
STUDIO,S369120,COFFEE BROWN 3/4 X 3/4,  6.14 ,  3.20 ,  8.77 ,Wood,  0.75 
STUDIO,S369124,HONEY PECAN STAIN 3/4 X 3/4,  6.14 ,  3.20 ,  8.77 ,Wood,  0.75 
STUDIO,S369125,CHERRY STAIN 3/4 X 3/4,  6.14 ,  3.20 ,  8.77 ,Wood,  0.75 
STUDIO,S369128,DARK WALNUT STAIN 3/4 X 3/4,  6.14 ,  3.20 ,  8.77 ,Wood,  0.75 
STUDIO,S369129,CLEAR 3/4 X 3/4,  6.14 ,  3.20 ,  8.77 ,Wood,  0.75 
STUDIO,S369134,MAHOGANY STAIN 3/4 X 3/4,  6.14 ,  3.20 ,  8.77 ,Wood,  0.75 
STUDIO,S369145,CHARCOAL STAIN 3/4 X 3/4,  6.14 ,  3.20 ,  8.77 ,Wood,  0.75 
STUDIO,S369158,WHITEWASH STAIN 3/4 X 3/4,  6.14 ,  3.20 ,  8.77 ,Wood,  0.75 
STUDIO,S369159,OPAQUE BLACK 3/4 X 3/4,  6.14 ,  3.20 ,  8.77 ,Wood,  0.75 
STUDIO,S37010,HARMONY 1 x 1 3/8 SAND CAP,  9.19 ,  5.58 ,  13.13 ,Wood,  1.00 
STUDIO,S370120,COFFEE BROWN 1-1/8 X 3/4,  8.16 ,  4.66 ,  11.66 ,Wood,  1.13 
STUDIO,S370124,HONEY PECAN 1-1/8 X 3/4,  8.16 ,  4.66 ,  11.66 ,Wood,  1.13 
STUDIO,S370125,CHERRY STAIN 1-1/8 X 3/4,  8.16 ,  4.66 ,  11.66 ,Wood,  1.13 
STUDIO,S370128,DARK WALNUT 1-1/8 X 3/4,  8.16 ,  4.66 ,  11.66 ,Wood,  1.13 
STUDIO,S370134,MAHOGANY STAIN 1-1/8 X 3/4,  8.16 ,  4.66 ,  11.66 ,Wood,  1.13 
STUDIO,S370159,OPAQUE BLACK 1-1/8 X 3/4,  8.16 ,  4.66 ,  11.66 ,Wood,  1.13 
STUDIO,S37024,HARMONY 1 x 1 3/8 PECAN CAP,  9.19 ,  5.58 ,  13.13 ,Wood,  1.00 
STUDIO,S37043,HARMONY 1 x 1 3/8 COFFEE CAP,  9.19 ,  5.58 ,  13.13 ,Wood,  1.00 
STUDIO,S37110,HARMONY 1 9/16 x 1 1/2 SAND CA,  13.36 ,  8.58 ,  19.09 ,Wood,  1.56 
STUDIO,S37124,HARMONY 1 9/16 x 1 1/2 PECAN,  13.36 ,  8.58 ,  19.09 ,Wood,  1.56 
STUDIO,S37143,HARMONY 1 9/16 x 1 1/2 COFFEE,  13.36 ,  8.58 ,  19.09 ,Wood,  1.56 
STUDIO,S403002,MATTE BLACK W/GOLD TRIM 7/8,  6.14 ,  3.20 ,  8.77 ,Wood,  0.88 
STUDIO,S405002,MATTE BLACK W/GOLD TRIM 1-3/8,  7.42 ,  4.08 ,  10.60 ,Wood,  1.38 
STUDIO,S4065,ELEVE 1 5/16 GOLD,  8.69 ,  5.11 ,  12.41 ,Wood,  1.31 
STUDIO,S4075,ELEVE 1 5/16 SILVER,  8.69 ,  5.11 ,  12.41 ,Wood,  1.31 
STUDIO,S4085,ELEVE 1 5/16 DARK SILVER,  8.69 ,  5.11 ,  12.41 ,Wood,  1.31 
STUDIO,S40912,REGIA DARK GOLD 1 X 7/8,  7.66 ,  4.26 ,  10.94 ,Wood,  1.88 
STUDIO,S40914,REGIA DARK SILVER 1 X 7/8,  7.66 ,  4.26 ,  10.94 ,Wood,  1.88 
STUDIO,S40922,REGIA GOLD 1 X 7/8,  7.66 ,  4.26 ,  10.94 ,Wood,  1.88 
STUDIO,S40924,REGIA SILVER 1 X 7/8,  7.66 ,  4.26 ,  10.94 ,Wood,  1.88 
STUDIO,S41012,REGIA DARK GOLD 3/4 X 1,  7.84 ,  4.40 ,  11.20 ,Wood,  0.75 
STUDIO,S41014,REGIA DARK SILVER 3/4 X 1,  7.84 ,  4.40 ,  11.20 ,Wood,  0.75 
STUDIO,S41022,REGIA GOLD 3/4 X 1,  7.84 ,  4.40 ,  11.20 ,Wood,  0.75 
STUDIO,S41024,REGIA SILVER 3/4 X 1,  7.84 ,  4.40 ,  11.20 ,Wood,  0.75 
STUDIO,S4120,ETUDE DARK BROWN 1 3/16 X 7/8,  7.76 ,  4.34 ,  11.09 ,Wood,  1.19 
STUDIO,S4124,ETUDE PECAN 1 3/16 X 7/8,  7.76 ,  4.34 ,  11.09 ,Wood,  1.81 
STUDIO,S4128,ETUDE WALNUT 1 3/16 X 7/8,  7.76 ,  4.34 ,  11.09 ,Wood,  1.81 
STUDIO,S4134,ETUDE MAHOGANY 1 3/16 X 7/8,  7.76 ,  4.34 ,  11.09 ,Wood,  1.81 
STUDIO,S4165,ELEVE 13/16 GOLD,  8.69 ,  5.11 ,  12.41 ,Wood,  0.81 
STUDIO,S4175,ELEVE 13/16 SILVER,  8.69 ,  5.11 ,  12.41 ,Wood,  0.81 
STUDIO,S4185,ELEVE 13/16 DARK SILVER,  8.69 ,  5.11 ,  12.41 ,Wood,  0.81 
STUDIO,S42001,POMPEYA 1 3/8 GREEN,  16.05 ,  10.45 ,  22.93 ,Wood,  1.38 
STUDIO,S42002,POMPEYA 1 3/8 ANTIQUE GOLD,  16.05 ,  10.45 ,  22.93 ,Wood,  1.38 
STUDIO,S42003,POMPEYA 1 3/8 DEEP ROSE GOLD,  16.05 ,  10.45 ,  22.93 ,Wood,  1.38 
STUDIO,S42004,POMPEYA 1 3/8 SILVER,  16.05 ,  10.45 ,  22.93 ,Wood,  1.38 
STUDIO,S42005,POMPEYA 1 3/8 BLACK,  16.05 ,  10.45 ,  22.93 ,Wood,  1.38 
STUDIO,S4220,ETUDE DARK BROWN 2 X 7/8,  10.18 ,  6.35 ,  14.54 ,Wood,  2.88 
STUDIO,S4224,ETUDE PECAN 2 X 7/8,  10.18 ,  6.35 ,  14.54 ,Wood,  2.88 
STUDIO,S4228,ETUDE WALNUT 2 X 7/8,  10.18 ,  6.35 ,  14.54 ,Wood,  2.88 
STUDIO,S4234,ETUDE MAHOGANY 2 X 7/8,  10.18 ,  6.35 ,  14.54 ,Wood,  2.88 
STUDIO,S43021,ARRAY BLACK/BROWN 1 5/16,  8.65 ,  5.07 ,  12.36 ,Wood,  1.31 
STUDIO,S43121,ARRAY BLACK/BROWN 1-13/16 X 11,  9.28 ,  5.67 ,  13.26 ,Wood,  1.81 
STUDIO,S44722,VIRTU GOLD 1 X 1-1/8,  7.99 ,  4.52 ,  11.41 ,Wood,  1.00 
STUDIO,S44732,VIRTU SILVER 1 X 1-1/8,  7.99 ,  4.52 ,  11.41 ,Wood,  1.00 
STUDIO,S44822,VIRTU GOLD 3-1/4 X 1-5/8,  17.40 ,  11.37 ,  24.86 ,Wood,  3.25 
STUDIO,S44832,VIRTU SILVER 3-1/4 X 1-5/8,  17.40 ,  11.37 ,  24.86 ,Wood,  3.25 
STUDIO,S4520,ADAGIO II COFFEE 1 X 3/4,  7.20 ,  3.92 ,  10.29 ,Wood,  1.75 
STUDIO,S4524,ADAGIO II PECAN 1 X 3/4,  7.20 ,  3.92 ,  10.29 ,Wood,  1.75 
STUDIO,S4528,ADAGIO II WALNUT 1 X 3/4,  7.20 ,  3.92 ,  10.29 ,Wood,  1.75 
STUDIO,S4534,ADAGIO II MAHOGANY 1 X 3/4,  7.20 ,  3.92 ,  10.29 ,Wood,  1.75 
STUDIO,S4545,ADAGIO II DARK GRAY 1 X 3/4,  7.20 ,  3.92 ,  10.29 ,Wood,  1.75 
STUDIO,S45622,VIRTU GOLD 1-9/16 X 1,  9.21 ,  5.60 ,  13.16 ,Wood,  1.56 
STUDIO,S45632,VIRTU SILVER 1-9/16 X 1,  9.21 ,  5.60 ,  13.16 ,Wood,  1.56 
STUDIO,S45722,VIRTU GOLD 2-1/16 X 1-1/8,  11.50 ,  7.26 ,  16.43 ,Wood,  2.06 
STUDIO,S45732,VIRTU SILVER 2-1/16 X 1-1/8,  11.50 ,  7.26 ,  16.43 ,Wood,  2.06 
STUDIO,S45822,VIRTU GOLD 2 1/2 X 1 1/4,  13.58 ,  8.74 ,  19.40 ,Wood,  2.50 
STUDIO,S45832,VIRTU SILVER 2 1/2 X 1 1/4,  13.58 ,  8.74 ,  19.40 ,Wood,  2.50 
STUDIO,S4620,ADAGIO II COFFEE 1 1/2 X 3/4,  9.05 ,  5.44 ,  12.93 ,Wood,  1.50 
STUDIO,S4624,ADAGIO II PECAN 1 1/2 X 3/4,  9.05 ,  5.44 ,  12.93 ,Wood,  1.50 
STUDIO,S4628,ADAGIO II WALNUT 1 1/2 X 3/4,  9.05 ,  5.44 ,  12.93 ,Wood,  1.50 
STUDIO,S4634,ADAGIO II MAHOG 1 1/2 X 3/4,  9.05 ,  5.44 ,  12.93 ,Wood,  1.50 
STUDIO,S4645,ADAGIO II DK GRY 1 1/2 X 3/4,  9.05 ,  5.44 ,  12.93 ,Wood,  1.50 
STUDIO,S48012,LUISANT 2 3/16 ANTIQUE GOLD,  14.05 ,  9.08 ,  20.07 ,Wood,  2.19 
STUDIO,S48013,LUISANT 2 3/16 ANTIQUE SILVER,  14.05 ,  9.08 ,  20.07 ,Wood,  2.19 
STUDIO,S48022,LUISANT 2 3/16 DARK COPPER,  14.05 ,  9.08 ,  20.07 ,Wood,  2.19 
STUDIO,S48023,LUISANT 2 3/16 DARK SILVER,  14.05 ,  9.08 ,  20.07 ,Wood,  2.19 
STUDIO,S48112,LUISANT 1 3/8 ANTIQUE GOLD,  9.33 ,  5.72 ,  13.33 ,Wood,  1.38 
STUDIO,S48113,LUISANT 1 3/8 ANTIQUE SILVER,  9.33 ,  5.72 ,  13.33 ,Wood,  1.38 
STUDIO,S48122,LUISANT 1 3/8 DARK COPPER,  9.33 ,  5.72 ,  13.33 ,Wood,  1.38 
STUDIO,S48123,LUISANT 1 3/8 DARK SILVER,  9.33 ,  5.72 ,  13.33 ,Wood,  1.38 
STUDIO,S48401,CASCADE 1 3/16 GOLD,  11.04 ,  6.94 ,  15.77 ,Wood,  1.19 
STUDIO,S48402,CASCADE 1 3/16 LIGHT BRONZE,  11.04 ,  6.94 ,  15.77 ,Wood,  1.19 
STUDIO,S48403,CASCADE 1 3/16 PLATINUM,  11.04 ,  6.94 ,  15.77 ,Wood,  1.19 
STUDIO,S48404,CASCADE 1 3/16 DARK SILVER,  11.04 ,  6.94 ,  15.77 ,Wood,  1.19 
STUDIO,S48405,CASCADE 1 3/16 BLACK,  11.04 ,  6.94 ,  15.77 ,Wood,  1.19 
STUDIO,S48501,CASCADE 1 7/8 GOLD,  12.38 ,  7.88 ,  17.69 ,Wood,  1.88 
STUDIO,S48502,CASCADE 1 7/8 LIGHT BRONZE,  12.38 ,  7.88 ,  17.69 ,Wood,  1.88 
STUDIO,S48503,CASCADE 1 7/8 PLATINUM,  12.38 ,  7.88 ,  17.69 ,Wood,  1.88 
STUDIO,S48504,CASCADE 1 7/8 DARK SILVER,  12.38 ,  7.88 ,  17.69 ,Wood,  1.88 
STUDIO,S48505,CASCADE 1 7/8 BLACK,  12.38 ,  7.88 ,  17.69 ,Wood,  1.88 
STUDIO,S4920,FORTE COFFEE 1 3/4 X 7/8,  8.89 ,  5.29 ,  12.70 ,Wood,  1.75 
STUDIO,S4928,FORTE WALNUT 1 3/4 X 7/8,  8.89 ,  5.29 ,  12.70 ,Wood,  1.75 
STUDIO,S4934,FORTE MAHOGANY 1 3/4 X 7/8,  8.89 ,  5.29 ,  12.70 ,Wood,  1.75 
STUDIO,S4945,FORTE GRAY 1 3/4 X 7/8,  8.89 ,  5.29 ,  12.70 ,Wood,  1.75 
STUDIO,S501128,GROVE 13/16 WALNUT CAP,  8.86 ,  5.26 ,  12.66 ,Wood,  0.81 
STUDIO,S501129,GROVE 13/16 NATURAL CAP,  8.86 ,  5.26 ,  12.66 ,Wood,  0.81 
STUDIO,S501141,GROVE 13/16 WENGE CAP,  8.86 ,  5.26 ,  12.66 ,Wood,  0.81 
STUDIO,S501144,GROVE 13/16 LT GRAY CAP,  8.86 ,  5.26 ,  12.66 ,Wood,  0.81 
STUDIO,S501158,GROVE 13/16 WHITE CAP,  8.86 ,  5.26 ,  12.66 ,Wood,  0.81 
STUDIO,S5020,B&B DARK SABLE 7/8 X 1 1/2,  7.96 ,  4.50 ,  11.37 ,Wood,  0.88 
STUDIO,S502128,GROVE 1 1/2 WALNUT CAP,  11.87 ,  7.52 ,  16.96 ,Wood,  1.50 
STUDIO,S502129,GROVE 1 1/2 NATURAL CAP,  11.87 ,  7.52 ,  16.96 ,Wood,  1.50 
STUDIO,S502141,GROVE 1 1/2 WENGE CAP,  11.87 ,  7.52 ,  16.96 ,Wood,  1.50 
STUDIO,S502144,GROVE 1 1/2 LT GRAY CAP,  11.87 ,  7.52 ,  16.96 ,Wood,  1.50 
STUDIO,S502158,GROVE 1 1/2 WHITE CAP,  11.87 ,  7.52 ,  16.96 ,Wood,  1.50 
STUDIO,S51020,OLEA COFFEE 3/4,  8.27 ,  4.75 ,  11.81 ,Wood,  0.75 
STUDIO,S51024,OLEA PECAN 3/4,  8.27 ,  4.75 ,  11.81 ,Wood,  0.75 
STUDIO,S51025,OLEA CHERRY 3/4,  8.27 ,  4.75 ,  11.81 ,Wood,  0.75 
STUDIO,S51040,OLEA TAUPE 3/4,  8.27 ,  4.75 ,  11.81 ,Wood,  0.75 
STUDIO,S51045,OLEA GRAY 3/4,  8.27 ,  4.75 ,  11.81 ,Wood,  0.75 
STUDIO,S5120,B&B DARK SABLE 1 X 1 7/8 SB,  9.91 ,  6.17 ,  14.16 ,Wood,  1.00 
STUDIO,S52020,OLEA COFFEE 1 3/8,  10.92 ,  6.86 ,  15.60 ,Wood,  1.38 
STUDIO,S52024,OLEA PECAN 1 3/8,  10.92 ,  6.86 ,  15.60 ,Wood,  1.38 
STUDIO,S52025,OLEA CHERRY 1 3/8,  10.92 ,  6.86 ,  15.60 ,Wood,  1.38 
STUDIO,S52040,OLEA TAUPE 1 3/8,  10.92 ,  6.86 ,  15.60 ,Wood,  1.38 
STUDIO,S52045,OLEA GRAY 1 3/8,  10.92 ,  6.86 ,  15.60 ,Wood,  1.38 
STUDIO,S5220,B&B DRK SABLE 1 1/8X2 5/16 SB,  12.00 ,  7.61 ,  17.14 ,Wood,  1.13 
STUDIO,S5301,GILT 1 x 1 5/16 GOLD,  8.63 ,  5.06 ,  12.33 ,Wood,  1.00 
STUDIO,S5302,GILT 1 x 1 5/16 SILVER,  8.63 ,  5.06 ,  12.33 ,Wood,  1.00 
STUDIO,S53020,OLEA COFFEE 2 3/4,  21.40 ,  14.11 ,  30.57 ,Wood,  2.75 
STUDIO,S53024,OLEA PECAN 2 3/4,  21.40 ,  14.11 ,  30.57 ,Wood,  2.75 
STUDIO,S53025,OLEA CHERRY 2 3/4,  21.40 ,  14.11 ,  30.57 ,Wood,  2.75 
STUDIO,S53040,OLEA TAUPE 2 3/4,  21.40 ,  14.11 ,  30.57 ,Wood,  2.75 
STUDIO,S53045,OLEA GRAY 2 3/4,  21.40 ,  14.11 ,  30.57 ,Wood,  2.75 
STUDIO,S5320,B&B DARK SABLE 1 5/8 X 1 3/8,  10.47 ,  6.55 ,  14.96 ,Wood,  1.63 
STUDIO,S54020,OLEA COFFEE 1 9/16 X 1 1/16,  12.00 ,  7.61 ,  17.14 ,Wood,  1.56 
STUDIO,S54024,OLEA PECAN 1 9/16 X 1 1/16,  12.00 ,  7.61 ,  17.14 ,Wood,  1.56 
STUDIO,S54025,OLEA CHERRY 1 9/16 X 1 1/16,  12.00 ,  7.61 ,  17.14 ,Wood,  1.56 
STUDIO,S54040,OLEA TAUPE 1 9/16 X 1 1/16,  12.00 ,  7.61 ,  17.14 ,Wood,  1.56 
STUDIO,S54045,OLEA GRAY 1 9/16 X 1 1/16,  12.00 ,  7.61 ,  17.14 ,Wood,  1.56 
STUDIO,S5420,B&B DARK SABLE 1 3/4 X 7/8,  8.63 ,  5.06 ,  12.33 ,Wood,  1.75 
STUDIO,S54720,PLUME 1 3/4 COFFEE VENEER,  12.18 ,  7.74 ,  17.40 ,Wood,  1.75 
STUDIO,S54724,PLUME 1 3/4 PECAN VENEER,  12.18 ,  7.74 ,  17.40 ,Wood,  1.75 
STUDIO,S54725,PLUME 1 3/4 CHERRY VENEER,  12.18 ,  7.74 ,  17.40 ,Wood,  1.75 
STUDIO,S54740,PLUME 1 3/4 TAUPE VENEER,  12.18 ,  7.74 ,  17.40 ,Wood,  1.75 
STUDIO,S54745,PLUME 1 3/4 GRAY VENEER,  12.18 ,  7.74 ,  17.40 ,Wood,  1.75 
STUDIO,S5520,B&B DARK SABLE 2 1/4 X 7/8,  10.35 ,  6.47 ,  14.79 ,Wood,  2.25 
STUDIO,S56020,D ORME COFFEE 1 3/16 X 1 1/16,  10.13 ,  6.32 ,  14.47 ,Wood,  1.19 
STUDIO,S56023,D ORME PECAN 1 3/16 X 1 1/16,  10.13 ,  6.32 ,  14.47 ,Wood,  1.19 
STUDIO,S56025,D ORME CHERRY 1 3/16 X 1 1/16,  10.13 ,  6.32 ,  14.47 ,Wood,  1.19 
STUDIO,S56040,D ORME TAUPE 1 3/16 X 1 1/16,  10.13 ,  6.32 ,  14.47 ,Wood,  1.19 
STUDIO,S56045,D ORME GRAY 1 3/16 X 1 1/16,  10.13 ,  6.32 ,  14.47 ,Wood,  1.19 
STUDIO,S57020,D ORME COFFEE 1 9/16 X 1 1/16,  12.44 ,  7.92 ,  17.77 ,Wood,  1.56 
STUDIO,S57023,D ORME PECAN 1 9/16 X 1 1/16,  12.44 ,  7.92 ,  17.77 ,Wood,  1.56 
STUDIO,S57025,D ORME CHERRY 1 9/16 X 1 1/16,  12.44 ,  7.92 ,  17.77 ,Wood,  1.56 
STUDIO,S57040,D ORME TAUPE 1 9/16 X 1 1/16,  12.44 ,  7.92 ,  17.77 ,Wood,  1.56 
STUDIO,S57045,D ORME GRAY 1 9/16 X 1 1/16,  12.44 ,  7.92 ,  17.77 ,Wood,  1.56 
STUDIO,S58020,D ORME COFFEE 2 3/4 X 1 3/8,  23.21 ,  15.33 ,  33.16 ,Wood,  2.75 
STUDIO,S58023,D ORME PECAN 2 3/4 X 1 3/8,  23.21 ,  15.33 ,  33.16 ,Wood,  2.75 
STUDIO,S58025,D ORME CHERRY 2 3/4 X 1 3/8,  23.21 ,  15.33 ,  33.16 ,Wood,  2.75 
STUDIO,S58040,D ORME TAUPE 2 3/4 X 1 3/8,  23.21 ,  15.33 ,  33.16 ,Wood,  2.75 
STUDIO,S58045,D ORME GRAY 2 3/4 X 1 3/8,  23.21 ,  15.33 ,  33.16 ,Wood,  2.75 
STUDIO,S60020,LYRA 1 X 7/8 COFFEE W/ COPPER,  7.07 ,  3.83 ,  10.10 ,Wood,  1.00 
STUDIO,S60026,LYRA 1 X 7/8 GREIGE W/ GUNMTL,  7.07 ,  3.83 ,  10.10 ,Wood,  1.00 
STUDIO,S60045,LYRA 1 X 7/8 TAUPE W/ BRONZE L,  7.07 ,  3.83 ,  10.10 ,Wood,  1.00 
STUDIO,S601124,MILAN 1 3/16 X 3/4 PECAN BURL,  8.16 ,  4.66 ,  11.66 ,Wood,  1.19 
STUDIO,S601127,MILAN 1 3/16X3/4 LT WALNUT BUR,  8.16 ,  4.66 ,  11.66 ,Wood,  1.19 
STUDIO,S601128,MILAN 1 3/16 X 3/4 WALNUT BURL,  8.16 ,  4.66 ,  11.66 ,Wood,  1.19 
STUDIO,S601140,MILAN 1 3/16 X 3/4 TAUPE BURL,  8.16 ,  4.66 ,  11.66 ,Wood,  1.19 
STUDIO,S601145,MILAN 1 3/16X3/4 CHARCOAL BURL,  8.16 ,  4.66 ,  11.66 ,Wood,  1.19 
STUDIO,S602124,MILAN 2 X 1 PECAN BURL,  13.44 ,  8.64 ,  19.20 ,Wood,  2.00 
STUDIO,S602127,MILAN 2 X 1 LT WALNUT BURL,  13.44 ,  8.64 ,  19.20 ,Wood,  2.00 
STUDIO,S602128,MILAN 2 X 1 WALNUT BURL,  13.44 ,  8.64 ,  19.20 ,Wood,  2.00 
STUDIO,S602140,MILAN 2 X 1 TAUPE BURL,  13.44 ,  8.64 ,  19.20 ,Wood,  2.00 
STUDIO,S602145,MILAN 2 X 1 CHARCOAL BURL,  13.44 ,  8.64 ,  19.20 ,Wood,  2.00 
STUDIO,S61020,LYRA 1 1/2 X 7/8 COFFEE W/ CPE,  8.98 ,  5.38 ,  12.83 ,Wood,  1.50 
STUDIO,S61026,LYRA 1 1/2 X 7/8 GREIGE W/ GMT,  8.98 ,  5.38 ,  12.83 ,Wood,  1.50 
STUDIO,S61045,LYRA 1 1/2 X 7/8 TAUPE W/ BRZE,  8.98 ,  5.38 ,  12.83 ,Wood,  1.50 
STUDIO,S61105,AVANT EBONY BRN 1 3/4 X 1 1/4,  10.18 ,  6.35 ,  14.54 ,Wood,  1.75 
STUDIO,S61205,AVANT EBONY BRN 2 1/4 X 1 1/4,  12.04 ,  7.64 ,  17.20 ,Wood,  2.25 
STUDIO,S61305,AVANT EBONY BRN 3 X 1 5/8,  16.86 ,  11.01 ,  24.09 ,Wood,  3.00 
STUDIO,S6201,SABI 1 5/16 GREEN,  8.73 ,  5.15 ,  12.47 ,Wood,  1.31 
STUDIO,S6202,SABI 1 5/16 BLUE,  8.73 ,  5.15 ,  12.47 ,Wood,  1.31 
STUDIO,S6203,SABI 1 5/16 BROWN,  8.73 ,  5.15 ,  12.47 ,Wood,  1.31 
STUDIO,S6204,SABI 1 5/16 BLACK,  8.73 ,  5.15 ,  12.47 ,Wood,  1.31 
STUDIO,S62320,ARMOUR 1 1/4 GUNMETAL,  9.30 ,  5.69 ,  13.29 ,Wood,  1.25 
STUDIO,S62330,ARMOUR 1 1/4 SILVER,  9.30 ,  5.69 ,  13.29 ,Wood,  1.25 
STUDIO,S62340,ARMOUR 1 1/4 BRONZE,  9.30 ,  5.69 ,  13.29 ,Wood,  1.25 
STUDIO,S62350,ARMOUR 1 1/4 COPPER,  9.30 ,  5.69 ,  13.29 ,Wood,  1.25 
STUDIO,S6301,SABI 13/16 GREEN,  8.73 ,  5.15 ,  12.47 ,Wood,  0.81 
STUDIO,S6302,SABI 13/16 BLUE,  8.73 ,  5.15 ,  12.47 ,Wood,  0.81 
STUDIO,S6303,SABI 13/16 BROWN,  8.73 ,  5.15 ,  12.47 ,Wood,  0.81 
STUDIO,S6304,SABI 13/16 BLACK,  8.73 ,  5.15 ,  12.47 ,Wood,  0.81 
STUDIO,S63320,ARMOUR 1 3/4 GUNMETAL,  9.90 ,  6.16 ,  14.14 ,Wood,  1.75 
STUDIO,S63330,ARMOUR 1 3/4 SILVER,  9.90 ,  6.16 ,  14.14 ,Wood,  1.75 
STUDIO,S63340,ARMOUR 1 3/4 BRONZE,  9.90 ,  6.16 ,  14.14 ,Wood,  1.75 
STUDIO,S63350,ARMOUR 1 3/4 COPPER,  9.90 ,  6.16 ,  14.14 ,Wood,  1.75 
STUDIO,S67024,WILLOW 1 3/8 X 1 3/16 PECAN,  8.06 ,  4.58 ,  11.51 ,Wood,  1.38 
STUDIO,S67028,WILLOW 1 3/8 X 1 3/16 WALNUT,  8.06 ,  4.58 ,  11.51 ,Wood,  1.38 
STUDIO,S67045,WILLOW 1 3/8 X 1 3/16 GRAY,  8.06 ,  4.58 ,  11.51 ,Wood,  1.38 
STUDIO,S67058,WILLOW 1 3/8 X 1 3/16 IVORY,  8.06 ,  4.58 ,  11.51 ,Wood,  1.38 
STUDIO,S67124,WILLOW 2 3/16 X 1 7/16 PECAN,  12.11 ,  7.69 ,  17.30 ,Wood,  2.19 
STUDIO,S67128,WILLOW 2 3/16 X 1 7/16 WALNUT,  12.11 ,  7.69 ,  17.30 ,Wood,  2.19 
STUDIO,S67145,WILLOW 2 3/16 X 1 7/16 GRAY,  12.11 ,  7.69 ,  17.30 ,Wood,  2.19 
STUDIO,S67158,WILLOW 2 3/16 X 1 7/16 IVORY,  12.11 ,  7.69 ,  17.30 ,Wood,  2.19 
STUDIO,S712,MATT BLACK 1/2 X 5/8,  3.36 ,  1.60 ,  4.80 ,Wood,  0.50 
STUDIO,S714,MATT BLACK 3/4 X 7/8,  4.40 ,  2.16 ,  6.29 ,Wood,  0.75 
STUDIO,S71460,3/4 X 7/8 MATT WHITE ROUNDED P,  4.40 ,  2.16 ,  6.29 ,Wood,  0.75 
STUDIO,S715,MATT BLACK 3/4 X 13/16,  4.29 ,  2.10 ,  6.13 ,Wood,  0.75 
STUDIO,S716,MATT BLACK 1 X 5/8,  4.31 ,  2.11 ,  6.16 ,Wood,  1.00 
STUDIO,S717,MATT BLACK 1 X 1 3/8,  6.67 ,  3.55 ,  9.53 ,Wood,  1.00 
STUDIO,S718,MATT BLACK 1 3/8 X 7/8,  6.09 ,  3.17 ,  8.70 ,Wood,  1.38 
STUDIO,S80104,ETHOS MAPLE VENEER 3/4 X 2 SB,  11.98 ,  7.60 ,  17.11 ,Wood,  0.75 
STUDIO,S80204,ETHOS MAPLE VNR 3/4 X 1 1/2 SB,  9.47 ,  5.85 ,  13.53 ,Wood,  0.75 
STUDIO,S80304,ETHOS MAPLE VENEER 5/8,  8.20 ,  4.69 ,  11.71 ,Wood,  0.63 
STUDIO,S84104,ETHOS FLOATER 3/8 MAPLE,  8.51 ,  4.95 ,  12.16 ,Wood,  1.38 