ITEM,description,WIDTH,UPC,cost,chop,join,group
100750,"W0 SOFIA BRONZE FILLET 1/4""",0.25,720472154925,4.65,7.07,8.07,Fillet
100751,"W0 SOFIA GOLD FILLET 1/4""",0.25,720472154871,4.65,7.07,8.07,Fillet
100752,"W0 SOFIA IRON FILLET 1/4""",0.25,720472154826,4.65,7.07,8.07,Fillet
103180,W0 HUDSON GLD BEAD FILLET 5/16,0.5625,720472172790,3.58,5.84,6.84,Fillet
103190,W0 HUDSON SLV BEAD FILLET 5/16,0.5625,720472172806,3.42,5.57,6.57,Fillet
103235,"W0 ACADEMIE GOLD FILLET 5/16""",0.3125,720472139243,3.65,5.92,6.92,Fillet
103237,W0 ACADEMIE SILVER FILLET 7/16,0.3125,720472139250,3.61,5.87,6.87,Fillet
106180,"W0 HUDSON GOLD FILLET 1/4""",0.5,720472172813,3.44,5.58,6.58,Fillet
106190,"W0 HUDSON SILVER FILLET 1/4""",0.5,720472172820,3.25,5.34,6.34,Fillet
108185,"W0 L7 GOLD W/BLACK FILLET 1/8""",0.125,720472168717,8.1,10.28,11.28,Fillet
114153,"W0 SPENCER II SILVER FIL 5/16""",0.3125,720472199018,1.69,2.3,3.3,Fillet
114154,"W0 SPENCER II GOLD FIL 5/16""",0.3125,720472199025,1.69,2.3,3.3,Fillet
115632,"W0 CONFETTI YELLOW FILLET 1/4""",0.25,720472163590,2.39,3.95,4.95,Fillet
115635,"W0 CONFETTI RED FILLET 1/4""",0.25,720472163613,2.39,3.95,4.95,Fillet
115636,"W0 CONFETTI LT BLUE FLT 1/4""",0.25,720472163620,2.38,3.94,4.94,Fillet
115640,"W0 CONFETTI BLUE FILLET 1/4""",0.25,720472163668,2.37,3.92,4.92,Fillet
115651,W0 CONFETTI METALLIC GLD FLT,0.25,720472163767,2.37,3.92,4.92,Fillet
115652,"W0 CONFETTI BLACK FILLET 1/4""",0.25,720472163774,2.39,3.95,4.95,Fillet
115653,"W0 CONFETTI WHITE FILLET 1/4""",0.25,720472163781,2.39,3.95,4.95,Fillet
119286,"W0 WHITE FILLET 5/16""",0.3125,720472142687,3.1,5.6,6.6,Fillet
120660,"W0 MANTILLA GOLD FILLET 1/4""",0.25,720472150422,5.78,8.88,9.88,Fillet
120662,"W0 MANTILLA SILVER FIL 1/4""",0.25,720472150446,5.77,8.87,9.87,Fillet
132902,"W0 FOUNDRY IRON FILLET 3/8""",0.625,720472179898,5.48,9.73,10.73,Fillet
138120,"W0 DRESDEN SILVER FILLET 1/4""",0.25,720472163385,5.3,7.3,8.3,Fillet
150CG,"W0 FILLETS GOLD FILLET  1/4""",0.25,720472100144,3.45,5.06,6.06,Fillet
150CS,W0 VIENNA 2 SILVER FILLET 3/16,0.1875,720472114165,3.2,5.02,6.02,Fillet
150G,"W0 FL/GOLD FILLET 1/4""",0.25,720472100151,3.46,5.6,6.6,Fillet
150S,"W0 FL/SILVER FILLET 1/4""",0.25,720472100168,3.46,5.6,6.6,Fillet
160810,"W0 CALAIS GOLD FILLET 1/4""",0.25,720472156202,3.73,6.03,7.03,Fillet
160812,"W0 CALAIS SILVER FILLET 1/4""",0.25,720472156219,3.7,5.99,6.99,Fillet
160814,"W0 CALAIS BLACK FILLET 1/4""",0.25,720472156226,3.65,5.88,6.88,Fillet
161810,"W0 CALAIS GOLD BEAD FLT 5/16""",0.3125,720472156233,4.52,7.21,8.21,Fillet
161812,W0 CALAIS SILVER BEAD FLT 5/16,0.3125,720472156240,4.51,7.19,8.19,Fillet
166900,"W0 LISBON AGED HONEY FLT 5/16""",0.3125,720472158251,7.01,10.5,11.5,Fillet
197440,"W0 BAUHAUS II WHITE FILET 1/4""",0.25,720472199131,3.62,4.64,5.64,Fillet
197450,"W0 BAUHAUS II BLACK FILET 1/4""",0.25,720472199148,3.5,4.55,5.55,Fillet
X0466,"W0 FL/GOLD FILLET 3/16""",0.1875,720472103596,3.58,6.1,7.1,Fillet
10-036M,"WHITE WASH MAPLE CAP 5/8""",0.625,720472184441,10.05,13.52,14.52,Wood
10-100M,"NATURAL MAPLE CAP 5/8""",0.625,720472184458,9.71,12.75,13.75,Wood
102CG,W0 CLASSIC GOLD 1/2,0.5,720472100021,4.26,6.75,7.75,Wood
10-507M,"MSTEMS HANDRUBBED GRY CAP 5/8""",0.625,720472191241,9.91,13,14,Wood
105CB,W0 CLASSIC BLACK 1/2 VIENNA,0.5,720472100052,3.81,6,7,Wood
11-036M,"WHITE WASH MAPLE STEM 5/8""",0.625,720472191180,12.66,16.13,17.13,Wood
11-100M,"NATURAL MAPLE CAP 5/8""",0.625,720472191197,12.38,15.74,16.74,Wood
112-060C,"MSTEMS NATURAL CHERRY 1/2""",0.5625,720472187411,8.66,11.34,12.34,Wood
112-100M,"MSTEMS NATURAL MAPLE 1 1/8""",0.5625,720472187428,8.84,11.3,12.3,Wood
112-500A,"MSTEMS SATIN BLACK ASH 1 1/8""",0.5625,720472187435,5.84,7.8,8.8,Wood
112-506W,"MSTEMS ESPRESSO WAL 1 1/8""",0.5625,720472187442,8.62,11.48,12.48,Wood
115-100M,"MSTEMS NATURAL MAPLE 1/2""",0.5625,720472187466,10.45,14.1,15.1,Wood
115-500A,"MSTEMS BLACK ASH 1/2""",0.5625,720472187473,5.84,7.77,8.77,Wood
115-506W,"MSTEMS ESPRESSO WALNUT 1/2""",0.5625,720472187480,11.1,15.42,16.42,Wood
119206,"W0 SHOJI DK WAL TALL CAP 1""",1,720472199575,4.16,5.44,6.44,Wood
119208,"W0 SHOJI EB WAL TALL CAP 1""",1,720472199582,4.16,5.44,6.44,Wood
119630,"W1 CONFETTI BLACK CAP 1""",1,720472149891,7.45,11,12,Wood
119631,"W1 CONFETTI WHITE CAP 1""",1,720472149907,7.45,11,12,Wood
12-100M,"NATURAL MAPLE CAP 13/16""",0.8125,720472187497,17.02,22.55,23.55,Wood
123960,"W1 FLAX OYSTER LINER 3/4""",0.75,720472159845,2.99,6.42,7.42,Liner
123962,"W1 FLAX SAND LINER 3/4""",0.75,720472159852,2.96,6.34,7.34,Liner
123964,"W1 FLAX PEBBLE LINER 3/4""",0.75,720472159869,2.85,6.13,7.13,Liner
123966,"W1 FLAX BLACK LINER 3/4""",0.75,720472159876,2.67,5.72,6.72,Liner
12-507M,"MSTEMS GREY MAPLE CAP 13/16""",0.8125,720472187503,16.63,22.25,23.25,Wood
140632,"W1 CONFETTI YELLOW 7/8""",0.875,720472150019,3.35,5.36,6.36,Wood
140634,"W1 CONFETTI ORANGE 7/8""",0.875,720472150033,3.35,5.36,6.36,Wood
140635,"W1 CONFETTI RED 7/8""",0.875,720472150040,3.35,5.36,6.36,Wood
140636,"W1 CONFETTI LT BLUE 7/8""",0.875,720472150057,3.35,5.36,6.36,Wood
140638,"W1 CONFETTI MAROON 7/8""",0.875,720472150071,3.35,5.36,6.36,Wood
140639,"W1 CONFETTI PURPLE 7/8""",0.875,720472150088,3.35,5.36,6.36,Wood
140640,"W1 CONFETTI BLUE 7/8""",0.875,720472150095,3.35,5.36,6.36,Wood
140641,"W1 CONFETTI DK BLUE 7/8""",0.875,720472150101,3.35,5.36,6.36,Wood
140642,"W1 CONFETTI BABY GREEN 7/8""",0.875,720472160148,3.35,5.36,6.36,Wood
140643,"W1 CONFETTI BABY BLUE 7/8""",0.875,720472160155,3.35,5.36,6.36,Wood
140644,"W1 CONFETTI BABY YELLOW 7/8""",0.875,720472160162,3.35,5.36,6.36,Wood
140645,"W1 CONFETTI BABY PINK 7/8""",0.875,720472160179,3.35,5.34,6.34,Wood
140646,"W1 CONFETTI CITRON GREEN 7/8""",0.875,720472160186,3.35,5.36,6.36,Wood
140647,"W1 CONFETTI TWEEN PINK 7/8""",0.875,720472160193,3.35,5.36,6.36,Wood
140648,"W1 CONFETTI TEAL 7/8""",0.875,720472160209,3.35,5.36,6.36,Wood
140649,"W1 CONFETTI RED ORANGE 7/8""",0.875,720472160216,3.35,5.36,6.36,Wood
140650,"W1 CONFETTI SHAMROCK 7/8""",0.875,720472160223,3.35,5.36,6.36,Wood
140651,"W1 CONFETTI METALLIC GOLD 7/8""",0.875,720472160230,3.35,5.36,6.36,Wood
140652,"W1 CONFETTI BLACK 7/8""",0.875,720472160247,3.35,5.36,6.36,Wood
140653,"W1 CONFETTI WHITE 7/8""",0.875,720472160254,3.35,5.36,6.36,Wood
144508,W1 Lancaster II Deep Cap,0.8125,720472196437,3.74,6.7,7.7,Wood
144510,W1 Lancaster II Deep Cap 13/16,0.8125,720472196444,4.29,7.04,8.04,Wood
145790,"W1 GRAMERCY BLACK CAP 13/16""",0.8125,720472153287,4.7,6.58,7.58,Wood
145791,"W1 GRAMERCY SILVER CAP 13/16""",0.8125,720472153294,3.97,5.25,6.25,Wood
145BL,W0 145BL 1/2,0.5,720472100137,4.86,6.86,7.86,Wood
146790,"GRAMERCY BLACK CAP 5/8""",0.625,720472153300,4.92,7.21,8.21,Wood
147791,"GRAMERCY SILVER CAP 9/16""",0.5625,720472153331,3.15,4.25,5.25,Wood
184508,W1 Lancaster II Rev Bev Cap 1,1.125,720472196451,6.13,9.71,10.71,Wood
192706,"W1 OLSEN MAPLE SM CUBE 3/4""",0.75,720472199674,4.16,5.8,6.8,Wood
192708,"W1 OLSEN OAK SM CUBE 3/4""",0.75,720472199681,4.16,5.8,6.8,Wood
195203,"MADISON NATURAL CAP 1""",1.125,720472197649,5.67,8.53,9.53,Wood
195204,"MADISON BLACK CAP 1""",1.125,720472197656,5.57,8.36,9.36,Wood
195205,"MADISON GREY CAP 1""",1.125,720472197663,5.58,8.41,9.41,Wood
196870,W1 COLOSSEUM II SFT PEWTER 3/4,0.75,720472199308,4.92,7.19,8.19,Wood
196871,"W1 COLOSSEUM II TARN SIL 3/4""",0.75,720472199315,4.92,7.19,8.19,Wood
196872,"W1 COLOSSEUM II MOON GOLD 3/4""",0.75,720472199322,4.92,7.19,8.19,Wood
196874,"W1 COLOSSEUM II TITANIUM 3/4""",0.75,720472199339,4.92,7.19,8.19,Wood
196876,W1 COLOSSEUM II STEEL BLUE 3/4,0.75,720472199346,4.92,7.19,8.19,Wood
196877,"W1 COLOSSEUM SLP BL OXIDE 3/4""",0.75,720472197212,4.92,7.19,8.19,Wood
197508,W1 Lancaster II  Rev Bev Cap,0.8125,720472196475,4.59,8.27,9.27,Wood
198500,"W1 FINN CAP 9/16"" BLACK",0.5625,720472193474,4.4,7.29,8.29,Wood
198510,"W1 FINN CAP 9/16"" NATURAL",0.5625,720472193481,4.4,7.29,8.29,Wood
198520,"W1 FINN CAP 9/16"" ESPRESSO",0.5625,720472193498,4.4,7.29,8.29,Wood
200285,"W1 TRIBECA SMALL RIBBED 3/4""",0.6875,720472139694,2.39,4.35,5.35,Wood
200350,"WO BRIMFIELD SLP BLK W/DT 7/8""",0.875,720472190879,7.16,9.81,10.81,Wood
200360,"WO BRIMFIELD SLP WHT W/DT 7/8""",0.875,720472190886,7.3,9.99,10.99,Wood
200750,"W1 SOFIA BRZ SLP W/DENTIL 7/8""",0.875,720472154888,7.52,10.4,11.4,Wood
200751,"W1 SOFIA GLD SLP W/DENTIL 7/8""",0.875,720472154833,7.77,10.33,11.33,Wood
200752,"W1 SOFIA IRN SLP W/DENTIL 7/8""",0.875,720472154789,8.41,10.85,11.85,Wood
201317,"W1 DRAYTON BLK&GLD SM CAP 3/4""",0.75,720472194235,3.37,4.88,5.88,Wood
202110,"W1 STITCH LT. TANGERINE 3/4""",0.75,720472173469,6.37,11.73,12.73,Wood
202113,"W1 STITCH LT CITRON GREEN 3/4""",0.75,720472173476,6.2,11.43,12.43,Wood
202118,"W1 STITCH DK ROYAL BLUE 3/4""",0.75,720472173513,5.61,10.33,11.33,Wood
202123,"W1 STITCH BLACK 3/4""",0.75,720472173537,5.54,10.21,11.21,Wood
203235,"W1 ACADEMIE GOLD 3/4""",0.75,720472139267,4.47,6.84,7.84,Wood
203237,"W1 ACADEMIE SILVER 3/4""",0.75,720472139274,4.49,6.86,7.86,Wood
203239,"W1 ACADEMIE BLACK W/GOLD 3/4""",0.75,720472139281,4.46,6.83,7.83,Wood
204706,"W1 OLSEN MAPLE CAP 3/4""",0.75,720472199810,5.41,7.52,8.52,Wood
204708,"W1 OLSEN OAK CAP 3/4""",0.75,720472199827,5.41,7.52,8.52,Wood
206180,"W1 HUDSON GOLD SCP W/BEAD 7/8""",0.875,720472172752,5.21,8.93,9.93,Wood
206190,"W1 HUDSON SILV SCP W/BEAD 7/8""",0.875,720472172769,5.08,8.69,9.69,Wood
206200,"W1 HUDSON II IVORY SCP 7/8""",0.875,720472183710,4.66,7.92,8.92,Wood
206220,W1 HUDSONII BLKGL SCP 7/8,0.875,720472183727,4.92,8.36,9.36,Wood
206CG,W1 CLASSIC GOLD 3/4,0.75,720472100274,5,7.9,8.9,Wood
206S,W1 SILVER 3/4,0.75,720472100281,5,7.9,8.9,Wood
207234,"W1 MODERNE GOLD CAP 3/4""",0.75,720472196758,3.07,4.45,5.45,Wood
207236,"W1 MODERNE SILVER CAP 3/4""",0.75,720472196765,3.07,4.45,5.45,Wood
207650,"W0 TATE BLACK CAP 3/4""",0.75,720472181150,3.59,4.84,5.84,Wood
207660,"W0 TATE SILVER CAP 3/4""",0.75,720472181167,3.54,4.84,5.84,Wood
207670,"W0 TATE GOLD CAP 3/4""",0.75,720472182409,4.51,6.01,7.01,Wood
208710,"ALDEN EBON WALNUT CURVE 3/4""",0.75,720472199858,7.84,12.54,13.54,Wood
208712,"ALDEN DK WALNUT CURVE 3/4""",0.75,720472199865,7.84,12.54,13.54,Wood
208CG,W1 CLASSIC GOLD 3/4,0.75,720472100298,5,7.9,8.9,Wood
208CS,W1 CLASSIC SILVER 3/4,0.75,720472100304,5,7.9,8.9,Wood
209706,"W2 OLSEN MAPLE CUBE 1 3/16""",1.1875,720472199735,7.6,10.58,11.58,Wood
209708,"W2 OLSEN OAK CUBE 1 3/16""",1.1875,720472199742,7.6,10.58,11.58,Wood
210124,W1 RAVELLO CRSGRN MAPLE CP 3/4,0.75,720472197021,3.45,5.52,6.52,Wood
210125,"W1 RAVELLO ELM BURL CAP 3/4""",0.75,720472197038,3.45,5.52,6.52,Wood
210126,"W1 RAVELLO DANIELA WAL CP 3/4""",0.75,720472197045,3.45,5.52,6.52,Wood
210127,"W1 RAVELLO POPLAR BURL CP 3/4""",0.75,720472197052,3.45,5.52,6.52,Wood
210128,W1 RAVELLO BIRDSEYE MAP CP 3/4,0.75,720472197069,3.45,5.52,6.52,Wood
210247,"W1 RENZO BLONDE BURL CAP 3/4""",0.75,720472197915,5.78,8.05,9.05,Wood
210285,"W1 TRIBECA SQUARE CAP 3/4""",0.6875,720472139700,3.14,5.44,6.44,Wood
210286,"W1 WHITE SQUARE CAP 3/4""",0.6875,720472142625,3.52,6.29,7.29,Wood
210440,"W1 BAUHAUS II WHITE 3/4""",0.75,720472199032,6.41,7.31,8.31,Wood
210450,"W1 BAUHAUS II BLACK 3/4""",0.75,720472199049,6.19,7.07,8.07,Wood
210G,W1 GOLD 7/8,0.875,720472100311,5.21,8.2,9.2,Wood
211317,"W1 DRAYTON BLK&GLD LG CAP 3/4""",0.8125,720472194242,3.75,5.44,6.44,Wood
212285,"W1 TRIBECA SMALL BEVELED 7/8""",0.8125,720472139717,2.7,4.94,5.94,Wood
212403,"W1 WHITMAN BLACK FLAT 3/4""",0.75,720472181495,7.29,10.22,11.22,Wood
212405,"W1 WHITMAN TORTOISE  3/4""",0.75,720472181501,7.45,10.21,11.21,Wood
213403,"W1 WHITMAN Silver3/4""",0.75,720472181518,7.23,10.06,11.06,Wood
214234,"W1 MODERNE GOLD TALL CAP 3/4""",0.75,720472196772,4.27,6.19,7.19,Wood
214236,"W1 MODERNE SILV TALL CAP 3/4""",0.75,720472196789,4.27,6.19,7.19,Wood
214650,"W1 TATE BLACK CAP 11/16""",0.6875,720472181174,4.36,6.37,7.37,Wood
214660,"W1 TATE SILVER CAP 11/16""",0.6875,720472181181,4.36,6.37,7.37,Wood
214670,"W1 TATE GOLD CAP 11/16""",0.6875,720472182416,6.06,8.9,9.9,Wood
215680,"W0 ARTIFACT ANT GREY BB 5/8""",0.625,720472142335,9.72,14.19,15.19,Wood
216180,"W1 HUDSON GOLD WHISTLER 13/16""",0.8125,720472172639,4.86,8.32,9.32,Wood
216190,W1 HUDSON SILVER WHISTLR 13/16,0.8125,720472172646,4.72,8.03,9.03,Wood
217680,"W0 ARTIFACT ANT GREY GK 7/8""",0.875,720472139229,10.12,14.78,15.78,Wood
217682,"W0 ARTIFACT ANT BLACK GK 7/8""",0.875,720472139236,10.12,14.78,15.78,Wood
220940,"W1 GALLERY 1 BLACK CAP 11/16""",0.6875,720472159722,4.62,7.38,8.38,Wood
220941,"W1 GALLERY 1 WHITE CAP 11/16""",0.6875,720472159739,4.62,7.38,8.38,Wood
221276,"W1 MILO MAPLE SM CAP 5/8""",0.625,720472199452,4.39,5.74,6.74,Wood
221277,"W1 MILO WALNUT SM CAP 5/8""",0.625,720472199490,4.39,5.74,6.74,Wood
221278,W1 MILO CERUSED OAK SM CAP 5/8,0.625,720472199537,4.16,5.44,6.44,Wood
221516,"W1 ANSLEY CHERRY CAP 5/8""",0.625,720472178877,4.75,7.51,8.51,Wood
221517,"W1 ANSLEY COFFEE CAP 5/8""",0.625,720472178884,4.68,7.39,8.39,Wood
221518,"W1 ANSLEY GREY CAP 5/8""",0.625,720472178891,3.93,6.79,7.79,Wood
221519,"W1 ANSLEY MAHOGANY CAP 5/8""",0.625,720472178907,4.75,7.51,8.51,Wood
221520,"W1 ANSLEY NATURAL CAP 5/8""",0.625,720472178914,4.72,7.43,8.43,Wood
221521,"W1 ANSLEY WALNUT CAP 5/8""",0.625,720472178921,4.68,7.39,8.39,Wood
221526,"W1 ANSLEY BLACK CAP 5/8""",0.625,720472179218,4.8,7.56,8.56,Wood
222940,"W1 GALLERY 1 BLACK CAP 3/4""",0.75,720472159746,5.16,8.27,9.27,Wood
222941,"W1 GALLERY 1 WHITE CAP 3/4""",0.75,720472159753,5.16,8.27,9.27,Wood
223146,"W1 KYOTO BLACK 3/4""",0.75,720472139168,6.45,9.43,10.43,Wood
223147,"W1 KYOTO NATURAL 3/4""",0.75,720472139175,6.45,9.43,10.43,Wood
223148,"W1 KYOTO GREY 3/4""",0.75,720472139182,6.45,9.43,10.43,Wood
224963,"W1 PETITE GOLD 3/4""",0.75,720472160490,8.17,12.25,13.25,Wood
224965,"W1 PETITE BLACK 3/4""",0.75,720472160506,6.64,10.56,11.56,Wood
224967,"W1 PETITE SILVER 3/4""",0.75,720472160513,6.44,11.43,12.43,Wood
225482,"W0 JASPER BLACK CAP 5/8""",0.625,720472199155,2.96,4.39,5.39,Wood
225484,"W0 JASPER WHITE CAP 5/8""",0.625,720472199162,3.31,5.02,6.02,Wood
226180,"W1 HUDSON GOLD SCOOP 13/16""",0.8125,720472172653,4.58,7.82,8.82,Wood
226190,"W1 HUDSON SILVER SCOOP 13/16""",0.8125,720472172660,4.46,7.62,8.62,Wood
226210,W1 HUDSON II BLK SCOOP 13/16,0.8125,720472183758,4.31,7.35,8.35,Wood
227276,"W0 MILO MAPLE MED CAP 3/4""",0.75,720472199469,5.21,6.8,7.8,Wood
227277,"W0 MILO WALNUT MED CAP 3/4""",0.75,720472199506,5.21,6.8,7.8,Wood
227278,W0 MILO CERUSED OAK MD CAP 3/4,0.75,720472199544,4.91,6.42,7.42,Wood
227516,"W0 ANSLEY CHERRY SM CAP 3/4""",0.75,720472144346,5.11,7.8,8.8,Wood
227517,"W0 ANSLEY COFFEE SM CAP 3/4""",0.75,720472144353,5.21,7.96,8.96,Wood
227519,"W0 ANSLEY MAHOGANY SM CAP 3/4""",0.75,720472144377,4.99,7.6,8.6,Wood
227526,"W0 ANSLEY BLACK SM CAP 3/4""",0.75,720472180030,4.89,7.5,8.5,Wood
229602,"W1 WALNUT BURL/REV 7/8""",0.8125,720472126380,7.75,11.13,12.13,Wood
230130,"W1 PETITE SILVER SLANT 3/4""",0.75,720472172400,7.28,11.91,12.91,Wood
230132,"W1 PETITE BLACK SLANT 3/4""",0.75,720472172424,7.28,11.11,12.11,Wood
230285,W1 TRIBECA SM.TRAD. W/BEAD 7/8,0.8125,720472139731,3.25,5.65,6.65,Wood
230286,W1 WHITE SM.TRAD. W/BEAD 7/8,0.8125,720472142632,3.55,6.17,7.17,Wood
231482,"W1 JASPER BLACK SHADOWBOX 1""",1,720472199254,9.02,10.29,11.29,Wood
231484,"W1 JASPER WHITE SHADOWBOX 1""",1,720472199261,9.2,10.5,11.5,Wood
232403,"W0 WHITMAN SILVER CAP 3/4""",0.75,720472181525,10.96,13.51,14.51,Wood
233680,"W0 ARTIFACT ANT GREY CD 7/8""",0.875,720472142342,10.12,14.78,15.78,Wood
234927,"W1 PETITE GOLD 13/16""",0.8125,720472160575,6.84,12.31,13.31,Wood
234929,"W1 PETITE BLACK 13/16""",0.8125,720472160599,6.66,12,13,Wood
235556,"W1 FERROSA BRONZE 3/4""",0.8125,720472146562,6.83,10.34,11.34,Wood
236350,"W1 BROOKLYN BLK W/GRVS 13/16""",0.8125,720472163163,2.69,5.23,6.23,Wood
236351,"BROOKLYN WHT W/GRVS 13/16""",0.8125,720472197564,2.69,5.23,6.23,Wood
237904,"W1 METALIA BLACK 3/4""",0.75,720472129886,3.71,5.43,6.43,Wood
237905,"W1 METALIA SILVER 3/4""",0.75,720472129893,3.71,5.43,6.43,Wood
237906,"W1 METALIA GOLD 3/4""",0.75,720472129909,3.71,5.43,6.43,Wood
237907,"W1 METALIA CHAMPAGNE 3/4""",0.75,720472129916,3.71,5.43,6.43,Wood
237908,"W1 METALIA BRASS 3/4""",0.75,720472129923,3.71,5.43,6.43,Wood
237909,"W1 METALIA II GUNMETAL 3/4""",0.75,720472196864,3.55,5.68,6.68,Wood
238120,"W1 DRESDEN BLACK 15/16""",0.9375,720472163408,10.33,14.18,15.18,Wood
239680,"W0 ARTIFACT ANT GREY CR 7/8""",0.875,720472142359,10.24,14.95,15.95,Wood
240452,"W1 MUSEO GOLD 1 1/16""",1.0625,720472196574,3.25,5.2,6.2,Wood
240453,"W1 MUSEO SILVER 1 1/16""",1.0625,720472196581,3.25,5.2,6.2,Wood
240454,"W1 MUSEO BLACK 1 1/16""",1.0625,720472196598,3.04,4.86,5.86,Wood
241240,"W1 KOMODO RED SM CAP 3/4""",0.75,720472182577,5.26,7.37,8.37,Wood
241250,"W1 KOMODO BLACK SM CAP 3/4""",0.75,720472182584,5.31,7.46,8.46,Wood
242250,W1 ANDOVER PETITE BLACK 5/8,0.625,720472183123,5.57,7.27,8.27,Wood
242260,W1 ANDOVER PETITE WHITE 5/8,0.625,720472183130,5.57,7.27,8.27,Wood
242270,W1 ANDOVER PETITE SILVER 5/8,0.625,720472183147,5.57,7.27,8.27,Wood
242290,W1 ANDOVER PETITE SUEDE 5/8,0.625,720472183161,5.57,7.27,8.27,Wood
243500,"W1 ALTO BLK CAP 13/16""",0.8125,720472184250,4.35,7.04,8.04,Wood
243510,"W1 ALTO WHT CAP 13/16""",0.8125,720472184304,4.35,7.04,8.04,Wood
244500,"W1 ALTO BLK 13/16""",0.875,720472184281,3.34,5.88,6.88,Wood
244510,"W1 ALTO WHT 13/16""",0.875,720472184335,3.34,5.88,6.88,Wood
245150,"W1 SPENCER GOLD CAP    3/4""",0.75,720472184076,4.57,6.25,7.25,Wood
245151,"W1 SPENCER SIL/BRN CAP 3/4""",0.75,720472184083,4.55,6.23,7.23,Wood
245152,"W1 SPENCER SIL/BLK CAP 3/4""",0.75,720472184090,4.6,6.29,7.29,Wood
245153,"W1 SPENCER II SIL CAP 3/4""",0.75,720472198875,4.68,6.37,7.37,Wood
245154,"W1 SPENCER II GOLD CAP 3/4""",0.75,720472198943,4.68,6.37,7.37,Wood
246350,"W1 BROOKLYN BLK DOME 7/8""",0.875,720472163170,2.77,5.39,6.39,Wood
247192,"W1 DOMUS CHMPGNE SLANT 1 1/8""",1.0625,720472177689,9.43,13.09,14.09,Wood
247194,"W1 DOMUS SILVER SLANT 1 1/8""",1.0625,720472177696,8.04,12.25,13.25,Wood
248150,"W1 SPENCER GOLD TALL CAP 3/4""",0.75,720472184106,4.98,6.8,7.8,Wood
248151,"W1 SPENCER SIL/BRN LG/CAP 3/4""",0.75,720472184113,5,6.54,7.54,Wood
248153,"W1 SPENCER II SIL LG/CAP 3/4""",0.75,720472198882,6.29,8.56,9.56,Wood
248154,W1 SPENCER II GLD TALL CAP 3/4,0.75,720472198950,6.29,8.56,9.56,Wood
249500,"W1 FINN DEEP 3/4"" LIP CAP BLK",0.75,720472193511,5.85,8.17,9.17,Wood
249510,"W1 FINN DEEP 3/4"" LIP CAP NAT",0.75,720472193528,5.75,8.01,9.01,Wood
249520,"W1 FINN DEEP 3/4"" LIP CAP ESPR",0.75,720472193535,5.75,8.01,9.01,Wood
250200,"W1 AURA SM BEVEL NIMBUS  1""",1,720472191623,5.74,9.93,10.93,Wood
252234,"W1 MODERNE GOLD ROUND 13/16""",0.8125,720472196819,4.05,5.86,6.86,Wood
252236,"W1 MODERNE SILV ROUND 13/16""",0.8125,720472196826,4.05,5.86,6.86,Wood
253206,"W0 SHOJI DK WAL SM CAP 3/4""",0.75,720472199599,2.68,3.5,4.5,Wood
253208,"W0 SHOJI EB WAL SM CAP 3/4""",0.75,720472199605,2.68,3.5,4.5,Wood
254904,"W1 METALIA BLACK TALL CAP 3/4""",0.75,720472129930,6.01,8.79,9.79,Wood
254905,"W1 METALIA SILVER TL CAP 3/4""",0.75,720472129947,6.01,8.79,9.79,Wood
254906,"W1 METALIA GOLD TALL CAP 3/4""",0.75,720472129954,6.01,8.79,9.79,Wood
254907,"W1 METALIA CHAMPAGNE CAP 3/4""",0.75,720472129961,6.01,8.79,9.79,Wood
254908,"W1 METALIA BRASS TALL CAP 3/4""",0.75,720472129978,6.01,8.79,9.79,Wood
254909,W1 METALIA II GMETAL LG CP 3/4,0.75,720472196895,5.76,9.21,10.21,Wood
255482,"W1 JASPER BLK SHADOWBOX XL 1""",1,720472199278,9.33,11.67,12.67,Wood
255484,"W1 JASPER WHT SHADOWBOX XL 1""",1,720472199285,9.68,12.15,13.15,Wood
256350,"W1 BROOKLYN BLK EASTR I 13/16""",0.8125,720472163187,4.97,8.3,9.3,Wood
258602,W2 CARNIVALE FLA PINACOL 1 1/4,1.25,720472197397,4.96,9.91,10.91,Wood
258603,W2 CARNIVALE FLAT GD SUN 1 1/4,1.25,720472197403,4.97,9.93,10.93,Wood
258604,W2 CARNIVALE FLAT HB PNK 1 1/4,1.25,720472197410,4.83,9.67,10.67,Wood
258605,W2 CARNIVALE FLAT CH RED 1 1/4,1.25,720472197427,4.98,9.96,10.96,Wood
258608,W2 CARNIVALE FLAT RF BLU 1 1/4,1.25,720472197441,4.93,9.89,10.89,Wood
258609,W2 CARNIVALE FLAT SEA BL 1 1/4,1.25,720472197458,4.97,9.94,10.94,Wood
258610,W2 CARNIVALE FLAT COF BN 1 1/4,1.25,720472197465,4.99,10.01,11.01,Wood
259405,"Lars 1 9/16"" Panel Antque Slvr",1.5625,720472198455,5.3,7.74,8.74,Wood
259406,"Lars 1 9/16"" Panel Antque Gold",1.5625,720472198462,5.34,7.8,8.8,Wood
261240,"W1 KOMODO RED TALL CAP 1""",1.0625,720472182591,6.47,9.8,10.8,Wood
26202,Small Strainer stock,1.1875,720472141291,1.7,3.13,4.13,Wood
26204,Medium Strainer Stock,1.625,720472141307,2.75,4.58,5.58,Wood
26206,Large Strainer Stock,2.25,720472141314,4.34,6.34,7.34,Wood
262407,"Lars 1 3/4"" Ripple Black",1.75,720472198479,6.97,10.12,11.12,Wood
264970,"W1 PETITE BRUSHED NICKEL 3/4""",0.75,720472198554,4.93,8.78,9.78,Wood
264971,"W1 PETITE BRUSHED BRASS 3/4""",0.75,720472198561,4.93,8.78,9.78,Wood
264972,"W1 PETITE BRUSHED BRONZE 3/4""",0.75,720472198578,4.93,8.78,9.78,Wood
264973,"W1 PETITE BRUSHED STEEL 3/4""",0.75,720472198585,4.93,8.78,9.78,Wood
265974,"W1 PETITE GOLD PANEL 7/8""",0.875,720472198592,4.82,8.57,9.57,Wood
265975,"W1 PETITE SILVER PANEL 7/8""",0.875,720472198608,4.81,8.56,9.56,Wood
265976,"W1 PETITE PEWTER PANEL 7/8""",0.875,720472198615,4.81,8.56,9.56,Wood
265977,"W1 PETITE BRONZE PANEL 7/8""",0.875,720472198622,4.82,8.57,9.57,Wood
266900,"W1 LISBON AGED HONEY REV 7/8""",0.8125,720472158299,9.53,12.79,13.79,Wood
266902,"W1 LISBON AGED WALNUT REV 7/8""",0.8125,720472158312,9.53,12.79,13.79,Wood
266903,"W1 LISBON AGED BLACK REV 7/8""",0.8125,720472158329,9.52,12.79,13.79,Wood
267975,"W1 PETITE SILVER BEVEL 13/16""",0.8125,720472198646,5.15,9.17,10.17,Wood
267976,"W1 PETITE PEWTER BEVEL 13/16""",0.8125,720472198653,5.16,9.21,10.21,Wood
267977,"W1 PETITE BRONZE BEVEL 13/16""",0.8125,720472198660,5.14,9.17,10.17,Wood
269240,"W1 LANCASTER GREY CAP 13/16""",0.8125,720472173308,8.73,12.41,13.41,Wood
269250,"W1 LANCASTER TAN CAP 13/16""",0.8125,720472173315,8.98,13.39,14.39,Wood
269260,"W1 LANCASTER BLACK CAP 13/16""",0.8125,720472173322,8.73,12.41,13.41,Wood
270706,"W2 OLSEN MAPLE FLAT 1 1/2""",1.5,720472199698,5.75,8,9,Wood
270708,"W2 OLSEN OAK FLAT 1 1/2""",1.5,720472199704,5.75,8,9,Wood
271153,"W1 SPENCER SIL SLOPE 3/4""",0.75,720472198899,6.3,8.58,9.58,Wood
271154,"W1 SPENCER II GOLD SLOPE 3/4""",0.75,720472198967,6.3,8.58,9.58,Wood
272110,"W1 Cumberland 3/4""Cap Whte Oak",0.75,720472195775,8.79,13.23,14.23,Wood
272111,"W1 Cumberland 3/4"" Cap Cherry",0.75,720472195782,6.35,9.55,10.55,Wood
272112,"W1 Cumberland 3/4"" Cap Cherry",0.75,720472195799,6.73,10.09,11.09,Wood
272113,"W1 Cumberland II 3/4"" Cap",0.75,720472196499,10.78,17.1,18.1,Wood
272310,"HANS WISHBONE CAP 3/4""",0.75,720472198370,4.93,7.91,8.91,Wood
272311,"HANS HARE CAP 3/4""",0.75,720472198387,4.95,7.92,8.92,Wood
272312,"HANS MUSKRAT CAP 3/4""",0.75,720472198394,4.95,7.93,8.93,Wood
272313,"HANS PHEASANT CAP 3/4""",0.75,720472198400,4.93,7.91,8.91,Wood
272710,"ALDEN EBON WALNUT CAP 3/4""",0.75,720472199834,7.84,12.54,13.54,Wood
272712,"ALDEN DK WALNUT CAP 3/4""",0.75,720472199841,7.84,12.54,13.54,Wood
274110,"W1 Alloy 3/4"" Cap Rev Bevel",0.75,720472196161,5.18,8.65,9.65,Wood
274111,"W1 Alloy 3/4"" Cap Rev Bevel GU",0.75,720472196178,5.89,8.61,9.61,Wood
274112,"W1 Alloy 3/4"" Cap Rev Bevel",0.75,720472196185,6.07,8.86,9.86,Wood
274113,"W1 Alloy 3/4"" Cap Rev Bevel",0.75,720472196192,5.96,8.7,9.7,Wood
275870,W2 COLOSSEUM II ST PEWTR 1 1/2,1.5,720472199353,8.95,13.04,14.04,Wood
275871,W2 COLOSSEUM II TARN SIL 1 1/2,1.5,720472199360,8.95,13.04,14.04,Wood
275872,W2 COLOSSEUM II MOON GLD 1 1/2,1.5,720472199377,8.95,13.04,14.04,Wood
275874,W2 COLOSSEUM II TITANIUM 1 1/2,1.5,720472199384,8.95,13.04,14.04,Wood
275876,W2 COLOSSEUM II STEEL BL 1 1/2,1.5,720472199391,8.95,13.04,14.04,Wood
275877,"W2 COLOSSEUM CP BL OXID 1 1/2""",1.5,720472197229,8.95,13.04,14.04,Wood
277605,"W0 AXEL ANT CHESTNUT CAP 3/4""",0.75,720472181310,13.58,15.63,16.63,Wood
277610,"W0 AXEL SMOKED TIMBER CAP 3/4""",0.75,720472181327,13.57,15.62,16.62,Wood
281320,"W1 HARLOW TALL SLANT MIRROR 1""",1,720472180856,10.13,14.28,15.28,Wood
282212,"W2 SENELAR 1"" NOUVEAU",1.0625,720472140041,18.46,24.69,25.69,Wood
284712,"W1 ALLEGRA ANTIQUE GOLD 3/4""",0.75,720472127271,5.53,8.47,9.47,Wood
284714,"W1 ALLEGRA ANTIQUE SILVER 3/4""",0.75,720472127288,5.53,8.47,9.47,Wood
287615,"W1 EASTLAKE BLACK 7/8""",0.875,720472128223,3.46,4.86,5.86,Wood
288615,"W1 ANVIL BOLTED STEEL 3/4""",0.6875,720472181419,8.8,11.54,12.54,Wood
288620,"W1 ANVIL REBAR AGED STEEL 3/4""",0.6875,720472181426,8.8,11.54,12.54,Wood
289630,"W1 ANVIL II ENHNCR 3/4"" OIL ST",0.6875,720472182485,8.41,10.85,11.85,Wood
291615,"W0 ANVIL BOLTED STEEL CAP 3/4""",0.6875,720472181433,11.74,13.86,14.86,Wood
291BDG,W1 291BDG 3/4,0.8125,720472100861,6.68,9.72,10.72,Wood
292630,"W1 ANVIL II CAP 3/4"" OILD STL",0.6875,720472182492,11.35,12.96,13.96,Wood
294110,"W1 Alloy 1"" Cap Rev Bevel",1,720472196208,8.18,11.97,12.97,Wood
294112,"W1 Alloy 1"" Cap Rev Bevel GOLD",1,720472196222,8.17,11.94,12.94,Wood
294113,"W1 Alloy 1"" Cap Rev Bevel ChMP",1,720472196239,8.14,11.93,12.93,Wood
294526,"W0 ANSLEY BLACK LG CAP 3/4""",0.75,720472180047,5.59,8.84,9.84,Wood
296350,"W1 BROOKLYN BLK DOME  1""",1,720472163279,3,5.46,6.46,Wood
296351,"BROOKLYN WHITE DOME 1""",1,720472197571,3,5.46,6.46,Wood
297602,"W1 CARNIVALE CAP PINCOL 13/16""",0.8125,720472197489,4.85,9.47,10.47,Wood
297603,"W1 CARNIVALE CAP GD SUN 13/16""",0.8125,720472197496,5.19,9.3,10.3,Wood
297605,"W1 CARNIVALE CAP CHLRED 13/16""",0.8125,720472197519,4.22,9.23,10.23,Wood
297607,"W1 CARNIVALE CAP RFBLUE 13/16""",0.8125,720472197533,5.08,8.98,9.98,Wood
297608,"W1 CARNIVALE CAP SEA BL 13/16""",0.8125,720472197540,5.12,9.3,10.3,Wood
297609,"W1 CARNIVALE CAP COF BN 13/16""",0.8125,720472197557,5.41,9.23,10.23,Wood
298201,"Shutter 1 9/16"" Black",1.5625,720472196352,5.12,7.81,8.81,Wood
300750,"W1 SOFIA BRZ CAP W/LEAF 15/16""",0.9375,720472154895,9.98,13.93,14.93,Wood
300751,"W1 SOFIA GLD CAP W/LEAF 15/16""",0.9375,720472154840,10.58,14.78,15.78,Wood
300752,"W1 SOFIA IRN CAP W/LEAF 15/16""",0.9375,720472154796,10.48,14.66,15.66,Wood
302100,"W1 H4 Sm Scoop 1 1/4"" Nat",1.25,720472191890,8.31,12.81,13.81,Wood
303175,W1 CRANBROOK NAT WAL SLANT 3/4,0.75,720472167932,8.75,13.82,14.82,Wood
303176,W1 CRANBROOK DRK WAL SLANT 3/4,0.75,720472167925,8.95,14.16,15.16,Wood
303177,W1 CRANBROOK NAT MPL SLANT 3/4,0.75,720472167901,8.63,14.31,15.31,Wood
303180,W1 CRANBROOK EBN WAL SLANT 3/4,0.75,720472167918,8.89,14,15,Wood
303181,W1 CRANBROOK NAT CHR SLANT 3/4,0.75,720472167888,10.26,14.49,15.49,Wood
303CG,W1 CLASSIC GOLD 1,1,720472101035,6.89,10.98,11.98,Wood
304452,"W2 MUSEO GOLD SCOOP 1 3/16""",1.1875,720472196604,3.97,6.34,7.34,Wood
304453,"W2 MUSEO SILVER SCOOP 1 3/16""",1.1875,720472196611,3.97,6.34,7.34,Wood
304454,"W2 MUSEO BLACK SCOOP 1 3/16""",1.1875,720472196628,3.71,5.94,6.94,Wood
305621,"W1 MAISON ASH 1 1/8""",1.125,720472197137,5.41,8.65,9.65,Wood
306180,"W2 HUDSON GOLD WHISTLER 1 1/2""",1.5,720472172615,7.43,11.04,12.04,Wood
307680,"W2 ARTIFACT ANT GREY GC 1 1/8""",1.125,720472142366,9.36,13.68,14.68,Wood
307682,"W2 ARTIFACT ANT BLK GC 1 1/8""",1.125,720472142373,9.36,13.68,14.68,Wood
309100,"W2 EIFFEL 1 9/16"" SWAN SILVER",1.5625,720472193351,9.98,14.5,15.5,Wood
309110,"W2 EIFFEL 1 9/16"" SWAN PEWTER",1.5625,720472193368,9.58,13.89,14.89,Wood
309120,"W2 EIFFEL 1 9/16"" SWAN GOLD",1.5625,720472193375,9.63,13.98,14.98,Wood
309130,"W2 EIFFEL 1 9/16"" SWAN BRONZE",1.5625,720472193382,9.72,14.1,15.1,Wood
312680,"W2 ARTIFACT ANT GREY DB 1 1/4""",1.25,720472155267,11.22,16.4,17.4,Wood
312682,"W2 ARTIFACT ANT BLK DB 1 1/4""",1.25,720472155274,11.22,16.4,17.4,Wood
313183,"CRANBROOK WHT WASH MAPLE 1""",1,720472197601,5.82,8.62,9.62,Wood
313674,"W1 CRANBROOK EBONIZED WAL 1""",1,720472150606,7.77,10.04,11.04,Wood
313675,"W1 CRANBROOK NATURAL WAL 1""",1,720472150613,6.88,10.01,11.01,Wood
313676,"W1 CRANBROOK DARK WALNUT 1""",1,720472150620,7.29,9.88,10.88,Wood
313677,"W1 CRANBROOK NAT MAPLE 1""",1,720472150637,6.58,10.72,11.72,Wood
313710,"ALDEN EBON WAL CURVE 1 1/8""",1.125,720472199872,18.75,30,31,Wood
313712,"ALDEN DK WAL CURVE 1 1/8""",1.125,720472199889,18.75,30,31,Wood
314240,"W2 KOMODO RED CUBE 1 1/2""",1.5,720472182614,7.77,10.76,11.76,Wood
314250,"W2 KOMODO BLACK CUBE 1 1/2""",1.5,720472182621,7.76,10.74,11.74,Wood
315173,"W1 OLMSTED SILVER 15/16""",0.9375,720472167710,9.18,13.73,14.73,Wood
316180,"W2 HUDSON GOLD SCOOP 1 5/8""",1.625,720472172677,6.6,10.75,11.75,Wood
316190,"W2 HUDSON SILVER SCP 1 5/8""",1.625,720472172684,6.66,10.72,11.72,Wood
316200,W2 HUDSON II IVORY SCOOP 1 5/8,1.625,720472183772,6.13,9.86,10.86,Wood
316210,W2 HUDSON II BLK SCOOP 1 5/8,1.625,720472183789,6.41,10.32,11.32,Wood
316220,W2 HUDSON II BLKGLD SCP 1 5/8,1.625,720472183796,6.52,10.42,11.42,Wood
316516,"W1 ANSLEY CHERRY 1""",1,720472144469,5.03,7.6,8.6,Wood
316519,"W1 ANSLEY MAHOGANY 1""",1,720472144490,3.98,6.59,7.59,Wood
316526,"W1 ANSLEY BLACK 1""",1,720472180054,4.44,6.81,7.81,Wood
317100,"W2 SPOLETO SM CUBE SIL 1 1/8""",1.125,720472191340,8.44,13.85,14.85,Wood
317110,"W2 SPOLETO SM CUBE PT  1 1/8""",1.125,720472191357,8.58,14.1,15.1,Wood
317130,"W2 SPOLETO SM CUBE BRZ  1 1/8""",1.125,720472191364,8.48,13.91,14.91,Wood
317602,"W2 WALNUT BURL FLAT 1 1/4""",1.1875,720472126403,7.67,11.01,12.01,Wood
318317,W2 DRAYTON BLK&GLD CURVE 1 1/4,1.1875,720472194259,4.25,6.16,7.16,Wood
319712,"W1 ALLEGRA ANTIQUE GOLD 1""",1,720472127318,7.89,12.45,13.45,Wood
320940,"W2 GALLERY 1 BLACK SCP 1 1/2""",1.5,720472159760,5.61,9.33,10.33,Wood
320941,"W2 GALLERY 1 WHITE SCP 1 1/2""",1.5,720472159777,5.45,9.06,10.06,Wood
321720,"W1 VERMONT BRICK RED 1""",1,720472154246,6.65,10.93,11.93,Wood
321721,"W1 VERMONT DENIM 1""",1,720472154253,6.44,10.59,11.59,Wood
321723,"W1 VERMONT THUNDER GRAY 1""",1,720472154277,6.62,10.89,11.89,Wood
321725,"W1 VERMONT SADDLE BROWN 1""",1,720472154291,6.44,10.58,11.58,Wood
322206,"W0 SHOJI DK WAL FLOAT 2""",2,720472199636,7.52,9.83,10.83,Wood
322208,"W0 SHOJI EB WAL FLOAT 2""",2,720472199643,7.52,9.83,10.83,Wood
322440,"W0 BAUHAUS II WHITE FLOAT 2""",1.875,720472199056,10.19,11.63,12.63,Wood
322450,"W0 BAUHAUS II BLACK FLOAT 2""",1.875,720472199063,9.57,10.92,11.92,Wood
323960,"W2 FLAX OYSTER LINER 1 1/16""",1.0625,720472159883,3.36,6.89,7.89,Liner
323962,"W2 FLAX SAND LINER 1 1/16""",1.0625,720472159890,3.6,7.37,8.37,Liner
324940,"W0 GALLERY 1 BLACK FLOAT 2""",2,720472159807,6.53,10.45,11.45,Wood
324941,"W0 GALLERY 1 WHITE FLOAT 2""",2,720472159814,6.53,10.45,11.45,Wood
325100,"W2 SPOLETO LG CUBE SIL 1 9/16""",1.5625,720472191371,11.44,17.42,18.42,Wood
325110,"W2 SPOLETO LG CUBE PT  1 9/16""",1.5625,720472191388,11.4,17.36,18.36,Wood
325130,"W2 SPOLETO LG CUBE BRZ 1 9/16""",1.5625,720472191395,11.43,17.4,18.4,Wood
325904,W1 METALIA II BLACK LG CUBE,1.5625,720472196901,6.72,10.74,11.74,Wood
325905,W1 METALIA II SILVER LG CUBE,1.5625,720472196918,6.72,10.74,11.74,Wood
325906,W1 METALIA II GOLD LG CUBE,1.5625,720472196925,6.72,10.74,11.74,Wood
325907,W1 METALIA II CHAMPAGNE LG CU,1.5625,720472196932,6.72,10.74,11.74,Wood
325908,W1 METALIA II BRASS LG CUBE,1.5625,720472196949,6.72,10.74,11.74,Wood
325909,W1 METALIA II GMETAL LG CUBE,1.5625,720472196956,6.72,10.74,11.74,Wood
326180,"W2 HUDSON GOLD SCOOP 1 3/4""",1.75,720472172691,7.99,11.55,12.55,Wood
326190,"W2 HUDSON SILVER SCP 1 3/4""",1.75,720472172707,7.49,11.11,12.11,Wood
326200,W2 HUDSON II IVORY SCOOP 1 3/4,1.75,720472183802,7.31,11.13,12.13,Wood
326210,W2 HUDSON II BLACK SCOOP 1 3/4,1.75,720472183819,7.31,11.13,12.13,Wood
326220,W2 HUDSON II BLKGLD SCP 1 3/4,1.75,720472183826,8.11,11.66,12.66,Wood
327100,W2 SPOLETO SCOOP SILVER 1 3/16,1.1875,720472191401,6.88,11.72,12.72,Wood
327110,W2 SPOLETO SCOOP PEWTER 1 3/16,1.1875,720472191418,6.98,11.9,12.9,Wood
332900,"W1 FOUNDRY FLAT BRASS 1 1/8""",1.125,720472179737,9.6,13.7,14.7,Wood
332902,"W1 FOUNDRY FLAT IRON 1 1/8""",1.125,720472179744,9.75,13.93,14.93,Wood
332904,"W1 METALIA BLACK 1 1/8""",1.125,720472137355,6.28,9.18,10.18,Wood
332905,"W1 METALIA SILVER 1 1/8""",1.125,720472137362,6.28,9.18,10.18,Wood
332906,"W1 METALIA GOLD 1 1/8""",1.125,720472137379,6.28,9.18,10.18,Wood
332907,"W1 METALIA CHAMPAGNE 1 1/8""",1.125,720472137386,6.28,9.18,10.18,Wood
332908,"W1 METALIA BRASS 1 1/8""",1.125,720472137393,6.28,9.18,10.18,Wood
332909,"W1 METALIA II GUNMETAL 1 1/8""",1.125,720472196871,6.01,9.61,10.61,Wood
334082,"W1 SOHO BLK SHT CAP W/BEV 7/8""",0.875,720472134842,3.78,5.15,6.15,Wood
334084,"W1 SOHO BLK W/SIL CAP/BEV 7/8""",0.875,720472134859,3.73,5.05,6.05,Wood
334086,"W1 SOHO BLK W/GLD CAP/BEV 7/8""",0.875,720472134866,3.77,5.05,6.05,Wood
334134,"W1 PETITE TWO TONED SLV 15/16""",0.9375,720472172448,6.34,10.54,11.54,Wood
334916,"W1 PETITE BLK/SLVR 15/16""",0.9375,720472160612,6.23,10.45,11.45,Wood
334917,"W1 PETITE BLK/GOLD 15/16""",0.9375,720472160629,6.23,10.44,11.44,Wood
335554,"W2 FERROSA IRON 1 1/8""",1.125,720472146623,9.63,13.97,14.97,Wood
335556,"W2 FERROSA BRONZE 1 1/8""",1.125,720472146630,9.37,13.6,14.6,Wood
336180,"W2 HUDSON GOLD FLAT 1 1/2""",1.4375,720472172776,5.12,8.72,9.72,Wood
336190,"W2 HUDSON SILVER FLAT 1 1/2""",1.4375,720472172783,4.86,8.32,9.32,Wood
336200,W2 HUDSON II IVORY FLAT 1 1/2,1.5,720472183833,4.67,7.86,8.86,Wood
336210,W2 HUDSON II BLACK FLAT 1 1/2,1.5,720472183840,4.69,7.92,8.92,Wood
336220,W2 HUDSON II BLKGLD FLAT 1 1/2,1.5,720472183857,4.83,8.23,9.23,Wood
337591,"W2 MARAIS EUR GOLD 1""",1,720472146746,5.57,8.36,9.36,Wood
337592,"W2 MARAIS EUR SILVER 1""",1,720472146753,5.57,8.36,9.36,Wood
337593,"W2 MARAIS BLACK SCOOP 1""",1,720472156653,6.3,9.49,10.49,Wood
338120,"W1 DRESDEN BLACK 1 3/8""",1.375,720472163415,7.84,10.93,11.93,Wood
340CB,W2 CLASSIC BLACK 1 1/8,1.125,720472101233,5.38,8.45,9.45,Wood
341482,"W1 JASPER BLACK CAP 1 1/2""",1.5,720472199179,6.58,9.75,10.75,Wood
341484,"W1 JASPER WHITE CAP 1 1/2""",1.5,720472199186,7.53,10.1,11.1,Wood
343804,"W0 GAL1/SILH BLK FLOAT 1 3/4""",1.75,720472159784,5.38,8.84,9.84,Wood
343805,"W0 GALLERY 1 WHT FLOAT 1 3/4""",1.75,720472159791,5.41,8.85,9.85,Wood
344790,"GRAMERCY BLACK FLOAT 1 3/8""",1.75,720472153348,7.54,10.8,11.8,Wood
344791,"GRAMERCY SILVER FLOAT 1 3/8""",1.75,720472153355,7.02,8.44,9.44,Wood
345082,"W2 SOHO BLK ROOF CAP 1 1/8""",1,720472134873,5.92,8.46,9.46,Wood
345086,W2 SOHO BLK/GLD ROOF CAP 1 1/8,1,720472134897,5.78,8.56,9.56,Wood
345790,"W2 GRAMERCY BLACK FLAT 1 1/2""",1.5,720472153362,4.49,6.39,7.39,Wood
345791,"W2 GRAMERCY SILVER FLAT 1 1/2""",1.5,720472153379,4.78,5.46,6.46,Wood
346640,"W2 SEDONA SANDUNE 1 3/8""",1.375,720472126922,6.48,11.16,12.16,Wood
346641,"W2 SEDONA DRIFTWOOD 1 3/8""",1.375,720472126939,6.09,10.48,11.48,Wood
346642,"W2 SEDONA CANYON 1 3/8""",1.375,720472126946,6.13,10.58,11.58,Wood
346790,"W2 GRAMERCY BLACK CUBE 1 5/8""",1.625,720472153386,6.03,9.03,10.03,Wood
346791,"W2 GRAMERCY SILVER CUBE 1 5/8""",1.625,720472153393,4.99,6.94,7.94,Wood
347630,"W2 CONFETTI BLACK 1 3/4""",1.75,720472150545,5.69,8.55,9.55,Wood
347635,"W2 CONFETTI RED 1 3/4""",1.75,720472149945,5.69,8.55,9.55,Wood
347640,"W2 CONFETTI BLUE 1 3/4""",1.75,720472149990,5.69,8.55,9.55,Wood
350285,"W2 TRIBECA REVERSE 1 1/2""",1.4375,720472139755,4.13,7.04,8.04,Wood
350286,"W2 WHITE REVERSE 1 1/2""",1.4375,720472142656,4.52,7.89,8.89,Wood
350790,"W1 LUCERNE ONYX/SILVER 1 1/4""",1.25,720472154505,12.55,17.71,18.71,Wood
350791,"W1 LUCERNE SAGE/SILVER 1 1/4""",1.25,720472154512,12.98,18.32,19.32,Wood
350793,"W1 LUCERNE TOPAZ 1 1/4""",1.25,720472154536,13.42,18.94,19.94,Wood
351800,"W2 BELMONT LT OLIVE CAP 1 1/2""",1.5,720472154642,15.08,20.18,21.18,Wood
351801,"W2 BELMONT MD OLIVE CAP 1 1/2""",1.5,720472154659,15.07,20.17,21.17,Wood
351802,"W2 BELMONT DK OLIVE CAP 1 1/2""",1.5,720472154666,15.07,20.46,21.46,Wood
354301,"W1 BRITTANY CHAR BLACK 1 1/2""",1.5,720472179386,12.91,16.59,17.59,Wood
354302,"W1 BRITTANY SHELL WHITE 1 1/2""",1.5,720472179393,12.86,16.3,17.3,Wood
354304,"W1 BRITTANY SAGE GREEN 1 1/2""",1.5,720472179416,12.58,17.4,18.4,Wood
354706,"W0 OLSEN MAPLE FLOAT 2""",2,720472199797,16.07,22.38,23.38,Wood
354708,"W0 OLSEN OAK FLOAT 2""",2,720472199803,16.07,22.38,23.38,Wood
355904,"W1 METALIA BLACK 2"" FLOAT",2,720472137409,11.13,16.25,17.25,Wood
355905,"W1 METALIA SILVER 2"" FLOAT",2,720472139120,11.13,16.25,17.25,Wood
355906,"W1 METALIA GOLD 2"" FLOAT",2,720472139137,11.13,16.25,17.25,Wood
355907,"W1 METALIA CHAMPAGNE 2"" FLOAT",2,720472139144,11.13,16.25,17.25,Wood
355908,"W1 METALIA BRASS 2"" FLOAT",2,720472139151,11.13,16.25,17.25,Wood
355909,"W0 METALIA II GUNMETAL 2"" FLT",2,720472196888,10.64,17.03,18.03,Wood
356350,"W2 BROOKLYN BLK FLAT 1 3/8""",1.375,720472163194,3.62,6.38,7.38,Wood
356351,"BROOKLYN WHITE FLAT 1 3/8""",1.375,720472197588,3.62,6.38,7.38,Wood
357591,"W2 MARAIS EUR GOLD SCP 1 5/8""",1.625,720472146760,7.59,11.28,12.28,Wood
357592,W2 MARAIS EUR SILVER SCP 1 5/8,1.625,720472146777,7.37,10.95,11.95,Wood
357593,"W2 MARAIS BLACK SCOOP 1 5/8""",1.625,720472156660,8.12,12.15,13.15,Wood
358184,W1 L7 SLVR/WHT 1 1/2 H x 5/8 W,0.6875,720472168731,13.75,16.26,17.26,Wood
358185,W1 L7 GOLD/BLK 1 1/2 H x 5/8 W,0.6875,720472168748,12.71,15.25,16.25,Wood
359240,"W1 LANCASTER GREY REV 1 1/4""",1.25,720472173339,7.3,10.71,11.71,Wood
359260,"W1 LANCASTER BLACK REV 1 1/4""",1.25,720472173353,7.29,10.71,11.71,Wood
360810,"W2 CALAIS GOLD 1 5/8""",1.625,720472156356,8.99,13.65,14.65,Wood
360814,"W2 CALAIS BLACK 1 5/8""",1.625,720472156370,8.86,13.41,14.41,Wood
363101,"W1 CABANA RIVIERA RED 7/8""",0.8125,720472197809,5.78,8.06,9.06,Wood
363102,"W1 CABANA SAILOR WHITE 7/8""",0.8125,720472197816,5.78,8.06,9.06,Wood
363103,"W1 CABANA SEAL BLACK 7/8""",0.8125,720472197823,5.78,8.06,9.06,Wood
363104,"W1 CABANA BEACH PEBBLE 7/8""",0.8125,720472197830,5.78,8.06,9.06,Wood
363105,"W1 CABANA PROVENCE BLUE 7/8""",0.8125,720472197847,5.78,8.06,9.06,Wood
363115,"W1 CABANA GROTTO GREEN 7/8""",0.8125,720472197854,5.78,8.06,9.06,Wood
363116,"W1 CABANA AMALFI GREEN 7/8""",0.8125,720472197861,5.78,8.06,9.06,Wood
363119,"W1 CABANA NAUTICAL NAVY 7/8""",0.8125,720472197878,5.78,8.06,9.06,Wood
363124,"W1 CABANA CABANA BLUE 7/8""",0.8125,720472197885,5.78,8.06,9.06,Wood
363125,"W1 CABANA AUBERGINE 7/8""",0.8125,720472197892,5.78,8.06,9.06,Wood
363176,"W1 CRANBROOK DRK WAL CAP 1""",0.8125,720472167994,11.95,18.26,19.26,Wood
363177,"W1 CRANBROOK NAT MPL CAP 1""",0.8125,720472167970,14.18,21.6,22.6,Wood
363180,"W1 CRANBROOK EBN WAL CAP 1""",0.8125,720472167987,12.44,19,20,Wood
364206,"W2 SHOJI DK WAL LG CUBE 1 1/8""",1.125,720472199612,3.32,4.34,5.34,Wood
364208,"W2 SHOJI EB WAL LG CUBE 1 1/8""",1.125,720472199629,3.32,4.34,5.34,Wood
364706,"W1 OLSEN MAPLE TALL CAP 1""",1,720472199711,6.08,8.47,9.47,Wood
364708,"W1 OLSEN OAK TALL CAP 1""",1,720472199728,6.08,8.47,9.47,Wood
367192,"W1 DOMUS CHMPGN SLANT 1 13/16""",1.75,720472177733,13.87,19.39,20.39,Wood
367194,"W1 DOMUS SLVR SLANT 1 13/16""",1.75,720472177740,11.8,18.08,19.08,Wood
370285,"W2 TRIBECA LG RIBBED 1 5/8""",1.5625,720472139779,4.09,7.01,8.01,Wood
371560,"W2 INTERMEZZO MAHOG 1 1/8""",1,720472180924,11.62,16.14,17.14,Wood
371570,"W2 INTERMEZZO SABLE 1 1/8""",1,720472180931,11.62,16.13,17.13,Wood
372124,"W2 RAVELLO CRSGRN MP FT 1 1/4""",1.25,720472197076,4.01,6.41,7.41,Wood
372125,W2 RAVELLO ELM BURL FLAT 1 1/4,1.25,720472197083,4.01,6.41,7.41,Wood
372126,"W2 RAVELLO DANIELA WAL 1 1/4""",1.25,720472197090,4.01,6.41,7.41,Wood
372127,"W2 RAVELLO POPLAR BURL 1 1/4""",1.25,720472197106,4.01,6.41,7.41,Wood
372128,"W2 RAVELLO BIRDSEYE FT 1 1/4""",1.25,720472197113,4.01,6.41,7.41,Wood
372206,"W2 SHOJI DK WAL CUBE 1 3/16""",1.1875,720472199650,2.73,3.56,4.56,Wood
372208,"W2 SHOJI EB WAL CUBE 1 3/16""",1.1875,720472199667,2.73,3.56,4.56,Wood
372247,"W2 RENZO BLONDE BURL FL 1 1/4""",1.1875,720472197908,9.02,12.55,13.55,Wood
372285,"W2 TRIBECA SMALL CUBE 1 1/4""",1.1875,720472139748,4.22,7.3,8.3,Wood
372286,"W2 WHITE SMALL CUBE 1 1/4""",1.1875,720472142649,4.49,7.79,8.79,Wood
372440,"W2 BAUHAUS II WHT SM FL 1 1/4""",1.1875,720472199070,3.93,4.62,5.62,Wood
372450,"W2 BAUHAUS II BLK SM FL 1 1/4""",1.1875,720472199087,3.81,4.53,5.53,Wood
374234,"W2 MODERNE GOLD SLANT 1 1/4""",1.1875,720472196796,4.95,7.17,8.17,Wood
374236,"W2 MODERNE SILV SLANT 1 1/4""",1.1875,720472196802,4.95,7.17,8.17,Wood
374650,"W2 TATE BLACK CUBE 1 1/4""",1.25,720472181198,4.99,7.18,8.18,Wood
374660,"W2 TATE SILVER CUBE 1 1/4""",1.25,720472181204,4.99,7.18,8.18,Wood
374670,"W2 TATE GOLD CUBE 1 1/4""",1.25,720472182423,6.5,9.04,10.04,Wood
376900,"W2 LISBON AGED HONEY 1 3/4""",1.75,720472158336,17.28,21.49,22.49,Wood
376903,W2 LISBON AGED BLACK REV 1 3/4,1.75,720472158367,17.28,21.48,22.48,Wood
37-781P,"WWOODS FOG GREY BEVEL 5/8""",0.625,720472187725,4.55,6.03,7.03,Wood
37-783P,"WWOODS SANTA CRUZ SEA BVL 5/8""",0.625,720472184519,4.54,6.02,7.02,Wood
37-784P,"WWOODS MONTEREY BAY BLUE 5/8""",0.625,720472187749,4.56,6.04,7.04,Wood
37-785P,"WWOODS TANGERINE BEVEL 5/8""",0.625,720472184526,4.55,6.03,7.03,Wood
37-786P,"WWOODS BEACH BLONDE BEVEL 5/8""",0.625,720472184533,4.54,6.02,7.02,Wood
37-787P,"WWOODS RIVER ROCK TAN BVL 5/8""",0.625,720472184540,4.55,6.03,7.03,Wood
37-788P,"WWOODS BAYOU BROWN BVL 5/8""",0.625,720472187756,4.56,6.04,7.04,Wood
37-789P,"WWOODS YELLOWSTONE BVL 5/8""",0.625,720472187763,4.55,6.02,7.02,Wood
37-790P,"WWOODS COPPER CREEK BVL 5/8""",0.625,720472187770,4.54,6.02,7.02,Wood
37-791P,"WWOODS RED TIDE BEVEL 5/8""",0.625,720472184557,4.54,6.02,7.02,Wood
37-792P,WWOODS PURPLE HYACINTH BVL 5/8,0.625,720472187787,4.55,6.03,7.03,Wood
37-793P,"WWOODS TAHOE BLUE BEVEL 5/8""",0.625,720472184564,4.55,6.03,7.03,Wood
37-794P,"WWOODS AMAZON GREEN BVL 5/8""",0.625,720472184571,4.55,6.03,7.03,Wood
37-795P,"WWOODS BLACK WATER BVL 5/8""",0.625,720472184588,4.55,6.03,7.03,Wood
37-796P,"WWOODS DRIFTWOOD GREY BVL 5/8""",0.625,720472184595,4.55,6.02,7.02,Wood
379240,"W2 LANCASTER GREY FLAT 1 3/4""",1.75,720472173360,7.54,11.42,12.42,Wood
379250,"W2 LANCASTER TAN FLAT 1 3/4""",1.75,720472173377,7.54,11.42,12.42,Wood
379260,"W2 LANCASTER BLACK FLAT 1 3/4""",1.75,720472173384,7.54,11.59,12.59,Wood
381310,W1 HOMESTEAD SM BLK CUBE 1 1/4,1.25,720472180696,6.69,11.95,12.95,Wood
382285,"W2 TRIBECA LARGE CUBE 1 5/8""",1.625,720472139762,4.83,8.42,9.42,Wood
382286,"TRIBECA WHT LG CUBE 1 5/8""",1.625,720472197595,4.83,8.42,9.42,Wood
382310,W1 HOMESTEAD REVERSE BLK 1 1/2,1.5,720472180726,6.83,12.04,13.04,Wood
382440,"W2 BAUHAUS II WHT LG FL 1 5/8""",1.625,720472199094,5.92,6.76,7.76,Wood
382450,"W2 BAUHAUS II BLK LG FL 1 5/8""",1.625,720472199100,5.57,6.35,7.35,Wood
384605,"W2 AXEL ANT CHESTNUT 1 1/2""",1.5,720472181334,15.2,22.34,23.34,Wood
384610,"W2 AXEL SMOKED TIMBER 1 1/2""",1.5,720472181341,15.2,22.59,23.59,Wood
385403,"W0 WHITMAN BLACK CAP 1 3/16""",1.1875,720472181532,12.42,18.15,19.15,Wood
385405,"W0 WHITMAN TORTOISE 1 3/16""",1.1875,720472181549,12.42,18.15,19.15,Wood
386350,"W2 BROOKLYN BLK CAP 1 1/2""",1.5,720472163217,5.05,6.8,7.8,Wood
388630,"W2 DEVON BLACK SCOOP 1 9/16""",1.5625,720472180511,13.18,16.88,17.88,Wood
388640,"W2 DEVON WALNUT SCOOP 1 9/16""",1.5625,720472180528,13.17,16.87,16.87,Wood
388650,"W2 DEVON GRAY SCOOP 1 9/16""",1.5625,720472180535,11.45,16.88,17.88,Wood
389403,"W2 WHITMAN BLACK FLAT 1 3/16""",1.1875,720472181556,7.73,11.74,12.74,Wood
389405,"W2 WHITMAN TORTOISE 1 3/16""",1.1875,720472181563,7.22,10.97,11.97,Wood
390285,"W2 TRIBECA TRAD W/BEAD 1 9/16""",1.5625,720472139786,4.3,7.37,8.37,Wood
390286,"W2 WHITE TRAD W/BEAD 1 9/16""",1.5625,720472142663,4.83,8.32,9.32,Wood
391320,"W2 HARLOW FLAT MIRROR 1 9/16""",1.5625,720472180863,10.84,15.28,16.28,Wood
392320,"W2 HARLOW SCOOP MIRROR 1 9/16""",1.5625,720472180870,12.93,18.21,19.21,Wood
395252,"W2 FERROSA PEWTER 1 1/2""",1.4375,720472138949,10.03,15.96,16.96,Wood
395254,"W2 FERROSA IRON 1 1/2""",1.4375,720472138956,11.16,16.21,17.21,Wood
395556,"W2 FERROSA BRONZE 1 1/2""",1.4375,720472146586,11.76,17.03,18.03,Wood
396350,"W2 BROOKLYN BLK FLAT 2""",2,720472163224,5.55,8.51,9.51,Wood
399403,"W2 WHITMAN BLACK SCP 1 1/2""",1.5,720472181570,8.25,11.48,12.48,Wood
399405,"W2 WHITMAN TORTOISE 1 1/2""",1.5,720472181587,8.25,11.48,12.48,Wood
400350,"W1 BRIMFIELD SCP BLACK  1 5/8""",1.625,720472190909,12.95,16.67,17.67,Wood
400360,"W1 BRIMFIELD SCP WHITE  1 5/8""",1.625,720472190916,12.48,16.04,17.04,Wood
400750,"W1 SOFIA BRONZE SCALLOP 1 5/8""",1.625,720472154901,12.7,18.35,19.35,Wood
400751,"W1 SOFIA GOLD SCALLOP 1 5/8""",1.625,720472154857,12.01,17.38,18.38,Wood
400752,"W1 SOFIA IRON SCALLOP 1 5/8""",1.625,720472154802,12.45,18.03,19.03,Wood
400CB,W2 CLASSIC BLACK 1 1/2,1.5625,720472101820,6.51,10.46,11.46,Wood
401240,"W2 KOMODO RED FLOAT 2 11/16""",2.6875,720472182638,13.22,20.01,21.01,Wood
403235,"W2 ACADEMIE GOLD 1 1/4""",1.1875,720472139298,5.34,8.19,9.19,Wood
403237,"W2 ACADEMIE SILVER 1 1/4""",1.1875,720472139304,5.34,8.19,9.19,Wood
403239,"W2 ACADEMIE BLK W/GOLD  1 1/4""",1.1875,720472139311,5.36,8.22,9.22,Wood
405482,"W2 JASPER BLACK FLAT 2""",2,720472199193,4.11,5.8,6.8,Wood
405484,"W2 JASPER WHITE FLAT 2""",2,720472199209,4.34,6.15,7.15,Wood
406350,"W2 BROOKLYN BLK CASSETTA 2""",2,720472163231,5.85,9.07,10.07,Wood
406361,"W2 ANTICA CHESTNUT 1 3/16""",1.125,720472141215,10.83,22.58,23.58,Wood
406362,"W2 ANTICA CHARCOAL 1 3/16""",1.125,720472141222,10.83,22.37,23.37,Wood
406CG,"W2 CLASSIC GOLD 1 1/8""",1.125,720472101875,6.58,10.62,11.62,Wood
406CS,"W2 CLASSIC SILVER 1 1/8""",1.125,720472101882,6.58,10.62,11.62,Wood
408602,"W2 WALNUT BURL/REV 1 1/4""",1.25,720472126441,12.43,19.39,20.39,Wood
411431,"W2 ZEN TAUPE 1 1/4""",1.375,720472143707,10.98,16.28,17.28,Wood
411433,"W2 ZEN DK SILVER 1 1/4""",1.375,720472143721,10.51,15.57,16.57,Wood
411434,"W2 ZEN BLACK 1 1/4""",1.375,720472143738,10.66,15.77,16.77,Wood
413674,"W2 CRANBROOK EBONIZED 1 5/8""",1.625,720472150644,9.47,15.12,16.12,Wood
413675,W2 CRANBROOK NATURAL WAL 1 5/8,1.625,720472150651,9.76,16.14,17.14,Wood
413676,W2 CRANBROOK DARK WALNUT 1 5/8,1.625,720472150668,9.57,15.83,16.83,Wood
413677,"W2 CRANBROOK NAT MAPLE 1 5/8""",1.625,720472150675,8.8,14.74,15.74,Wood
414410,"W2 DILLON WALNUT CAP 1 1/2""",1.5,720472179225,13.46,19.31,20.31,Wood
414430,"W2 DILLON GREY CAP 1 1/2""",1.5,720472179249,13.46,19.45,20.45,Wood
415352,"W2 BARRINGTON DK.CHERRY 1 1/4""",1.25,720472140799,9.92,15.88,16.88,Wood
415BL,W2 RF/BLACK 1 1/4,1.25,720472119467,3.99,5.65,6.65,Wood
416276,"W0 MILO MAPLE TALL CAP 3/4""",0.75,720472199476,6.51,8.51,9.51,Wood
416277,"W0 MILO WALNUT TALL CAP 3/4""",0.75,720472199513,6.51,8.51,9.51,Wood
416278,W0 MILO CERUSED OAK TL CAP 3/4,0.75,720472199551,6.08,7.95,8.95,Wood
417317,W2 DRAYTON BLK&GLD SCOOP 1 3/4,1.6875,720472194266,6.31,9.14,10.14,Wood
4181,"ARQADIA SILVER 1 9/16""",1.5625,720472151580,3.13,0,0,Wood
418146,"W2 KYOTO BLACK 1 3/8""",1.375,720472139199,12.04,17.59,18.59,Wood
418147,"W2 KYOTO NATURAL 1 3/8""",1.375,720472139205,12.04,17.59,18.59,Wood
418148,"W2 KYOTO GREY 1 3/8""",1.375,720472139212,12.04,17.59,18.59,Wood
420660,"W1 MANTILLA SMALL GOLD 1 3/4""",1.75,720472150460,10.19,14.13,15.13,Wood
420661,"W1 MANTILLA SMALL BLACK 1 3/4""",1.75,720472150477,10.49,14.55,15.55,Wood
420662,"W1 MANTILLA SMALL SILVR 1 3/4""",1.75,720472150484,10.56,14.63,15.63,Wood
423960,"W2 FLAX OYSTER LINER 1 1/4""",1.1875,720472159920,3.28,6.76,7.76,Liner
423962,"W2 FLAX SAND LINER 1 1/4""",1.1875,720472159937,3.32,6.86,7.86,Liner
423966,"W2 FLAX BLACK LINER 1 1/4""",1.1875,720472159951,3.3,6.8,7.8,Liner
429292,W2 WINDERMERE MAH/CHERRY 1 1/8,1.1875,720472139847,4.91,7.94,8.94,Wood
431431,"W2 ZEN TAUPE 1 3/8""",1.375,720472143752,15.91,26.01,27.01,Wood
431432,"W2 ZEN GOLD 1 3/8""",1.375,720472143769,17.37,25.91,26.91,Wood
431434,"W2 ZEN BLACK 1 3/8""",1.375,720472143783,18.18,27.11,28.11,Wood
432900,"W1 FOUNDRY FLAT BRASS 1 3/4""",1.75,720472179768,11.21,15.78,16.78,Wood
432902,"W1 FOUNDRY FLAT IRON 1 3/4""",1.75,720472179775,11.58,16.3,17.3,Wood
433082,"W2 SOHO BLK TALL CAP 1 3/4""",1.6875,720472134903,10.98,15.13,16.13,Wood
433084,"W2 SOHO BLK WSIL TCAP 1 3/4""",1.6875,720472134910,9.59,14.54,15.54,Wood
434110,"W2 CR2 SILVER CUBE 1 1/4""",1.25,720472182300,10.73,15.73,16.73,Wood
435500,"W2 ALTO BLK FLAT 1 5/16""",1.3125,720472184267,4.14,7.06,8.06,Wood
435510,"W2 ALTO WHT FLAT 1 5/16""",1.3125,720472184311,4.14,7.06,8.06,Wood
436350,"W2 BROOKLYN BLK SLANT 1 5/8""",1.625,720472163262,4.21,6.38,7.38,Wood
437500,"W1 ALTO BLK LG CUBE 1 3/16""",1.1875,720472184274,4.14,7.58,8.58,Wood
437510,"W1 ALTO WHT LG CUBE 1 3/16""",1.1875,720472184328,4.14,7.58,8.58,Wood
438120,"W2 DRESDEN BLACK 2""",2,720472163422,11.8,15.8,16.8,Wood
439082,"W2 SOHO BLK PYRAMID W/BEV 2""",2.0625,720472134934,8.72,11.97,12.97,Wood
441077,"W2 PRAGUE BAROQUE SLVR REV 2""",2.0625,720472134743,13.82,23.86,24.86,Wood
442650,"W0 TATE BLACK FLOAT 1 3/4""",1.75,720472181297,9.29,12.15,13.15,Wood
442670,"W0 TATE GOLD FLOAT 1 3/4""",1.75,720472182447,8.9,11.59,12.59,Wood
443960,"W1 FLAX OYSTER LINER 2""",2,720472159968,4.69,9.56,10.56,Liner
443962,"W1 FLAX SAND LINER 2""",2,720472159975,4.39,8.96,9.96,Liner
444110,"W2 CR2 SILVER PYRAMID 1 5/8""",1.625,720472182317,9.34,14.36,15.36,Wood
445482,"W2 JASPER BLACK FLAT 2 1/2""",2.5,720472199216,4.2,5.94,6.94,Wood
445484,"W2 JASPER WHITE FLAT 2 1/2""",2.5,720472199223,4.84,6.25,7.25,Wood
446317,W2 DRAYTON BLK&GLD PANEL 2 1/8,2.125,720472194273,7.26,10.52,11.52,Wood
449350,"W2 BARRINGTON LT.CHERRY 1 3/4""",1.75,720472140867,9.89,15.69,16.69,Wood
452100,"W2 CARBON 1 1/2"" CUBE BLACK",1.5,720472193337,12.41,14.55,15.55,Wood
453250,W2 ANDOVER FLAT BLACK 1 1/2,1.5,720472183079,6.39,8.33,9.33,Wood
453260,W2 ANDOVER FLAT WHITE 1 1/2,1.5,720472183086,6.39,8.33,9.33,Wood
453270,W2 ANDOVER FLAT SILVER 1 1/2,1.5,720472183093,5.56,8.33,9.33,Wood
454301,W2 BRITTANY CHAR BLACK 1 1/16,1.0625,720472179423,14.7,18.9,19.9,Wood
458184,W1 L7 SLVR/WHT 1 7/8 H x 3/4 W,0.8125,720472168762,14.84,17.06,18.06,Wood
458185,W1 L7 GOLD/BLK 1 7/8 H x 3/4 W,0.8125,720472168779,13.57,16.03,17.03,Wood
459500,"W2 ALTO BLK FLAT 1 15/16""",1.9375,720472184298,4.78,8.9,9.9,Wood
459510,"W2 ALTO WHT FLat 1 15/16""",1.9375,720472184342,4.37,8.9,9.9,Wood
460620,"W2 ANVIL II FLOAT 1 7/8"" AGDST",1.875,720472182508,17.83,25.43,26.43,Wood
461912,"W2 CHATEAU LOUIS XVI 2""(RIBB)",2,720472131957,25.12,32.01,33.01,Wood
462620,W2 ANVIL II CUBE 1 9/16 AGDSTL,1.5625,720472182515,14.27,18.81,19.81,Wood
463110,"W2 BRIGHTON RND WAL 1 1/16""",1.0625,720472183482,3.83,5.68,6.68,Wood
463120,W2 BRIGHTON RND MAH  1 1/16,1.0625,720472183574,3.63,5.39,6.39,Wood
463130,"W2 BRIGHTON RND ESP  1 1/16""",1.0625,720472183666,3.83,5.68,6.68,Wood
465110,"W1 BRIGHTON SM SCO WAL 1 3/16""",1.1875,720472183451,3.68,5.63,6.63,Wood
465120,W1 BRIGHTON SM SCP MAH 1 3/16,1.1875,720472183543,3.98,6.08,7.08,Wood
465130,"W1 BRIGHTON SCP ESP SM 1 3/16""",1.1875,720472183635,3.74,5.72,6.72,Wood
468120,"W2 DRESDEN BLK/SLVR 1 9/16""",1.5625,720472163439,11.25,15.27,16.27,Wood
470270,W2 ANDOVER MD DOMESLVR 1 11/16,1.6875,720472183048,7.87,9.94,10.94,Wood
470280,W2 ANDOVER MD DOME GLD 1 11/16,1.6875,720472183055,7.88,10.26,11.26,Wood
470290,W2 ANDOVER MD DME SUED 1 11/16,1.6875,720472183062,7.88,9.8,10.8,Wood
471550,"W2 INTERMEZZO UMBER 1 3/4""",1.5625,720472180948,14.26,19.79,20.79,Wood
471560,"W2 INTERMEZZO MAHOG 1 3/4""",1.5625,720472180955,14.27,19.8,20.8,Wood
471570,"W2 INTERMEZZO SABLE 1 3/4""",1.5625,720472180962,14.27,19.79,20.79,Wood
471912,"W2 CHATEAU LOUIS XV 2""",2,720472131964,22.52,29.41,30.41,Wood
472110,"W2 BRIGHTON PRY WAL 1 1/2""",1.5,720472183499,3.96,5.9,6.9,Wood
472120,"W2 BRIGHTON PRY MAH  1 1/2""",1.5,720472183581,3.83,5.71,6.71,Wood
472130,"W2 BRIGHTON PRY ESP  1 1/2 """,1.5,720472183673,3.9,5.81,6.81,Wood
473110,"W2 BRIGHTON BEAD WAL 1 9/16""",1.5625,720472183475,3.89,5.81,6.81,Wood
473120,W2 BRIGHTON BEADED MAH 1 9/16,1.5625,720472183567,4.09,6.12,7.12,Wood
473130,W2 BRIGHTON BEADED ESP 1 9/16,1.5625,720472183659,4.09,6.12,7.12,Wood
474110,"W2 CR2 SILVER FLAT  2""",2,720472182324,10.55,15.44,16.44,Wood
475110,W2 BRIGHTON REV WAL 1 11/16,1.6875,720472183505,3.92,5.86,6.86,Wood
475120,"W2 BRIGHTON REV MAH  1 11/16""",1.6875,720472183598,3.96,5.9,6.9,Wood
475130,"W2 BRIGHTON REV ESP 1 11/16""",1.6875,720472183680,4.09,6.1,7.1,Wood
476350,"W2 BROOKLYN BLK SLOPE 2""",2,720472163200,4.84,7.95,8.95,Wood
477593,"W2 MARAIS BLACK SCOOP 1 1/2""",1.5,720472156684,6.19,9.15,10.15,Wood
479110,"W1 BRIGHTON LIP SCOOP 1 13/16""",1.8125,720472183444,4.2,6.18,7.18,Wood
479120,"W1 BRIGHTON SCP MAH 1 13/16""",1.8125,720472183536,4.2,6.18,7.18,Wood
479130,"W1 BRIGHTON SCP ESP 1 13/16""",1.8125,720472183628,4.2,6.18,7.18,Wood
480455,W2 LILLE SMALL SCP 1 11/16 GLD,1.625,720472183383,11.33,15.49,16.49,Wood
480460,W2 LILLE SMALL SCP 1 11/16 BRZ,1.625,720472183291,11.24,15.39,16.39,Wood
480465,W2 LILLE SMALL SCP 1 11/16 SLV,1.625,720472183307,11.57,15.82,16.82,Wood
480470,W2 LILLE SMALL SCP 1 11/16 PWT,1.625,720472183314,11.2,15.34,16.34,Wood
482310,W1 HOMESTEAD SCOOP BLK 1 15/16,1.9375,720472180788,7.93,15.33,16.33,Wood
484110,"W0 CR2 SILVER FLOAT 1 3/4""",1.75,720472182331,11.71,17,18,Wood
485110,"W2 BRIGHTON LG SCOOP WAL 2""",2,720472183468,5.09,7.16,8.16,Wood
485120,"W2 BRIGHTON LG SCP MAH 2 """,2,720472183550,5.09,7.16,8.16,Wood
485130,"W2 BRIGHTON LG SCP ESP 2""",2,720472183642,4.97,6.98,7.98,Wood
486180,"W2 HUDSON GOLD SCOOP 1 9/16""",1.5625,720472172738,7.04,10.53,11.53,Wood
486190,"W2 HUDSON SILVER SCP 1 9/16""",1.5625,720472172745,6.84,10.48,11.48,Wood
486200,W2 HUDSON II IVORY SCP 1 9/16,1.5625,720472183864,6.6,10.23,11.23,Wood
486220,W2 HUDSONII BKGDSC 1 9/16,1.5625,720472183871,6.98,10.21,11.21,Wood
487BDG,W2 487BDG 1 1/4,#VALUE!,720472102681,6.91,10.58,11.58,Wood
488150,"W2 SPENCER GOLD CUBE   1 1/4 """,1.25,720472184137,5.29,7.27,8.27,Wood
488151,"W2 SPENCER SIL/BRN CUBE 1 1/4""",1.25,720472184144,5.3,7.28,8.28,Wood
488152,"W2 SPENCER SIL/BLK CUBE 1 1/4""",1.25,720472184151,5.18,7.1,8.1,Wood
488153,"W2 SPENCER II SIL CUBE 1 1/4""",1.25,720472198905,6.01,8.18,9.18,Wood
488154,"W2 SPENCER II GOLD CUBE 1 1/4""",1.25,720472198974,6.01,8.18,9.18,Wood
489500,"W2 FINN FLAT 1 3/4"" BLACK",1.75,720472193559,6.73,10.43,11.43,Wood
489510,"W2 FINN FLAT 1 3/4"" NATURAL",1.75,720472193566,6.74,10.43,11.43,Wood
492150,"W1 SPENCER GLD FLOAT  1 15/16""",1.9375,720472184168,8.12,11.1,12.1,Wood
492151,WO SPENCER SIL/BRN FLO 1 15/16,1.9375,720472184175,8.12,11.1,12.1,Wood
492152,W1 SPENCER SIL/BLK FLO 1 15/16,1.9375,720472184182,8.12,11.1,12.1,Wood
492153,W1 SPENCER II SIL FLO 1 15/16,1.9375,720472198912,8.15,11.09,12.09,Wood
492154,"WO SPENCER II GLD FLO 1 15/16""",1.9375,720472198981,8.15,11.09,12.09,Wood
492G,W2 GOLD 1 1/2,1.5,720472102742,8.77,14.2,15.2,Wood
493200,"W1 SALON SM CAP GOLD 1 3/16""",1.1875,720472191043,5.87,8.02,9.02,Wood
493225,"W1 SALON SM CAP SILVER 1 3/16""",1.1875,720472191050,5.83,7.97,8.97,Wood
493615,"W2 EASTLAKE BLACK 1 5/8""",1.625,720472128230,3.9,5.73,6.73,Wood
494100,"W2 SPOLETO REVERSE SILVER 2""",2,720472191432,13.08,19.94,20.94,Wood
494110,"W2 SPOLETO REVERSE PEWTER 2""",2,720472191449,13.02,19.79,20.79,Wood
494130,"W2 SPOLETO REVERSE BRONZE 2""",2,720472191456,13.11,19.97,20.97,Wood
496200,"W1 SALON SM EMB GOLD 1 5 /16""",1.3125,720472191067,6.28,8.59,9.59,Wood
496225,"W1 SALON SM EMB SILVER 1 5/16""",1.3125,720472191074,6.36,8.69,9.69,Wood
497150,"W2 SPENCER GOLD FLAT 1 15/16""",1.9375,720472184229,6.36,8.69,9.69,Wood
497152,"W2 SPENCER SIL/BLK   1 15/16""",1.9375,720472184243,5.76,8.32,9.32,Wood
497153,"W2 SPENCER II SIL CAP 1 15/16""",1.9375,720472198929,6.19,8.42,9.42,Wood
497154,W2 SPENCER II GLD FLAT 1 15/16,1.9375,720472198998,6.19,8.42,9.42,Wood
500CG,W2 CLASSIC GOLD 2,2,720472102827,8.95,14.22,15.22,Wood
500CS,W2 CLASSIC SILVER 2,2,720472102834,8.95,14.22,15.22,Wood
501-100M,"NATURAL MAPLE 5/8""",0.625,720472184601,8.05,10.47,11.47,Wood
501-555X,"STEAMPUNK STEEL 5/8""",0.625,720472187244,9.56,12.49,13.49,Wood
502530,W2 TUSCANY IT DRK WAL TRAD REV,1.9375,720472145107,8.07,12.23,13.23,Wood
508200,"W2 SALON LG CAP GOLD    1 3/4""",1.875,720472191081,8.31,11.38,12.38,Wood
509706,"W2 OLSEN MAPLE FLAT 2""",1.875,720472199759,7.16,9.98,10.98,Wood
509708,"W2 OLSEN OAK FLAT 2""",1.875,720472199766,7.16,9.98,10.98,Wood
510BL,W1 RF/BLACK 7/8,0.8125,720472119481,5.84,9.32,10.32,Wood
511124,"W0 RAVELLO CRSGRN MP FL 2 1/4""",2.25,720472197120,6.96,11.14,12.14,Wood
511125,"W0 RAVELLO ELM BURL FLO 2 1/4""",2.25,720472197922,6.96,11.14,12.14,Wood
511126,W0 RAVELLO DANIELA WL FL 2 1/4,2.25,720472197939,6.96,11.14,12.14,Wood
511127,"W0 RAVELLO POPLAR BURL 2 1/4""",2.25,720472197946,6.96,11.14,12.14,Wood
511128,"W0 RAVELLO BIRDSEYE MP 2 1/4""",2.25,720472198011,6.96,11.14,12.14,Wood
512500,"W0 FINN FLOAT 1 3/4"" BLACK",1.75,720472193597,13.52,13.52,14.52,Wood
512510,"W0 FINN FLOAT 1 3/4"" NATURAL",1.75,720472193603,9.55,13.5,14.5,Wood
512520,"W0 FINN FLOAT 1 3/4"" ESPRESSO",1.75,720472193610,9.5,13.44,14.44,Wood
513200,"W2 SALON SM PANEL GOLD  2 """,2,720472191104,7.56,10.36,11.36,Wood
513225,"W2 SALON SMALL PANEL SILVER 2""",2,720472191111,8.02,10.97,11.97,Wood
516250,W0 ANDOVER SM FLOAT BLK 1 9/16,1.5625,720472191265,10.38,13.49,14.49,Wood
516270,W0 ANDOVER SM FLOAT SIL 1 9/16,1.5625,720472191272,10.45,13.49,14.49,Wood
516280,W0 ANDOVER SM FLOAT GLD 1 9/16,1.5625,720472191289,10.48,13.49,14.49,Wood
516290,W0 ANDOVER SM FLOAT SUD 1 9/16,1.5625,720472191296,10.49,13.49,14.49,Wood
517250,"W0 ANDOVER LG FLOAT BLK 2 1/4""",2.25,720472191302,13.74,16.86,17.86,Wood
517270,"W0 ANDOVER LG FLOAT SIL 2 1/4""",2.25,720472191319,13.77,16.86,17.86,Wood
517280,"W0 ANDOVER LG FLOAT GLD 2 1/4""",2.25,720472191326,13.77,16.86,17.86,Wood
519-500P,"MULTI-FLOAT SATIN BLK STEP 2""",1,720472187893,10,13.36,14.36,Wood
520750,"W2 SOFIA BRZ ORNATE REV 2 1/2""",2.5,720472154918,18.75,25.82,26.82,Wood
520751,"W2 SOFIA GLD ORNATE REV 2 1/2""",2.5,720472154864,18.89,26.02,27.02,Wood
520752,"W2 SOFIA IRN ORNATE REV 2 1/2""",2.5,720472154819,18.84,24.58,25.58,Wood
521720,"W2 VERMONT BRICK RED 2 1/4""",2.25,720472154314,11.41,18.16,19.16,Wood
521726,"W2 VERMONT OAT 2 1/4""",2.25,720472154376,11.4,18.13,19.13,Wood
524940,"W2 GALLERY 1 BLK FLOAT 2 3/4""",2.75,720472159821,9.6,13.45,14.45,Wood
524941,"W2 GALLERY 1 WHT FLOAT 2 3/4""",2.75,720472159838,9.71,13.6,14.6,Wood
525552,"W2 FERROSA PEWTER 1 5/8""",1.5625,720472146647,13.58,19.89,20.89,Wood
525554,"W2 FERROSA IRON 1 5/8""",1.5625,720472146654,11.71,18.76,19.76,Wood
525556,"W2 FERROSA BRONZE 1 5/8""",1.5625,720472146661,13.46,19.71,20.71,Wood
530650,"W2 TATE BLACK FLAT 2 1/4""",2.25,720472181235,5.9,8.43,9.43,Wood
530660,"W2 TATE SILVER FLAT 2 1/4""",2.25,720472181242,6.74,9.14,10.14,Wood
530670,"W2 TATE GOLD FLAT 2 1/4""",2.25,720472182454,7.27,11.37,12.37,Wood
531610,W0 AXEL SMOKED TIMBER FLOAT,2.5625,720472181365,22.66,32,33,Wood
532530,W2 TUSCANY IT DRK FLAT PANEL,2.75,720472145121,9.95,15.87,16.87,Wood
533276,"W2 MILO MAPLE FLAT 1 1/4""",1.25,720472199483,5.16,6.74,7.74,Wood
533277,"W2 MILO WALNUT FLAT 1 1/4""",1.25,720472199520,5.16,6.74,7.74,Wood
533278,W2 MILO CERUSED OAK FLAT 1 1/4,1.25,720472199568,4.86,6.35,7.35,Wood
533516,"W2 ANSLEY CHERRY 1 1/4""",1.25,720472144520,4.96,7.57,8.57,Wood
533517,"W2 ANSLEY COFFEE 1 1/4""",1.25,720472144537,5.11,7.8,8.8,Wood
533519,"W2 ANSLEY MAHOGANY 1 1/4""",1.25,720472144551,4.91,7.52,8.52,Wood
533526,"W2 ANSLEY BLACK 1 1/4""",1.25,720472180061,4.69,7.16,8.16,Wood
538120,"W2 DRESDEN BLK/SLVR 2 15/16""",2.9375,720472163446,22.38,28.25,29.25,Wood
540950,W2 CEZANNE SLV CASSETA 2 15/16,2.9375,720472160124,36.58,39.9,40.9,Wood
542285,"W1 TRIBECA TRAD W/SQ TRI 2""",2,720472139793,4.67,8.21,9.21,Wood
543960,"W2 FLAX OYSTER LINER 2 1/2""",2.5,720472160001,6.21,12.67,13.67,Liner
543964,"W2 FLAX PEBBLE LINER 2 1/2""",2.5,720472160025,4.78,10.68,11.68,Liner
546100,"W1 PANZANO SM FLAT PEAT 1 1/4""",1.25,720472191524,10.68,14.07,15.07,Wood
546200,"W1 PANZANO SM BEECHNUT  1 1/4""",1.25,720472191531,9.8,12.64,13.64,Wood
549670,"W2 TATE GOLD SLANT 3""",3,720472182478,9.1,14,15,Wood
550285,"W2 TRIBECA WIDE FLAT 2 1/4""",2.25,720472139809,3.9,6.68,7.68,Wood
550286,"W2 WHITE WIDE FLAT 2 1/4""",2.25,720472142670,4.05,6.95,7.95,Wood
550350,"W2 BRIMFIELD MED BLK    2 1/2""",2.5625,720472190930,13.82,17.07,18.07,Wood
550360,"W2 BRIMFIELD MED WHT    2 1/2""",2.5625,720472190947,13.86,17.12,18.12,Wood
551800,"W2 BELMONT LT OLIVE SCP 2 1/2""",2.5,720472154673,20.55,29.38,30.38,Wood
551801,"W2 BELMONT MD OLIVE SCP 2 1/2""",2.5,720472154680,20.53,29.38,30.38,Wood
551802,"W2 BELMONT DK OLIVE SCP 2 1/2""",2.5,720472154697,20.53,29.35,30.35,Wood
552100,W1 PANZANO SM SCOOP PEAT 1 1/2,1.5625,720472191500,13.63,17.46,18.46,Wood
552200,"W1 PANZANO SM  BEECHNUT 1 1/2""",1.5625,720472191517,13.62,17.44,18.44,Wood
552285,"W2 TRIBECA REV W/RIDGES 2 5/8""",2.5,720472139816,5.2,9.1,10.1,Wood
553440,"W2 BAUHAUS II WHT WD FL 2""",2,720472199117,7.31,8.36,9.36,Wood
553450,"W2 BAUHAUS II BLK WD FL 2""",2,720472199124,7.05,8.19,9.19,Wood
557591,"W2 MARAIS EUR GOLD TRAD 2""",2,720472146807,10.73,16.01,17.01,Wood
557592,"W2 MARAIS EUR SILV TRAD 2""",2,720472146814,9.33,15.25,16.25,Wood
557593,"W2 MARAIS BLACK TRAD 2""",2,720472156691,11.81,17.61,18.61,Wood
563705,"W2 LINEA GRAPHITE CUBE 1 3/4""",1.75,720472182393,6.68,10.12,11.12,Wood
564100,"W1 HAVANA FLAT 1 3/16"" TOFFEE",1.125,720472191678,5.61,8.41,9.41,Wood
564200,"W1 HAVANA FLAT 1 3/16"" COCOA",1.125,720472191685,5.42,8.1,9.1,Wood
565403,"W2 WHITMAN BLACK FLAT 2 3/8""",2.375,720472181594,9.82,13.19,14.19,Wood
565405,"W2 WHITMAN TORTOISE 2 3/8""",2.375,720472181600,9.67,13.19,14.19,Wood
567100,"W1 HAVANA CAP 1 1/4"" TOFFEE",1.25,720472191692,7.11,10.69,11.69,Wood
567200,"W1 HAVANA CAP 1 1/4"" COCOA",1.25,720472191708,7.15,10.76,11.76,Wood
569240,W2 LANCASTER GREY FLAT 2 11/16,2.6875,720472173391,11.67,17.34,18.34,Wood
569260,"W2 LANCASTER BLK FLAT 2 11/16""",2.6875,720472173414,11.66,17.33,18.33,Wood
571550,"W2 INTERMEZZO UMBER 2 1/2""",2.5,720472180979,19.83,28.22,29.22,Wood
571560,"W2 INTERMEZZO MAHOG 2 1/2""",2.5,720472180986,19.8,27.96,28.96,Wood
571570,"W2 INTERMEZZO SABLE 2 1/2""",2.5,720472180993,19.81,27.98,28.98,Wood
572620,W2 ANVIL II FLAT 2 11/16 AGDST,2.5,720472182522,18.7,26.11,27.11,Wood
573235,"W2 ACADEMIE GOLD 2 1/8""",2.0625,720472139328,8.75,13.25,14.25,Wood
573237,"W2 ACADEMIE SILVER 2 1/8""",2.0625,720472139335,8.95,13.55,14.55,Wood
573239,"W2 ACADEMIE BLK W/GOLD 2 1/8""",2.0625,720472139342,8.75,13.24,14.24,Wood
573250,W2 ANDOVER LG DOME BLK 2 11/16,2.6875,720472182973,11.37,14.47,15.47,Wood
573260,W2 ANDOVER LG DOME WHT 2 11/16,2.6875,720472182980,11.11,14.47,15.47,Wood
573270,W2 ANDOVER LGDOME SLVR 2 11/16,2.6875,720472182997,11.6,14.47,15.47,Wood
573280,W2 ANDOVER LG DOME GLD 2 11/16,2.6875,720472183000,11.62,14.47,15.47,Wood
573290,W2 ANDOVER LGDOME SUED 2 11/16,2.6875,720472183017,11.6,14.47,15.47,Wood
574150,WO  SPENCER GOLD FLOAT  2 1/8,2.125,720472184199,8.4,11.25,12.25,Wood
574151,WO SPENCER SIL/BRN FLO 2 1/8,2.125,720472184205,8.3,11.14,12.14,Wood
574152,WO  SPENCER SIL/BLK FLO 2 1/8,2.125,720472184212,8.3,11.11,12.11,Wood
574153,"WO SPENCER II SIL FLO 2 1/8""",2.125,720472198936,9.19,12.51,13.51,Wood
574154,"WO SPENCER II GLD FLOAT 2 1/8""",2.125,720472199001,9.19,12.51,13.51,Wood
575252,"W2 FERROSA PEWTER 2 1/4""",2.1875,720472138963,15.32,22.62,23.62,Wood
575254,"W2 FERROSA IRON 2 1/4""",2.1875,720472138970,12.68,20.51,21.51,Wood
575556,"W2 FERROSA BRONZE 2 1/4""",2.1875,720472146593,15.11,22.33,23.33,Wood
576100,"W2 HAVANA FLAT 2"" TOFFEE",1.9375,720472191715,7.05,10.59,11.59,Wood
576200,"W2 HAVANA FLAT 2"" COCOA",1.9375,720472191722,7.13,10.73,11.73,Wood
577100,"H4 Float 1 5/8"" Nat",1.625,720472191937,15.92,22.11,23.11,Wood
577200,"H4 Float 1 5/8"" Wal",1.625,720472191944,13.78,20.76,21.76,Wood
579100,"W2 EIFFEL 1 1/4"" CAP SILVER",1.25,720472193399,11.1,15.59,16.59,Wood
579110,"W2 EIFFEL 1 1/4"" CAP PEWTER",1.25,720472193405,11.16,15.68,16.68,Wood
579120,"W2 EIFFEL 1 1/4"" CAP GOLD",1.25,720472193412,10.84,15.24,16.24,Wood
579130,"W2 EIFFEL 1 1/4"" CAP BRONZE",1.25,720472193429,11.11,15.59,16.59,Wood
580455,W2 LILLE MED SCP 2 3/8 GLD,2.3125,720472183390,14.94,20.44,21.44,Wood
580465,W2 LILLE MED SCP 2 3/8 SILVER,2.3125,720472183338,15.66,21.45,22.45,Wood
580470,W2 LILLE MED SCP 2 3/8 PEWTER,2.3125,720472183345,15.63,21.41,22.41,Wood
581100,"W2 PANZANO MED SCP PEAT 2 1/4""",2.1875,720472191487,21.44,25.55,26.55,Wood
581200,"W2 PANZANO MED BEECHNUT 2 1/4""",2.1875,720472191494,21.42,25.48,26.48,Wood
583100,"W2 CARBON 2 1/2"" CUBE FLT BLCK",2.5,720472193344,14.44,17.01,18.01,Wood
585110,"W2 Cumberland 1 1/4""Cbe WhtOak",1.25,720472195805,6.64,9.98,10.98,Wood
585111,"W2 Cumberland 1 1/4"" Cherry",1.25,720472195812,5.74,8.6,9.6,Wood
585112,"W2 Cumberland 1 1/4"" Cherry",1.25,720472195829,6.08,9.1,10.1,Wood
585113,"W1 Cumberland II 1 1/4"" Walnut",1.25,720472196512,9.89,15.72,16.72,Wood
585710,"ALDEN EBON WALNUT 1 1/4""",1.25,720472199896,6.73,10.76,11.76,Wood
585712,"ALDEN DK WALNUT 1 1/4""",1.25,720472199902,6.73,10.76,11.76,Wood
586452,"W2 MUSEO GOLD SCOOP 1 15/16""",1.9375,720472196635,6.83,10.93,11.93,Wood
586453,"W2 MUSEO SILVER SCOOP 1 15/16""",1.9375,720472196642,6.83,10.93,11.93,Wood
586454,"W2 MUSEO BLACK SCOOP 1 15/16""",1.9375,720472196659,6.28,10.05,11.05,Wood
587807,"W1 Perimeter Cap 13/16"" Sueude",0.8125,720472194990,4.58,6.89,7.89,Wood
588630,"W2 DEVON BLACK REVERSE 2 5/8""",2.625,720472180542,18,24.36,25.36,Wood
588650,"W2 DEVON GRAY REVERSE 2 5/8""",2.625,720472180566,15.64,24.35,25.35,Wood
589110,Cumberland 1 3/4 Float Wht Oak,1.75,720472195836,12.46,18.75,19.75,Wood
589111,"Cumberland 1 3/4""Float Cherry",1.75,720472195843,10.52,15.8,16.8,Wood
589112,Cumberland 1 3/4 Float Cherry,1.75,720472195850,10.35,15.15,16.15,Wood
589113,"W2 Cumberland II 1 3/4"" Walnut",1.75,720472196536,18.28,27.41,28.41,Wood
590201,"W2 Shutter 2 3/8"" Black",2.375,720472196406,7.56,12.03,13.03,Wood
592200,W2 Salzburg Cube 1 1/4 Silver,1.25,720472191821,7.95,11.89,12.89,Wood
593350,"W2 BRIMFIELD PANEL BLK  2 1/4""",2.25,720472190961,10.6,13.6,14.6,Wood
593360,"W2 BRIMFIELD PANEL WHT  2 1/4""",2.25,720472190978,10.86,14.84,15.84,Wood
595203,"MADISON NAT SLANT 2 3/8""",2.375,720472197670,7.61,11.5,12.5,Wood
595204,"MADISON BLK SLANT 2 3/8""",2.375,720472197687,7.53,11.38,12.38,Wood
595205,"MADISON GREY SLANT 2 3/8""",2.375,720472197694,7.48,11.31,12.31,Wood
597110,"W2 Cumberland 2 1/4"" WhtOak",2.25,720472195867,14.43,21.23,22.23,Wood
597111,"W2 Cumberland 2 1/4"" Cherry",2.25,720472195874,7.41,11.12,12.12,Wood
597112,"W2 Cumberland 2 1/4"" Cherry",2.25,720472195881,6.83,10.23,11.23,Wood
597113,"W2 Cumberland II 2 1/4"" walnut",2.25,720472196550,19.69,29.55,30.55,Wood
599405,"Lars 2 1/16"" Panel Slvr & Blck",2.0625,720472198493,8.08,11.84,12.84,Wood
599406,"Lars 2 1/16"" Panel Gld & Black",2.0625,720472198486,7.71,11.28,12.28,Wood
600541,"W2 SEVILLA SILV LRG TRAD 3""",3.125,720472146463,18.33,29.74,30.74,Wood
6007,"ARQ STRET 5/8""x1 5/8"" BOX only",1.625,720472151672,1.23,0,0,Wood
6008,"ARQADIA STRETCHER 7/8""X2 1/4""",2.25,720472151689,1.9,0,0,Wood
600G,"W2 GOLD 2""",2,720472103305,11.32,17.83,18.83,Wood
6011,"GALLERY WRAP 1 1/2""",1.125,720472151696,4.13,4.76,5.76,Wood
6012,"BRACER BAR 1 1/2""",0.5,720472151702,2.44,2.83,3.83,Wood
6013,"GALLERY WRAP 2""",1.125,720472151719,4.35,5.29,6.29,Wood
602530,W2 TUSCANY IT DRK WAL EMB PNL,3,720472145145,10.56,16.6,17.6,Wood
603602,"W2 WALNUT BURL/REV 2 1/4""",2.1875,720472127356,16.64,26.76,27.76,Wood
603674,"W2 CRANBROOK EBONZD WAL 2 1/8""",2.125,720472150682,10.54,17.37,18.37,Wood
603676,"W2 CRANBROOK DRK WALNUT 2 1/8""",2.125,720472150705,10.47,17.16,18.16,Wood
609405,"Lars 3 1/4"" Grille Antq Silver",3.25,720472198523,10.67,13.98,14.98,Wood
609406,"Lars 3 1/4"" Grille Antique Gld",3.25,720472198530,10.48,13.73,14.73,Wood
611405,"Lars 3 9/16"" Panel Slvr & Blck",3.5625,720472198516,10.37,13.73,14.73,Wood
611406,"Lars 3 9/16"" Panel Gld & Black",3.5625,720472198509,10.26,13.59,14.59,Wood
613183,"CRANBROOK WHT WASH MPL 3/4""",0.75,720472197632,11.2,15.87,16.87,Wood
613674,"W1 CRANBROOK EBONIZED WAL 3/4""",0.75,720472150729,9.6,14.63,15.63,Wood
613675,"W1 CRANBROOK NAT WALNUT 3/4""",0.75,720472150736,10.12,15.58,16.58,Wood
613676,"W1 CRANBROOK DARK WALNUT 3/4""",0.75,720472150743,9.22,14.63,15.63,Wood
613677,"W1 CRANBROOK NAT MAPLE 3/4""",0.75,720472150750,10.48,16.34,17.34,Wood
614410,"W2 DILLON WALNUT FLAT 2 1/16""",2.3125,720472179256,15.26,24.17,25.17,Wood
614420,"W2 DILLON TIMBER FLAT 2 1/16""",2.3125,720472179263,15.25,24.29,25.29,Wood
614430,"W2 DILLON GREY FLAT 2 1/16""",2.3125,720472179270,17.57,24.41,25.41,Wood
616110," ALLOY 1 3/4"" Float Nickel",1.75,720472196246,13.93,20.21,21.21,Wood
616111,ALLOY 1 3/4 FLT GUNMETAL,1.75,720472196253,13.96,20.24,21.24,Wood
616112,ALLOY 1 3/4 FLT SFT GOLD,1.75,720472196260,13.88,20.14,21.14,Wood
616113,ALLOY 1 3/4 FLT CHAMPGNE,1.75,720472196277,13.95,20.23,21.23,Wood
616361,"W2 ANTICA CHESTNUT 2 1/8""",2.125,720472141246,17.19,26.21,27.21,Wood
616362,"W2 ANTICA CHARCOAL 2 1/8""",2.125,720472141253,17.18,26.13,27.13,Wood
616904,W1 METALIA II BLACK SLIM FLOAT,1.75,720472196963,9.89,15.82,16.82,Wood
616905,W1 METALIA II SILVER SLIM FLT,1.75,720472196970,9.89,15.82,16.82,Wood
616906,W1 METALIA II GOLD SLIM FLOAT,1.75,720472196987,9.89,15.82,16.82,Wood
616907,W1 METALIA II CHAMPAGNE SL FLT,1.75,720472196994,9.89,15.82,16.82,Wood
616908,W1 METALIA II BRASS SLIM FLOAT,1.75,720472197007,9.89,15.82,16.82,Wood
616909,W1 METALIA II GUNMETAL SL FLT,1.75,720472197014,9.89,15.82,16.82,Wood
617482,"W2 JASPER BLACK FLAT 3""",3,720472199230,6.04,7.78,8.78,Wood
617484,"W2 JASPER WHITE FLAT 3""",3,720472199247,6.11,8.64,9.64,Wood
618184,W1 L7 SLVR W/WHT FLOAT,1.625,720472168823,15.81,18.17,19.17,Wood
618185,W1 L7 GOLD W/BLK FLOAT,1.625,720472168830,15.26,17.42,18.42,Wood
619452,"W2 MUSEO GOLD SCOOP 2 1/4""",2.25,720472196666,7.76,12.42,13.42,Wood
619453,"W2 MUSEO SILVER SCOOP 2 1/4""",2.25,720472196673,7.76,12.42,13.42,Wood
619454,"W2 MUSEO BLACK SCOOP 2 1/4""",2.25,720472196680,6.92,11.07,12.07,Wood
620100,"W2 HAVANA SCOOP 2 7/8"" TOFFEE",2.875,720472191753,11.52,17.34,18.34,Wood
620200,"W2 HAVANA SCOOP 2 7/8"" COCOA",2.875,720472191760,11.52,17.34,18.34,Wood
621870,"W2 COLOSSEUM II SFT PEWTER 2""",2,720472199407,10.65,15.56,16.56,Wood
621871,"W2 COLOSSEUM II TARN SIL 2""",2,720472199414,10.65,15.56,16.56,Wood
621872,"W2 COLOSSEUM II MOON GOLD 2""",2,720472199421,10.65,15.56,16.56,Wood
621874,"W2 COLOSSEUM II TITANIUM 2""",2,720472199438,10.65,15.56,16.56,Wood
621876,"W2 COLOSSEUM II STEEL BLUE 2""",2,720472199445,10.65,15.56,16.56,Wood
621877,"W2 COLOSSEUM SLOPE BL OXIDE 2""",2,720472197236,10.65,15.56,16.56,Wood
623181,"W1 CRANBROOK NAT CHR FLOAT 2""",1.875,720472168021,12.79,19.39,20.39,Wood
623183,"W1 CRANBROOK WHT MPL FLOAT 2""",1.875,720472168014,14.3,20.92,21.92,Wood
623674,"W1 CRANBROOK EB WAL FLOAT 2""",1.875,720472150767,11.9,19.27,20.27,Wood
623675,"W1 CRANBROOK NAT WAL FLOAT 2""",1.875,720472150774,12.07,19.56,20.56,Wood
623676,"W1 CRANBROOK DK WAL FLOAT 2""",1.875,720472150781,12.21,19.77,20.77,Wood
623677,"W1 CRANBROOK NAT MPL FLOAT 2""",1.875,720472150798,14.04,22.76,23.76,Wood
625200,"W2 SALON RIB SCP GLD 2 5/16""",2.3125,720472191128,9.97,13.66,14.66,Wood
626234,"W1 MODERNE GOLD FLOAT 2""",1.9375,720472196833,9.62,13.94,14.94,Wood
626236,"W1 MODERNE SILVER FLOAT 2""",1.9375,720472196840,9.62,13.94,14.94,Wood
628184,W1 L7 SLVR W/WHT    FLOAT,2.375,720472168854,20.57,23.57,24.57,Wood
628185,W1 L7 GOLD W/BLK   FLOAT,2.375,720472168861,19.41,22.42,23.42,Wood
628186,W1 L7 SLVR W/BLK   FLOAT,2.375,720472168878,19.87,22.79,23.79,Wood
630200,"W2 SALON LARGE PANEL GOLD  3 """,3,720472191142,10.3,14.11,15.11,Wood
630225,"W2 SALON LARGE PANEL SILVER 3""",3,720472191159,11.28,15.46,16.46,Wood
632900,"W1 FOUNDRY RVRSE BRASS 2 9/16""",2.5625,720472179799,15.46,23.66,24.66,Wood
638120,"W2 DRESDEN BLK/SLVR 2 3/8""",2.375,720472163453,15.39,20.44,21.44,Wood
645706,"W2 OLSEN MAPLE FLAT 2 3/4""",2.75,720472199773,10.65,14.84,15.84,Wood
645708,"W2 OLSEN OAK FLAT 2 3/4""",2.75,720472199780,10.65,14.84,15.84,Wood
650790,W2 LUCERNE ONYX/SILVER 2 1/16,2.0625,720472154543,21.51,30.3,31.3,Wood
650793,"W2 LUCERNE TOPAZ 2 1/16""",2.0625,720472154574,21.83,30.75,31.75,Wood
655252,"W2 FERROSA PEWTER 2 1/2""",2.5625,720472138987,17.93,25.42,26.42,Wood
655254,"W2 FERROSA IRON 2 1/2""",2.5625,720472138994,17.76,25.2,26.2,Wood
656516,"W2 ANSLEY CHERRY 2 3/4""",2.75,720472144582,8.98,15.02,16.02,Wood
656517,"W2 ANSLEY COFFEE 2 3/4""",2.75,720472144599,8.98,15.02,16.02,Wood
656518,"W2 ANSLEY GRAY 2 3/4""",2.75,720472144605,8.81,14.73,15.73,Wood
657591,W2 MARAIS EUR GOLD PANEL 2 3/4,2.75,720472146821,10.41,15.52,16.52,Wood
657592,W2 MARAIS EUR SILVER PNL 2 3/4,2.75,720472146838,10.41,15.52,16.52,Wood
657593,"W2 MARAIS BLK PUNCH PNL 2 3/4""",2.75,720472156707,11.49,17.17,18.17,Wood
658141,W0 CHAMBORD SLVR FLOAT 2 9/16,2.5625,720472178112,27.07,35.05,36.05,Wood
663175,W1 CRANBROOK NA WAL TCAP 13/16,0.8125,720472167864,14.53,20.55,21.55,Wood
663176,W1 CRANBROOK DK WAL TCAP 13/16,0.8125,720472167857,14.53,20.55,21.55,Wood
663177,W1 CRANBROOK NA MPL TCAP 13/16,0.8125,720472167833,15.93,21.56,22.56,Wood
663180,W1 CRANBROOK EB WAL TCAP 13/16,0.8125,720472167840,14.53,20.55,21.55,Wood
667593,"W2 MARAIS BLK PLAIN PNL 2 3/4""",2.75,720472156714,11.49,17.17,18.17,Wood
671082,"W2 SOHO BLK SLOPE W/BEV 2 3/4""",2.75,720472134965,6.92,9.93,10.93,Wood
674077,"W2 PRAGUE BAR/SLVR REV 2 3/4""",2.8125,720472134750,21.27,34.89,35.89,Wood
679100,"W2 H4 Rev 2 5/8"" Nat",2.625,720472191975,10.54,15.8,16.8,Wood
679200,"W2 H4 Rev Wal 2 5/8"" Wal",2.625,720472191982,10.55,15.81,16.81,Wood
680465,W2 LILLE LRG SCP 2 15/16 SILVR,2.875,720472183369,16.43,24.7,25.7,Wood
680470,W2 LILLE LRG SCP 2 15/16 PEWTR,2.875,720472183376,15.83,23.78,24.78,Wood
685200,W2 Salzburg Round 2 3/16 Silv,2.1875,720472191845,11.74,16.48,17.48,Wood
686180,"W2 HUDSON GOLD PANEL 3""",3,720472172714,10.55,15.93,16.93,Wood
686190,"W2 HUDSON SILVER PANEL 3""",3,720472172721,10.19,15.4,16.4,Wood
686200,"W2 HUDSON II IVORY PANEL 3""",3,720472183888,9.81,14.74,15.74,Wood
686210,"W2 HUDSON II BLACK PANEL 3""",3,720472183895,9.86,14.82,15.82,Wood
686220,"W2 HUDSON II BLKGLD PANEL 3""",3,720472183901,10.38,15.66,16.66,Wood
687810,"W1 Perimtr Cube 1 3/16"" Silvr",1.1875,720472195003,4.17,6.26,7.26,Wood
695100,"W0 EIFFEL 3"" FLOAT SILVER",2.875,720472193436,21.76,25.56,26.56,Wood
695110,"W0 EIFFEL 3"" FLOAT PEWTER",2.875,720472193443,22.1,25.97,26.97,Wood
695120,"W0 EIFFEL 3"" FLOAT GOLD",2.875,720472193450,22.08,25.94,26.94,Wood
695130,"W0 EIFFEL 3"" FLOAT BRONZE",2.875,720472193467,22.09,25.95,26.95,Wood
697805,"W2 Primtr Lg Cube 2 1/16"" Chmp",2.0625,720472195041,6.1,8.54,9.54,Wood
700240,"W2 JAVA BEAN 3 1/4""",3.25,720472138871,19.59,30.18,31.18,Wood
70-100M,"NATURAL MAPLE  3/4 """,0.75,720472187947,9.56,12.57,13.57,Wood
701452,"W2 MUSEO GOLD PANEL 3 1/4""",3.25,720472196697,11.56,18.5,19.5,Wood
701453,"W2 MUSEO SILVER PANEL 3 1/4""",3.25,720472196703,11.56,18.5,19.5,Wood
701454,"W2 MUSEO BLACK PANEL 3 1/4""",3.25,720472196710,10.17,16.27,17.27,Wood
704100,W2 PANZANO LG SCOOP PEAT 3 1/4,3.25,720472191463,26.92,41.33,42.33,Wood
71-051W,"SOLID WALNUT 3/4""",0.75,720472184656,12.62,16.91,17.91,Wood
71-100M,"NATURAL MAPLE 3/4""",0.75,720472184663,10.73,14.18,15.18,Wood
71-781P,"WWOODS FOG GREY 3/4""",0.75,720472184687,8.6,11.19,12.19,Wood
71-783P,"WWOODS SANTA CRUZ SEAFOAM 3/4""",0.75,720472188005,8.57,11.16,12.16,Wood
71-786P,"WWOODS BEACH BLONDE 3/4""",0.75,720472184694,8.5,11.08,12.08,Wood
71-789P,"WWOODS YELLOWSTONE 3/4""",0.75,720472188050,8.58,11.18,12.18,Wood
71-793P,"WWOODS TAHOE BLUE 3/4""",0.75,720472188098,8.56,11.16,12.16,Wood
71-795P,"WWOODS BLACK WATER 3/4""",0.75,720472191258,8.57,11.16,12.16,Wood
727593,"W2 MARAIS BLACK SCOOP 3 3/8""",3.375,720472156721,15.51,22.23,23.23,Wood
733235,"W2 ACADEMIE GOLD 3""",3,720472139359,11.58,16.51,17.51,Wood
733237,"W2 ACADEMIE SILVER 3""",3,720472139366,11.88,16.95,17.95,Wood
733239,"W2 ACADEMIE BLK W/GOLD 3""",3,720472139373,11.87,16.93,17.93,Wood
73-556X,"STEAMPUNK ZINC 1 1/4""",1.25,720472187312,7.83,10.69,11.7,Wood
74-100M,"NATURAL MAPLE 1""",1,720472188135,7.7,9.96,10.96,Wood
746200,W2 Salzburg Scoop 3 1/4 Silver,3.25,720472191883,19.68,27.31,28.31,Wood
751800,"W0 BELMONT LT OLIVE SCOOP 4""",4,720472154703,31.34,45.4,46.4,Wood
751801,"W0 BELMONT MD OLIVE SCOOP 4""",4,720472154710,30.34,44.27,45.27,Wood
751802,"W0 BELMONT DK OLIVE SCOOP 4""",4,720472154727,31.12,45.85,46.85,Wood
768403,"W0 WHITMAN BLACK SCOOP 4""",4,720472181617,20.42,28.92,29.92,Wood
768405,"W0 WHITMAN TORTOISE SCOOP 4""",4,720472181624,20.42,28.92,29.92,Wood
771570,"W2 INTERMEZZO SABLE 2 13/16""",3.25,720472181020,26.69,37.62,38.62,Wood
795203,"MADISON NAT FLAT 3 5/16""",3.3125,720472197700,10.56,16.14,17.14,Wood
795204,"MADISON BLACK FLAT 3 5/16""",3.3125,720472197717,10.15,15.4,16.4,Wood
795205,"MADISON GREY FLAT 3 5/16""",3.3125,720472197724,8.79,14.53,15.53,Wood
798630,"W2 DEVON BLACK SCOOP 3 5/16""",3.3125,720472180573,26.65,36.24,37.24,Wood
798640,"W2 DEVON WALNUT SCOOP 3 5/16""",3.3125,720472180580,26.7,36.26,37.26,Wood
80061,"ARQADIA SILVER 2 3/4""",2.75,720472141383,4.57,0,0,Wood
801407,"Lars 4"" Scoop Dutch Black",4,720472198547,21.03,27.24,28.24,Wood
80699,"ARQADIA SILVER 2 3/4""",2.75,720472158480,3.62,0,0,Wood
80736,"ARQADIA WARM SILVER 1 9/16""",1.5625,720472161138,2.5,0,5.33,Wood
80737,"ARQADIA BRIGHT SILVER 1 9/16""",1.5625,720472161145,2.5,0,0,Wood
80739,"ARQ BRIGHT SILVER 2 3/4""",2.75,720472162425,3.94,0,0,Wood
80741,"ARQADIA BRIGHT SILVER 2 7/8""",2.875,720472162449,4.39,0,0,Wood
80743,"ARQADIA WARM SILVER 2""",2,720472162463,2.91,0,0,Wood
80744,"ARQADIA BRIGHT SILVER 2""",2,720472162470,2.96,0,0,Wood
80745,"ARQADIA MOCHA 2""",2,720472162487,2.58,0,0,Wood
80785,"ARQADIA LT WAL FLOAT 1 11/16""",1.6875,720472178785,4.9,0,0,Wood
80900,"JASPER II CAP WHITE 3/4""",0.75,720472197243,2.44,3.56,4.61,Wood
80901,"JASPER II CAP BLACK 3/4""",0.75,720472197250,2.44,3.56,4.56,Wood
80902,"ESSENTIALS CAP GOLD 3/4""",0.75,720472197267,1.14,0,0,Wood
80903,"ESSENTIALS CAP SILVER 3/4""",0.75,720472197274,1.02,0,0,Wood
80904,"JASPER II CAP WHITE 1""",1,720472197281,3.75,5.47,6.47,Wood
80905,"JASPER II CAP BLACK 1""",1,720472197298,3.8,5.54,6.54,Wood
80906,"ESSENTIALS CAP GOLD 1""",1,720472197304,1.74,0,0,Wood
80907,"ESSENTIALS CAP SILVER 1""",1,720472197311,1.76,0,0,Wood
80908,"JASPER II CUBE WHITE 1 1/8""",1.125,720472197328,3.23,4.71,5.71,Wood
80909,"JASPER II CUBE BLACK 1 1/8""",1.125,720472197335,3.17,4.64,5.64,Wood
80910,"ESSENTIALS CUBE GOLD 1 1/8""",1.125,720472197342,1.67,0,0,Wood
80912,"ESSENTIALS FLOAT GOLD 2""",2,720472197366,2.2,0,0,Wood
80913,"ESSENTIALS FLOAT SILVER 2""",2,720472197373,2.25,0,0,Wood
80914,"W1 KANSO 3/4"" CAP NORDIC OAK",0.75,720472198226,4.17,5.96,6.96,Wood
80915,"W1 KANSO 3/4"" CAP LIGHT GREY",0.75,720472198233,4.17,5.96,6.96,Wood
80916,"W1 KANSO 3/4"" CAP CHARCOAL",0.75,720472198240,4.17,5.96,6.96,Wood
80917,"W1 KANSO 3/4"" CAP LT WALNUT",0.75,720472198257,4.17,5.96,6.96,Wood
80918,"W1 KANSO 3/4"" CAP MOCHA",0.75,720472198264,4.17,5.96,6.96,Wood
80919,W2 KANSO 1 1/4 CUBE NORDIC OAK,1.25,720472198271,4.12,5.88,6.88,Wood
80920,"W2 KANSO 1 1/4"" CUBE LT GREY",1.25,720472198288,4.12,5.88,6.88,Wood
80921,"W2 KANSO 1 1/4"" CUBE CHARCOAL",1.25,720472198295,4.12,5.88,6.88,Wood
80922,"W2 KANSO 1 1/4"" CUBE LT WALNUT",1.25,720472198301,4.12,5.88,6.88,Wood
80923,"W2 KANSO 1 1/4"" SM CUBE MOCHA",1.25,720472198318,4.12,5.88,6.88,Wood
80924,W2 KANSO 1 1/8 CUBE NORDIC OAK,1.125,720472198325,5.04,7.2,8.2,Wood
80925,W2 KANSO 1 1/8 CUBE LIGHT GREY,1.125,720472198332,5.04,7.2,8.2,Wood
80926,"W2 KANSO 1 1/8"" CUBE CHARCOAL",1.125,720472198349,5.04,7.2,8.2,Wood
80927,W2 KANSO 1 1/8 CUBE LT WALNUT,1.125,720472198356,5.04,7.2,8.2,Wood
80928,"W2 KANSO 1 1/8"" CUBE MOCHA",1.125,720472198363,5.04,7.2,8.2,Wood
814410,"W0 DILLON WALNUT FLAT 4 3/4""",4.75,720472179317,30.7,46.58,47.58,Wood
814430,"W0 DILLON GREY FLAT 4 3/4""",4.75,720472179331,30.67,48.58,49.58,Wood
842420,W1 ANGUS LG CAP ANTQ BRN 1 1/4,1.25,720472182850,13.5,19.01,20.01,Wood
842421,"W1 ANGUS LG CAP BLACK 1 1/4""",1.25,720472182881,13.5,18.51,19.51,Wood
842440,"W1 BAUHAUS SM CAP WHITE 3/4""",0.75,720472182935,5.2,7.11,8.11,Wood
842450,"W1 BAUHAUS SM CAP BLK 3/4""",0.75,720472184038,5.07,6.96,7.96,Wood
850790,"W0 LUCERNE ONYX/SILVER 3 5/8""",3.625,720472154581,28.22,39.44,40.44,Wood
850791,"W0 LUCERNE SAGE/SILVER 3 5/8""",3.625,720472154598,28.22,39.43,40.43,Wood
850793,"W0 LUCERNE TOPAZ 3 5/8""",3.625,720472154611,28.23,39.46,40.46,Wood
852421,"W2 ANGUS SCOOP BLACK 1 7/8""",1.875,720472182898,13.55,18.56,19.56,Wood
852440,"W1 BAUHAUS LG CAP WHITE 3/4""",0.8125,720472182942,6.44,8.81,9.81,Wood
852450,"W1 BAUHAUS LG CAP BLK 3/4""",0.8125,720472184045,6.38,8.74,9.74,Wood
862440,"W2 BAUHAUS CUBE WHITE 1 1/4""",1.25,720472182959,5.41,7.39,8.39,Wood
862450,"W2 BAUHAUS CUBE BLK 1 1/4""",1.25,720472184052,5.41,7.4,8.4,Wood
866361,"W2 ANTICA CHESTNUT 3 5/16""",3.375,720472141277,23.23,35.1,36.1,Wood
866362,"W2 ANTICA CHARCOAL 3 5/16""",3.375,720472141284,23.3,35.15,36.15,Wood
869077,"W0 PRAGUE BAR/SLVR TRAD 3 1/2""",3.625,720472134767,33.53,53.92,54.92,Wood
872440,"W2 BAUHAUS WIDE FLAT WHITE 3""",3,720472182966,9.23,12.66,13.66,Wood
872450,"W2 BAUHAUS WIDE FLAT BLK 3""",3,720472184069,9.23,12.66,13.66,Wood
9156,"ARQADIA BLACK 13/16""",0.8125,720472155588,1.55,0,0,Wood
9156AC,"ARQADIA BLACK 13/16""",0.8125,720472158817,2.67,5.37,6.37,Wood
9157,"ARQADIA BLACK 15/16""",1,720472152297,1.6,0,0,Wood
9157AC,"ARQADIA BLACK 15/16""",0.9375,720472195768,2.36,5.09,6.09,Wood
9171,"ARQADIA BLACK 1 5/8""",1.625,720472152396,2.17,0,0,Wood
9171AC,"ARQADIA BLACK 1 5/8""",1.625,720472158831,3.15,5.85,6.85,Wood
A783RAW,"A783RAW CA-MAPLE CAP 1/2"" W",0.5,NULL,2.62,0,0,Wood
A784RAW,"A784RAW CD-MAPLE CAP 1/2"" W",0.5,NULL,2.94,0,0,Wood
A785RAW,"A785RAW CB-MAPLE CAP 3/4"" W",0.75,NULL,3.49,0,0,Wood
A786RAW,"A786RAW CD2-MAPLE CAP 1/2"" W",0.5,NULL,3.4,0,0,Wood
A787RAW,"A787RAW CB2-MAPLE CAP 3/4"" W",0.75,NULL,3.38,0,0,Wood
A789RAW,"A789RAW CB DEEP-HMA CAP 3/4"" W",0.75,NULL,4.47,0,0,Wood
A798RAW,"A798RAW CF-MAPLE CAP 5/8"" W",0.625,NULL,2.81,0,0,Wood
CM1001,SILVER,0.28125,720472122580,3.56,6.02,0,Wood
CM1002,SATIN SILVER,0.28125,720472122610,3.93,6.06,0,Wood
CM1004,SATIN GOLD,0.28125,720472122641,3.38,6.03,0,Wood
CM1013,BLACK ANODIZED,0.28125,720472122719,4.68,7.39,0,Wood
CM150001,SILVER,0.375,720472123402,4.22,6.44,0,Wood
CM150002,SATIN SILVER,0.375,720472123419,4.03,6.14,0,Wood
CM150003,GOLD,0.375,720472123426,3.34,5.1,0,Wood
CM150004,SATIN GOLD,0.375,720472123433,4.19,6.41,0,Wood
CM150005,ENGLISH PEWTER,0.375,720472123440,4.64,7.21,0,Wood
CM150006,BRONZE,0.375,720472123457,4.62,7.03,0,Wood
CM150013,BLACK ANODIZED,0.375,720472123518,4.41,6.78,0,Wood
CM150014,SATIN BLACK ANODIZED,0.375,720472123525,4.44,6.82,0,Wood
CM150030,CONTRAST GRAY,0.375,720472123648,4.07,6.13,0,Wood
CM150031,PLATINUM,0.375,720472123655,4.59,6.96,0,Wood
CM150033,ANTIQUE GOLD,0.375,720472123662,4.62,6.99,0,Wood
CM150035,ANTIQUE BRASS,0.375,720472123686,4.51,7.06,0,Wood
CM150039,SHERWOOD,0.375,720472123716,4.76,7.42,0,Wood
CM150044,BLACK,0.375,720472123761,4.08,6.39,0,Wood
CM150051,CHIANTI,0.375,720472123822,3.17,4.84,0,Wood
CM150067,INDIGO,0.375,720472123945,4.15,6.51,0,Wood
CM150069,LAPIS,0.375,720472123969,4.17,6.54,0,Wood
CM150099,WHITE,0.375,720472124164,4.16,6.61,0,Wood
CM160013,BLACK ANODIZED,0.625,720472124225,6.7,10.28,0,Wood
CM200013,BLACK ANODIZED,0.3125,720472124539,3.87,5.99,0,Wood
CM200014,SATIN BLACK ANODIZED,0.3125,720472124546,5.01,7.77,0,Wood
CM200044,BLACK,0.3125,720472124720,3.15,5.06,0,Wood
CM320044,BLACK,0.4375,720472125390,4.27,9.65,0,Wood
CM320099,WHITE,0.4375,720472125406,4.67,7.14,0,Wood
CM340044,BLACK,1,720472125499,6.67,10.91,0,Wood
N10014,GERMAN SILVER,0.375,87828273472,13.45,17.52,0,Metal
N10021,MATTE BLACK,0.375,87828343298,13.22,17.52,0,Metal
N1101,"SILVER 9/32""",0.28125,720472108652,4.6,6.9,0,Metal
N1102,"FROSTED SILVER 9/32""",0.28125,720472108669,5.29,6.85,0,Metal
N1103,"GOLD 9/32""",0.28125,720472108676,5.29,6.85,0,Metal
N1104,"FROSTED GOLD 9/32""",0.28125,720472108683,5.28,6.85,0,Metal
N1108,"FROSTED BRONZE 9/32""",0.28125,720472108720,6.12,7.83,0,Metal
N1110,GRAPHITE,0.28125,720472117746,6.08,7.77,0,Metal
N1112,"FROSTED PEWTER 9/32""",0.28125,720472108751,6.08,7.77,0,Metal
N1113,"CONTRAST GRAY 9/32""",0.28125,720472108768,6.08,7.77,0,Metal
N1114,"GERMAN SILVER 9/32""",0.28125,720472108775,6.08,7.77,0,Metal
N11154,FLORENTINE GRAY,0.28125,720472119054,6.35,8.06,0,Metal
N11156,"FLORENTINE BLACK 9/32""",0.28125,720472119078,6.17,7.89,0,Metal
N1120,"ANODIC BLACK 9/32""",0.28125,720472108829,6.49,8.29,0,Metal
N1121,"MATTE BLACK 9/32""",0.28125,720472108836,6.19,7.9,0,Metal
N1123,"ANTIQUE GOLD 9/32""",0.28125,720472108850,5.63,7.29,0,Metal
N1150,"BLACK 9/32""",0.28125,720472108935,4.34,7.04,0,Metal
N11701,"SILVER 7/16""",0.4375,87828353983,5.99,8.94,0,Metal
N11702,"FROSTED SILVER 7/16""",0.4375,87828703979,5.23,7.81,0,Metal
N11704,"FROSTED GOLD 7/16""",0.4375,87828383515,5.99,8.94,0,Metal
N11710,"GRAPHITE 7/16""",0.4375,87828903867,7.93,10.09,0,Metal
N11712,"FROSTED PEWTER 7/16""",0.4375,87828203578,7.93,10.09,0,Metal
N11714,"GERMAN SILVER 7/16""",0.4375,87828203585,5.69,8.5,0,Metal
N117164,"DUSK 7/16""",0.4375,87828813586,7.93,10.16,0,Metal
N11719,"FROSTED WALNUT 7/16""",0.4375,87828823455,6.78,8.69,0,Metal
N11720,"ANODIC BLACK 7/16""",0.4375,87828473988,6.89,8.82,0,Metal
N117201,"MAROON  7/16""",0.4375,NULL,4.86,7.26,0,Metal
N117202,"TIGER ORANGE  7/16""",0.4375,NULL,4.86,7.26,0,Metal
N117203,"SUNSHINE  7/16""",0.4375,NULL,4.86,7.26,0,Metal
N117204,"KELLY GREEN   7/16""",0.4375,NULL,4.86,7.26,0,Metal
N117205,"FOREST GREEN    7/16""",0.4375,NULL,4.87,7.26,0,Metal
N117206,"AQUA    7/16""",0.4375,NULL,4.86,7.26,0,Metal
N117207,"BRIGHT BLUE    7/16""",0.4375,NULL,4.87,7.26,0,Metal
N117208,"ROYAL PURPLE    7/16""",0.4375,NULL,4.69,7.26,0,Metal
N11721,"MATTE BLACK 7/16""",0.4375,720472169578,5.91,8.82,0,Metal
N117227,"TORNADO RED 7/16""",0.4375,720472169103,7.19,9.23,0,Metal
N11723,"ANTIQUE GOLD 7/16""",0.4375,87828523713,5.22,7.78,0,Metal
N117230,"REFLEX SILVER 7/16""",0.4375,720472169189,8.26,10.75,0,Metal
N117231,VIVIDS GOLD BULLION,0.4375,720472169127,8.27,10.62,0,Metal
N117232,"GALACTIC BLUE 7/16""",0.4375,720472169073,8.27,10.74,0,Metal
N117233,"PURPLE HAZE 7/16""",0.4375,720472169080,7.41,9.63,0,Metal
N117235,VIVIDS TANGERINE TWIST,0.4375,720472169110,7.56,9.7,0,Metal
N117236,"CYBER GREEN 7/16""",0.4375,720472169134,7.56,9.7,0,Metal
N117237,VIVIDS RASPBERRY FIZZ,0.4375,87828174748,7.56,9.7,0,Metal
N117238,VIVIDS TURQUOISE,0.4375,720472169059,7.56,9.7,0,Metal
N117240,VIVIDS AMETHYST,0.4375,720472169097,7.19,9.23,0,Metal
N117270,"BURNT SIENNA 7/16""",0.4375,87828903928,6.78,8.63,0,Metal
N117280,"American Natural 7/16""",0.4375,87828040395,7.25,10.15,0,Metal
N117400,"SATIN BRUSHED ALUMINUM 7/16""",0.4375,720472169592,7.08,9.35,0,Metal
N117470,BRUSHED SATIN NICKEL,0.4375,87828514957,6.97,9.96,0,Metal
N117478,BRUSHED SATIN PEWTER,0.4375,87828954739,6.98,9.96,0,Metal
N11750,"BLACK 7/16""",0.4375,87828413281,6.25,7.68,0,Metal
N11752,"BRIGHT WHITE 7/16""",0.4375,87828103519,5.15,7.68,0,Metal
N11755,"RIGHT RED 7/16""",0.4375,NULL,4.87,7.26,0,Metal
N11758,"INDIGO 7/16""",0.4375,NULL,4.87,7.26,0,Metal
N1202,"FROSTED SILVER 9/32""",0.28125,720472109062,6.08,7.77,0,Metal
N1221,"MATTE BLACK 9/32""",0.28125,720472109222,5.76,7.34,0,Metal
N12901,"NIELSEN SILVER 5/16""",0.3125,87828096866,4.5,6.83,0,Metal
N12907,"NIELSEN BRONZE 5/16""",0.3125,87828065435,4.53,6.83,0,Metal
N12913,"NIELSEN CONTRAST GREY 5/16""",0.3125,87828064872,4.53,6.83,0,Metal
N12915,"NIELSEN AMBER  5/16""",0.3125,87828012576,4.53,6.83,0,Metal
N12920,"NIELSEN BLACK  5/16""",0.3125,87828031744,4.53,6.83,0,Metal
N12921,"NIELSEN MATTE BLACK 5/16""",0.3125,87828037517,4.36,6.66,0,Metal
N12952,"NIELSEN WHITE  5/16""",0.3125,87828052015,4.53,6.83,0,Metal
N130400,NIELSEN BRUSHED SATIN ALUM 7/8,0.875,87828082630,5.7,8.58,0,Metal
N130414,N-BRUSHED SATIN GERMAN SIL 7/8,0.875,87828026733,5.7,8.58,0,Metal
N130475,"NIELSEN B-SATIN CHOCOLATE 7/8""",0.875,87828059755,5.7,8.58,0,Metal
N13052,"NIELSEN BRIGHT WHITE 7/8""",0.875,87828073805,5.7,8.58,0,Metal
N1314,FLOATERS GERMAN SILVER,0.25,87828274271,7.75,9.71,0,Metal
N1321,FLOATERS MATTE BLACK,0.25,87828204612,6.06,9.55,0,Metal
N1414,FLOATERS GERMAN SILVER,0.25,87828364743,10.32,15.84,0,Metal
N1421,FLOATERS MATTE BLACK,0.25,87828324808,10.3,15.44,0,Metal
N1501,"SILVER 3/8""",0.375,720472109338,5.77,7.57,0,Metal
N1502,"FROSTED SILVER 3/8""",0.375,720472109345,5.77,7.57,0,Metal
N1503,"GOLD 3/8""",0.375,720472109352,5.9,8.19,0,Metal
N1504,"FROSTED GOLD 3/8""",0.375,720472109369,5.77,7.57,0,Metal
N1508,"FROSTED BRONZE 3/8""",0.375,720472109406,6.49,8.25,0,Metal
N1510,"GRAPHITE 3/8""",0.375,720472117784,6.49,8.25,0,Metal
N1512,"FROSTED PEWTER 3/8""",0.375,720472109437,6.49,8.25,0,Metal
N1513,"CONTRAST GRAY 3/8""",0.375,720472109444,6.48,8.25,0,Metal
N1514,"GERMAN SILVER 3/8""",0.375,720472109451,6.59,8.38,0,Metal
N15150,"FLORENTINE SILVER 3/8""",0.375,720472122047,6.77,8.61,0,Metal
N15153,FLORENTINE PEWTER,0.375,720472122078,6.77,8.61,0,Metal
N15154,FLORENTINE GRAY,0.375,720472122085,6.27,8.61,0,Metal
N15155,FLORENTINE AMBER,0.375,720472122092,6.77,8.61,0,Metal
N15156,"FLORENTINE BLACK 3/8""",0.375,720472122108,6.77,8.61,0,Metal
N15164,"DUSK 3/8""",0.375,720472119252,6.49,8.25,0,Metal
N15170,FROSTED UMBER,0.375,720472127530,6.49,8.25,0,Metal
N1519,"FROSTED WALNUT 3/8""",0.375,720472109505,5.54,8.28,0,Metal
N1520,"ANODIC BLACK 3/8""",0.375,720472109512,6.49,8.25,0,Metal
N1521,"MATTE BLACK 3/8""",0.375,720472109529,6.59,8.38,0,Metal
N1523,"ANTIQUE GOLD 3/8""",0.375,720472109543,5.04,7.56,0,Metal
N1524,"COBALT 3/8""",0.375,720472122214,6.49,8.25,0,Metal
N1550,"BLACK 3/8""",0.375,720472109598,5.77,7.57,0,Metal
N1552,BRIGHT WHITE 1/2,0.375,720472109604,5.77,7.57,0,Metal
N1555,"RIGHT RED 3/8""",0.375,720472109628,5.76,7.57,0,Metal
N1558,INDIGO 1/2,0.375,720472109642,5.04,7.56,0,Metal
N1566,"LAPIS 3/8""",0.375,720472109697,5.77,7.57,0,Metal
N1568,"CHINESE RED 3/8""",0.375,720472109703,5.76,7.57,0,Metal
N2108,"NIELSEN FROST ROSE GOLD 9/16""",0.59375,87828093964,6.37,9.25,0,Metal
N2121,"NIELSEN MATTE BLACK 9/16""",0.5625,87828040968,7.71,9.8,0,Metal
N21227,"NIELSEN VIVID RED 9/16""",0.59375,87828045208,6.86,9.25,0,Metal
N2123,"NIELSEN ANTIQUE GOLD 9/16""",0.59375,720472132497,7.06,9.37,0,Metal
N21233,"NIELSEN PURPLE HAZE 9/16""",0.59375,87828092967,6.86,9.25,0,Metal
N21235,"NIELSEN TANGERINE TWIST 9/16""",0.59375,87828082302,6.86,9.25,0,Metal
N21250,MERLOT NIESLEN 21,0.59375,87828019384,7.71,9.8,0,Metal
N21257,"NIELSEN SAPPHIRE 9/16""",0.59375,87828094343,6.86,9.25,0,Metal
N21258,"NIELSEN REALLY TEAL 9/16""",0.59375,87828082821,6.86,9.25,0,Metal
N21261,"NIELSEN DAWN 9/16""",0.59375,87828097245,6.46,9.25,0,Metal
N21400,"CHROME NIELSEN 1 1/16""",0.59375,87828027587,7.71,9.8,0,Metal
N2150,MATTE BLACK NIELSEN 21,0.59375,87828014259,6.61,9.6,0,Metal
N2201,"SILVER 5/16""",0.3125,720472109956,6.54,9,0,Metal
N2202,"FROSTED SILVER 5/16""",0.3125,720472109963,5.72,9,0,Metal
N2203,"GOLD 5/16""",0.3125,720472109970,6.54,9,0,Metal
N2214,"GERMAN SILVER 5/16""",0.3125,720472110051,6.64,9.53,0,Metal
N2220,"ANODIC BLACK 5/16""",0.3125,720472110075,7.15,9.53,0,Metal
N2221,"MATTE BLACK 5/16""",0.3125,720472110082,7.6,9.53,0,Metal
N225154,GILDED GRAPHITE,1.25,87828163957,9.77,13.51,0,Metal
N225421,GILDED JET BLACK,1.25,87828403978,9.94,13.51,0,Metal
N225452,GILDED FROSTED GOLD,1.25,87828403954,9.22,13.51,0,Metal
N225469,GILDED MODERN PEWTER,1.25,87828632361,9.94,13.52,0,Metal
N24414,GERMAN SILVER,0.5,87828524352,7.98,9.86,0,Metal
N24421,BRUSHED SATIN BLACK,0.5,720472169202,7.98,9.86,0,Metal
N24423,ANTIQUE GOLD,0.5,87828404074,7.98,9.86,0,Metal
N24469,BRUSHED SATIN STAINLESS STEEL,0.5,87828324747,7.56,9.86,0,Metal
N24471,BRUSHED SATIN SLATE,0.5,87828714616,7.98,9.86,0,Metal
N24475,BRUSHED SATIN CHOCOLATE,0.5,720472169172,7.98,9.86,0,Metal
N24476,BRUSHED SATIN SAPPHIRE,0.5,720472169141,7.98,9.86,0,Metal
N2501,SILVER,0.59375,720472119269,5.93,8.37,0,Metal
N2502,"FROSTED SILVER 19/32""",0.59375,720472122221,6.41,8.36,0,Metal
N2504,"FROSTED GOLD 19/32""",0.59375,720472122238,6.25,8.72,0,Metal
N2514,GERMAN SILVER,0.59375,720472110129,6.39,8.31,0,Metal
N2520,ANODIC BLACK,0.59375,720472110136,7.31,9.5,0,Metal
N2521,MATTE BLACK,0.59375,720472117982,7.31,9.5,0,Metal
N3350,"BLACK 3/16""",0.1875,720472110341,5.16,7.82,0,Metal
N3414,GERMAN SILVER,0.21875,87828193503,5.87,8.61,0,Metal
N34179,BLACK METALLINE,0.21875,87828373585,7.45,9.16,0,Metal
N3421,MATTE BLACK,0.21875,87828503432,5.75,8.61,0,Metal
N34280,"American Natural 1/4""",0.21875,87828041927,7.53,10.54,0,Metal
N3501,"SILVER 7/16""",0.4375,720472110358,10.91,14.05,0,Metal
N3520,"ANODIC BLACK 7/16""",0.4375,720472110402,12.45,15.53,0,Metal
N5801,SILVER,0.3125,720472115414,4.04,5.46,0,Metal
N5803,GOLD,0.3125,720472115438,4.04,5.46,0,Metal
N5804,FROSTED GOLD,0.3125,720472115445,4.04,5.46,0,Metal
N5814,GERMAN SILVER,0.3125,720472115520,4.62,5.99,0,Metal
N5820,ANODIC BLACK,0.3125,720472115551,4.62,5.99,0,Metal
N65246,OLD GOLD NIELSEN 21,0.5,7828024722,7.26,9.8,0,Metal
N65251,BARELY GOLD NIELSEN 21,0.5,87828012927,7.71,9.8,0,Metal
N65252,ROBIN'S EGG NIELSEN 21,0.5,87828014501,7.7,9.8,0,Metal
N65280,"American Natural 1/2""",0.5,87828082388,6.39,8.31,0,Metal
N65282,"Walnut 1/2""",0.5,87828021011,5.58,8.38,0,Metal
N65421,"NIELSEN MATTE BLACK 1/2""",0.5,87828013627,7.23,9.87,0,Metal
N65429,EBONY NIELSEN 21,0.5,87828024234,7.26,9.8,0,Metal
N7101,"SILVER 9/16""",0.5625,720472110587,6.93,9.57,0,Metal
N7121,"MATTE BLACK 9/16""",0.5625,720472110686,8.56,11.09,0,Metal
N9301,"SILVER 13/32""",0.40625,720472135955,6.05,7.8,0,Metal
N9304,"NIELSEN FROSTED GOLD 13/32""",0.40625,87828052831,5.18,7.61,0,Metal
N9314,"GERMAN SILVER 13/32""",0.40625,87828403299,7.44,9.16,0,Metal
N93150,"FLORENTINE SILVER 13/32""",0.40625,720472135603,7.2,9.16,0,Metal
N93154,FLORENTINE GREY,0.40625,720472135627,7.2,9.16,0,Metal
N93156,"FLORENTINE BLACK 13/32""",0.40625,720472135641,6.61,9.67,0,Metal
N93170,"NIELSEN FROSTED BRASS 13/32""",0.40625,87828014310,5.79,8.64,0,Metal
N9319,FROSTED WALNUT,0.40625,720472169585,6.78,8.63,0,Metal
N9320,"ANODIC BLACK 13/32""",0.40625,720472135979,6.78,8.63,0,Metal
N9321,"MATTE BLACK 13/32""",0.40625,720472135665,5.82,8.69,0,Metal
N9323,"NIELSEN ANTIQUE GOLD 13/32""",0.40625,87828090857,5.2,7.93,0,Metal
N9350,"BLACK 13/32""",0.40625,87828253276,6.05,7.8,0,Metal
N9352,BRIGHT WHITE,0.40625,87828393477,7.06,8.98,0,Metal
N93550,"NIELSEN SILVER LINEN 13/32""",0.40625,87828021820,7.2,9.16,0,Metal
N93552,"NIELSEN RAW STEEL 13/32""",0.40625,NULL,7.7,9.8,0,Metal
N93553,"NIELSEN CARAMEL LINEN 13/32""",0.40625,NULL,6.36,9.8,0,Metal
N93555,"NIELSEN GOLD LINEN 13/32""",0.40625,87828025293,7.19,9.16,0,Metal
N93556,"NIELSEN TUSCN LINEN BLK 13/32""",0.40625,87828030105,6.52,9.81,0,Metal
N93557,"NIELSEN PEWTER LINEN 13/32""",0.40625,NULL,7.63,9.8,0,Metal
N93558,"NIELSEN SLATE  LINEN 13/32""",0.40625,NULL,7.7,9.8,0,Metal
N9402,FROSTED SILVER,0.625,87828623413,6.15,8.44,0,Metal
N94156,FLORENTINE BLACK,0.625,720472169608,7.46,9.43,0,Metal
N9421,MATTE BLACK,0.625,720472136020,6.39,9.59,0,Metal
N9510,GRAPHITE,0.90625,720472135672,7.92,11.88,0,Metal
N9514,GERMAN SILVER,0.90625,720472135689,7.92,11.88,0,Metal
N9521,MATTE BLACK,0.90625,720472135696,7.98,11.59,0,Metal
N95224,MATTE WHITE,0.90625,720472135887,6.34,10.65,0,Metal
N9523,ANTIQUE GOLD,0.90625,720472135702,7.25,10.65,0,Metal
N95429,BRITE BLACK-BRUSHED,0.90625,720472135719,9.11,12.36,0,Metal
N95470,BRUSHED SATIN NICKEL,0.90625,87828214826,10.62,13.53,0,Metal
N9714,"GERMAN SILVER 29/32""",0.90625,87828913125,6.98,9.96,0,Metal
N97150,"FLORENTINE SILVER 29/32""",0.90625,720472122313,8.41,11.37,0,Metal
N97151,"FLORENTINE GOLD 29/32""",0.90625,720472122320,8.52,11.36,0,Metal
N97154,"FLORENTINE GREY 29/32""",0.90625,720472122344,8.25,11.37,0,Metal
N97155,"FLORENTINE AMBER 29/32""",0.90625,720472122351,9.2,11.37,0,Metal
N97156,"FLORINTINE BLACK 29/32""",0.90625,720472122368,9.2,11.37,0,Metal
N97167,"FLORENTINE WALNUT 29/32""",0.90625,720472122382,9.2,11.36,0,Metal
N9721,"MATTE BLACK 29/32""",0.90625,87828913057,6.97,9.96,0,Metal
N97400,"BRUSHED ALUM. SATIN 29/32""",0.90625,720472133012,7.79,11.65,0,Metal
N9750,"BLACK 29/32""",0.90625,720472122412,6.79,8.82,0,Metal
N97550,"TUSCAN LINEN SILVER 29/32""",0.90625,87828743463,8.52,11.36,0,Metal
N97552,"TUSCAN LINEN STEEL 29/32""",0.90625,NULL,9.7,11.99,0,Metal
N97553,"TUSCAN LINEN CARAMEL 19/32""",0.90625,NULL,9.7,11.99,0,Metal
N97555,"TUSCAN LINEN AMBER 29/32""",0.90625,87828153088,9.2,11.37,0,Metal
N97556,"TUSCAN LINEN BLACK 29/32""",0.90625,87828163131,9.2,11.37,0,Metal
N97557,"TUSCAN LINEN PEWTER  19/32""",0.90625,NULL,9.7,11.99,0,Metal
N97558,"TUSCAN LINEN SLATE   19/32""",0.90625,NULL,9.7,11.99,0,Metal
N99150,FLORENTINE SILVER,1.375,87828863291,7.93,13.71,0,Metal
N99154,FLORENTINE GREY,1.375,87828123593,10.03,12.78,0,Metal
N99156,FLORENTINE BLACK,1.375,87828173796,10.03,13.54,0,Metal
N99167,FLORENTINE WALNUT,1.375,87828203936,8.87,11.54,0,Metal
N9921,MATTE BLACK,1.375,720472135726,7.98,11.59,0,Metal
N99421,BRUSHED SATIN BLACK,1.375,87828384963,10.26,14.27,0,Metal
N99430,BRUSHED GERMAN SILVER,1.375,720472135733,10.03,13.36,0,Metal
N99470,BRUSHED SATIN NICKEL,1.375,87828974577,10.45,14.27,0,Metal
N99475,BRUSHED SATIN CHOCOLATE,1.375,87828214512,9.68,12.47,0,Metal
N99478,BRUSHED SATIN PEWTER,1.375,87828804362,10.26,13.22,0,Metal
NOEM101,MLDG NOEM 1 SILVER,0.25,87828602487,2.61,4.56,0,Metal
NOEM103,MLDG NOEM 1 GOLD,0.25,87828232387,2.75,4.9,0,Metal
NOEM114,MLDG NIELSEN OEM 1 GER. SILVER,0.25,87828182095,2.46,4.35,0,Metal
NOEM120,MLDG NOEM 1 ANODIC BLK,0.25,87828432305,2.69,4.92,0,Metal
NOEM121,MLDG NOEM 1 MATTE BLACK,0.25,87828212501,2.79,5.11,0,Metal
NOEM1501,MLDG NOEM 15 SILVER,0.375,87828602739,2.95,5.39,0,Metal
NOEM1502,MLDG NOEM15 FRO SLVR,0.375,720472163132,2.78,5.09,0,Metal
NOEM1503,MLDG NOEM 15 GOLD,0.375,87828482058,2.96,5.42,0,Metal
NOEM1504,MLDG NOEM 15 FRO GOLD,0.375,720472163149,2.78,5.09,0,Metal
NOEM1513,MLDG NOEM 15 CONT. GRAY,0.375,87828282481,2.69,4.84,0,Metal
NOEM1514,MLDG NOEM 15 GER. SLVR,0.375,87828382471,2.74,5.13,0,Metal
NOEM1520,MLDG NOEM 15 ANODIC BLK,0.375,87828952605,3.25,5.86,0,Metal
NOEM1521,MLDG NOEM 15 MATTE BLK,0.375,87828312300,3.05,5.51,0,Metal
NOEM201,MLDG NOEM 2 SILVER,0.375,720472163095,2.8,4.9,0,Metal
NOEM220,MLDG NOEM 2 BLACK,0.375,720472163118,2.51,5.68,0,Metal
NOEM221,MLDG NOEM 2 MAT BLACK,0.375,720472163125,2.86,5.36,0,Metal
NOEM2FS,MLDG NIELSEN OEM 2 FR SILVER,0.375,87828802634,2.05,3.96,0,Metal
NOEM501,MLDG NOEM 5 SILVER,0.375,87828312904,2.54,4.66,0,Metal
NOEM503,MLDG NOEM 5 GOLD,0.375,87828982831,2.65,4.86,0,Metal
NOEM513,MLDG NIELSEN OEM 5 CONT. GRAY,0.375,87828642032,2.05,3.3,0,Metal
NOEM520,MLDG NOEM 5 BLK,0.375,87828742039,2.96,5.42,0,Metal
NOEM521,MLDG NOEM 5 MATTE BLACK,0.375,87828832792,2.69,4.92,0,Metal
X0140,W2 FL/NAT.LIN-GOLD LINER 1 1/4,1.25,720472103572,4.9,8.32,9.32,Liner
X1536,W1 FL/NAT. LINEN LINER     3/4,0.75,720472103633,3.56,5.87,6.87,Liner
X1537,W1 FL/WHITE LINEN LINER    3/4,0.75,720472103640,3.56,5.87,6.87,Liner
X1551,W2 FL/NAT. LINEN LINER   1 1/4,1.25,720472103657,5.27,9.07,10.07,Liner
X1552,W2 FL/WHITE LINEN LINER  1 1/4,1.25,720472103664,5.25,9,10,Liner
X1572,W2 FL/WHITE LINEN LINER      2,2,720472103688,7.04,10.81,11.81,Liner