item,Description,category,code txt,cost,size decimal,group,rabbet decimal
OE97-167,BACKLOAD FLORENTINE WALNUT,Nielsen Metal Moulding,FK01,1.60,0.875,Metal,
OE97-700,BACKLOAD FLORENTINE BLACK W/SILVER BEAD,Nielsen Metal Moulding,FK01,1.60,0.875,Metal,
OE97-703,BACKLOAD FLORENTINE AMBER W/SILVER BEAD,Nielsen Metal Moulding,FK01,1.60,0.875,Metal,
OEM1101,OEM SILVER 11-01 CD: 01,Nielsen Metal Moulding,FK01,2.61,0.312,Metal,0.375
OEM1102,OEM FROSTED SILVER 11-02 CD: 01,Nielsen Metal Moulding,FK01,2.61,0.312,Metal,0.375
OEM1103,OEM GOLD 11-03 CD: 01,Nielsen Metal Moulding,FK01,2.61,0.312,Metal,0.375
OEM1104,OEM FROSTED GOLD 11-04 CD: 01,Nielsen Metal Moulding,FK01,2.70,0.312,Metal,0.375
OEM1113,OEM CONTRAST GREY  11-13 CD: 01,Nielsen Metal Moulding,FK01,2.80,0.312,Metal,0.375
OEM1120,OEM SHINY BLACK 11-20 CD: 01,Nielsen Metal Moulding,FK01,2.75,0.312,Metal,0.375
OEM1121,OEM MATTE BLACK 11-21 CD: 01,Nielsen Metal Moulding,FK01,2.75,0.312,Metal,0.375
OEM1501,OEM SILVER 15-01 CD: 01,Nielsen Metal Moulding,FK01,3.00,0.375,Metal,0.563
OEM1502,OEM FROSTED SILVER 15-02 CD: 01,Nielsen Metal Moulding,FK01,3.00,0.375,Metal,0.563
OEM1503,OEM GOLD 15-03 CD: 01,Nielsen Metal Moulding,FK01,3.00,0.375,Metal,0.563
OEM1504,OEM FROSTED GOLD 15-04 CD: 01,Nielsen Metal Moulding,FK01,3.00,0.375,Metal,0.563
OEM1514,OEM GERMAN SILVER 15-14 CD: 01,Nielsen Metal Moulding,FK01,3.00,0.375,Metal,0.563
OEM1520,OEM ANODIC BLACK 15-20 CD: 01,Nielsen Metal Moulding,FK01,3.16,0.375,Metal,0.563
OEM1521,OEM MATTE BLACK 15-21 CD: 01,Nielsen Metal Moulding,FK01,3.16,0.375,Metal,0.563
OEM2221,S/O OEM2221 BLACK TRIM,Nielsen Metal Moulding,FK01,3.92,0.000,Metal,1.000
OEM2MB,S/O MATTE BLACK,Nielsen Metal Moulding,FK01,3.39,0.406,Metal,0.391
OEM302,OEM302 FROSTED SILVER BACKLOAD,Nielsen Metal Moulding,FK01,3.58,0.500,Metal,
OEM321,OEM321 MATTE BLACK BACKLOAD,Nielsen Metal Moulding,FK01,3.58,0.500,Metal,
OEM5801,OEM SILVER 58-01 CD: 01,Nielsen Metal Moulding,FK01,2.79,0.375,Metal,0.375
OEM5802,OEM FROSTED SILVER 58-02 CD: 01,Nielsen Metal Moulding,FK01,2.79,0.375,Metal,0.375
OEM5803,OEM GOLD 58-03 CD: 01,Nielsen Metal Moulding,FK01,2.79,0.375,Metal,0.375
OEM5820,OEM ANODIC BLACK  58-20 CD: 01,Nielsen Metal Moulding,FK01,2.79,0.375,Metal,0.375
OEM5821,OEM MATTE BLACK 58-21 CD: 01,Nielsen Metal Moulding,FK01,2.79,0.375,Metal,0.375
N11-01,SILVER CD: 02,Nielsen Metal Moulding,FK02,4.81,0.312,Metal,0.438
N11-02,FROSTED SILVER CD: 02,Nielsen Metal Moulding,FK02,4.81,0.312,Metal,0.438
N11-03,GOLD CD: 02,Nielsen Metal Moulding,FK02,5.44,0.312,Metal,0.438
N11-04,FROSTED GOLD CD: 02,Nielsen Metal Moulding,FK02,4.81,0.312,Metal,0.438
N11-23,ANTIQUE GOLD CD: 02,Nielsen Metal Moulding,FK02,4.73,0.312,Metal,0.438
N11-50,BLACK CD: 02,Nielsen Metal Moulding,FK02,4.73,0.312,Metal,0.438
N15-01,SILVER CD: 02,Nielsen Metal Moulding,FK02,5.87,0.375,Metal,0.625
N15-02,FROSTED SILVER CD: 02,Nielsen Metal Moulding,FK02,5.87,0.375,Metal,0.625
N129-01,SILVER  CD:03,Nielsen Metal Moulding,FK03,6.17,0.312,Metal,0.500
N129-07,BRONZE  CD:03,Nielsen Metal Moulding,FK03,6.17,0.312,Metal,0.500
N129-13,CONTRAST GREY  CD:03,Nielsen Metal Moulding,FK03,6.17,0.312,Metal,0.500
N129-15,AMBER  CD:03,Nielsen Metal Moulding,FK03,6.17,0.312,Metal,0.500
N129-20,SHINY BLACK  CD:03,Nielsen Metal Moulding,FK03,6.17,0.312,Metal,0.500
N129-21,MATTE BLACK CD:3,Nielsen Metal Moulding,FK03,5.66,0.312,Metal,0.500
N129-52,BRIGHT WHITE  CD:03,Nielsen Metal Moulding,FK03,6.17,0.312,Metal,0.500
N15-04,FROSTED GOLD CD: 03,Nielsen Metal Moulding,FK03,5.87,0.375,Metal,0.625
N15-23,ANTIQUE GOLD CD: 03,Nielsen Metal Moulding,FK03,5.87,0.375,Metal,0.625
N15-50,BLACK  CD: 03,Nielsen Metal Moulding,FK03,5.78,0.375,Metal,0.625
N15-52,BRIGHT WHITE CD: 03,Nielsen Metal Moulding,FK03,5.78,0.375,Metal,0.625
N15-55,RIGHT RED  CD: 03,Nielsen Metal Moulding,FK03,5.78,0.375,Metal,0.625
N15-58,INDIGO  CD: 03,Nielsen Metal Moulding,FK03,5.78,0.375,Metal,0.625
N15-66,LAPIS  CD: 03,Nielsen Metal Moulding,FK03,5.78,0.375,Metal,0.625
N15-68,CHINESE RED  CD: 03,Nielsen Metal Moulding,FK03,5.78,0.375,Metal,0.625
N11-08,FROSTED BRONZE CD: 04,Nielsen Metal Moulding,FK04,5.86,0.312,Metal,0.438
N11-10,GRAPHITE CD: 04,Nielsen Metal Moulding,FK04,5.86,0.312,Metal,0.438
N11-12,FROSTED PEWTER CD: 04,Nielsen Metal Moulding,FK04,5.86,0.312,Metal,0.438
N11-13,CONTRAST GREY CD: 04,Nielsen Metal Moulding,FK04,5.86,0.312,Metal,0.438
N11-14,GERMAN SILVER CD: 04,Nielsen Metal Moulding,FK04,5.86,0.312,Metal,0.438
N11-154,FLORENTINE GREY CD: 04,Nielsen Metal Moulding,FK04,6.92,0.312,Metal,0.438
N11-156,FLORENTINE BLACK CD: 04,Nielsen Metal Moulding,FK04,6.92,0.312,Metal,0.438
N11-20,SHINY BLACK CD: 04,Nielsen Metal Moulding,FK04,5.72,0.312,Metal,0.438
N11-21,MATTE BLACK CD: 04,Nielsen Metal Moulding,FK04,5.72,0.312,Metal,0.438
N117-01,SILVER CD: 04,Nielsen Metal Moulding,FK04,5.59,0.438,Metal,0.813
N117-02,FROSTED SILVER CD: 04,Nielsen Metal Moulding,FK04,5.66,0.438,Metal,0.813
N117-04,FROSTED GOLD CD: 04,Nielsen Metal Moulding,FK04,5.66,0.438,Metal,0.813
N117-23,ANTIQUE GOLD CD: 04,Nielsen Metal Moulding,FK04,5.66,0.438,Metal,0.813
N117-50,BLACK CD: 04,Nielsen Metal Moulding,FK04,5.66,0.438,Metal,0.813
N117-52,BRIGHT WHITE CD: 04,Nielsen Metal Moulding,FK04,5.66,0.438,Metal,0.813
N12-02,FROSTED SILVER CD: 04,Nielsen Metal Moulding,FK04,5.54,0.312,Metal,0.625
N15-03,GOLD CD: 04,Nielsen Metal Moulding,FK04,5.87,0.375,Metal,0.625
N33-50,BLACK CD: 04,Nielsen Metal Moulding,FK04,5.54,0.187,Metal,0.625
N97-Z,RAW N97 BACKMOUNT  CD: 4,Nielsen Metal Moulding,FK04,5.99,0.875,Metal,0.500
N117-201,MAROON CD: 05,Nielsen Metal Moulding,FK05,5.84,0.438,Metal,0.813
N117-202,TIGER ORANGE CD: 05,Nielsen Metal Moulding,FK05,5.84,0.438,Metal,0.813
N117-203,SUNSHINE CD: 05,Nielsen Metal Moulding,FK05,5.84,0.438,Metal,0.813
N117-204,KELLY GREEN CD: 05,Nielsen Metal Moulding,FK05,5.84,0.438,Metal,0.813
N117-205,FOREST GREEN CD: 05,Nielsen Metal Moulding,FK05,5.84,0.438,Metal,0.813
N117-206,AQUA CD: 05,Nielsen Metal Moulding,FK05,5.84,0.438,Metal,0.813
N117-207,MAGIC BLUE CD: 05,Nielsen Metal Moulding,FK05,5.84,0.438,Metal,0.813
N117-208,ROYAL PURPLE CD: 05,Nielsen Metal Moulding,FK05,5.84,0.438,Metal,0.813
N117-55,RIGHT RED CD: 05,Nielsen Metal Moulding,FK05,5.84,0.438,Metal,0.813
N117-58,INDIGO CD: 05,Nielsen Metal Moulding,FK05,5.84,0.438,Metal,0.813
N15-08,FROSTED BRONZE CD: 05,Nielsen Metal Moulding,FK05,6.14,0.375,Metal,0.625
N15-10,GRAPHITE CD: 05,Nielsen Metal Moulding,FK05,5.87,0.375,Metal,0.625
N15-12,FROSTED PEWTER CD: 05,Nielsen Metal Moulding,FK05,5.87,0.375,Metal,0.625
N15-13,CONTRAST GREY CD:05,Nielsen Metal Moulding,FK05,6.14,0.375,Metal,0.625
N15-14,GERMAN SILVER CD: 05,Nielsen Metal Moulding,FK05,5.87,0.375,Metal,0.625
N15-164,DUSK CD: 05,Nielsen Metal Moulding,FK05,6.14,0.375,Metal,0.625
N15-170,FROSTED UMBER CD: 05,Nielsen Metal Moulding,FK05,6.20,0.375,Metal,0.625
N15-19,FROSTED WALNUT CD: 05,Nielsen Metal Moulding,FK05,6.20,0.375,Metal,0.625
N15-20,ANODIC BLACK  CD: 05,Nielsen Metal Moulding,FK05,5.99,0.375,Metal,0.625
N15-24,COBALT  CD: 05,Nielsen Metal Moulding,FK05,5.87,0.375,Metal,0.625
N99-Z,RAW N99 BACKMOUNT  CD: 5,Nielsen Metal Moulding,FK05,6.10,1.375,Metal,
N15-21,MATTE BLACK  CD: 06,Nielsen Metal Moulding,FK06,5.99,0.375,Metal,0.625
N22-01,SILVER CD: 06,Nielsen Metal Moulding,FK06,5.93,0.312,Metal,1.000
N22-02,FROSTED SILVER CD: 06,Nielsen Metal Moulding,FK06,5.93,0.312,Metal,1.000
N22-03,GOLD CD: 06,Nielsen Metal Moulding,FK06,5.93,0.312,Metal,1.000
N25-01,SILVER CD: 06,Nielsen Metal Moulding,FK06,5.95,0.594,Metal,0.563
N25-02,FROSTED SILVER CD: 06,Nielsen Metal Moulding,FK06,5.95,0.594,Metal,0.563
N31-Z,BACKMOUNT SILVER CD: 06,Nielsen Metal Moulding,FK06,6.69,1.750,Metal,
N94-02,FROSTED SILVER CD: 06,Nielsen Metal Moulding,FK06,6.17,0.625,Metal,0.750
N117-10,GRAPHITE CD: 07,Nielsen Metal Moulding,FK07,6.67,0.438,Metal,0.813
N117-12,FROSTED PEWTER CD: 07,Nielsen Metal Moulding,FK07,6.67,0.438,Metal,0.813
N117-14,GERMAN SILVER CD: 07,Nielsen Metal Moulding,FK07,6.67,0.438,Metal,0.813
N117-164,DUSK CD: 07,Nielsen Metal Moulding,FK07,6.67,0.438,Metal,0.813
N117-19,FROSTED WALNUT CD: 07,Nielsen Metal Moulding,FK07,6.67,0.438,Metal,0.813
N117-270,BURNT SIENNA CD: 07,Nielsen Metal Moulding,FK07,6.67,0.438,Metal,0.813
N12-21,MATTE BLACK CD: 07,Nielsen Metal Moulding,FK07,6.47,0.312,Metal,0.625
N15-150,FLORENTINE SILVER CD: 07,Nielsen Metal Moulding,FK07,6.63,0.375,Metal,0.625
N15-153,FLORENTINE PEWTER CD: 07,Nielsen Metal Moulding,FK07,6.63,0.375,Metal,0.625
N15-154,FLORENTINE GREY CD:07,Nielsen Metal Moulding,FK07,6.63,0.375,Metal,0.625
N15-155,FLORENTINE AMBER CD: 07,Nielsen Metal Moulding,FK07,6.63,0.375,Metal,0.625
N15-156,FLORENTINE BLACK CD:07,Nielsen Metal Moulding,FK07,6.63,0.375,Metal,0.625
N25-04,FROSTED GOLD CD: 07,Nielsen Metal Moulding,FK07,5.95,0.594,Metal,0.563
N31-21,BACKMOUNT BLACK CD: 07,Nielsen Metal Moulding,FK07,6.85,1.750,Metal,
N93-01,SILVER CD: 07,Nielsen Metal Moulding,FK07,6.05,0.437,Metal,0.500
N93-50,BLACK CD: 07,Nielsen Metal Moulding,FK07,5.98,0.437,Metal,0.500
N93-52,BRIGHT WHITE CD: 07,Nielsen Metal Moulding,FK07,5.98,0.437,Metal,0.500
N117-227,TORNADO RED CD: 08,Nielsen Metal Moulding,FK08,6.70,0.438,Metal,0.813
N117-230,REFLEX SILVER CD: 08,Nielsen Metal Moulding,FK08,6.70,0.438,Metal,0.813
N117-231,GOLD BULLION CD: 08,Nielsen Metal Moulding,FK08,6.70,0.438,Metal,0.813
N117-232,GALACTIC BLUE CD: 08,Nielsen Metal Moulding,FK08,6.70,0.438,Metal,0.813
N117-233,PURPLE HAZE CD: 08,Nielsen Metal Moulding,FK08,6.70,0.438,Metal,0.813
N117-235,TANGERINE TWIST CD: 08,Nielsen Metal Moulding,FK08,6.70,0.438,Metal,0.813
N117-236,CYBER GREEN CD: 08,Nielsen Metal Moulding,FK08,6.70,0.438,Metal,0.813
N117-237,RASPBERRY FIZZ CD: 08,Nielsen Metal Moulding,FK08,6.70,0.438,Metal,0.813
N117-238,TURQUOISE VIVID CD:08,Nielsen Metal Moulding,FK08,6.70,0.438,Metal,0.813
N117-240,AMETHYST VIVID CD: 08,Nielsen Metal Moulding,FK08,6.70,0.438,Metal,0.813
N25-20,ANODIC BLACK CD: 08,Nielsen Metal Moulding,FK08,6.47,0.594,Metal,0.563
N25-21,MATTE BLACK CD: 08,Nielsen Metal Moulding,FK08,6.47,0.594,Metal,0.563
N117-20,ANODIC BLACK CD: 09,Nielsen Metal Moulding,FK09,6.50,0.438,Metal,0.813
N117-21,MATTE BLACK CD: 09,Nielsen Metal Moulding,FK09,6.50,0.438,Metal,0.813
N117-400,BRUSHED ALUM SATIN CD: 09,Nielsen Metal Moulding,FK09,7.22,0.438,Metal,0.813
N34-14,GERMAN SILVER CD: 09,Nielsen Metal Moulding,FK09,7.38,0.250,Metal,0.688
N34-179,BLACK METALLINE CD: 09,Nielsen Metal Moulding,FK09,7.59,0.250,Metal,0.688
N34-21,MATTE BLACK CD:  09,Nielsen Metal Moulding,FK09,7.38,0.250,Metal,0.688
N13-14,GERMAN SILVER FLOATER CD: 10,Nielsen Metal Moulding,FK10,7.22,0.250,Metal,0.563
N13-21,MATTE BLACK FLOATER CD: 10,Nielsen Metal Moulding,FK10,7.22,0.250,Metal,0.563
N93-04,FROSTED GOLD CD:10,Nielsen Metal Moulding,FK10,5.98,0.437,Metal,0.500
N93-23,ANTIQUE GOLD CD:10,Nielsen Metal Moulding,FK10,6.05,0.437,Metal,0.500
N117-280,AMERICAN NATURAL CD:11,Nielsen Metal Moulding,FK11,7.61,0.438,Metal,0.813
N117-470,BRUSHED SATIN NICKEL CD: 11,Nielsen Metal Moulding,FK11,7.22,0.438,Metal,0.813
N117-478,BRUSHED SATIN PEWTER CD: 11,Nielsen Metal Moulding,FK11,7.22,0.438,Metal,0.813
N22-14,GERMAN SILVER CD: 11,Nielsen Metal Moulding,FK11,6.64,0.312,Metal,1.000
N22-20,ANODIC BLACK CD: 11,Nielsen Metal Moulding,FK11,7.42,0.312,Metal,1.000
N22-21,MATTE BLACK CD: 11,Nielsen Metal Moulding,FK11,7.42,0.312,Metal,1.000
N34-280,AMERICAN NATURAL CD11,Nielsen Metal Moulding,FK11,7.73,0.250,Metal,0.688
N93-14,GERMAN SILVER CD: 11,Nielsen Metal Moulding,FK11,6.56,0.437,Metal,0.500
N93-156,FLORENTINE BLACK CD: 11,Nielsen Metal Moulding,FK11,7.10,0.437,Metal,0.500
N93-170,FROSTED UMBER CD:11,Nielsen Metal Moulding,FK11,6.82,0.437,Metal,0.500
N93-19,FROSTED WALNUT CD: 11,Nielsen Metal Moulding,FK11,6.56,0.437,Metal,0.500
N93-20,ANODIC BLACK CD: 11,Nielsen Metal Moulding,FK11,7.62,0.437,Metal,0.500
N93-21,MATTE BLACK CD: 11,Nielsen Metal Moulding,FK11,7.43,0.437,Metal,0.500
N94-21,MATTE BLACK CD: 11,Nielsen Metal Moulding,FK11,7.38,0.625,Metal,0.750
N97-50,BLACK CD: 11,Nielsen Metal Moulding,FK11,8.64,0.875,Metal,0.500
N93-150,FLORENTINE SILVER CD: 12,Nielsen Metal Moulding,FK12,7.10,0.437,Metal,0.500
N93-154,FLORENTINE GREY CD: 12,Nielsen Metal Moulding,FK12,7.10,0.437,Metal,0.500
N93-550,TUSCAN SILVER LINEN  CD:12,Nielsen Metal Moulding,FK12,7.29,0.437,Metal,0.500
N93-552,TUSCAN RAW STEEL LINEN  CD:12,Nielsen Metal Moulding,FK12,7.29,0.437,Metal,0.500
N93-553,TUSCAN CARAMEL LINEN  CD:12,Nielsen Metal Moulding,FK12,7.29,0.437,Metal,0.500
N93-555,TUSCAN GOLD LINEN  CD:12,Nielsen Metal Moulding,FK12,7.29,0.437,Metal,0.500
N93-556,TUSCAN LINEN BLACK CD:12,Nielsen Metal Moulding,FK12,7.29,0.437,Metal,0.500
N93-557,TUSCAN PEWTER LINEN  CD:12,Nielsen Metal Moulding,FK12,7.29,0.437,Metal,0.500
N93-558,TUSCAN SLATE LINEN  CD:12,Nielsen Metal Moulding,FK12,7.29,0.437,Metal,0.500
N21-21,MATTE BLACK CD:13,Nielsen Metal Moulding,FK13,7.67,0.594,Metal,0.625
N65-421,MATTE BLACK CD:13,Nielsen Metal Moulding,FK13,7.77,0.500,Metal,0.625
N71-21,MATTE BLACK CD: 13,Nielsen Metal Moulding,FK13,8.40,0.563,Metal,1.000
N21-08,FROSTED ROSE GOLD CD:14,Nielsen Metal Moulding,FK14,7.67,0.594,Metal,0.625
N21-227,VIVID RED CD:14,Nielsen Metal Moulding,FK14,7.67,0.594,Metal,0.625
N21-23,ANTIQUE GOLD CD:14,Nielsen Metal Moulding,FK14,7.67,0.594,Metal,0.625
N21-233,PURPLE HAZE CD:14,Nielsen Metal Moulding,FK14,7.67,0.594,Metal,0.625
N21-235,TANGERINE TWIST CD:14,Nielsen Metal Moulding,FK14,7.67,0.594,Metal,0.625
N21-250,MERLOT CD:14,Nielsen Metal Moulding,FK14,7.67,0.594,Metal,0.625
N21-257,SAPPHIRE CD:14,Nielsen Metal Moulding,FK14,7.67,0.594,Metal,0.625
N21-258,REALLY TEAL CD:14,Nielsen Metal Moulding,FK14,7.67,0.594,Metal,0.625
N21-261,DAWN CD:14,Nielsen Metal Moulding,FK14,7.67,0.594,Metal,0.625
N21-400,CHROME CD:14,Nielsen Metal Moulding,FK14,7.67,0.594,Metal,0.625
N21-50,PAINTED BLACK CD:14,Nielsen Metal Moulding,FK14,7.67,0.594,Metal,0.625
N24-414,GERMAN SILVER BRUSHED SATIN CD: 14,Nielsen Metal Moulding,FK14,8.34,0.500,Metal,0.625
N24-421,BLACK BRUSHED SATIN CD: 14,Nielsen Metal Moulding,FK14,8.34,0.500,Metal,0.625
N24-423,ANTIQUE GOLD BRUSHED SATIN CD: 14,Nielsen Metal Moulding,FK14,8.34,0.500,Metal,0.625
N24-469,STAINLESS STEEL BRUSHED SATIN CD: 14,Nielsen Metal Moulding,FK14,8.34,0.500,Metal,0.625
N24-471,SLATE BRUSHED SATIN CD: 14,Nielsen Metal Moulding,FK14,8.34,0.500,Metal,0.625
N24-475,CHOCOLATE BRUSHED SATIN CD: 14,Nielsen Metal Moulding,FK14,8.34,0.500,Metal,0.625
N24-476,SAPPHIRE BRUSHED SATIN CD: 14,Nielsen Metal Moulding,FK14,8.34,0.500,Metal,0.625
N65-246,OLD GOLD CD:14,Nielsen Metal Moulding,FK14,7.77,0.500,Metal,0.625
N65-251,BARELY GOLD CD:14,Nielsen Metal Moulding,FK14,7.77,0.500,Metal,0.625
N65-252,ROBIN'S EGG BLUE CD:14,Nielsen Metal Moulding,FK14,7.77,0.500,Metal,0.625
N65-429,EBONY CD:14,Nielsen Metal Moulding,FK14,7.77,0.500,Metal,0.625
N97-14,GERMAN SILVER CD: 14,Nielsen Metal Moulding,FK14,8.68,0.875,Metal,0.500
N97-150,FLORENTINE SILVER CD: 14,Nielsen Metal Moulding,FK14,9.61,0.875,Metal,0.500
N97-151,FLORENTINE GOLD CD: 14,Nielsen Metal Moulding,FK14,9.61,0.875,Metal,0.500
N97-154,FLORENTINE GREY CD: 14,Nielsen Metal Moulding,FK14,9.61,0.875,Metal,0.500
N97-155,FLORENTINE AMBER CD: 14,Nielsen Metal Moulding,FK14,9.61,0.875,Metal,0.500
N97-156,FLORENTINE BLACK CD: 14,Nielsen Metal Moulding,FK14,9.61,0.875,Metal,0.500
N97-167,FLORENTINE WALNUT CD: 14,Nielsen Metal Moulding,FK14,9.61,0.875,Metal,0.500
N97-21,MATTE BLACK CD: 14,Nielsen Metal Moulding,FK14,8.98,0.875,Metal,0.500
N97-400,BRUSHED ALUM SATIN CD: 14,Nielsen Metal Moulding,FK14,9.61,0.875,Metal,0.500
N97-550,TUSCAN LINEN SILVER CD: 14,Nielsen Metal Moulding,FK14,9.61,0.875,Metal,0.500
N97-552,TUSCAN RAW STEEL LINEN CD: 14,Nielsen Metal Moulding,FK14,9.61,0.875,Metal,0.500
N97-553,TUSCAN CARAMEL LINEN CD: 14,Nielsen Metal Moulding,FK14,9.61,0.875,Metal,0.500
N97-555,TUSCAN LINEN AMBER CD: 14,Nielsen Metal Moulding,FK14,9.61,0.875,Metal,0.500
N97-556,TUSCAN LINEN BLACK CD: 14,Nielsen Metal Moulding,FK14,9.81,0.875,Metal,0.500
N97-557,TUSCAN PEWTER LINEN CD: 14,Nielsen Metal Moulding,FK14,9.61,0.875,Metal,0.500
N97-558,TUSCAN SLATE LINEN CD: 14,Nielsen Metal Moulding,FK14,9.61,0.875,Metal,0.500
N95-10,GRAPHITE CD: 16,Nielsen Metal Moulding,FK16,9.61,0.875,Metal,1.000
N95-14,GERMAN SILVER CD: 16,Nielsen Metal Moulding,FK16,9.61,0.875,Metal,1.000
N95-21,MATTE BLACK CD: 16,Nielsen Metal Moulding,FK16,9.61,0.875,Metal,1.000
N95-224,MATTE WHITE CD: 16,Nielsen Metal Moulding,FK16,8.94,0.875,Metal,1.000
N95-23,ANTIQUE GOLD CD: 16,Nielsen Metal Moulding,FK16,8.94,0.875,Metal,1.000
N99-21,MATTE BLACK CD: 16,Nielsen Metal Moulding,FK16,9.83,1.375,Metal,0.500
N95-429,BRITE BLACK BRUSHED CD: 17,Nielsen Metal Moulding,FK17,9.61,0.875,Metal,1.000
N95-470,BRUSHED SATIN NICKEL CD: 18,Nielsen Metal Moulding,FK18,9.61,0.875,Metal,1.000
N225-154,GRAPHITE SCOOP CD: 19,Nielsen Metal Moulding,FK19,9.61,1.250,Metal,0.625
N225-421,JET BLACK SCOOP CD: 19,Nielsen Metal Moulding,FK19,9.61,1.250,Metal,0.625
N225-452,FROSTED GOLD SCOOP CD: 19,Nielsen Metal Moulding,FK19,9.61,1.250,Metal,0.625
N225-469,MODERN PEWTER SCOOP CD: 19,Nielsen Metal Moulding,FK19,9.61,1.250,Metal,0.625
N99-150,FLORENTINE SILVER CD: 19,Nielsen Metal Moulding,FK19,11.31,1.375,Metal,0.500
N99-154,FLORENTINE GREY CD: 19,Nielsen Metal Moulding,FK19,11.31,1.375,Metal,0.500
N99-156,FLORENTINE BLACK CD: 19,Nielsen Metal Moulding,FK19,11.31,1.375,Metal,0.500
N99-421,BRUSHED SATIN BLACK CD: 19,Nielsen Metal Moulding,FK19,10.56,1.375,Metal,0.500
N99-430,BRUSHED GERMAN SILVER CD: 19,Nielsen Metal Moulding,FK19,10.56,1.375,Metal,0.500
N99-470,BRUSHED SATIN NICKEL CD: 19,Nielsen Metal Moulding,FK19,10.48,1.375,Metal,0.500
N99-478,BRUSHED SATIN PEWTER CD: 19,Nielsen Metal Moulding,FK19,10.72,1.375,Metal,0.500
N14-14,GERMAN SILVER FLOATER CD: 20,Nielsen Metal Moulding,FK20,11.62,0.250,Metal,1.563
N14-21,MATTE BLACK FLOATER CD: 20,Nielsen Metal Moulding,FK20,11.62,0.250,Metal,1.563
N100-14,GERMAN SILVER CD: 22,Nielsen Metal Moulding,FK22,13.04,0.375,Metal,1.625
N100-21,MATTE BLACK CD: 22,Nielsen Metal Moulding,FK22,13.04,0.375,Metal,1.625
10602183,NATURAL RAW MAPLE  CD:F10,Folk Wood Moulding,FOLK10,6.46,0.750,Wood,0.750
10793000,BLACK MODE CD:F10,NMC Moulding,FOLK10,5.88,1.000,Wood,2.313
10793009,WHITE MODE CD:F10,NMC Moulding,FOLK10,5.88,1.000,Wood,2.313
10793123,S/O MATTE BLACK PP MODE  CD:F10,Francisco Moulding,FOLK10,4.99,1.000,Wood,2.063
10793154,"BLACK WITH SILVER PINSTRIPE MODE  CD:F10
",Francisco Moulding,FOLK10,5.88,1.000,Wood,2.313
10793990,MIDNIGHT BLACK MODE  CD:F10,Francisco Moulding,FOLK10,5.25,1.313,Wood,1.938
10899124,"NATURAL ASH RAW 2"" TALL x 9/16""   CD:F10",Folk Wood Moulding,FOLK10,5.55,0.563,Wood,1.750
10899217,"S/O NATURAL MAPLE RAW 2"" TALL x 3/4""  CD:F10",Folk Wood Moulding,FOLK10,6.53,0.750,Wood,1.750
13563000,BLACK GALLERY SKINNY CD:F10,NMC Moulding,FOLK10,4.81,0.563,Wood,1.625
13563009,WHITE GALLERY SKINNY CD:F10,NMC Moulding,FOLK10,4.81,0.563,Wood,1.625
13563232,LIGHT GREY GALLERY SKINNY CD:F10,NMC Moulding,FOLK10,4.81,0.563,Wood,1.625
13563234,TAUPE GALLERY SKINNY CD:F10,NMC Moulding,FOLK10,4.81,0.563,Wood,1.625
13583000,BLACK DAILY CD:F10,NMC Moulding,FOLK10,4.81,0.750,Wood,1.500
13583009,WHITE DAILY CD:F10,NMC Moulding,FOLK10,4.81,0.750,Wood,1.500
1609462,SWEET CHERRY COHIBA CD:F10,Salvadori Moulding,FOLK10,4.47,0.563,Wood,1.250
1609463,DARK WALNUT COHIBA CD:F10,Salvadori Moulding,FOLK10,4.47,0.563,Wood,1.250
20102000,TEQUILA COCKTAIL CD:F10,Salvadori Moulding,FOLK10,4.49,0.625,Wood,0.313
20102001,NEGRONI COCKTAIL CD:F10,Salvadori Moulding,FOLK10,4.49,0.625,Wood,0.313
20102002,BOMBAY COCKTAIL CD:F10,Salvadori Moulding,FOLK10,4.49,0.625,Wood,0.313
20102003,BLUE LAGOON COCKTAIL CD:F10,Salvadori Moulding,FOLK10,4.49,0.625,Wood,0.313
20102004,MOJITO COCKTAIL CD:F10,Salvadori Moulding,FOLK10,4.49,0.625,Wood,0.313
20102005,SPRITZ COCKTAIL CD:F10,Salvadori Moulding,FOLK10,4.49,0.625,Wood,0.313
201046,ALU MATRIX  CD:F10,Salvadori Moulding,FOLK10,4.02,0.625,Wood,0.313
201047,STEEL MATRIX  CD:F10,Salvadori Moulding,FOLK10,4.02,0.625,Wood,0.313
201056,GOLD MATRIX  CD:F10,Salvadori Moulding,FOLK10,4.02,0.625,Wood,0.313
201057,COPPER MATRIX  CD:F10,Salvadori Moulding,FOLK10,4.02,0.625,Wood,0.313
201058,BRONZE MATRIX  CD:F10,Salvadori Moulding,FOLK10,4.02,0.625,Wood,0.313
325305,BLUE NATURA CD:F10,Mael,FOLK10,5.30,1.625,Wood,0.563
325396,GREY NATURA CD:F10,Mael,FOLK10,5.30,1.625,Wood,0.563
325647,GREEN NATURA CD:F10,Mael,FOLK10,5.30,1.625,Wood,0.563
325702,DARK WALNUT NATURA CD:F10,Mael,FOLK10,5.30,1.625,Wood,0.563
325851,LIGHT WALNUT NATURA CD:F10,Mael,FOLK10,5.30,1.625,Wood,0.563
523500,BLACK WITH GOLDEN LIP BARDOT CD:F10,Francisco Moulding,FOLK10,4.89,1.375,Wood,0.625
6007381,OAK NATURAL CD:F10,Salvadori Moulding,FOLK10,4.71,0.750,Wood,1.125
6007383,CANALETTO WALNUT NATURAL CD:F10,Salvadori Moulding,FOLK10,4.71,0.750,Wood,1.125
6007462,SWEET CHERRY COHIBA CD:F10,Salvadori Moulding,FOLK10,4.89,0.750,Wood,1.125
6007463,DARK WALNUT COHIBA CD:F10,Salvadori Moulding,FOLK10,4.89,0.750,Wood,1.125
6007753,DARK GREY PURITY CD:F10,Salvadori Moulding,FOLK10,4.62,0.750,Wood,1.125
6007755,DARK BLUE PURITY CD:F10,Salvadori Moulding,FOLK10,4.62,0.750,Wood,1.125
6007756,LIGHT BLUE PURITY CD:F10,Salvadori Moulding,FOLK10,4.62,0.750,Wood,1.125
6007758,VIOLET PURITY CD:F10,Salvadori Moulding,FOLK10,4.62,0.750,Wood,1.125
6007760,DARK GREEN PURITY CD:F10,Salvadori Moulding,FOLK10,4.62,0.750,Wood,1.125
6007761,LIGHT GREEN PURITY CD:F10,Salvadori Moulding,FOLK10,4.62,0.750,Wood,1.125
6007762,DARK RED PURITY CD:F10,Salvadori Moulding,FOLK10,4.62,0.750,Wood,1.125
6007765,YELLOW PURITY CD:F10,Salvadori Moulding,FOLK10,4.62,0.750,Wood,1.125
6007770,TIFFANY BLUE PURITY CD:F10,Salvadori Moulding,FOLK10,4.62,0.750,Wood,1.125
60081251,"BLACK GROOVE CD:F10
",Salvadori Moulding,FOLK10,4.95,0.875,Wood,0.500
60081252,"WHITE GROOVE CD:F10
",Salvadori Moulding,FOLK10,4.95,0.875,Wood,0.500
6008670,AFTER DARK FOREST  CD:F10,Salvadori Moulding,FOLK10,5.37,0.813,Wood,0.500
6008671,WEATHERED TAUPE FOREST  CD:F10,Salvadori Moulding,FOLK10,5.37,0.813,Wood,0.500
6008672,WEATHERED WHITE FOREST  CD:F10,Salvadori Moulding,FOLK10,5.37,0.813,Wood,0.500
6008678,WEATHERED JAVA FOREST  CD:F10,Salvadori Moulding,FOLK10,5.37,0.813,Wood,0.500
6008679,TERRA COTTA FOREST  CD:F10,Salvadori Moulding,FOLK10,5.37,0.813,Wood,0.500
6008801,PALE GOLD VOYAGER  CD:F10,Salvadori Moulding,FOLK10,5.35,0.813,Wood,0.500
6008802,ALUMINUM VOYAGER  CD:F10,Salvadori Moulding,FOLK10,5.35,0.813,Wood,0.500
6008803,GREY QUARTZ VOYAGER  CD:F10,Salvadori Moulding,FOLK10,5.35,0.813,Wood,0.500
6008804,GUNMETAL BRONZE VOYAGER  CD:F10,Salvadori Moulding,FOLK10,5.35,0.813,Wood,0.500
6108401,AQUA DENIM CD:F10,Salvadori Moulding,FOLK10,5.08,0.750,Wood,0.500
6108402,OLIVE GREEN DENIM CD:F10,Salvadori Moulding,FOLK10,5.08,0.750,Wood,0.500
6108403,BLUSH DENIM CD:F10,Salvadori Moulding,FOLK10,5.08,0.750,Wood,0.500
6108404,AMALFI BLUE DENIM CD:10,Salvadori Moulding,FOLK10,5.08,0.750,Wood,0.500
6108405,SAFFRON DENIM CD:F10,Salvadori Moulding,FOLK10,5.08,0.750,Wood,0.500
6108406,VALENTINE RED DENIM CD:F10,Salvadori Moulding,FOLK10,5.08,0.750,Wood,0.500
6108407,ENVY GREEN DENIM CD:F10,Salvadori Moulding,FOLK10,5.08,0.750,Wood,0.500
6108408,TOP SOIL DENIM CD:F10,Salvadori Moulding,FOLK10,5.08,0.750,Wood,0.500
6108409,CONCRETE DENIM CD:F10,Salvadori Moulding,FOLK10,5.08,0.750,Wood,0.500
6108410,STORM DENIM CD:F10,Salvadori Moulding,FOLK10,5.08,0.750,Wood,0.500
6108412,BLUE JEAN DENIM CD:F10,Salvadori Moulding,FOLK10,5.08,0.750,Wood,0.500
6108413,ESPRESSO DENIM CD:F10,Salvadori Moulding,FOLK10,5.08,0.750,Wood,0.500
6108414,CHOCOLATE DENIM CD:F10,Salvadori Moulding,FOLK10,5.08,0.750,Wood,0.500
6108415,CARAMEL DENIM CD:F10,Salvadori Moulding,FOLK10,5.08,0.750,Wood,0.500
6108416,VANILLA DENIM CD:F10,Salvadori Moulding,FOLK10,5.08,0.750,Wood,0.500
6108417,CREAM DENIM CD:F10,Salvadori Moulding,FOLK10,5.08,0.750,Wood,0.500
80848,BLACK LACQUER PURITY CD:F10,Salvadori Moulding,FOLK10,4.71,0.750,Wood,0.750
80849,WHITE LACQUER PURITY CD:F10,Salvadori Moulding,FOLK10,4.71,0.750,Wood,0.750
NC46104,ANTIQUE BLACK MINI CD:F10,Nurre Moulding,FOLK10,4.49,0.625,Wood,0.500
NC62304,ANTIQUE BLACK PALLADIO CD:F10,Nurre Moulding,FOLK10,4.15,0.625,Wood,0.313
10899107,"NATURAL RAW MAPLE 2"" TALL  CD:F11",Folk Wood Moulding,FOLK11,6.53,0.563,Wood,1.750
11093000,MATTE BLACK MODE CD:F11,Francisco Moulding,FOLK11,5.30,1.000,Wood,1.625
12078000,MATTE BLACK MODE CD:F11,Francisco Moulding,FOLK11,6.55,2.000,Wood,0.750
1604260,NATURAL BLONDE OAK MOMA CD:F11,Salvadori Moulding,FOLK11,6.08,0.625,Wood,0.875
1604261,DARK WALNUT MOMA CD:F11,Salvadori Moulding,FOLK11,6.08,0.625,Wood,0.875
1604262,LIGHT WALNUT MOMA CD:F11,Salvadori Moulding,FOLK11,6.08,0.625,Wood,0.875
1604263,DARK SKY MOMA CD:F11,Salvadori Moulding,FOLK11,6.08,0.625,Wood,0.875
1604264,SAND DOLLAR MOMA CD:F11,Salvadori Moulding,FOLK11,6.08,0.625,Wood,0.875
1604265,DAWN GREY MOMA CD:F11,Salvadori Moulding,FOLK11,6.08,0.625,Wood,0.875
1617381,OAK NATURAL CD:F11,Salvadori Moulding,FOLK11,5.30,1.125,Wood,0.750
1617383,CANALETTO WALNUT NATURAL CD:F11,Salvadori Moulding,FOLK11,5.30,1.125,Wood,0.750
2604438,"GILDED GOLD BROADWAY CD:F11
",Salvadori Moulding,FOLK11,6.06,0.625,Wood,0.875
2604439,"GILDED SILVER BROADWAY CD:F11
",Salvadori Moulding,FOLK11,6.06,0.625,Wood,0.875
2608438,"GILDED GOLD BROADWAY CD:F11
",Salvadori Moulding,FOLK11,5.79,0.750,Wood,0.500
2608439,"GILDED SILVER BROADWAY CD:F11
",Salvadori Moulding,FOLK11,5.79,0.750,Wood,0.500
32753000,BLACK PRESTIGE CD:F11,NMC Moulding,FOLK11,3.70,2.000,Wood,0.500
32753002,BLACK WOODGRAIN PRESTIGE CD:F11,NMC Moulding,FOLK11,3.84,2.000,Wood,0.500
32753009,WHITE PRESTIGE CD:F11,NMC Moulding,FOLK11,3.70,2.000,Wood,0.500
36928,BLACK CARBON  CD:F11,Salvadori Moulding,FOLK11,5.78,0.813,Wood,1.188
492214,WHITE CHIC CD:F11,Salvadori Moulding,FOLK11,5.67,1.125,Wood,0.375
492215,ANTRACITE CHIC CD:F11,Salvadori Moulding,FOLK11,5.67,1.125,Wood,0.375
492316,BRONZE CHIC CD:F11,Salvadori Moulding,FOLK11,5.67,1.125,Wood,0.375
492317,STEEL CHIC CD:F11,Salvadori Moulding,FOLK11,5.67,1.125,Wood,0.375
492318,GOLD CHIC CD:F11,Salvadori Moulding,FOLK11,5.67,1.125,Wood,0.375
492319,SILVER CHIC CD:F11,Salvadori Moulding,FOLK11,5.67,1.125,Wood,0.375
523554,OLD SILVER WITH BLACK BARDOT CD:F12,Francisco Moulding,FOLK11,5.65,1.375,Wood,0.625
523555,OLD GOLD WITH BLACK BARDOT CD:F12,Francisco Moulding,FOLK11,5.65,1.375,Wood,0.625
600748,BLACK LACQUER PURITY CD:F11,Salvadori Moulding,FOLK11,5.01,0.750,Wood,1.125
60081661,SUNBURST FLUO CD:F11,Salvadori Moulding,FOLK11,5.45,0.875,Wood,0.500
60081662,TANGERINE POP FLUO CD:F11,Salvadori Moulding,FOLK11,5.45,0.875,Wood,0.500
60081663,CHERRY BLAZE FLUO CD:F11,Salvadori Moulding,FOLK11,5.45,0.875,Wood,0.500
60081664,BOLT BLUE FLUO CD:F11,Salvadori Moulding,FOLK11,5.45,0.875,Wood,0.500
60081665,ELECTRIC LIME FLUO CD:F11,Salvadori Moulding,FOLK11,5.45,0.875,Wood,0.500
60081666,GRAPE FIZZ FLUO CD:F11,Salvadori Moulding,FOLK11,5.45,0.875,Wood,0.500
6108710,SILVER DENIM CD:F11,Salvadori Moulding,FOLK11,5.78,0.750,Wood,0.500
6108711,GOLD DENIM CD:F11,Salvadori Moulding,FOLK11,5.78,0.750,Wood,0.500
779462,SWEET CHERRY COHIBA CD:F11,Salvadori Moulding,FOLK11,5.20,1.250,Wood,0.625
779463,DARK WALNUT COHIBA CD:F11,Salvadori Moulding,FOLK11,5.20,1.250,Wood,0.625
NC18302,MEDINA SILVER MARRAKESH CD:F11,Nurre Moulding,FOLK11,5.50,0.750,Wood,0.500
NC18314,GALENA BLACK MARRAKESH CD:F11,Nurre Moulding,FOLK11,5.50,0.750,Wood,0.500
NC18315,TAJINE MARRAKESH CD:F11,Nurre Moulding,FOLK11,5.50,0.750,Wood,0.500
NC18341,SAFFRON GOLD MARRAKESH CD:F11,Nurre Moulding,FOLK11,5.50,0.750,Wood,0.500
NC18402,MEDINA SILVER MARRAKESH CD:F11,Nurre Moulding,FOLK11,5.00,0.625,Wood,0.500
NC18414,GALENA BLACK MARRAKESH CD:F11,Nurre Moulding,FOLK11,5.00,0.625,Wood,0.500
NC18415,TAJINE MARRAKESH CD:F11,Nurre Moulding,FOLK11,5.00,0.625,Wood,0.500
NC18441,SAFFRON GOLD MARRAKESH CD:F11,Nurre Moulding,FOLK11,5.00,0.625,Wood,0.500
NC29513,GREY WASH WOODWORKS CD:F11,Nurre Moulding,FOLK11,4.84,1.688,Wood,0.875
NC29514,BLACK ASH WOODWORKS CD:F11,Nurre Moulding,FOLK11,4.84,1.688,Wood,0.875
NC29516,WHITE WASH WOODWORKS CD:F11,Nurre Moulding,FOLK11,4.84,1.688,Wood,0.875
NC29529,CEDAR WOODWORKS CD:F11,Nurre Moulding,FOLK11,4.84,1.688,Wood,0.875
NC29575,HAZELNUT WOODWORKS CD:F11,Nurre Moulding,FOLK11,4.84,1.688,Wood,0.875
NC46111,BLACK & GOLD LEAF MINI CD:F11,Nurre Moulding,FOLK11,4.81,0.625,Wood,0.500
NC46112,BLACK & SILVER LEAF MINI CD:F11,Nurre Moulding,FOLK11,4.81,0.625,Wood,0.500
NC46116,COPPER MINI CD:F11,Nurre Moulding,FOLK11,4.99,0.625,Wood,0.500
NC46198,BLACK VERDIGRIS MINI CD:F11,Nurre Moulding,FOLK11,4.99,0.625,Wood,0.500
NC62404,ANTIQUE BLACK PALLADIO CD:F11,Nurre Moulding,FOLK11,4.88,1.000,Wood,0.563
10793011,BRONZE MODE CD:F12,Francisco Moulding,FOLK12,6.15,1.000,Wood,2.313
10793054,PEWTER MODE CD:F12,Francisco Moulding,FOLK12,6.15,1.000,Wood,2.313
10793303,GOLD MODE CD:F12,Francisco Moulding,FOLK12,6.15,1.000,Wood,2.313
12866212,"S/O BASSWOOD 2 1/2""  BLOCK CD:F12",Folk Wood Moulding,FOLK12,3.80,2.500,Wood,0.188
1603260,NATURAL BLONDE OAK MOMA CD:F12,Salvadori Moulding,FOLK12,6.59,0.875,Wood,0.938
1603261,DARK WALNUT MOMA CD:F12,Salvadori Moulding,FOLK12,6.59,0.875,Wood,0.938
1603262,LIGHT WALNUT MOMA CD:F12,Salvadori Moulding,FOLK12,6.59,0.875,Wood,0.938
1603263,DARK SKY MOMA CD:F12,Salvadori Moulding,FOLK12,6.59,0.875,Wood,0.938
1603264,SAND DOLLAR MOMA CD:F12,Salvadori Moulding,FOLK12,6.59,0.875,Wood,0.938
1603265,DAWN GREY MOMA CD:F12,Salvadori Moulding,FOLK12,6.59,0.875,Wood,0.938
1902670,AFTER DARK FOREST  CD:F12,Salvadori Moulding,FOLK12,6.37,1.250,Wood,0.438
1902671,WEATHERED TAUPE FOREST  CD:F12,Salvadori Moulding,FOLK12,6.37,1.250,Wood,0.438
1902672,WEATHERED WHITE FOREST  CD:F12,Salvadori Moulding,FOLK12,6.37,1.250,Wood,0.438
1902678,WEATHERED JAVA FOREST  CD:F12,Salvadori Moulding,FOLK12,6.37,1.250,Wood,0.438
1902679,TERRA COTTA FOREST  CD:F12,Salvadori Moulding,FOLK12,6.37,1.250,Wood,0.438
2607438,"GILDED GOLD BROADWAY CD:F12
",Salvadori Moulding,FOLK12,7.71,1.188,Wood,0.750
2607439,"GILDED SILVER BROADWAY CD:F12
",Salvadori Moulding,FOLK12,7.71,1.188,Wood,0.750
38678000,"PITCH BLACK QUORA  CD:F12
",Francisco Moulding,FOLK12,4.70,1.625,Wood,0.938
38678025,"LIGHT WALNUT QUORA  CD:F12
",Francisco Moulding,FOLK12,4.70,1.625,Wood,0.938
38678036,"WALNUT QUORA  CD:F12
",Francisco Moulding,FOLK12,4.70,1.625,Wood,0.938
38678069,"FOG GREY QUORA  CD:F12
",Francisco Moulding,FOLK12,4.70,1.625,Wood,0.938
38678083,"MAPLE QUORA  CD:F12
",Francisco Moulding,FOLK12,4.70,1.625,Wood,0.938
38678235,"WHITE OAK QUORA  CD:F12
",Francisco Moulding,FOLK12,4.70,1.625,Wood,0.938
60071251,"BLACK GROOVE CD:F12
",Salvadori Moulding,FOLK12,7.22,0.875,Wood,1.125
60071252,"WHITE GROOVE CD:F12
",Salvadori Moulding,FOLK12,7.22,0.875,Wood,1.125
F2-101,"WHITE LINEN 3"" LINER  CD:F12",Linen Liners,FOLK12,9.66,3.000,Liner,0.250
F2-102,"NATURAL LINEN 3"" LINER  CD:F12",Linen Liners,FOLK12,9.66,3.000,Liner,0.250
F2-112,"S/O BLACK LINEN 3"" LINER  CD:F12",Linen Liners,FOLK12,9.83,3.000,Liner,0.250
NC17902,MEDINA SILVER MARRAKESH CD:F12,Nurre Moulding,FOLK12,7.19,1.000,Wood,0.750
NC17914,GALENA BLACK MARRAKESH CD:F12,Nurre Moulding,FOLK12,7.19,1.000,Wood,0.750
NC17915,TAJINE MARRAKESH CD:F12,Nurre Moulding,FOLK12,7.19,1.000,Wood,0.750
NC17941,SAFFRON GOLD MARRAKESH CD:F12,Nurre Moulding,FOLK12,7.19,1.000,Wood,0.750
NC40304,CAST IRON ARDESIA CD:F12,Nurre Moulding,FOLK12,5.74,0.750,Wood,0.625
NC46101,ANTIQUE GOLD LEAF MINI CD:F12,Nurre Moulding,FOLK12,5.67,0.625,Wood,0.500
NC46102,ANTIQUE SILVER LEAF MINI CD:F12,Nurre Moulding,FOLK12,5.67,0.625,Wood,0.500
NC46205,OXIDIZED COPPER MINI CD:F12,Nurre Moulding,FOLK12,6.12,0.625,Wood,0.688
NC46207,OXIDIZED GOLD MINI CD:F12,Nurre Moulding,FOLK12,6.12,0.625,Wood,0.688
NC46209,OXIDIZED SILVER MINI CD:F12,Nurre Moulding,FOLK12,6.12,0.625,Wood,0.688
NC46242,OXIDIZED BLACK MINI CD:F12,Nurre Moulding,FOLK12,5.36,0.625,Wood,0.688
NC46307,OXIDIZED GOLD MINI CD:F12,Nurre Moulding,FOLK12,6.47,0.625,Wood,0.500
NC46309,OXIDIZED SILVER MINI CD:F12,Nurre Moulding,FOLK12,6.47,0.625,Wood,0.500
NC46342,OXIDIZED BLACK MINI CD:F12,Nurre Moulding,FOLK12,5.55,0.625,Wood,0.500
NC62104,ANTIQUE BLACK PALLADIO CD:F12,Nurre Moulding,FOLK12,5.68,0.750,Wood,1.250
NC62504,ANTIQUE BLACK PALLADIO CD:F12,Nurre Moulding,FOLK12,5.89,1.375,Wood,0.625
NC87104,BLACK ALFRESCO CD:F12,Nurre Moulding,FOLK12,5.06,0.750,Wood,0.375
NC87109,BROWN ALFRESCO CD:F12,Nurre Moulding,FOLK12,5.06,0.750,Wood,0.375
32783000,BLACK PRESTIGE CD:F13,NMC Moulding,FOLK13,5.89,2.750,Wood,0.500
32783009,WHITE PRESTIGE CD:F13,NMC Moulding,FOLK13,5.89,2.750,Wood,0.500
40743000,BLACK ANGGOLO  CD:F13,NMC Moulding,FOLK13,6.14,1.750,Wood,0.750
40743009,WHITE ANGGOLO  CD:F13,NMC Moulding,FOLK13,6.14,1.750,Wood,0.750
491214,WHITE CHIC  CD:F13,Salvadori Moulding,FOLK13,7.78,1.750,Wood,0.500
491215,ANTRACITE CHIC  CD:F13,Salvadori Moulding,FOLK13,7.78,1.750,Wood,0.500
491316,BRONZE CHIC  CD:F13,Salvadori Moulding,FOLK13,7.78,1.750,Wood,0.500
491317,STEEL CHIC  CD:F13,Salvadori Moulding,FOLK13,7.78,1.750,Wood,0.500
491318,GOLD CHIC  CD:F13,Salvadori Moulding,FOLK13,7.78,1.750,Wood,0.500
491319,SILVER CHIC  CD:F13,Salvadori Moulding,FOLK13,7.78,1.750,Wood,0.500
526300,BLACK WITH GOLDEN LIP BARDOT CD:F13,Francisco Moulding,FOLK13,6.15,1.875,Wood,0.375
600648,BLACK LACQUER PURITY CD:F13,Salvadori Moulding,FOLK13,6.40,1.625,Wood,0.625
6011462,SWEET CHERRY COHIBA CD:F13,Salvadori Moulding,FOLK13,6.24,0.750,Wood,0.813
6011463,DARK WALNUT COHIBA CD:F13,Salvadori Moulding,FOLK13,6.24,0.750,Wood,0.813
780462,SWEET CHERRY COHIBA CD:F13,Salvadori Moulding,FOLK13,6.24,0.750,Wood,1.750
780463,DARK WALNUT COHIBA CD:F13,Salvadori Moulding,FOLK13,6.24,0.750,Wood,1.750
92936,"GILDED GOLD ICONA CD:F13
",Salvadori Moulding,FOLK13,7.35,1.000,Wood,0.375
92937,"GILDED SILVER ICONA CD:F13
",Salvadori Moulding,FOLK13,7.35,1.000,Wood,0.375
937560,NATURAL OAK STOCKHOLM CD:F13,Salvadori Moulding,FOLK13,7.56,0.625,Wood,0.625
937562,WALNUT STOCKHOLM CD:F13,Salvadori Moulding,FOLK13,7.56,0.625,Wood,0.625
937563,DEEPEST BLACK STOCKHOLM CD:F13,Salvadori Moulding,FOLK13,7.56,0.625,Wood,0.625
NC40362,OILED BRONZE ARDESIA CD:F13,Nurre Moulding,FOLK13,7.48,0.750,Wood,0.625
NC73704,ANTIQUE BLACK METROPOLITAN CD:F13,Nurre Moulding,FOLK13,7.23,0.750,Wood,1.000
Z-112,"S/O BLACK LINEN 2.5"" SCOOP LINER  CD:F13",Linen Liners,FOLK13,11.70,2.500,Liner,0.313
10793025,LIGHT WALNUT QUORA CD:F14,Francisco Moulding,FOLK14,6.79,1.000,Wood,2.313
10793069,FOG GREY QUORA CD:F14,Francisco Moulding,FOLK14,6.79,1.000,Wood,2.313
10793083,MAPLE QUORA CD:F14,Francisco Moulding,FOLK14,6.79,1.000,Wood,2.313
10793235,WHITE OAK QUORA CD:F14,Francisco Moulding,FOLK14,6.79,1.000,Wood,2.313
10899228,"S/O NATURAL WALNUT RAW 2"" TALL x 3/4""   CD:F14",Folk Wood Moulding,FOLK14,9.98,0.750,Wood,1.750
1229853,AGED GOLD HERITAGE CD:F14,Salvadori Moulding,FOLK14,6.84,1.000,Wood,0.375
1229854,AGED SILVER HERITAGE CD:F14,Salvadori Moulding,FOLK14,6.84,1.000,Wood,0.375
1229857,AGED BLACK/GOLD HERITAGE CD:F14,Salvadori Moulding,FOLK14,6.84,1.000,Wood,0.375
1229858,AGED BLACK/SILVER HERITAGE CD:F14,Salvadori Moulding,FOLK14,6.84,1.000,Wood,0.375
1601381,OAK NATURAL CD:F14,Salvadori Moulding,FOLK14,7.48,0.875,Wood,1.750
1601383,CANALETTO WALNUT NATURAL CD:F14,Salvadori Moulding,FOLK14,7.48,0.875,Wood,1.750
2601436,"GILDED GOLD ICONA CD:F14
",Salvadori Moulding,FOLK14,7.71,0.875,Wood,1.750
2601437,"GILDED SILVER ICONA CD:F14
",Salvadori Moulding,FOLK14,7.71,0.875,Wood,1.750
2606438,"GILDED GOLD BROADWAY CD:F14
",Salvadori Moulding,FOLK14,7.39,0.875,Wood,1.063
2606439,"GILDED SILVER BROADWAY CD:F14
",Salvadori Moulding,FOLK14,7.39,0.875,Wood,1.063
320212,BLACK FLOWERS ART DECO  CD:F14,Salvadori Moulding,FOLK14,9.18,1.125,Wood,0.375
321212,BLACK WAVES ART DECO  CD:F14,Salvadori Moulding,FOLK14,9.18,0.938,Wood,1.000
32753028,TITANIUM SILVER PRESTIGE CD:F14,NMC Moulding,FOLK14,3.99,2.000,Wood,0.500
32753105,CHAMPAGNE GOLD PRESTIGE CD:F14,NMC Moulding,FOLK14,3.99,2.000,Wood,0.500
32753301,PALE GOLD PRESTIGE CD:F14,NMC Moulding,FOLK14,3.99,2.000,Wood,0.500
33146,ALU MATRIX  CD:F14,Salvadori Moulding,FOLK14,7.60,1.375,Wood,0.500
33147,STEEL MATRIX  CD:F14,Salvadori Moulding,FOLK14,7.60,1.375,Wood,0.500
33156,GOLD MATRIX  CD:F14,Salvadori Moulding,FOLK14,7.60,1.375,Wood,0.500
33158,BRONZE MATRIX  CD:F14,Salvadori Moulding,FOLK14,7.60,1.375,Wood,0.500
526354,OLD SILVER WITH BLACK BARDOT CD:F14,Francisco Moulding,FOLK14,6.60,1.875,Wood,0.375
526355,OLD GOLD WITH BLACK BARDOT CD:F14,Francisco Moulding,FOLK14,6.60,1.875,Wood,0.375
60061251,"BLACK GROOVE CD:F14
",Salvadori Moulding,FOLK14,7.77,1.500,Wood,0.750
60061252,"WHITE GROOVE CD:F14
",Salvadori Moulding,FOLK14,7.77,1.500,Wood,0.750
6007801,PALE GOLD VOYAGER  CD:F14,Salvadori Moulding,FOLK14,6.89,0.813,Wood,1.063
6007802,ALUMINUM VOYAGER  CD:F14,Salvadori Moulding,FOLK14,6.89,0.813,Wood,1.063
6007803,GREY QUARTZ VOYAGER  CD:F14,Salvadori Moulding,FOLK14,6.89,0.813,Wood,1.063
6007804,GUNMETAL BRONZE VOYAGER  CD:F14,Salvadori Moulding,FOLK14,6.89,0.813,Wood,1.063
6036462,SWEET CHERRY COHIBA FLOATER CD:F14,Salvadori Moulding,FOLK14,7.61,1.250,Wood,1.125
6036463,DARK WALNUT COHIBA FLOATER CD:F14,Salvadori Moulding,FOLK14,7.61,1.250,Wood,1.125
745928,BLACK CARBON  CD:F14,Salvadori Moulding,FOLK14,6.90,1.188,Wood,1.063
F4-112,"S/O BLACK LINEN 4"" LINER  CD:F14",Linen Liners,FOLK14,11.92,4.000,Liner,0.250
NC73701,ANTIQUE GOLD METROPOLITAN CD:F14,Nurre Moulding,FOLK14,7.94,0.750,Wood,1.000
NC73702,ANTIQUE SILVER METROPOLITAN CD:F14,Nurre Moulding,FOLK14,7.94,0.750,Wood,1.000
T-112,"S/O BLACK LINEN 3"" SCOOP LINER  CD:F14",Linen Liners,FOLK14,11.38,3.000,Liner,0.250
10899118,"NATURAL WALNUT RAW 2"" TALL x 9/16""  CD:F15",Folk Wood Moulding,FOLK15,9.98,0.563,Wood,1.750
11913000,MATTE BLACK FLOATER MODE  CD:F15,Francisco Moulding,FOLK15,8.37,1.875,Wood,1.938
11913154,BLACK WITH SILVER PINSTRIPE FLOATER MODE  CD:F15,Francisco Moulding,FOLK15,8.67,1.875,Wood,1.938
1602260,NATURAL BLONDE OAK MOMA CD:F15,Salvadori Moulding,FOLK15,8.31,1.500,Wood,0.750
1602261,DARK WALNUT MOMA CD:F15,Salvadori Moulding,FOLK15,8.31,1.500,Wood,0.750
1602262,LIGHT WALNUT MOMA CD:F15,Salvadori Moulding,FOLK15,8.31,1.500,Wood,0.750
1602263,DARK SKY MOMA CD:F15,Salvadori Moulding,FOLK15,8.31,1.500,Wood,0.750
1602264,SAND DOLLAR MOMA CD:F15,Salvadori Moulding,FOLK15,8.31,1.500,Wood,0.750
1602265,DAWN GREY MOMA CD:F15,Salvadori Moulding,FOLK15,8.31,1.500,Wood,0.750
1602801,PALE GOLD VOYAGER  CD:F15,Salvadori Moulding,FOLK15,8.85,1.500,Wood,0.750
1602802,ALUMINUM VOYAGER  CD:F15,Salvadori Moulding,FOLK15,8.85,1.500,Wood,0.750
1602803,GREY QUARTZ VOYAGER  CD:F15,Salvadori Moulding,FOLK15,8.85,1.500,Wood,0.750
1602804,GUNMETAL BRONZE VOYAGER  CD:F15,Salvadori Moulding,FOLK15,8.85,1.500,Wood,0.750
17744097,OXIDIZED GOLD URBANE  CD:F15,NMC Moulding,FOLK15,8.46,0.750,Wood,0.750
17744098,OXIDIZED SILVER URBANE  CD:F15,NMC Moulding,FOLK15,8.46,0.750,Wood,0.750
17744099,BLACK AND GOLD URBANE  CD:F15,NMC Moulding,FOLK15,8.46,0.750,Wood,0.750
17744100,BLACK AND SILVER URBANE  CD:F15,NMC Moulding,FOLK15,8.46,0.750,Wood,0.750
320210,SILVER FLOWERS ART DECO  CD:F15,Salvadori Moulding,FOLK15,11.10,1.125,Wood,0.375
320211,GOLD FLOWERS ART DECO  CD:F15,Salvadori Moulding,FOLK15,11.10,1.125,Wood,0.375
321210,SILVER WAVES ART DECO  CD:F15,Salvadori Moulding,FOLK15,11.10,0.938,Wood,1.000
321211,GOLD WAVES ART DECO  CD:F15,Salvadori Moulding,FOLK15,11.10,0.938,Wood,1.000
32783028,TITANIUM SILVER PRESTIGE CD:F15,NMC Moulding,FOLK15,6.14,2.750,Wood,0.500
32783105,CHAMPAGNE GOLD PRESTIGE CD:F15,NMC Moulding,FOLK15,6.14,2.750,Wood,0.500
32783301,PALE GOLD PRESTIGE CD:F15,NMC Moulding,FOLK15,6.14,2.750,Wood,0.500
40743028,SILVER FOIL ANGGOLO  CD:F15,NMC Moulding,FOLK15,7.10,1.750,Wood,0.750
40743106,BLACK ONYX ANGGOLO  CD:F15,NMC Moulding,FOLK15,7.10,1.750,Wood,0.750
743928,BLACK CARBON  CD:F15,Salvadori Moulding,FOLK15,7.89,1.750,Wood,0.625
759209,WHITE GLOVE FENICE  CD:F15,Salvadori Moulding,FOLK15,8.24,1.250,Wood,1.000
759308,NIGHT BLACK FENICE  CD:F15,Salvadori Moulding,FOLK15,8.24,1.250,Wood,1.000
NC65204,MIDNIGHT BLACK TREVISO CD:F15,Nurre Moulding,FOLK15,8.18,1.000,Wood,0.625
NC73804,ANTIQUE BLACK METROPOLITAN CD:F15,Nurre Moulding,FOLK15,8.19,1.188,Wood,0.625
NC85741,BLACK WITH GOLD HERITAGE CD:F15,Nurre Moulding,FOLK15,8.27,0.813,Wood,0.500
NC85744,BROWN WITH GOLD HERITAGE CD:F15,Nurre Moulding,FOLK15,8.27,0.813,Wood,0.500
NC87101,GOLD LEAF ALFRESCO CD:F15,Nurre Moulding,FOLK15,8.19,0.750,Wood,0.375
NC87102,SILVER LEAF ALFRESCO CD:F15,Nurre Moulding,FOLK15,8.19,0.750,Wood,0.375
1000236,GOLD LEAF ICONA CD:F16,Salvadori Moulding,FOLK16,11.46,2.125,Wood,0.500
1000237,SILVER LEAF ICONA CD:F16,Salvadori Moulding,FOLK16,11.46,2.125,Wood,0.500
1015381,OAK NATURAL CD:F16,Salvadori Moulding,FOLK16,9.31,2.500,Wood,0.750
1015383,CANALETTO WALNUT NATURAL CD:F16,Salvadori Moulding,FOLK16,9.31,2.500,Wood,0.750
10651000,BLACK FLOATER MODE CD:F16,NMC Moulding,FOLK16,8.40,1.750,Wood,1.625
10651009,WHITE FLOATER MODE CD:F16,NMC Moulding,FOLK16,8.40,1.750,Wood,1.625
10651073,BLACK WITH GOLD FLOATER MODE CD:F16,NMC Moulding,FOLK16,8.40,1.750,Wood,1.625
10651082,BROWN FLOATER MODE CD:F16,NMC Moulding,FOLK16,8.40,1.750,Wood,1.625
14730000,BLACK FLOATER MODE CD:F16,NMC Moulding,FOLK16,10.59,1.750,Wood,2.125
14730009,WHITE FLOATER MODE CD:F16,NMC Moulding,FOLK16,10.59,1.750,Wood,2.125
14730067,BROWN FLOATER MODE CD:F16,NMC Moulding,FOLK16,10.59,1.750,Wood,2.125
14730235,NATURAL MAPLE FLOATER MODE CD:F16,NMC Moulding,FOLK16,10.59,1.750,Wood,2.125
14730281,CLOUD GREY FLOATER MODE CD:F16,NMC Moulding,FOLK16,10.59,1.750,Wood,2.125
6016836,GILDED GOLD FLOATER ICONA CD:F16,Salvadori Moulding,FOLK16,10.95,1.500,Wood,1.125
6016837,GILDED SILVER FLOATER ICONA CD:F16,Salvadori Moulding,FOLK16,10.95,1.500,Wood,1.125
6115308,BLACK RUBENS FLOATER CD:F16,Salvadori Moulding,FOLK16,11.56,2.000,Wood,1.125
6225308,BLACK BOHEME FLOATER CD:F16,Salvadori Moulding,FOLK16,11.56,2.000,Wood,1.125
75910,"BRIGHT SILVER FENICE CD:F16
",Salvadori Moulding,FOLK16,9.12,1.250,Wood,1.000
75911,"BRIGHT GOLD FENICE CD:F16
",Salvadori Moulding,FOLK16,9.12,1.250,Wood,1.000
75914,SILVER LEAF FENICE  CD:F16,Salvadori Moulding,FOLK16,9.12,1.250,Wood,1.000
75915,GOLD LEAF FENICE  CD:F16,Salvadori Moulding,FOLK16,9.12,1.250,Wood,1.000
808906,FERN GREEN RUST OFFICINA CD:F16,Salvadori Moulding,FOLK16,10.43,0.750,Wood,0.750
808907,SAGE RUST OFFICINA CD:F16,Salvadori Moulding,FOLK16,10.43,0.750,Wood,0.750
808911,MUSTARD RUST OFFICINA CD:F16,Salvadori Moulding,FOLK16,10.43,0.750,Wood,0.750
808912,MIDNIGHT BLUE RUST OFFICINA CD:F16,Salvadori Moulding,FOLK16,10.43,0.750,Wood,0.750
808913,TIFFANY BLUE RUST OFFICINA  CD:F16,Salvadori Moulding,FOLK16,10.43,0.750,Wood,0.750
808916,CRIMSON RUST OFFICINA CD:F16,Salvadori Moulding,FOLK16,10.43,0.750,Wood,0.750
808918,LIME RUST OFFICINA CD:F16,Salvadori Moulding,FOLK16,10.43,0.750,Wood,0.750
808924,WHITE RUST OFFICINA  CD:F16,Salvadori Moulding,FOLK16,10.43,0.750,Wood,0.750
NC17703,PELICAN RIALTO CD:F16,Nurre Moulding,FOLK16,9.63,1.750,Wood,0.750
NC17704,"CYPRESS RIALTO CD:F16
",Nurre Moulding,FOLK16,9.63,1.750,Wood,0.750
NC17709,"WALNUT RIALTO CD:F16
",Nurre Moulding,FOLK16,9.63,1.750,Wood,0.750
NC17791,"CEDAR RIALTO CD:F16
",Nurre Moulding,FOLK16,9.63,1.750,Wood,0.750
NC93909,CARBON HYGGE CD:F16,Nurre Moulding,FOLK16,8.44,1.000,Wood,0.625
NC93917,NATURAL HYGGE CD:F16,Nurre Moulding,FOLK16,8.44,1.000,Wood,0.625
NC93923,DOVE GREY HYGGE CD:F16,Nurre Moulding,FOLK16,8.44,1.000,Wood,0.625
NC93927,WALNUT HYGGE CD:F16,Nurre Moulding,FOLK16,8.44,1.000,Wood,0.625
NC93931,DRIFTWOOD HYGGE CD:F16,Nurre Moulding,FOLK16,8.44,1.000,Wood,0.625
1022307,BLACK GOLD RUBENS CD:F17,Salvadori Moulding,FOLK17,10.96,1.500,Wood,0.375
14730093,BLACK WITH GOLD LEAF FLOATER MODE CD:F17,NMC Moulding,FOLK17,12.15,1.750,Wood,2.125
14730094,BLACK WITH SILVER LEAF FLOATER MODE CD:F17,NMC Moulding,FOLK17,12.15,1.750,Wood,2.125
1601260,NATURAL BLONDE OAK MOMA CD:F17,Salvadori Moulding,FOLK17,8.87,0.875,Wood,1.750
1601261,DARK WALNUT MOMA CD:F17,Salvadori Moulding,FOLK17,8.87,0.875,Wood,1.750
1601262,LIGHT WALNUT MOMA CD:F17,Salvadori Moulding,FOLK17,8.87,0.875,Wood,1.750
1601263,DARK SKY MOMA CD:F17,Salvadori Moulding,FOLK17,8.87,0.875,Wood,1.750
1601264,SAND DOLLAR MOMA CD:F17,Salvadori Moulding,FOLK17,8.87,0.875,Wood,1.750
1601265,DAWN GREY MOMA CD:F17,Salvadori Moulding,FOLK17,8.87,0.875,Wood,1.750
60158381,OAK NATURAL FLOATER CD:F17,Salvadori Moulding,FOLK17,8.78,2.000,Wood,1.125
60158383,WALNUT NATURAL FLOATER CD:F17,Salvadori Moulding,FOLK17,8.78,2.000,Wood,1.125
757209,"WHITE GLOVE FENICE CD:F17
",Salvadori Moulding,FOLK17,8.45,1.375,Wood,1.125
757308,"NIGHT BLACK FENICE CD:F17
",Salvadori Moulding,FOLK17,8.45,1.375,Wood,1.125
NC17104,EBONY DUALITA CD:F17,Nurre Moulding,FOLK17,9.03,1.500,Wood,0.750
NC17105,WHITE OAK DUALITA CD:F17,Nurre Moulding,FOLK17,9.03,1.500,Wood,0.750
NC17109,MAHOGANY DUALITA CD:F17,Nurre Moulding,FOLK17,9.03,1.500,Wood,0.750
NC17113,BLACK WALNUT DUALITA CD:F17,Nurre Moulding,FOLK17,9.03,1.500,Wood,0.750
NC17117,HONEY BIRCH DUALITA CD:F17,Nurre Moulding,FOLK17,9.03,1.500,Wood,0.750
NC17127,HICKORY DUALITA CD:F17,Nurre Moulding,FOLK17,9.03,1.500,Wood,0.750
NC85841,BLACK WITH GOLD HERITAGE CD:F17,Nurre Moulding,FOLK17,10.22,1.250,Wood,0.563
NC85844,BROWN WITH GOLD HERITAGE CD:F17,Nurre Moulding,FOLK17,10.22,1.250,Wood,0.563
1022210,SILVER RUBENS CD:F18,Salvadori Moulding,FOLK18,11.77,1.500,Wood,0.375
1022211,GOLD RUBENS CD:F18,Salvadori Moulding,FOLK18,11.77,1.500,Wood,0.375
2602438,"GILDED GOLD BROADWAY CD:F18
",Salvadori Moulding,FOLK18,9.90,1.563,Wood,0.750
2602439,"GILDED SILVER BROADWAY CD:F18
",Salvadori Moulding,FOLK18,9.90,1.563,Wood,0.750
60112000,TEQUILA COCKTAIL CD:F18,Salvadori Moulding,FOLK18,10.92,0.750,Wood,0.813
60112001,NEGRONI COCKTAIL CD:F18,Salvadori Moulding,FOLK18,10.92,0.750,Wood,0.813
60112002,BOMBAY COCKTAIL CD:F18,Salvadori Moulding,FOLK18,10.92,0.750,Wood,0.813
60112003,BLUE LAGOON COCKTAIL CD:F18,Salvadori Moulding,FOLK18,10.92,0.750,Wood,0.813
60112004,MOJITO COCKTAIL CD:F18,Salvadori Moulding,FOLK18,10.92,0.750,Wood,0.813
60112005,SPRITZ COCKTAIL CD:F18,Salvadori Moulding,FOLK18,10.92,0.750,Wood,0.813
6016560,NATURAL OAK FLOATER STOCKHOLM  CD:F18,Salvadori Moulding,FOLK18,9.63,1.500,Wood,1.125
6016562,WALNUT FLOATER STOCKHOLM  CD:F18,Salvadori Moulding,FOLK18,9.63,1.500,Wood,1.125
6016563,DEEPEST BLACK FLOATER STOCKHOLM  CD:F18,Salvadori Moulding,FOLK18,9.63,1.500,Wood,1.125
6115207,IVORY GOLD RUBENS FLOATER CD:F18,Salvadori Moulding,FOLK18,13.35,2.000,Wood,1.125
6115307,BLACK GOLD LEAF RUBENS FLOATER CD:F18,Salvadori Moulding,FOLK18,13.35,2.000,Wood,1.125
6225207,IVORY GOLD BOHEME FLOATER CD:F18,Salvadori Moulding,FOLK18,13.35,2.000,Wood,1.125
6225307,BLACK GOLD LEAF BOHEME FLOATER CD:F18,Salvadori Moulding,FOLK18,13.35,2.000,Wood,1.125
75710,"BRIGHT SILVER FENICE CD:F18
",Salvadori Moulding,FOLK18,10.80,1.375,Wood,1.125
75711,"BRIGHT GOLD FENICE CD:F18
",Salvadori Moulding,FOLK18,10.80,1.375,Wood,1.125
75714,"SILVER LEAF FENICE CD:F18
",Salvadori Moulding,FOLK18,10.80,1.375,Wood,1.125
75715,"GOLD LEAF FENICE CD:F18
",Salvadori Moulding,FOLK18,10.80,1.375,Wood,1.125
763212,"ANTIQUE BLACK FENICE CD:F19
",Salvadori Moulding,FOLK18,11.07,2.000,Wood,0.375
7882000,TEQUILA COCKTAIL CD:F18,Salvadori Moulding,FOLK18,10.92,0.750,Wood,0.875
7882001,NEGRONI COCKTAIL CD:F18,Salvadori Moulding,FOLK18,10.92,0.750,Wood,0.875
7882002,BOMBAY COCKTAIL CD:F18,Salvadori Moulding,FOLK18,10.92,0.750,Wood,0.875
7882003,BLUE LAGOON COCKTAIL CD:F18,Salvadori Moulding,FOLK18,10.92,0.750,Wood,0.875
7882004,MOJITO COCKTAIL CD:F18,Salvadori Moulding,FOLK18,10.92,0.750,Wood,0.875
7882005,SPRITZ COCKTAIL CD:F18,Salvadori Moulding,FOLK18,10.92,0.750,Wood,0.875
80851000,"MATTE BLACK PRESTIGE  CD:F18
",Francisco Moulding,FOLK18,10.68,3.500,Wood,1.000
80851069,"DEEP CHARCOAL PRESTIGE  CD:F18
",Francisco Moulding,FOLK18,10.68,3.500,Wood,1.000
936560,"NATURAL OAK STOCKHOLM  CD:F18
",Salvadori Moulding,FOLK18,10.29,0.750,Wood,0.875
936562,WALNUT STOCKHOLM  CD:F18,Salvadori Moulding,FOLK18,10.29,0.750,Wood,0.875
936563,DEEPEST BLACK STOCKHOLM  CD:F18,Salvadori Moulding,FOLK18,10.29,0.750,Wood,0.875
94928,BLACK CARBON  CD:F18,Salvadori Moulding,FOLK18,11.60,2.125,Wood,1.000
NC17004,EBONY DUALITA CD:F18,Nurre Moulding,FOLK18,11.20,2.000,Wood,0.750
NC17005,WHITE OAK DUALITA CD:F18,Nurre Moulding,FOLK18,11.20,2.000,Wood,0.750
NC17009,MAHOGANY DUALITA CD:F18,Nurre Moulding,FOLK18,11.20,2.000,Wood,0.750
NC17013,BLACK WALNUT DUALITA CD:F18,Nurre Moulding,FOLK18,11.20,2.000,Wood,0.750
NC17017,HONEY BIRCH DUALITA CD:F18,Nurre Moulding,FOLK18,11.20,2.000,Wood,0.750
NC17027,HICKORY DUALITA CD:F18,Nurre Moulding,FOLK18,11.20,2.000,Wood,0.750
NC17803,"PELICAN RIALTO CD:F18
",Nurre Moulding,FOLK18,12.47,2.500,Wood,0.750
NC17804,"CYPRESS RIALTO CD:F18
",Nurre Moulding,FOLK18,12.47,2.500,Wood,0.750
NC17809,"WALNUT RIALTO CD:F18
",Nurre Moulding,FOLK18,12.47,2.500,Wood,0.750
NC17891,"CEDAR RIALTO CD:F18
",Nurre Moulding,FOLK18,12.47,2.500,Wood,0.750
NC18102,MEDINA SILVER MARRAKESH CD:18,Nurre Moulding,FOLK18,12.23,1.375,Wood,1.000
NC18114,GALENA BLACK MARRAKESH CD:18,Nurre Moulding,FOLK18,12.23,1.375,Wood,1.000
NC18115,TAJINE MARRAKESH CD:18,Nurre Moulding,FOLK18,12.23,1.375,Wood,1.000
NC18141,SAFFRON GOLD MARRAKESH CD:18,Nurre Moulding,FOLK18,12.23,1.375,Wood,1.000
NC62643,S/O BLACK/BROWN PALLADIO CD:F19,Nurre Moulding,FOLK18,12.33,1.188,Wood,0.625
NC62742,S/O BLACK/SILVER PALLADIO CD:F19,Nurre Moulding,FOLK18,9.28,1.375,Wood,0.625
NC65201,STERLING SILVER TREVISO CD:F18,Nurre Moulding,FOLK18,11.56,1.000,Wood,0.625
NC65202,GOLD TREVISO CD:F18,Nurre Moulding,FOLK18,11.56,1.000,Wood,0.625
NC65206,AGED BRASS TREVISO CD:F18,Nurre Moulding,FOLK18,11.56,1.000,Wood,0.625
NC65207,PEWTER TREVISO CD:F18,Nurre Moulding,FOLK18,11.56,1.000,Wood,0.625
NC65214,MATTE BLACK TREVISO CD:F18,Nurre Moulding,FOLK18,11.56,1.000,Wood,0.625
NC65243,EBONY TREVISO CD:F18,Nurre Moulding,FOLK18,11.56,1.000,Wood,0.625
763210,ANTIQUE SILVER FENICE CD:F19,Salvadori Moulding,FOLK19,12.16,2.000,Wood,0.375
763211,"ANTIQUE GOLD FENICE CD:F19
",Salvadori Moulding,FOLK19,12.16,2.000,Wood,0.375
NC87504,BLACK ALFRESCO CD:F19,Nurre Moulding,FOLK19,12.33,2.000,Wood,0.500
NC87509,BROWN ALFRESCO CD:F19,Nurre Moulding,FOLK19,12.33,2.000,Wood,0.500
339836,"GILDED GOLD FLOATER ICONA CD:F22
",Salvadori Moulding,FOLK22,14.37,2.125,Wood,1.625
339837,GILDED SILVER FLOATER ICONA CD:F22,Salvadori Moulding,FOLK22,14.37,2.125,Wood,1.625
6115210,SILVER LEAF RUBENS FLOATER CD:F22,Salvadori Moulding,FOLK22,14.91,2.000,Wood,1.125
6115211,GOLD LEAF RUBENS FLOATER CD:F22,Salvadori Moulding,FOLK22,14.91,2.000,Wood,1.125
6225210,SILVER LEAF BOHEME FLOATER CD:F22,Salvadori Moulding,FOLK22,14.91,2.000,Wood,1.125
6225211,GOLD LEAF BOHEME FLOATER CD:F22,Salvadori Moulding,FOLK22,14.91,2.000,Wood,1.125
NC18002,MEDINA SILVER MARRAKESH CD:F22,Nurre Moulding,FOLK22,14.69,2.250,Wood,0.750
NC18014,GALENA BLACK MARRAKESH CD:F22,Nurre Moulding,FOLK22,14.69,2.250,Wood,0.750
NC18015,TAJINE MARRAKESH CD:F22,Nurre Moulding,FOLK22,14.69,2.250,Wood,0.750
NC18041,SAFFRON GOLD MARRAKESH CD:F22,Nurre Moulding,FOLK22,14.69,2.250,Wood,0.750
1021307,BLACK GOLD RUBENS CD:F25,Salvadori Moulding,FOLK25,15.83,2.125,Wood,0.563
339260,NATURAL BLONDE OAK FLOATER MOMA  CD:F25,Salvadori Moulding,FOLK25,15.53,2.125,Wood,1.625
339262,LIGHT WALNUT FLOATER MOMA  CD:F25,Salvadori Moulding,FOLK25,15.53,2.125,Wood,1.625
339263,DARK SKY FLOATER MOMA  CD:F25,Salvadori Moulding,FOLK25,15.53,2.125,Wood,1.625
339265,DAWN GREY FLOATER MOMA  CD:F25,Salvadori Moulding,FOLK25,15.53,2.125,Wood,1.625
33946,ALU FLOATER MATRIX  CD:F25,Salvadori Moulding,FOLK25,12.65,2.125,Wood,1.625
33947,STEEL FLOATER MATRIX  CD:F25,Salvadori Moulding,FOLK25,12.65,2.125,Wood,1.625
33956,GOLD FLOATER MATRIX  CD:F25,Salvadori Moulding,FOLK25,12.65,2.125,Wood,1.625
33958,BRONZE FLOATER MATRIX  CD:F25,Salvadori Moulding,FOLK25,12.65,2.125,Wood,1.625
758209,WHITE GLOVE FENICE  CD:F25,Salvadori Moulding,FOLK25,14.74,2.375,Wood,0.563
758308,NIGHT BLACK FENICE  CD:F25,Salvadori Moulding,FOLK25,14.74,2.375,Wood,0.563
NC65304,MIDNIGHT BLACK TREVISO CD:F25,Nurre Moulding,FOLK25,13.84,1.750,Wood,0.813
NC85941,BLACK WITH GOLD HERITAGE CD:F25,Nurre Moulding,FOLK25,14.13,2.125,Wood,0.625
NC85944,BROWN WITH GOLD HERITAGE CD:F25,Nurre Moulding,FOLK25,14.13,2.125,Wood,0.625
NC93809,CARBON HYGGE CD:F25,Nurre Moulding,FOLK25,14.35,2.313,Wood,0.688
NC93817,NATURAL HYGGE CD:F25,Nurre Moulding,FOLK25,14.35,2.313,Wood,0.688
NC93823,DOVE GREY HYGGE CD:F25,Nurre Moulding,FOLK25,14.35,2.313,Wood,0.688
NC93827,WALNUT HYGGE CD:F25,Nurre Moulding,FOLK25,14.35,2.313,Wood,0.688
NC93831,DRIFTWOOD HYGGE CD:F25,Nurre Moulding,FOLK25,14.35,2.313,Wood,0.688
1021210,SILVER RUBENS CD:F26,Salvadori Moulding,FOLK26,16.45,2.125,Wood,0.563
1021211,GOLD RUBENS CD:F26,Salvadori Moulding,FOLK26,16.45,2.125,Wood,0.563
75810,"BRIGHT SILVER FENICE CD:F27
",Salvadori Moulding,FOLK27,17.14,2.375,Wood,0.563
75811,"BRIGHT GOLD FENICE CD:F27
",Salvadori Moulding,FOLK27,17.14,2.375,Wood,0.563
75814,SILVER LEAF FENICE  CD:F27,Salvadori Moulding,FOLK27,17.14,2.375,Wood,0.563
75815,GOLD LEAF FENICE  CD:F27,Salvadori Moulding,FOLK27,17.14,2.375,Wood,0.563
NC65301,STERLING SILVER TREVISO CD:F27,Nurre Moulding,FOLK27,17.35,1.750,Wood,0.813
NC65302,GOLD TREVISO CD:F27,Nurre Moulding,FOLK27,17.35,1.750,Wood,0.813
NC65306,AGED BRASS TREVISO CD:F27,Nurre Moulding,FOLK27,17.35,1.750,Wood,0.813
NC65307,PEWTER TREVISO CD:F27,Nurre Moulding,FOLK27,17.35,1.750,Wood,0.813
NC65314,MATTE BLACK TREVISO CD:F27,Nurre Moulding,FOLK27,17.35,1.750,Wood,0.813
NC65343,EBONY TREVISO CD:F27,Nurre Moulding,FOLK27,17.35,1.750,Wood,0.813
NC86041,BLACK WITH GOLD HERITAGE CD:F27,Nurre Moulding,FOLK27,17.13,1.750,Wood,0.750
NC86044,BROWN WITH GOLD HERITAGE CD:F27,Nurre Moulding,FOLK27,17.13,1.750,Wood,0.750
1602906,FERN GREEN RUST OFFICINA CD:F28,Salvadori Moulding,FOLK28,18.51,1.500,Wood,0.750
1602912,MIDNIGHT BLUE RUST OFFICINA CD:F28,Salvadori Moulding,FOLK28,18.51,1.500,Wood,0.750
1602913,TIFFANY BLUE RUST OFFICINA  CD:F28,Salvadori Moulding,FOLK28,18.51,1.500,Wood,0.750
1602916,CRIMSON RUST OFFICINA CD:F28,Salvadori Moulding,FOLK28,18.51,1.500,Wood,0.750
1602920,RUSTY NAIL RUST OFFICINA  CD:F28,Salvadori Moulding,FOLK28,18.51,1.500,Wood,0.750
1602922,BLACK IRON RUST OFFICINA  CD:F28,Salvadori Moulding,FOLK28,18.51,1.500,Wood,0.750
1602924,WHITE RUST OFFICINA  CD:F28,Salvadori Moulding,FOLK28,18.51,1.500,Wood,0.750
1602925,GREY RUST OFFICINA  CD:F28,Salvadori Moulding,FOLK28,18.51,1.500,Wood,0.750
NC87501,GOLD LEAF ALFRESCO CD:F28,Nurre Moulding,FOLK28,17.66,2.000,Wood,0.500
NC87502,SILVER LEAF ALFRESCO CD:F28,Nurre Moulding,FOLK28,17.66,2.000,Wood,0.500
1020307,BLACK GOLD RUBENS CD:F31,Salvadori Moulding,FOLK31,18.28,2.750,Wood,0.563
1020210,SILVER RUBENS CD:F32,Salvadori Moulding,FOLK32,19.63,2.750,Wood,0.563
1020211,GOLD RUBENS CD:F32,Salvadori Moulding,FOLK32,19.63,2.750,Wood,0.563
20111101,ANTIQUE GOLD FLORENTINO CD:F35,DeConcilio,FOLK35,19.75,1.688,Wood,0.563
20111102,ANTIQUE SILVER FLORENTINO CD:F35,DeConcilio,FOLK35,19.75,1.688,Wood,0.563
20111104,DARKEST BLUE FLORENTINO CD:F35,DeConcilio,FOLK35,19.75,1.688,Wood,0.563
20111106,CORAL SILVER LEAF FLORENTINO CD:F35,DeConcilio,FOLK35,19.75,1.688,Wood,0.563
20111107,SEAFOAM FLORENTINO CD:F35,DeConcilio,FOLK35,19.75,1.688,Wood,0.563
20111108,EARTH FLORENTINO CD:F35,DeConcilio,FOLK35,19.75,1.688,Wood,0.563
20333301,"GOLD LEAF RIBBED TESORO CD:F35
",DeConcilio,FOLK35,18.95,1.375,Wood,0.375
20333302,"SILVER LEAF RIBBED TESORO CD:F35
",DeConcilio,FOLK35,18.95,1.375,Wood,0.375
20333313,"GOLD LEAF WITH RED RIBBED TESORO CD:F35
",DeConcilio,FOLK35,18.95,1.375,Wood,0.375
20333314,"DEEP SILVER RIBBED TESORO CD:F35
",DeConcilio,FOLK35,18.95,1.375,Wood,0.375
10 RAW,THIN RAW CASSETTA TOP ALONE CD:F4,Folk Wood Moulding,FOLK4,2.99,0.375,Wood,
1012RAW,RAW BASE FOR 10 OR 12 CASSETTA  CD:F4,Folk Wood Moulding,FOLK4,1.66,1.750,Wood,
10562183,NATURAL RAW MAPLE  CD:F4,Folk Wood Moulding,FOLK4,2.20,0.500,Wood,0.500
12733000,MATTE BLACK DAILY CD:F4,NMC Moulding,FOLK4,1.53,0.500,Wood,0.250
12733009,MATTE WHITE DAILY CD:F4,NMC Moulding,FOLK4,1.53,0.500,Wood,0.250
12733011,APRICOT DAILY CD:F4,NMC Moulding,FOLK4,1.70,0.500,Wood,0.250
12733038,HUNTER GREEN DAILY CD:F4,NMC Moulding,FOLK4,1.70,0.500,Wood,0.250
12733039,MALBEC RED DAILY CD:F4,NMC Moulding,FOLK4,1.70,0.500,Wood,0.250
12733041,CAYENNE ORANGE DAILY CD:F4,NMC Moulding,FOLK4,1.70,0.500,Wood,0.250
12733067,PECAN BROWN DAILY CD:F4,NMC Moulding,FOLK4,1.70,0.500,Wood,0.250
12733069,SHADOW GREY DAILY CD:F4,NMC Moulding,FOLK4,1.70,0.500,Wood,0.250
12733083,EGGNOG DAILY CD:F4,NMC Moulding,FOLK4,1.70,0.500,Wood,0.250
12733085,MAROON DAILY CD:F4,NMC Moulding,FOLK4,1.70,0.500,Wood,0.250
12733098,COBALT BLUE DAILY CD:F4,NMC Moulding,FOLK4,1.70,0.500,Wood,0.250
13443000,BLACK DAILY CD:F4,NMC Moulding,FOLK4,2.04,0.750,Wood,0.625
13443002,BLACK WOODGRAIN DAILY CD:F4,NMC Moulding,FOLK4,2.12,0.750,Wood,0.625
13443009,WHITE DAILY CD:F4,NMC Moulding,FOLK4,2.04,0.750,Wood,0.625
13443082,ESPRESSO BROWN DAILY CD:F4,NMC Moulding,FOLK4,2.04,0.750,Wood,0.625
13443226,MATTE DEEP BLUE DAILY CD:F4,NMC Moulding,FOLK4,2.13,0.750,Wood,0.625
13443227,MATTE FOREST GREEN DAILY CD:F4,NMC Moulding,FOLK4,2.13,0.750,Wood,0.625
13443232,LIGHT GREY DAILY CD:F4,NMC Moulding,FOLK4,2.13,0.750,Wood,0.625
13443234,TAUPE GREY DAILY CD:F4,NMC Moulding,FOLK4,2.13,0.750,Wood,0.625
201051,BLACK PURITY  CD:F4,Salvadori Moulding,FOLK4,2.08,0.625,Wood,0.313
201052,WHITE PURITY  CD:F4,Salvadori Moulding,FOLK4,2.08,0.625,Wood,0.313
2010753,DARK GREY PURITY  CD:F4,Salvadori Moulding,FOLK4,2.08,0.625,Wood,0.313
2010754,LIGHT GREY PURITY  CD:F4,Salvadori Moulding,FOLK4,2.08,0.625,Wood,0.313
2010755,DARK BLUE PURITY  CD:F4,Salvadori Moulding,FOLK4,2.08,0.625,Wood,0.313
2010756,LIGHT BLUE PURITY  CD:F4,Salvadori Moulding,FOLK4,2.08,0.625,Wood,0.313
2010758,VIOLET PURITY  CD:F4,Salvadori Moulding,FOLK4,2.08,0.625,Wood,0.313
2010759,LILAC PURITY  CD:F4,Salvadori Moulding,FOLK4,2.08,0.625,Wood,0.313
2010760,DARK GREEN PURITY  CD:F4,Salvadori Moulding,FOLK4,2.08,0.625,Wood,0.313
2010761,LIGHT GREEN PURITY  CD:F4,Salvadori Moulding,FOLK4,2.08,0.625,Wood,0.313
2010762,DARK RED PURITY  CD:F4,Salvadori Moulding,FOLK4,2.08,0.625,Wood,0.313
2010764,ORANGE PURITY  CD:F4,Salvadori Moulding,FOLK4,2.08,0.625,Wood,0.313
2010765,YELLOW PURITY  CD:F4,Salvadori Moulding,FOLK4,2.08,0.625,Wood,0.313
2010766,BROWN PURITY  CD:F4,Salvadori Moulding,FOLK4,2.08,0.625,Wood,0.313
2010770,TIFFANY BLUE PURITY  CD:F4,Salvadori Moulding,FOLK4,2.08,0.625,Wood,0.313
32813011,MARIGOLD ULTRALINE  CD:F4,NMC Moulding,FOLK4,1.87,0.500,Wood,0.375
32813048,SAND ULTRALINE  CD:F4,NMC Moulding,FOLK4,1.87,0.500,Wood,0.375
32813070,SIENNA ULTRALINE  CD:F4,NMC Moulding,FOLK4,1.87,0.500,Wood,0.375
32813082,CHOCOLATE ULTRALINE  CD:F4,NMC Moulding,FOLK4,1.87,0.500,Wood,0.375
32813098,DEEP BLUE ULTRALINE  CD:F4,NMC Moulding,FOLK4,1.87,0.500,Wood,0.375
32813100,BURNT UMBER ULTRALINE  CD:F4,NMC Moulding,FOLK4,1.87,0.500,Wood,0.375
700220,SATIN BLACK WITH RED PINSTRIPE MODE CD:F4,Francisco Moulding,FOLK4,2.39,0.625,Wood,0.625
701210,MATTE BLACK MODE CD:F4,Francisco Moulding,FOLK4,2.39,0.688,Wood,0.625
701299,OFF WHITE MODE CD:F4,Francisco Moulding,FOLK4,2.39,0.688,Wood,0.625
A-101,WHITE SILK BEVEL LINER  CD:F4,Linen Liners,FOLK4,4.01,0.750,Liner,0.250
A-102,NATURAL SILK BEVEL LINER  CD:F4,Linen Liners,FOLK4,4.01,0.750,Liner,0.250
A-401,BLACK SILK BEVEL LINER  CD:F4,Linen Liners,FOLK4,4.01,0.750,Liner,0.250
Q-101,WHITE LINEN BEVEL LINER  CD:F4,Linen Liners,FOLK4,4.52,1.000,Liner,0.250
Q-102,NATURAL LINEN BEVEL LINER  CD:F4,Linen Liners,FOLK4,4.52,1.000,Liner,0.250
Q-104,MANHASSET LINEN LINER  CD:F4,Linen Liners,FOLK4,4.52,1.000,Liner,0.250
Q-401,BLACK LINEN BEVEL LINER  CD:F4,Linen Liners,FOLK4,4.52,1.000,Liner,0.250
Q-438,KHAKI LINEN LINER  CD:F4,Linen Liners,FOLK4,4.52,1.000,Liner,0.250
1000136,GOLD LEAF ICONA CD:F40,Salvadori Moulding,FOLK40,23.82,3.375,Wood,0.813
1000137,"SILVER LEAF ICONA CD:F40
",Salvadori Moulding,FOLK40,23.82,3.375,Wood,0.813
20323201,"GOLD LEAF RIBBED TESORO CD:F48
",DeConcilio,FOLK48,26.75,2.125,Wood,0.500
20323202,"SILVER LEAF RIBBED TESORO CD:F48
",DeConcilio,FOLK48,26.75,2.125,Wood,0.500
20323213,"GOLD LEAF WITH RED RIBBED TESORO CD:F48
",DeConcilio,FOLK48,26.75,2.125,Wood,0.500
20323214,DEEP SILVER RIBBED TESORO CD:F48,DeConcilio,FOLK48,26.75,2.125,Wood,0.500
10572183,NATURAL RAW MAPLE  CD:F5,Folk Wood Moulding,FOLK5,3.24,0.500,Wood,1.250
10973000,MATTE BLACK MODE CD:F5,Francisco Moulding,FOLK5,2.99,0.875,Wood,1.000
10973099,SOFT WHITE MODE CD:F5,Francisco Moulding,FOLK5,2.99,0.875,Wood,1.000
12 RAW,THICK RAW CASSETTA TOP ALONE,Folk Wood Moulding,FOLK5,3.86,0.750,Wood,
12733300,GALAXY SILVER DAILY CD:F5,NMC Moulding,FOLK5,2.57,0.500,Wood,0.250
12733301,GALAXY PEWTER DAILY CD:F5,NMC Moulding,FOLK5,2.57,0.500,Wood,0.250
12733303,GALAXY GOLD DAILY CD:F5,NMC Moulding,FOLK5,2.57,0.500,Wood,0.250
12733306,GALAXY CHARCOAL DAILY CD:F5,NMC Moulding,FOLK5,2.57,0.500,Wood,0.250
12733307,GALAXY BLUE DAILY CD:F5,NMC Moulding,FOLK5,2.57,0.500,Wood,0.250
12743000,MATTE BLACK DAILY CD:F5,NMC Moulding,FOLK5,1.95,0.875,Wood,0.250
12743009,MATTE WHITE DAILY CD:F5,NMC Moulding,FOLK5,1.95,0.875,Wood,0.250
12743011,APRICOT DAILY CD:F5,NMC Moulding,FOLK5,2.15,0.875,Wood,0.250
12743038,HUNTER GREEN DAILY CD:F5,NMC Moulding,FOLK5,2.15,0.875,Wood,0.250
12743039,MALBEC RED DAILY CD:F5,NMC Moulding,FOLK5,2.15,0.875,Wood,0.250
12743041,CAYENNE ORANGE DAILY CD:F5,NMC Moulding,FOLK5,2.15,0.875,Wood,0.250
12743067,PECAN BROWN DAILY CD:F5,NMC Moulding,FOLK5,2.15,0.875,Wood,0.250
12743069,SHADOW GREY DAILY CD:F5,NMC Moulding,FOLK5,2.15,0.875,Wood,0.250
12743083,EGGNOG DAILY CD:F5,NMC Moulding,FOLK5,2.15,0.875,Wood,0.250
12743085,MAROON DAILY CD:F5,NMC Moulding,FOLK5,2.15,0.875,Wood,0.250
12743098,COBALT BLUE DAILY CD:F5,NMC Moulding,FOLK5,2.15,0.875,Wood,0.250
12822000,MATTE BLACK MODE CD:F5,Francisco Moulding,FOLK5,2.46,1.000,Wood,0.438
12K,THIN CASSETTA TOP AND BOTTOM RAW,Folk Wood Moulding,FOLK5,4.48,2.000,Wood,2.313
13443154,"BLACK WITH SILVER PINSTRIPE DAILY  CD:F5
",Francisco Moulding,FOLK5,2.66,0.750,Wood,0.625
13463000,BLACK DAILY CD:F5,NMC Moulding,FOLK5,2.66,1.125,Wood,0.563
13463002,BLACK WOODGRAIN DAILY CD:F5,NMC Moulding,FOLK5,2.66,1.125,Wood,0.563
13463009,WHITE DAILY CD:F5,NMC Moulding,FOLK5,2.66,1.125,Wood,0.563
13463067,BROWN DAILY CD:F5,NMC Moulding,FOLK5,2.66,1.125,Wood,0.563
13463069,CHARCOAL DAILY CD:F5,NMC Moulding,FOLK5,2.66,1.125,Wood,0.563
13463082,ESPRESSO BROWN DAILY CD:F5,NMC Moulding,FOLK5,2.66,1.125,Wood,0.563
13831000,MATTE BLACK MODE CD:F5,Francisco Moulding,FOLK5,2.55,1.313,Wood,0.375
13831009,MATTE WHITE MODE CD:F5,Francisco Moulding,FOLK5,2.55,1.313,Wood,0.375
191171,WHITE INSERT FLOATER UNIVERSAL CD:F5,Salvadori Moulding,FOLK5,4.40,1.250,Wood,0.625
191172,BLACK INSERT FLOATER UNIVERSAL  CD:F5,Salvadori Moulding,FOLK5,4.40,1.250,Wood,0.625
200851,BLACK PURITY  CD:F5,Salvadori Moulding,FOLK5,2.76,1.000,Wood,0.375
200852,WHITE PURITY  CD:F5,Salvadori Moulding,FOLK5,2.76,1.000,Wood,0.375
2008753,DARK GREY PURITY  CD:F5,Salvadori Moulding,FOLK5,2.76,1.000,Wood,0.375
2008754,LIGHT GREY PURITY  CD:F5,Salvadori Moulding,FOLK5,2.76,1.000,Wood,0.375
2008755,DARK BLUE PURITY  CD:F5,Salvadori Moulding,FOLK5,2.76,1.000,Wood,0.375
2008756,LIGHT BLUE PURITY  CD:F5,Salvadori Moulding,FOLK5,2.76,1.000,Wood,0.375
2008758,VIOLET PURITY  CD:F5,Salvadori Moulding,FOLK5,2.76,1.000,Wood,0.375
2008759,LILAC PURITY  CD:F5,Salvadori Moulding,FOLK5,2.76,1.000,Wood,0.375
2008760,DARK GREEN PURITY  CD:F5,Salvadori Moulding,FOLK5,2.76,1.000,Wood,0.375
2008761,LIGHT GREEN PURITY  CD:F5,Salvadori Moulding,FOLK5,2.76,1.000,Wood,0.375
2008762,DARK RED PURITY  CD:F5,Salvadori Moulding,FOLK5,2.76,1.000,Wood,0.375
2008764,ORANGE PURITY  CD:F5,Salvadori Moulding,FOLK5,2.76,1.000,Wood,0.375
2008765,YELLOW PURITY  CD:F5,Salvadori Moulding,FOLK5,2.76,1.000,Wood,0.375
2008766,BROWN PURITY  CD:F5,Salvadori Moulding,FOLK5,2.76,1.000,Wood,0.375
2008770,TIFFANY BLUE PURITY  CD:F5,Salvadori Moulding,FOLK5,2.76,1.000,Wood,0.375
201015,SUMMER YELLOW LACQUER PURITY CD:F5,Salvadori Moulding,FOLK5,2.28,0.625,Wood,0.313
201017,FOREST GREEN LACQUER PURITY CD:F5,Salvadori Moulding,FOLK5,2.28,0.625,Wood,0.313
201019,RUBY RED LACQUER PURITY CD:F5,Salvadori Moulding,FOLK5,2.28,0.625,Wood,0.313
201021,BLUE ABYSS LACQUER PURITY CD:F5,Salvadori Moulding,FOLK5,2.28,0.625,Wood,0.313
201022,OLIVE GREEN LACQUER PURITY CD:F5,Salvadori Moulding,FOLK5,2.28,0.625,Wood,0.313
201023,STEEL BLUE LACQUER PURITY CD:F5,Salvadori Moulding,FOLK5,2.28,0.625,Wood,0.313
201024,CLEMENTINE ORANGE LACQUER PURITY CD:F5,Salvadori Moulding,FOLK5,2.28,0.625,Wood,0.313
201026,DEEP RED LACQUER PURITY CD:F5,Salvadori Moulding,FOLK5,2.28,0.625,Wood,0.313
201048,BLACK LACQUER PURITY CD:F5,Salvadori Moulding,FOLK5,2.28,0.625,Wood,0.313
201049,WHITE LACQUER PURITY CD:F5,Salvadori Moulding,FOLK5,2.28,0.625,Wood,0.313
29260300,"3""X3/4"" BLOCK BASSWOOD CD:F5",Folk Wood Moulding,FOLK5,3.67,3.000,Wood,
29260315,"3 1/2""X3/4"" BLOCK BASSWOOD CD:F5",Folk Wood Moulding,FOLK5,3.80,3.500,Wood,
32813043,GOLD ULTRALINE  CD:F5,NMC Moulding,FOLK5,2.24,0.500,Wood,0.375
32813044,SILVER ULTRALINE  CD:F5,NMC Moulding,FOLK5,2.24,0.500,Wood,0.375
38611000,PITCH BLACK QUORA  CD:F5,Francisco Moulding,FOLK5,2.35,0.750,Wood,0.688
38611025,LIGHT WALNUT QUORA  CD:F5,Francisco Moulding,FOLK5,2.35,0.750,Wood,0.688
38611036,WALNUT QUORA  CD:F5,Francisco Moulding,FOLK5,2.35,0.750,Wood,0.688
38611069,FOG GREY QUORA  CD:F5,Francisco Moulding,FOLK5,2.35,0.750,Wood,0.688
38611083,MAPLE QUORA  CD:F5,Francisco Moulding,FOLK5,2.35,0.750,Wood,0.688
38611235,WHITE OAK QUORA  CD:F5,Francisco Moulding,FOLK5,2.35,0.750,Wood,0.688
700201,BLACK WITH BEAD MODE CD:F5,Francisco Moulding,FOLK5,2.40,0.875,Wood,0.375
700299,SOFT WHITE WITH BEAD MODE CD:F5,Francisco Moulding,FOLK5,2.40,0.875,Wood,0.375
704101,MATTE BLACK MODE CD:F5,Francisco Moulding,FOLK5,2.79,0.875,Wood,0.750
E2-101,WHITE SLANT LINER  CD:F5,Linen Liners,FOLK5,6.22,2.000,Liner,0.250
E2-102,NATURAL LINER  CD:F5,Linen Liners,FOLK5,6.22,2.000,Liner,0.250
S-101 L,WHITE SCOOP LINER  CD:F5,Linen Liners,FOLK5,6.22,2.000,Liner,0.250
S-102,NATURAL SCOOP LINER  CD:F5,Linen Liners,FOLK5,6.22,2.000,Liner,0.250
S-401,S/O BLACK SILK LINER  CD:F5,Linen Liners,FOLK5,6.22,2.000,Liner,0.250
20101001,"ANTIQUE GOLD FLORENTINO CD:F51
",DeConcilio,FOLK51,29.80,3.500,Wood,0.750
20101002,ANTIQUE SILVER FLORENTINO CD:F51,DeConcilio,FOLK51,29.80,3.500,Wood,0.750
20101004,"DARKEST BLUE FLORENTINO CD:F51
",DeConcilio,FOLK51,29.80,3.500,Wood,0.750
20101007,SEAFOAM FLORENTINO CD:F51,DeConcilio,FOLK51,29.80,3.500,Wood,0.750
20313101,"BAROQUE BLACK AND SILVER GADROON CD:F53
",DeConcilio,FOLK53,31.25,2.000,Wood,0.875
20313102,BAROQUE WHITE GADROON CD:F53,DeConcilio,FOLK53,31.25,2.000,Wood,0.875
20313103,"BAROQUE BLACK AND GOLD GADROON CD:F53
",DeConcilio,FOLK53,31.25,2.000,Wood,0.875
20313104,BAROQUE OXBLOOD RED GADROON CD:F53,DeConcilio,FOLK53,31.25,2.000,Wood,0.875
80364000,BLACK WITH GOLD LEAF COMBINATA CD:F54,NMC Moulding,FOLK54,35.52,3.438,Wood,0.934
80364031,ANTIQUE GOLD LEAF COMBINATA CD:F54,NMC Moulding,FOLK54,35.52,3.438,Wood,0.934
80364043,GOLD LEAF COMBINATA CD:F54,NMC Moulding,FOLK54,35.52,3.438,Wood,0.934
80774000,BLACK COMBINATA CD:54,NMC Moulding,FOLK54,35.52,3.125,Wood,2.313
80774031,ANTIQUE GOLD LEAF COMBINATA CD:F54,NMC Moulding,FOLK54,35.52,3.125,Wood,2.313
80774043,GOLD LEAF COMBINATA CD:F54,NMC Moulding,FOLK54,35.52,3.125,Wood,2.313
10752175,"S/O 3/4"" X 1 1/8""BASSWOOD CD:F6",Folk Wood Moulding,FOLK6,1.10,0.750,Wood,0.875
10752183,NATURAL RAW MAPLE  CD:F6,Folk Wood Moulding,FOLK6,4.61,0.750,Wood,1.000
10763000,BLACK DAILY CD:F6,NMC Moulding,FOLK6,3.16,0.750,Wood,1.000
10763002,BLACK WOODGRAIN DAILY CD:F6,NMC Moulding,FOLK6,3.20,0.750,Wood,1.000
10763009,WHITE DAILY CD:F6,NMC Moulding,FOLK6,3.16,0.750,Wood,1.000
10763067,BROWN DAILY CD:F6,NMC Moulding,FOLK6,3.16,0.750,Wood,1.000
10763069,CHARCOAL DAILY CD:F6,NMC Moulding,FOLK6,3.16,0.750,Wood,1.000
10763232,LIGHT GREY DAILY CD:F6,NMC Moulding,FOLK6,3.16,0.750,Wood,1.000
10763234,TAUPE GREY DAILY CD:F6,NMC Moulding,FOLK6,3.16,0.750,Wood,1.000
10763235,NATURAL DAILY  CD:F6,NMC Moulding,FOLK6,3.16,0.750,Wood,1.000
114280055,S/O MATTE BLACK SCOOP WITH GOLD BEAD,Francisco Moulding,FOLK6,2.57,1.500,Wood,0.375
114280061,S/O MATTE BLACK SCOOP WITH SILVER BEAD,Francisco Moulding,FOLK6,2.57,1.500,Wood,0.375
114281000,S/O MATTE BLACK SCOOP WITH BEAD,Francisco Moulding,FOLK6,2.45,1.500,Wood,0.375
114281062,S/O MATTE BROWN SCOOP WITH BEAD,Francisco Moulding,FOLK6,2.45,1.500,Wood,0.375
114281099,S/O MATTE SOFT WHITE SCOOP WITH BEAD,Francisco Moulding,FOLK6,2.45,1.500,Wood,0.375
114286255,S/O MATTE BROWN SCOOP WITH GOLD BEAD,Francisco Moulding,FOLK6,2.57,1.500,Wood,0.375
114286261,S/O MATTE BROWN SCOOP WITH SILVER BEAD,Francisco Moulding,FOLK6,2.57,1.500,Wood,0.375
114289955,S/O MATTE SOFT WHITE SCOOP WITH GOLD BEAD,Francisco Moulding,FOLK6,2.57,1.500,Wood,0.375
114289961,S/O MATTE SOFT WHITE SCOOP WITH SILVER BEAD,Francisco Moulding,FOLK6,2.57,1.500,Wood,0.375
12024000,MATTE BLACK DAILY CD:F6,Francisco Moulding,FOLK6,2.80,0.875,Wood,0.500
12024302,BLACK WITH PEWTER DAILY CD:F6,Francisco Moulding,FOLK6,2.80,0.875,Wood,0.500
12024303,BLACK WITH GOLD DAILY CD:F6,Francisco Moulding,FOLK6,2.80,0.875,Wood,0.500
12046000,MATTE BLACK MODE CD:F6,Francisco Moulding,FOLK6,3.70,1.250,Wood,0.563
12317000,MATTE BLACK DAILY CD:F6,Francisco Moulding,FOLK6,2.80,1.000,Wood,0.625
12317009,MATTE WHITE DAILY CD:F6,Francisco Moulding,FOLK6,2.80,1.000,Wood,0.625
12317063,ESPRESSO DAILY CD:F6,Francisco Moulding,FOLK6,2.80,1.000,Wood,0.625
12317308,ROCK GREY DAILY CD:F6,Francisco Moulding,FOLK6,2.80,1.000,Wood,0.625
12743300,GALAXY SILVER DAILY CD:F6,NMC Moulding,FOLK6,3.20,0.875,Wood,0.250
12743301,GALAXY PEWTER DAILY CD:F6,NMC Moulding,FOLK6,3.20,0.875,Wood,0.250
12743303,GALAXY GOLD DAILY CD:F6,NMC Moulding,FOLK6,3.20,0.875,Wood,0.250
12743306,GALAXY CHARCOAL DAILY CD:F6,NMC Moulding,FOLK6,3.20,0.875,Wood,0.250
12743307,GALAXY BLUE DAILY CD:F6,NMC Moulding,FOLK6,3.20,0.875,Wood,0.250
12813000,MATTE BLACK MODE CD:F6,Francisco Moulding,FOLK6,3.04,1.188,Wood,0.438
12813009,MATTE WHITE MODE CD:F6,Francisco Moulding,FOLK6,3.04,1.188,Wood,0.438
2010192,GILDED GOLD ICONA CD:F6,Salvadori Moulding,FOLK6,2.74,0.625,Wood,0.313
2010193,GILDED SILVER ICONA CD:F6,Salvadori Moulding,FOLK6,2.74,0.625,Wood,0.313
22K,THICK CASSETTA TOP AND BOTTOM RAW CD:6,Folk Wood Moulding,FOLK6,5.09,2.125,Wood,2.250
33063000,MATTE BLACK DAILY CD:F6,NMC Moulding,FOLK6,3.15,1.125,Wood,0.750
33063009,MATTE WHITE DAILY CD:F6,NMC Moulding,FOLK6,3.15,1.125,Wood,0.750
391123,ARCTIC BLUE NATURA CD:F6,Salvadori Moulding,FOLK6,2.57,0.750,Wood,0.438
391124,CLOVER NATURA CD:F6,Salvadori Moulding,FOLK6,2.57,0.750,Wood,0.438
391125,MARIGOLD NATURA CD:F6,Salvadori Moulding,FOLK6,2.57,0.750,Wood,0.438
391126,RHUBARB NATURA CD:F6,Salvadori Moulding,FOLK6,2.57,0.750,Wood,0.438
391127,CORIANDER NATURA CD:F6,Salvadori Moulding,FOLK6,2.57,0.750,Wood,0.438
391128,SOOT NATURA CD:F6,Salvadori Moulding,FOLK6,2.57,0.750,Wood,0.438
391129,DENIM NATURA CD:F6,Salvadori Moulding,FOLK6,2.57,0.750,Wood,0.438
391130,MACADAMIA NATURA CD:F6,Salvadori Moulding,FOLK6,2.57,0.750,Wood,0.438
391131,WALNUT NATURA CD:F6,Salvadori Moulding,FOLK6,2.57,0.750,Wood,0.438
391132,PECAN NATURA CD:F6,Salvadori Moulding,FOLK6,2.57,0.750,Wood,0.438
391133,TAWNY NATURA CD:F6,Salvadori Moulding,FOLK6,2.57,0.750,Wood,0.438
391134,PARCHMENT NATURA CD:F6,Salvadori Moulding,FOLK6,2.57,0.750,Wood,0.438
601624,ORANGE UNO  CD:F6,Salvadori Moulding,FOLK6,2.77,0.625,Wood,0.438
601625,YELLOW UNO CD:F6,Salvadori Moulding,FOLK6,2.77,0.625,Wood,0.438
601626,RED UNO  CD:F6,Salvadori Moulding,FOLK6,2.77,0.625,Wood,0.438
601627,GREEN UNO  CD:F6,Salvadori Moulding,FOLK6,2.77,0.625,Wood,0.438
601628,BLACK UNO  CD:F6,Salvadori Moulding,FOLK6,2.77,0.625,Wood,0.438
601629,BLUE UNO  CD:F6,Salvadori Moulding,FOLK6,2.77,0.625,Wood,0.438
601630,WHITE UNO  CD:F6,Salvadori Moulding,FOLK6,2.77,0.625,Wood,0.438
700135,MATTE BLACK SCOOP MODE CD:F6,Francisco Moulding,FOLK6,3.27,1.125,Wood,0.875
700230,BLACK WITH BEAD MODE CD:F6,Francisco Moulding,FOLK6,3.60,1.563,Wood,0.438
700509,MATTE WHITE MODE CD:F6,Francisco Moulding,FOLK6,4.15,1.750,Wood,0.563
700551,MATTE BLACK MODE CD:F6,Francisco Moulding,FOLK6,4.15,1.750,Wood,0.563
C-101,WHITE LINEN LINER  CD:F6,Linen Liners,FOLK6,5.03,1.250,Liner,0.250
C-102,NATURAL SILK LINER  CD:F6,Linen Liners,FOLK6,5.03,1.250,Liner,0.250
C-104,MANHASSET SILK LINER  CD:F6,Linen Liners,FOLK6,5.03,1.250,Liner,0.250
C-401,BLACK SILK LINER  CD:F6,Linen Liners,FOLK6,5.71,1.250,Liner,0.250
C-429,INDIGO SILK LINER  CD:F6,Linen Liners,FOLK6,5.71,1.250,Liner,0.250
C-438,KHAKI SILK LINER  CD:F6,Linen Liners,FOLK6,5.71,1.250,Liner,0.250
C-439,WILLOW SILK LINER  CD:F6,Linen Liners,FOLK6,5.71,1.250,Liner,0.250
NC29113,GREY WASH WOODWORKS CD:F6,Nurre Moulding,FOLK6,2.14,0.625,Wood,0.500
NC29114,BLACK ASH WOODWORKS CD:F6,Nurre Moulding,FOLK6,2.14,0.625,Wood,0.500
NC29116,WHITE WASH WOODWORKS CD:F6,Nurre Moulding,FOLK6,2.14,0.625,Wood,0.500
NC29175,HAZELNUT WOODWORKS CD:F6,Nurre Moulding,FOLK6,2.14,0.625,Wood,0.500
12317011,BRONZE DAILY CD:F7,Francisco Moulding,FOLK7,2.95,1.000,Wood,0.625
12317054,ALLOY SILVER DAILY CD:F7,Francisco Moulding,FOLK7,2.95,1.000,Wood,0.625
12317302,PEWTER DAILY CD:F7,Francisco Moulding,FOLK7,2.95,1.000,Wood,0.625
12317303,GOLD DAILY CD:F7,Francisco Moulding,FOLK7,2.95,1.000,Wood,0.625
12615001,S/O BLACK TREFILA SWAN CD:F7,Francisco Moulding,FOLK7,2.77,1.000,Wood,0.875
12615067,S/O BROWN TREFILA SWAN CD:F7,Francisco Moulding,FOLK7,2.77,1.000,Wood,0.875
12873000,"MATTE BLACK DAILY  CD:F7
",Francisco Moulding,FOLK7,4.19,1.938,Wood,0.563
13325271,FAWN ESSENCE CD:F7,Mael,FOLK7,3.11,0.625,Wood,0.625
13325273,TAUPE ESSENCE CD:F7,Mael,FOLK7,3.11,0.625,Wood,0.625
13325690,COTTON ESSENCE CD:F7,Mael,FOLK7,3.11,0.625,Wood,0.625
13325692,WATERMELON ESSENCE CD:F7,Mael,FOLK7,3.11,0.625,Wood,0.625
13325693,ROSEWOOD ESSENCE CD:F7,Mael,FOLK7,3.11,0.625,Wood,0.625
13325694,PEAR ESSENCE CD:F7,Mael,FOLK7,3.11,0.625,Wood,0.625
13325695,FERN ESSENCE CD:F7,Mael,FOLK7,3.11,0.625,Wood,0.625
13325716,GRAPHITE ESSENCE CD:F7,Mael,FOLK7,3.11,0.625,Wood,0.625
13325851,SHORTBREAD ESSENCE CD:F7,Mael,FOLK7,3.11,0.625,Wood,0.625
13325856,APRICOT ESSENCE CD:F7,Mael,FOLK7,3.11,0.625,Wood,0.625
13325857,SKY BLUE ESSENCE CD:F7,Mael,FOLK7,3.11,0.625,Wood,0.625
13325860,SMOKE ESSENCE CD:F7,Mael,FOLK7,3.11,0.625,Wood,0.625
13613000,MATTE BLACK MODE CD:F7,Francisco Moulding,FOLK7,4.28,1.750,Wood,0.625
1618381,OAK NATURAL CD:F7,Salvadori Moulding,FOLK7,3.37,0.625,Wood,0.563
1618383,CANALETTO WALNUT NATURAL CD:F7,Salvadori Moulding,FOLK7,3.37,0.625,Wood,0.563
177054,BLACK WITH SILVER LIP DAILY CD:F7,Francisco Moulding,FOLK7,3.30,0.750,Wood,0.750
177303,BLACK WITH GOLD LIP DAILY CD:F7,Francisco Moulding,FOLK7,3.30,0.750,Wood,0.750
192000,MATTE BLACK MODE CD:F7,NMC Moulding,FOLK7,4.35,1.500,Wood,0.500
192010,MATTE MAHOGANY MODE CD:F7,NMC Moulding,FOLK7,4.35,1.500,Wood,0.500
192035,MAHOGANY LACQUER MODE CD:F7,NMC Moulding,FOLK7,4.50,1.500,Wood,0.500
192079,CHESTNUT MODE CD:F7,NMC Moulding,FOLK7,4.35,1.500,Wood,0.500
192087,WALNUT MODE CD:F7,NMC Moulding,FOLK7,4.35,1.500,Wood,0.500
390123,ARCTIC BLUE NATURA CD:F7,Salvadori Moulding,FOLK7,2.94,1.188,Wood,0.438
390124,CLOVER NATURA CD:F7,Salvadori Moulding,FOLK7,2.94,1.188,Wood,0.438
390125,MARIGOLD NATURA CD:F7,Salvadori Moulding,FOLK7,2.94,1.188,Wood,0.438
390126,RHUBARB NATURA CD:F7,Salvadori Moulding,FOLK7,2.94,1.188,Wood,0.438
390127,CORIANDER NATURA CD:F7,Salvadori Moulding,FOLK7,2.94,1.188,Wood,0.438
390128,SOOT NATURA CD:F7,Salvadori Moulding,FOLK7,2.94,1.188,Wood,0.438
390129,DENIM NATURA CD:F7,Salvadori Moulding,FOLK7,2.94,1.188,Wood,0.438
390130,MACADAMIA NATURA CD:F7,Salvadori Moulding,FOLK7,2.94,1.188,Wood,0.438
390131,WALNUT NATURA CD:F7,Salvadori Moulding,FOLK7,2.94,1.188,Wood,0.438
390132,PECAN NATURA CD:F7,Salvadori Moulding,FOLK7,2.94,1.188,Wood,0.438
390133,TAWNY NATURA CD:F7,Salvadori Moulding,FOLK7,2.94,1.188,Wood,0.438
390134,PARCHMENT NATURA CD:F7,Salvadori Moulding,FOLK7,2.94,1.188,Wood,0.438
E-401,BLACK SILK LINER  CD:F7,Linen Liners,FOLK7,7.98,2.000,Liner,0.250
20181801,"GALADRIEL GOLD LEAF WITH RED TRONCO CD:F70
",DeConcilio,FOLK70,40.25,2.625,Wood,0.563
20181802,SARUMAN SILVER LEAF TRONCO CD:F70,DeConcilio,FOLK70,40.25,2.625,Wood,0.563
20181811,FRODO BLACK TRONCO CD:F70,DeConcilio,FOLK70,40.25,2.625,Wood,0.563
20181813,ELROND GOLD LEAF WITH BROWN TRONCO CD:F70,DeConcilio,FOLK70,40.25,2.625,Wood,0.563
20181814,GANDALF GREY TRONCO CD:F70,DeConcilio,FOLK70,40.25,2.625,Wood,0.563
10763028,VINTAGE SILVER DAILY  CD:F8,NMC Moulding,FOLK8,3.42,0.750,Wood,1.000
10763043,VINTAGE GOLD DAILY  CD:F8,NMC Moulding,FOLK8,3.42,0.750,Wood,1.000
10763105,VINTAGE PEWTER DAILY  CD:F8,NMC Moulding,FOLK8,3.42,0.750,Wood,1.000
10763154,BLACK WITH SILVER PINSTRIPE DAILY  CD:F8,Francisco Moulding,FOLK8,3.55,0.750,Wood,1.000
11351000,BLACK FLOATER MODE CD:F8,NMC Moulding,FOLK8,7.39,1.750,Wood,0.938
11351009,WHITE FLOATER MODE CD:F8,NMC Moulding,FOLK8,7.39,1.750,Wood,0.938
11351067,BROWN FLOATER MODE CD:F8,NMC Moulding,FOLK8,7.39,1.750,Wood,0.938
11351235,NATURAL FLOATER MODE CD:F8,NMC Moulding,FOLK8,7.39,1.750,Wood,0.938
11351281,CLOUD GREY FLOATER MODE CD:F8,NMC Moulding,FOLK8,7.39,1.750,Wood,0.938
11736000,"MATTE BLACK DAILY  CD:F8
",Francisco Moulding,FOLK8,4.44,1.500,Wood,0.375
11736009,"MATTE WHITE DAILY  CD:F8
",Francisco Moulding,FOLK8,4.44,1.500,Wood,0.375
11783154,BLACK BEVEL WITH SILVER PINSTRIPE DAILY  CD:F8,Francisco Moulding,FOLK8,4.34,0.750,Wood,1.375
12014002,BLACK WOODGRAIN INSERT FLOATER MODE CD:F8,NMC Moulding,FOLK8,5.35,1.250,Wood,1.563
12616001,S/O BLACK TREFILA SWAN CD:F8,Francisco Moulding,FOLK8,3.31,1.313,Wood,1.125
13241008,NAVY CARRO CD:F8,Mael,FOLK8,3.32,0.875,Wood,0.500
13241019,TAUPE CARRO CD:F8,Mael,FOLK8,3.32,0.875,Wood,0.500
13241215,CREAM CARRO CD:F8,Mael,FOLK8,3.32,0.875,Wood,0.500
13241349,BONSAI CARRO CD:F8,Mael,FOLK8,3.32,0.875,Wood,0.500
13241443,GUN METAL CARRO CD:F8,Mael,FOLK8,3.32,0.875,Wood,0.500
13241630,OFF WHITE CARRO CD:F8,Mael,FOLK8,3.32,0.875,Wood,0.500
13241646,BLACK CARRO CD:F8,Mael,FOLK8,3.32,0.875,Wood,0.500
13633000,MATTE BLACK MODE CD:F8,Francisco Moulding,FOLK8,5.49,2.375,Wood,0.563
13944000,MATTE BLACK MODE CD:F8,Francisco Moulding,FOLK8,4.65,1.750,Wood,0.500
13944063,ESPRESSO BROWN MODE CD:F8,Francisco Moulding,FOLK8,4.65,1.750,Wood,0.500
13944099,SOFT WHITE MODE CD:F8,Francisco Moulding,FOLK8,4.65,1.750,Wood,0.500
20101661,SUNBURST FLUO CD:F8,Salvadori Moulding,FOLK8,3.65,0.625,Wood,0.313
20101662,TANGERINE POP FLUO CD:F8,Salvadori Moulding,FOLK8,3.65,0.625,Wood,0.313
20101663,CHERRY BLAZE FLUO CD:F8,Salvadori Moulding,FOLK8,3.65,0.625,Wood,0.313
20101664,BOLT BLUE FLUO CD:F8,Salvadori Moulding,FOLK8,3.65,0.625,Wood,0.313
20101665,ELECTRIC LIME FLUO CD:F8,Salvadori Moulding,FOLK8,3.65,0.625,Wood,0.313
20101666,GRAPE FIZZ FLUO CD:F8,Salvadori Moulding,FOLK8,3.65,0.625,Wood,0.313
318350,LIGHT GREY HOME CD:F8,Salvadori Moulding,FOLK8,3.72,0.750,Wood,0.750
318351,PHARAOH BLUE HOME CD:F8,Salvadori Moulding,FOLK8,3.72,0.750,Wood,0.750
318352,DUSTY BLUE HOME CD:F8,Salvadori Moulding,FOLK8,3.72,0.750,Wood,0.750
318353,CLOUDBURST GREY HOME CD:F8,Salvadori Moulding,FOLK8,3.72,0.750,Wood,0.750
318354,TAUPE HOME CD:F8,Salvadori Moulding,FOLK8,3.72,0.750,Wood,0.750
318356,SABLE BROWN HOME CD:F8,Salvadori Moulding,FOLK8,3.72,0.750,Wood,0.750
318358,BLACK HOME CD:F8,Salvadori Moulding,FOLK8,3.72,0.750,Wood,0.750
318359,SOFT WHITE HOME CD:F8,Salvadori Moulding,FOLK8,3.72,0.750,Wood,0.750
318360,LAUREL GREEN HOME CD:F8,Salvadori Moulding,FOLK8,3.72,0.750,Wood,0.750
318361,TOPAZ GOLD HOME CD:F8,Salvadori Moulding,FOLK8,3.72,0.750,Wood,0.750
318362,SUNSET CLAY HOME CD:F8,Salvadori Moulding,FOLK8,3.72,0.750,Wood,0.750
318363,NUTMEG HOME CD:F8,Salvadori Moulding,FOLK8,3.72,0.750,Wood,0.750
318364,DEEP WATERS HOME CD:F8,Salvadori Moulding,FOLK8,3.72,0.750,Wood,0.750
318365,ANTIQUE HOME CD:F8,Salvadori Moulding,FOLK8,3.72,0.750,Wood,0.750
318366,SAGE GREEN HOME CD:F8,Salvadori Moulding,FOLK8,3.72,0.750,Wood,0.750
318369,ROUGE HOME CD:F8,Salvadori Moulding,FOLK8,3.72,0.750,Wood,0.750
318370,WASABI GREEN HOME CD:F8,Salvadori Moulding,FOLK8,3.72,0.750,Wood,0.750
318371,AUBERGINE HOME CD:F8,Salvadori Moulding,FOLK8,3.72,0.750,Wood,0.750
318372,LILAC HOME CD:F8,Salvadori Moulding,FOLK8,3.72,0.750,Wood,0.750
38642000,PITCH BLACK QUORA  CD:F8,Francisco Moulding,FOLK8,3.40,0.750,Wood,1.125
38642025,"LIGHT WALNUT QUORA  CD:F8
",Francisco Moulding,FOLK8,3.40,0.750,Wood,1.125
38642036,"WALNUT QUORA  CD:F8
",Francisco Moulding,FOLK8,3.40,0.750,Wood,1.125
38642069,"FOG GREY QUORA  CD:F8
",Francisco Moulding,FOLK8,3.40,0.750,Wood,1.125
38642083,MAPLE QUORA  CD:F8,Francisco Moulding,FOLK8,3.40,0.750,Wood,1.125
38642235,WHITE OAK QUORA  CD:F8,Francisco Moulding,FOLK8,3.40,0.750,Wood,1.125
521100,BLACK WITH GOLDEN LIP BARDOT CD:F8,Francisco Moulding,FOLK8,3.49,0.875,Wood,0.375
6008381,OAK NATURAL CD:F8,Salvadori Moulding,FOLK8,3.91,0.813,Wood,0.500
6008383,CANALETTO WALNUT NATURAL CD:F8,Salvadori Moulding,FOLK8,3.91,0.813,Wood,0.500
6008462,SWEET CHERRY COHIBA CD:F8,Salvadori Moulding,FOLK8,3.58,0.750,Wood,0.500
6008463,DARK WALNUT COHIBA CD:F8,Salvadori Moulding,FOLK8,3.58,0.750,Wood,0.500
76013000,"ANTIQUE BLACK BARDOT  CD:F8
",Francisco Moulding,FOLK8,3.16,0.750,Wood,0.375
76013009,"ANTIQUE WHITE BARDOT  CD:F8
",Francisco Moulding,FOLK8,3.16,0.750,Wood,0.375
76013049,"ANTIQUE SILVER BARDOT  CD:F8
",Francisco Moulding,FOLK8,3.63,0.750,Wood,0.375
76013055,"OLD GOLD BARDOT  CD:F8
",Francisco Moulding,FOLK8,3.63,0.750,Wood,0.375
76022000,"ANTIQUE BLACK BARDOT  CD:F8
",Francisco Moulding,FOLK8,3.23,1.250,Wood,0.375
76022009,"ANTIQUE WHITE BARDOT  CD:F8
",Francisco Moulding,FOLK8,3.23,1.250,Wood,0.375
76022049,"ANTIQUE SILVER BARDOT  CD:F8
",Francisco Moulding,FOLK8,3.67,1.250,Wood,0.375
76022055,"OLD GOLD BARDOT  CD:F8
",Francisco Moulding,FOLK8,3.67,1.250,Wood,0.375
76022062,"NIGHT GOLD BARDOT  CD:F8
",Francisco Moulding,FOLK8,3.67,1.250,Wood,0.375
76034000,"ANTIQUE BLACK BARDOT  CD:F8
",Francisco Moulding,FOLK8,3.33,1.500,Wood,0.375
76034009,"ANTIQUE WHITE BARDOT  CD:F8
",Francisco Moulding,FOLK8,3.33,1.500,Wood,0.375
76034054,"SILVER BARDOT  CD:F8
",Francisco Moulding,FOLK8,3.79,1.500,Wood,0.375
76034055,"OLD GOLD BARDOT  CD:F8
",Francisco Moulding,FOLK8,3.79,1.500,Wood,0.375
76034062,"NIGHT GOLD BARDOT  CD:F8
",Francisco Moulding,FOLK8,3.79,1.500,Wood,0.375
781462,SWEET CHERRY COHIBA CD:F8,Salvadori Moulding,FOLK8,3.64,0.625,Wood,0.875
781463,DARK WALNUT COHIBA CD:F8,Salvadori Moulding,FOLK8,3.64,0.625,Wood,0.875
80193000,"MATTE BLACK DAILY  CD:F8
",Francisco Moulding,FOLK8,4.85,2.500,Wood,0.625
808238,BLACK UNO CD:F8,Salvadori Moulding,FOLK8,3.87,0.750,Wood,0.750
808239,WHITE UNO CD:F8,Salvadori Moulding,FOLK8,3.87,0.750,Wood,0.750
808624,ORANGE UNO CD:F8,Salvadori Moulding,FOLK8,3.87,0.750,Wood,0.750
808625,YELLOW UNO CD:F8,Salvadori Moulding,FOLK8,3.87,0.750,Wood,0.750
808626,RED UNO CD:F8,Salvadori Moulding,FOLK8,3.87,0.750,Wood,0.750
808627,GREEN UNO CD:F8,Salvadori Moulding,FOLK8,3.87,0.750,Wood,0.750
808629,BLUE UNO CD:F8,Salvadori Moulding,FOLK8,3.87,0.750,Wood,0.750
945575,TERRA BARNWOOD RIVER  CD:F8,Salvadori Moulding,FOLK8,4.54,0.875,Wood,0.813
945576,SORREL BARNWOOD RIVER  CD:F8,Salvadori Moulding,FOLK8,4.54,0.875,Wood,0.813
945577,SMOKE BARNWOOD RIVER CD:F8,Salvadori Moulding,FOLK8,4.54,0.875,Wood,0.813
945578,ASH BARNWOOD RIVER CD:F8,Salvadori Moulding,FOLK8,4.54,0.875,Wood,0.813
945579,ANTIQUE BARNWOOD RIVER CD:F8,Salvadori Moulding,FOLK8,4.54,0.875,Wood,0.813
F1-101,WHITE LINER  CD:F8,Linen Liners,FOLK8,7.99,2.500,Liner,0.250
F1-102,NATURAL LINER  CD:F8,Linen Liners,FOLK8,7.99,2.500,Liner,0.250
NC29213,GREY WASH WOODWORKS CD:F8,Nurre Moulding,FOLK8,3.36,0.750,Wood,1.000
NC29214,BLACK ASH WOODWORKS CD:F8,Nurre Moulding,FOLK8,3.36,0.750,Wood,1.000
NC29216,WHITE WASH WOODWORKS CD:F8,Nurre Moulding,FOLK8,3.36,0.750,Wood,1.000
NC29229,CEDAR WOODWORKS CD:F8,Nurre Moulding,FOLK8,3.36,0.750,Wood,1.000
NC29275,HAZELNUT WOODWORKS CD:F8,Nurre Moulding,FOLK8,3.36,0.750,Wood,1.000
10785271,FAWN ESSENCE CD:F9,Mael,FOLK9,4.98,0.813,Wood,1.000
10785273,TAUPE ESSENCE CD:F9,Mael,FOLK9,4.98,0.813,Wood,1.000
10785690,COTTON ESSENCE CD:F9,Mael,FOLK9,4.98,0.813,Wood,1.000
10785692,WATERMELON ESSENCE CD:F9,Mael,FOLK9,4.98,0.813,Wood,1.000
10785693,ROSEWOOD ESSENCE CD:F9,Mael,FOLK9,4.98,0.813,Wood,1.000
10785694,PEAR ESSENCE CD:F9,Mael,FOLK9,4.98,0.813,Wood,1.000
10785695,FERN ESSENCE CD:F9,Mael,FOLK9,4.98,0.813,Wood,1.000
10785716,GRAPHITE ESSENCE CD:F9,Mael,FOLK9,4.98,0.813,Wood,1.000
10785851,SHORTBREAD ESSENCE CD:F9,Mael,FOLK9,4.98,0.813,Wood,1.000
10785856,APRICOT ESSENCE CD:F9,Mael,FOLK9,4.98,0.813,Wood,1.000
10785857,SKY BLUE ESSENCE CD:F9,Mael,FOLK9,4.98,0.813,Wood,1.000
10785860,SMOKE ESSENCE CD:F9,Mael,FOLK9,4.98,0.813,Wood,1.000
10899234,"S/O NATURAL ASH RAW 2"" TALL x 3/4""  CD:F9",Folk Wood Moulding,FOLK9,5.55,0.750,Wood,1.750
11351239,BLACK WITH VINTAGE SILVER FLOATER MODE CD:F9,NMC Moulding,FOLK9,7.59,1.750,Wood,0.938
11351240,BLACK WITH VINTAGE GOLD FLOATER MODE CD:F9,NMC Moulding,FOLK9,7.59,1.750,Wood,0.938
11362000,"PITCH BLACK FLOATER QUORA  CD:F9
",Francisco Moulding,FOLK9,6.30,1.750,Wood,0.938
11362069,"FOG GREY FLOATER QUORA  CD:F9
",Francisco Moulding,FOLK9,6.30,1.750,Wood,0.938
11362083,"MAPLE FLOATER QUORA  CD:F9
",Francisco Moulding,FOLK9,6.30,1.750,Wood,0.938
11362235,"WHITE OAK FLOATER QUORA  CD:F9
",Francisco Moulding,FOLK9,6.30,1.750,Wood,0.938
11736055,"GOLD COIN DAILY  CD:F9
",Francisco Moulding,FOLK9,5.04,1.500,Wood,0.375
11736154,"BLACK WITH SILVER PINSTRIPE DAILY  CD:F9
",Francisco Moulding,FOLK9,4.95,1.500,Wood,0.375
11736155,"BLACK WITH GOLD PINSTRIPE DAILY  CD:F9
",Francisco Moulding,FOLK9,4.95,1.500,Wood,0.375
11736302,"PEWTER DAILY  CD:F9
",Francisco Moulding,FOLK9,5.04,1.500,Wood,0.375
13463238,BLACK VINTAGE CD:F9,NMC Moulding,FOLK9,3.85,1.125,Wood,0.563
13463239,BLACK AND SILVER VINTAGE CD:F9,NMC Moulding,FOLK9,3.85,1.125,Wood,0.563
13463240,BLACK AND GOLD VINTAGE CD:F9,NMC Moulding,FOLK9,3.85,1.125,Wood,0.563
38629000,PITCH BLACK QUORA  CD:F9,Francisco Moulding,FOLK9,3.54,1.125,Wood,0.625
38629025,LIGHT WALNUT QUORA  CD:F9,Francisco Moulding,FOLK9,3.54,1.125,Wood,0.625
38629036,WALNUT QUORA  CD:F9,Francisco Moulding,FOLK9,3.54,1.125,Wood,0.625
38629069,FOG GREY QUORA  CD:F9,Francisco Moulding,FOLK9,3.54,1.125,Wood,0.625
38629083,MAPLE QUORA  CD:F9,Francisco Moulding,FOLK9,3.54,1.125,Wood,0.625
38629235,WHITE OAK QUORA  CD:F9,Francisco Moulding,FOLK9,3.54,1.125,Wood,0.625
4030000,BLACK DAILY CD:F9,NMC Moulding,FOLK9,5.25,1.625,Wood,0.938
4030009,WHITE DAILY CD:F9,NMC Moulding,FOLK9,5.25,1.625,Wood,0.938
4030055,GOLD COIN DAILY  CD:F9,Francisco Moulding,FOLK9,5.46,1.625,Wood,0.938
4030067,BROWN DAILY CD:F9,NMC Moulding,FOLK9,5.67,1.625,Wood,0.938
4030069,CHARCOAL DAILY CD:F9,NMC Moulding,FOLK9,5.67,1.625,Wood,0.938
4030154,BLACK WITH SILVER PINSTRIPE DAILY  CD:F9,Francisco Moulding,FOLK9,5.46,1.625,Wood,0.938
4030155,BLACK WITH GOLD PINSTRIPE DAILY  CD:F9,Francisco Moulding,FOLK9,5.46,1.625,Wood,0.938
4030232,LIGHT GREY DAILY CD:F9,NMC Moulding,FOLK9,5.67,1.625,Wood,0.938
4030234,TAUPE GREY DAILY CD:F9,NMC Moulding,FOLK9,5.67,1.625,Wood,0.938
4030302,PEWTER DAILY  CD:F9,Francisco Moulding,FOLK9,5.46,1.625,Wood,0.938
4030308,ROCK GREY DAILY  CD:F9,Francisco Moulding,FOLK9,5.46,1.625,Wood,0.938
521154,OLD SILVER WITH BLACK BARDOT CD:F9,Francisco Moulding,FOLK9,3.85,0.875,Wood,0.375
521155,OLD GOLD WITH BLACK BARDOT CD:F9,Francisco Moulding,FOLK9,3.85,0.875,Wood,0.375
6008928,BLACK CARBON  CD:F9,Salvadori Moulding,FOLK9,4.84,0.813,Wood,0.563
6012462,SWEET CHERRY COHIBA CD:F9,Salvadori Moulding,FOLK9,4.12,0.438,Wood,0.500
6012463,DARK WALNUT COHIBA CD:F9,Salvadori Moulding,FOLK9,4.12,0.438,Wood,0.500
705201,MATTE BLACK MODE CD:F9,Francisco Moulding,FOLK9,3.99,1.000,Wood,1.375
20191909,"WHITE WASH HAMMERED VALMONTE CD:F95
",DeConcilio,FOLK95,51.25,3.625,Wood,0.875
20191911,"LOW LUSTER BLACK HAMMERED VALMONTE CD:F95
",DeConcilio,FOLK95,51.25,3.625,Wood,0.875
20191916,"SILVER LEAF BROWN HAMMERED VALMONTE CD:F95
",DeConcilio,FOLK95,51.25,3.625,Wood,0.875
20191917,GOLD LEAF GREEN HAMMERED VALMONTE CD:F95,DeConcilio,FOLK95,51.25,3.625,Wood,0.875
11943STB1-COM,STB COMMON SMALL 0.75X1.75,Folk Wood Moulding,RM002,0.89,0.750,Wood,
11943STB1-S,STB SELECT SMALL 0.75X1.75,Folk Wood Moulding,RM003,1.14,0.750,Wood,
103,S/O URBAN SILVER LEAF FILLET CD:4,Roma One and Elite,RM004,3.45,0.750,Fillet,0.125
104,S/O URBAN GOLD LEAF FILLET CD:4,Roma One and Elite,RM004,3.45,0.750,Fillet,0.125
108,S/O DECAPE CREME FILLET   CD:4,Roma One and Elite,RM004,4.04,0.625,Fillet,0.125
110,S/O DECAPE NOIR FILLET PROVENCE   CD:4,Roma One and Elite,RM004,4.04,0.625,Fillet,0.125
111,S/O DECAPE CACAO FILLET PROVENCE  CD:4,Roma One and Elite,RM004,4.04,0.625,Fillet,0.125
12731087,S/O CHOCOLATE   CD:4,Simply Roma,RM004,2.07,0.500,Wood,0.250
13420308,S/O ARDOISE SLATE CD:4,Simply Roma,RM004,2.70,0.750,Wood,0.500
1421143,S/O ANTQ GOLD FILLET  CD:4 - 14211043,Roma One and Elite,RM004,3.46,0.250,Fillet,0.063
49,S/O RED/GOLD LRG BEAD FILLET  CD:4,Roma One and Elite,RM004,3.91,0.250,Fillet,0.063
5011000,S/O BLACK FILLET  CD:4 - 501100,Roma One and Elite,RM004,2.85,0.250,Fillet,0.063
5011043,S/O ANT.GOLD FILLET  CD:4,Roma One and Elite,RM004,3.05,0.250,Fillet,0.125
5011303,S/O BRUSHED GOLD FILLET  CD:4,Roma One and Elite,RM004,3.46,0.250,Fillet,0.125
54,S/O ANTIQUE SILVER FILLET  CD:4,Roma One and Elite,RM004,3.91,0.500,Fillet,0.063
55,S/O ANTIQUE GOLD FILLET  CD:4,Roma One and Elite,RM004,3.91,0.500,Fillet,0.063
57,S/O RAVEN BLACK  CD:4,Roma One and Elite,RM004,3.91,0.250,Wood,0.063
860032,S/O SHIMMERING BLUE LAVO  CD:4,Roma One and Elite,RM004,3.63,0.625,Wood,0.375
860045,SHIMMERING BLACK LAVO  CD:4,Roma One and Elite,RM004,3.63,0.625,Wood,0.375
860046,S/O SHIMMERING RED LAVO  CD:4,Roma One and Elite,RM004,3.63,0.625,Wood,0.375
860047,S/O SHIMMERING GREEN LAVO  CD:4,Roma One and Elite,RM004,3.63,0.625,Wood,0.375
860048,SHIMMERING WHITE LAVO  CD:4,Roma One and Elite,RM004,3.63,0.625,Wood,0.375
860056,SHIMMERING GREY LAVO  CD:4,Roma One and Elite,RM004,3.63,0.625,Wood,0.375
860069,S/O MATTE CHARCOAL LAVO  CD:4,Roma One and Elite,RM004,3.63,0.625,Wood,0.375
860074,S/O SHIMMERING YELLOW LAVO  CD:4,Roma One and Elite,RM004,3.63,0.625,Wood,0.375
860300,S/O MATTE ALLUMINIUM LAVO  CD:4,Roma One and Elite,RM004,3.63,0.625,Wood,0.375
860308,S/O MATTE IRON LAVO  CD:4,Roma One and Elite,RM004,3.63,0.625,Wood,0.375
865032,S/O SHIMMERING BLUE LAVO  CD:4,Simply Roma,RM004,3.29,0.750,Wood,0.375
865037,S/O SHIMMERING VIOLET LAVO  CD:4,Simply Roma,RM004,3.29,0.750,Wood,0.375
865041,S/O SHIMMERING ORANGE LAVO  CD:4,Simply Roma,RM004,3.29,0.750,Wood,0.375
865045,S/O SATIN BLACK LAVO  CD:4,Simply Roma,RM004,3.29,0.750,Wood,0.375
865046,S/O SHIMMERING RED LAVO  CD:4,Simply Roma,RM004,3.29,0.750,Wood,0.375
865047,S/O SHIMMERING GREEN LAVO  CD:4,Simply Roma,RM004,3.29,0.750,Wood,0.375
865048,S/O SHIMMERING WHITE LAVO  CD:4,Simply Roma,RM004,3.29,0.750,Wood,0.375
865054,S/O SHIMMERING SILVER LAVO  CD:4,Simply Roma,RM004,3.29,0.750,Wood,0.375
865069,S/O SHIMMERING PEWTER LAVO  CD:4,Simply Roma,RM004,3.29,0.750,Wood,0.375
865074,S/O SHIMMERING YELLOW LAVO  CD:4,Simply Roma,RM004,3.29,0.750,Wood,0.375
11943STB2-COM,STB COMMON LARGE 1.25X1.75,Folk Wood Moulding,RM005,1.26,1.250,Wood,
15125001,SATIN BLACK CD:5 SEE SUB,Simply Roma,RM005,3.76,0.875,Wood,0.750
15125308,ARDOISE SLATE CD:5,Simply Roma,RM005,3.82,0.875,Wood,0.750
193RAW,S/O 193 LINER BEVELLED UNPRIMED (NO FABRIC),Folk Wood Moulding,RM005,6.41,3.000,Liner,
202009,S/O MONTAUK WHITE  CD:5,Simply Roma,RM005,2.24,0.875,Wood,0.625
202045,S/O CHARCOAL  CD:5,Simply Roma,RM005,2.24,0.875,Wood,0.625
202052,S/O GRAY WASH  CD:5,Simply Roma,RM005,2.24,0.875,Wood,0.625
2022001,S/O SATIN BLACK RAMINO  CD:5,Simply Roma,RM005,2.57,0.875,Wood,0.625
2022009,S/O SATIN WHITE RAMINO  CD:5,Simply Roma,RM005,2.57,0.875,Wood,0.625
310045,S/O VILLAGE COAL  CD:5,Simply Roma,RM005,3.49,0.750,Wood,0.375
310053,S/O MYSTIC MAHOGANY  CD:5,Simply Roma,RM005,3.49,0.750,Wood,0.375
310067,S/O BRAVO BROWN  CD:5,Simply Roma,RM005,3.49,0.750,Wood,0.375
310086,S/O HUMBLE HONEY  CD:5,Simply Roma,RM005,3.49,0.750,Wood,0.375
40-23,S/O SILVER  CD:5,HC & Michelanglo Moulding,RM005,5.26,0.875,Wood,
40230067,S/O RAVEN BROWN  CD:5,Simply Roma,RM005,3.48,1.250,Wood,0.750
10,S/O WEATHERED ZINC MOLTO CD:6,Simply Roma,RM006,2.21,0.563,Wood,0.250
11,S/O BRUSHED GOLD MOLTO CD:6,Simply Roma,RM006,2.21,0.563,Wood,0.250
11943STB2-S,STB SELECT LARGE 1.25X1.75,Folk Wood Moulding,RM006,1.52,1.250,Wood,
12,S/O POLISHED CHROME MOLTO CD:6,Simply Roma,RM006,2.21,0.563,Wood,0.250
121045,S/O SAVOIR CHARCOAL CD:6,Simply Roma,RM006,5.99,0.750,Wood,0.375
121053,S/O SAVOIR BURNT BROWN CD:6,Simply Roma,RM006,5.99,0.750,Wood,0.375
121083,S/O SAVOIR CAFE CREME CD:6,Simply Roma,RM006,5.99,0.750,Wood,0.375
121087,S/O SAVOIR DARK BROWN CD:6,Simply Roma,RM006,5.99,0.750,Wood,0.375
12316308,ARDOISE SLATE CD:6 SEE SUB,Simply Roma,RM006,3.49,1.000,Wood,0.625
13,S/O POLISHED GOLD MOLTO CD:6,Simply Roma,RM006,2.21,0.563,Wood,0.250
15125303,S/O BRUSHED GOLD CD:6,Simply Roma,RM006,4.37,0.875,Wood,0.750
153010,S/O LIGHT WALNUT VERSAILLES  CD:6,Simply Roma,RM006,5.71,0.875,Wood,0.375
153069,S/O DARK CHARCOAL VERSAILLES  CD:6,Simply Roma,RM006,5.71,0.875,Wood,0.375
153087,S/O DARK WALNUT VERSAILLES  CD:6,Simply Roma,RM006,5.71,0.875,Wood,0.375
2022054,S/O NIGHT SILVER CD:6,Simply Roma,RM006,2.85,0.750,Wood,0.750
2022055,S/O NIGHT GOLD CD:6,Simply Roma,RM006,2.85,0.750,Wood,0.750
22725069,S/O CHARCOAL GENUINE WOODS CD:6,Simply Roma,RM006,4.94,1.000,Wood,0.500
22725085,S/O MAHOGANY GENUINE WOODS  CD:6,Simply Roma,RM006,4.94,1.000,Wood,0.500
22725087,S/O DARK WALNUT GENUINE WOODS  CD:6,Simply Roma,RM006,4.94,1.000,Wood,0.500
271700,S/O SATIN BLACK RAMINO CD:6,Simply Roma,RM006,2.57,1.125,Wood,0.375
271709,S/O SATIN WHITE RAMINO CD:6,Simply Roma,RM006,2.57,1.125,Wood,0.375
40320067,S/O RAVEN BROWN  CD:6,Simply Roma,RM006,3.74,0.750,Wood,1.000
691001,S/O SATIN BLACK NOIRE  CD:6,Simply Roma,RM006,5.82,1.000,Wood,0.500
10732,S/O SEAPORT BLUE  LAVO CD:7,Simply Roma,RM007,4.10,0.875,Wood,1.000
10737,S/O PLUM PURPLE LAVO CD:7,Simply Roma,RM007,4.10,0.875,Wood,1.000
10741,S/O ORANGE MARMALADE LAVO CD:7,Simply Roma,RM007,4.10,0.875,Wood,1.000
10747,S/O FRESH LIME LAVO CD:7,Simply Roma,RM007,4.10,0.875,Wood,1.000
10752,S/O WEATHERED ZINC MOLTO CD:7,Simply Roma,RM007,4.01,0.875,Wood,1.000
10753,S/O BRUSHED GOLD MOLTO CD:7,Simply Roma,RM007,4.01,0.875,Wood,1.000
10754,S/O POLISHED CHROME MOLTO CD:7,Simply Roma,RM007,4.01,0.875,Wood,1.000
10755,S/O POLISHED GOLD MOLTO CD:7,Simply Roma,RM007,4.01,0.875,Wood,1.000
10771308,S/O ARDOISE SLATE CD:7,Simply Roma,RM007,4.28,0.750,Wood,1.000
10774,S/O SUNBURST YELLOW LAVO CD:7,Simply Roma,RM007,4.10,0.875,Wood,1.000
10776,S/O CHERRY RED LAVO CD:7,Simply Roma,RM007,4.10,0.875,Wood,1.000
10777,S/O CAPRI TEAL LAVO CD:7,Simply Roma,RM007,4.10,0.875,Wood,1.000
120985,S/O MAHOGANY LACQUER W GOLD CD:7,Simply Roma,RM007,5.52,1.500,Wood,0.500
120987,S/O WALNUT  CD:7 SEE SUB,Simply Roma,RM007,4.85,1.500,Wood,0.500
127010,S/O BOURBON VERSAILLES  CD:7,Simply Roma,RM007,4.71,0.875,Wood,0.438
127045,DARK ASH VERSAILLES  CD:7,Simply Roma,RM007,4.71,0.875,Wood,0.438
127087,S/O BRAVO BROWN VERSAILLES  CD:7,Simply Roma,RM007,4.71,0.875,Wood,0.438
13645067,S/O BELVINDER BROWN  CD:7,Simply Roma,RM007,5.78,1.750,Wood,0.625
193209,S/O MONTAUK WHITE  CD:7,Simply Roma,RM007,3.36,0.750,Wood,1.000
193245,S/O CHARCOAL  CD:7,Simply Roma,RM007,3.36,0.750,Wood,1.000
193252,S/O GRAY WASH  CD:7,Simply Roma,RM007,3.36,0.750,Wood,1.000
20321R,S/O LIGHT OAK ARBER CD:7,Simply Roma,RM007,2.69,0.875,Wood,0.625
20322,S/O LIGHT WALNUT ARBER CD:7,Simply Roma,RM007,2.69,0.875,Wood,0.625
20323,S/O DARK WALNUT ARBER CD:7,Simply Roma,RM007,2.69,0.875,Wood,0.625
20324,S/O DARK OAK ARBER CD:7,Simply Roma,RM007,2.69,0.875,Wood,0.625
23,S/O COOL SILVER FILLET  CD:7,Roma One and Elite,RM007,5.90,0.750,Fillet,0.188
24,S/O COOL GOLD FILLET  CD:7,Roma One and Elite,RM007,5.90,0.750,Fillet,0.188
3220000,S/O SATIN BLACK RAMINO  CD:7,Simply Roma,RM007,3.33,1.250,Wood,0.500
3220008,S/O WARM WALNUT ARBER  CD:7,Simply Roma,RM007,3.33,1.250,Wood,0.500
3220009,S/O SATIN WHITE RAMINO  CD:7,Simply Roma,RM007,3.33,1.250,Wood,0.500
3220054,S/O POLISHED CHROME MOLTO  CD:7,Simply Roma,RM007,3.33,1.250,Wood,0.500
3220055,S/O POLISHED GOLD MOLTO  CD:7,Simply Roma,RM007,3.33,1.250,Wood,0.500
3220082,S/O AMERICAN MAPLE ARBER  CD:7,Simply Roma,RM007,3.33,1.250,Wood,0.500
33354,"S/O URBAN SILVER LEAF, VINTAGE CD:7",Simply Roma,RM007,4.23,0.875,Wood,1.125
33355,"S/O URBAN GOLD LEAF, VINTAGE CD:7",Simply Roma,RM007,4.23,0.875,Wood,1.125
550087,S/O FLORENTINE WALNUT CORTONA  CD:7,Roma One and Elite,RM007,5.29,0.625,Wood,0.375
10761083,S/O NATURAL CD:8  SEE SUB,Simply Roma,RM008,4.04,0.750,Wood,1.000
122045,S/O SAVOIR CHARCOAL CD:8,Simply Roma,RM008,8.08,0.750,Wood,1.125
122053,S/O SAVOIR BURNT BROWN CD: 8,Simply Roma,RM008,8.08,0.750,Wood,1.125
122083,S/O SAVOIR CAFE CREME CD:8,Simply Roma,RM008,8.08,0.750,Wood,1.125
122087,S/O SAVOIR DARK BROWN CD:8,Simply Roma,RM008,8.08,0.750,Wood,1.125
140063,S/O ESPRESSO RAMINO CD:8,Simply Roma,RM008,3.14,0.750,Wood,0.375
156010,S/O LIGHT WALNUT VERSAILLES  CD:8,Simply Roma,RM008,6.81,0.875,Wood,0.875
156069,S/O DARK CHARCOAL VERSAILLES  CD:8,Simply Roma,RM008,6.81,0.875,Wood,0.875
156087,S/O DARK WALNUT VERSAILLES  CD:8,Simply Roma,RM008,6.81,0.875,Wood,0.875
1832054,S/O COOL SILVER  CD:8,Simply Roma,RM008,5.49,0.875,Wood,0.375
1832055,S/O COOL GOLD  CD:8,Simply Roma,RM008,5.49,0.875,Wood,0.375
1852054,S/O COOL SILVER  CD:8,Simply Roma,RM008,6.02,0.750,Wood,0.375
1852055,S/O COOL GOLD  CD:8,Simply Roma,RM008,6.02,0.750,Wood,0.375
1852086,S/O NIGHT SKY BLACK  CD:8,Simply Roma,RM008,5.37,0.750,Wood,0.375
1862005,S/O NIGHTSKY BLK+COOL GLD  CD:8,Simply Roma,RM008,5.70,0.875,Wood,0.375
1862006,S/O NIGHTSKY BLK+COOL SIL  CD:8,Simply Roma,RM008,5.70,0.875,Wood,0.375
1862054,S/O COOL SILVER  CD:8,Simply Roma,RM008,6.22,0.875,Wood,0.375
1862055,S/O COOL GOLD  CD:8,Simply Roma,RM008,6.22,0.875,Wood,0.375
2020082,S/O AMERICAN MAPLE CD:8 SEE SUB,Simply Roma,RM008,2.15,0.813,Wood,0.563
204209,S/O MONTAUK WHITE  CD:8,Simply Roma,RM008,4.07,1.750,Wood,0.625
204245,S/O CHARCOAL  CD:8,Simply Roma,RM008,4.07,1.750,Wood,0.625
204252,S/O GRAY WASH  CD:8,Simply Roma,RM008,4.07,1.750,Wood,0.625
263200,S/O ANTIQUE BLACK VINTAGE CD:8,Simply Roma,RM008,4.76,0.875,Wood,1.000
263254,S/O ANTIQUE SILVER VINTAGE CD:8,Simply Roma,RM008,4.76,0.875,Wood,1.000
263255,S/O ANTIQUE GOLD VINTAGE CD:8,Simply Roma,RM008,4.76,0.875,Wood,1.000
27371,S/O LIGHT OAK ARBER CD:8,Simply Roma,RM008,3.60,1.125,Wood,0.625
27372,S/O LIGHT WALNUT ARBER CD:8,Simply Roma,RM008,3.60,1.125,Wood,0.625
27373,S/O DARK WALNUT ARBER CD:8,Simply Roma,RM008,3.60,1.125,Wood,0.625
27374,S/O DARK OAK ARBER CD:8,Simply Roma,RM008,3.60,1.125,Wood,0.625
29000,S/O BLACK IRON  CD:8,Roma One and Elite,RM008,6.69,0.750,Wood,0.375
29054,S/O URBAN SILVER LEAF  CD:8,Roma One and Elite,RM008,6.69,0.750,Wood,0.375
29055,S/O URBAN GOLD LEAF  CD:8,Roma One and Elite,RM008,6.69,0.750,Wood,0.375
29087,S/O BOULEVARD BROWN  CD:8,Roma One and Elite,RM008,6.69,0.750,Wood,0.375
31754,S/O GILDED SILVER ELEGANZA CD:8,Roma One and Elite,RM008,6.27,0.625,Wood,0.375
31755,S/O GILDED GOLD ELEGANZA CD:8,Roma One and Elite,RM008,6.27,0.625,Wood,0.375
320045,VILLAGE COAL  CD:8,Simply Roma,RM008,4.99,1.500,Wood,0.250
320053,S/O MYSTIC MAHOGANY  CD:8,Simply Roma,RM008,4.99,1.500,Wood,0.250
320067,S/O BRAVO BROWN  CD:8,Simply Roma,RM008,4.99,1.500,Wood,0.250
320086,S/O HUMBLE HONEY  CD:8,Simply Roma,RM008,4.99,1.500,Wood,0.250
330045,S/O VILLAGE COAL  CD:8,Simply Roma,RM008,5.01,1.250,Wood,0.750
330053,S/O MYSTIC MAHOGANY  CD:8,Simply Roma,RM008,5.01,1.250,Wood,0.750
330067,S/O BRAVO BROWN  CD:8,Simply Roma,RM008,5.01,1.250,Wood,0.750
330086,S/O HUMBLE HONEY  CD:8,Simply Roma,RM008,5.01,1.250,Wood,0.750
360067,S/O BRAVO BROWN  CD:8,Simply Roma,RM008,6.38,1.500,Wood,0.375
360086,HUMBLE HONEY  CD:8,Simply Roma,RM008,6.38,1.500,Wood,0.375
806005,S/O GOLD/BLACK RUVO CD:8,Simply Roma,RM008,5.49,1.000,Wood,0.438
806006,SILVER/BLACK RUVO CD:8,Simply Roma,RM008,5.49,1.000,Wood,0.438
806054,S/O SILVER RUVO CD:8,Simply Roma,RM008,4.98,1.000,Wood,0.438
806055,S/O GOLD RUVO CD:8,Simply Roma,RM008,4.98,1.000,Wood,0.438
809009,S/O WHITE RUVO  CD:8,Simply Roma,RM008,5.10,1.000,Wood,0.500
809045,S/O BLACK RUVO  CD:8,Simply Roma,RM008,5.10,1.000,Wood,0.500
809054,S/O SILVER RUVO CD:8,Simply Roma,RM008,5.10,1.000,Wood,0.500
809055,S/O GOLD RUVO CD:8,Simply Roma,RM008,5.10,1.000,Wood,0.500
809085,S/O MAHOGANY RUVO CD:8,Simply Roma,RM008,5.10,1.000,Wood,0.500
127110,S/O BOURBON VERSAILLES  CD: 9,Simply Roma,RM009,5.97,0.750,Wood,1.000
127145,S/O DARK ASH VERSAILLES  CD:9,Simply Roma,RM009,5.97,0.750,Wood,1.000
127187,S/O BRAVO BROWN VERSAILLES  CD:9,Simply Roma,RM009,5.97,0.750,Wood,1.000
15225001,SATIN BLACK CD:9  SEE SUB,Simply Roma,RM009,5.29,1.000,Wood,1.375
1923054,S/O COOL SILVER  PALIO  CD:9,Simply Roma,RM009,7.21,1.125,Wood,0.250
1923086,S/O NIGHT SKY BLACK PALIO  CD:9,Simply Roma,RM009,6.56,1.125,Wood,0.250
2054,S/O FROSTED SILVER VINTAGE  CD:9,Simply Roma,RM009,4.30,0.750,Wood,0.625
2055,S/O FROSTED GOLD VINTAGE  CD:9,Simply Roma,RM009,4.30,0.750,Wood,0.625
360045,S/O VILLAGE COAL  CD:9,Simply Roma,RM009,6.38,1.500,Wood,0.375
40440001,S/O RAVEN BLACK  CD:9,Simply Roma,RM009,6.13,1.500,Wood,1.000
533000,S/O CHARCOAL BLACK  CD:9,Simply Roma,RM009,5.62,0.750,Wood,0.438
533086,S/O SADDLE BROWN  CD:9,Simply Roma,RM009,5.62,0.750,Wood,0.438
533087,S/O DARK COCOA  CD:9,Simply Roma,RM009,5.62,0.750,Wood,0.438
690001,SATIN BLACK NOIRE  CD:10,Simply Roma,RM009,8.88,1.250,Wood,1.000
692001,S/O SATIN BLACK NOIRE  CD:9,Simply Roma,RM009,8.29,1.250,Wood,0.375
815353,S/O MAHOG LACQUER/GLD LIP      CD:9 ,Simply Roma,RM009,3.80,1.000,Wood,0.250
84,S/O SILVER LEAF FILLET CD:9,Roma One and Elite,RM009,6.37,0.750,Fillet,0.063
852045,S/O CHARCOAL BLACK ARBER  CD:9,Simply Roma,RM009,4.84,1.000,Wood,0.500
852047,S/O SMOKED PINE ARBER CD:9,Simply Roma,RM009,4.84,1.000,Wood,0.438
852058,S/O RUBBED WHITE ARBER CD:9,Simply Roma,RM009,4.84,1.000,Wood,0.438
852069,S/O ASH GREY ARBER CD:9,Simply Roma,RM009,4.84,1.000,Wood,0.438
857003,S/O SOFT GRAY ARBER  CD:9,Simply Roma,RM009,8.48,1.500,Wood,0.375
857045,S/O CHARCOAL BLACK ARBER  CD:9,Simply Roma,RM009,8.48,1.500,Wood,0.375
857047,S/O SMOKED PINE ARBER  CD:9,Simply Roma,RM009,8.48,1.500,Wood,0.375
10141001,S/O MATTE BLACK FLOATER  CD:10,Simply Roma,RM010,8.00,1.750,Wood,0.938
104005,S/O BLACK & GOLD SIMPLY CD:10,Simply Roma,RM010,6.39,1.500,Wood,0.438
114011,S/O RUBBED BRONZE MESSINA  CD:10,Simply Roma,RM010,7.71,1.500,Wood,0.625
114045,S/O FORMAL BLACK MESSINA  CD:10,Simply Roma,RM010,7.71,1.500,Wood,0.625
114054,S/O RUBBED SILVER MESSINA  CD:10,Simply Roma,RM010,7.71,1.500,Wood,0.625
114055,S/O RUBBED GOLD MESSINA  CD:10,Simply Roma,RM010,7.71,1.500,Wood,0.625
114056,S/O RUBBED PEWTER MESSINA  CD:10,Simply Roma,RM010,7.71,1.500,Wood,0.625
124210,S/O BOURBON VERSAILLES  CD:10,Simply Roma,RM010,7.71,1.625,Wood,0.500
124245,S/O DARK ASH VERSAILLES  CD:10,Simply Roma,RM010,7.71,1.625,Wood,0.500
124287,S/O BRAVO BROWN VERSAILLES  CD:10,Simply Roma,RM010,7.71,1.625,Wood,0.500
127210,S/O BOURBON VERSAILLES  CD:10,Simply Roma,RM010,7.95,1.250,Wood,1.000
127245,S/O DARK ASH VERSAILLES  CD:10,Simply Roma,RM010,7.95,1.250,Wood,1.000
127287,S/O BRAVO BROWN VERSAILLES  CD:10,Simply Roma,RM010,7.95,1.250,Wood,1.000
14354,S/O DIAG X/SILVER  CD:10,Roma One and Elite,RM010,7.51,0.625,Wood,0.250
14355,S/O DIAG X/GOLD  CD:10,Roma One and Elite,RM010,7.51,0.625,Wood,0.250
15209,S/O URBAN WHITE VINTAGE  CD:10,Simply Roma,RM010,5.99,1.250,Wood,0.500
15225303,S/O BRUSHED GOLD CD: 10,Simply Roma,RM010,5.79,1.000,Wood,1.375
15245,S/O URBAN BLACK VINTAGE  CD:10,Simply Roma,RM010,5.99,1.250,Wood,0.500
15254,S/O GILDED SILVER LEAF VINTAGE  CD:10,Simply Roma,RM010,5.99,1.250,Wood,0.500
15255,S/O GILDED GOLD LEAF VINTAGE  CD:10,Simply Roma,RM010,5.99,1.250,Wood,0.500
2032054,S/O NIGHT SILVER CD:10,Simply Roma,RM010,3.33,0.750,Wood,1.000
2032055,S/O NIGHT GOLD CD:10,Simply Roma,RM010,3.33,0.750,Wood,1.000
2032082,S/O AMERICAN MAPLE  CD:10,Simply Roma,RM010,4.34,0.813,Wood,1.000
22551010,S/O ORANGE BURL  CD:10,Roma One and Elite,RM010,7.94,1.000,Wood,0.250
22551045,S/O CHARCOAL BURL  CD:10,Roma One and Elite,RM010,7.94,1.000,Wood,0.250
22551098,S/O BLUE BURL  CD:10,Roma One and Elite,RM010,7.94,1.000,Wood,0.250
22641080,S/O ELM BURL GLOSS  CD:10,Roma One and Elite,RM010,8.20,0.813,Wood,0.250
26506,S/O URBAN BLACK ELEGANZA  CD:10,Simply Roma,RM010,7.80,1.125,Wood,0.250
26554,S/O GILDED SILVER ELEGANZA  CD:10,Simply Roma,RM010,7.80,1.125,Wood,0.250
26555,S/O GILDED GOLD ELEGANZA  CD:10,Simply Roma,RM010,7.80,1.125,Wood,0.250
28812000,S/O MATTE BLACK  CD:10,Roma One and Elite,RM010,7.77,0.625,Wood,0.250
28813044,S/O SILVER LEAF  CD:10,Roma One and Elite,RM010,7.42,0.625,Wood,0.250
28814031,S/O BRIGHT GOLD  CD:10,Roma One and Elite,RM010,7.42,0.625,Wood,0.250
471000,S/O SATIN BLACK VINTAGE  CD:10,Simply Roma,RM010,4.23,0.750,Wood,0.875
11081085,S/O MATTE MAHOGANY   CD:11,Simply Roma,RM011,7.14,1.000,Wood,1.625
158010,S/O LIGHT WALNUT VERSAILLES  CD:11,Simply Roma,RM011,9.18,1.625,Wood,0.500
158069,S/O DARK CHARCOAL VERSAILLES  CD:11,Simply Roma,RM011,9.18,1.625,Wood,0.500
158087,S/O DARK WALNUT VERSAILLES  CD:11,Simply Roma,RM011,9.18,1.625,Wood,0.500
60353,S/O COGNAC  CD:11,Roma One and Elite,RM011,7.34,0.875,Wood,0.250
60383,S/O BOURBON TABACCHINO  CD:11,Roma One and Elite,RM011,7.34,0.875,Wood,0.250
60387,S/O CIGAR LEAF  CD:11,Roma One and Elite,RM011,7.34,0.875,Wood,0.250
853045,S/O CHARCOAL BLACK ARBER CD:11,Simply Roma,RM011,6.54,1.500,Wood,0.438
853069,S/O ASH GREY ARBER CD:11,Simply Roma,RM011,6.54,1.500,Wood,0.438
123053,S/O SAVOIR BURNT BROWN CD:12,Simply Roma,RM012,10.43,1.500,Wood,1.125
123087,S/O SAVOIR DARK BROWN CD:12,Simply Roma,RM012,10.43,1.500,Wood,1.125
154010,S/O LIGHT WALNUT VERSAILLES  CD:12,Simply Roma,RM012,9.50,2.000,Wood,0.625
154069,S/O DARK CHARCOAL VERSAILLES  CD:12,Simply Roma,RM012,9.50,2.000,Wood,0.625
154087,S/O DARK WALNUT VERSAILLES  CD:12,Simply Roma,RM012,9.50,2.000,Wood,0.625
1932006,S/O RAW OAK ORGANIC CD:12,Simply Roma,RM012,5.23,0.750,Wood,1.000
1932007,S/O RAW MAPLE ORGANIC CD:12,Simply Roma,RM012,5.23,0.750,Wood,1.000
1932008,S/O RAW WALNUT ORGANIC CD:12,Simply Roma,RM012,5.23,0.750,Wood,1.000
195045,S/O DARK ASH MESSINA CD:12,Simply Roma,RM012,7.58,0.750,Wood,0.625
195056,S/O NIGHT SILVER MESSINA CD:12,Simply Roma,RM012,7.58,0.750,Wood,0.625
2001,S/O ORGANIC WHITE BURL  CD:12,Roma One and Elite,RM012,5.43,0.875,Wood,1.125
2002,S/O ORGANIC NATURAL BURL  CD:12,Roma One and Elite,RM012,5.43,0.875,Wood,1.125
2003,S/O ORGANIC GRAY BURL  CD:12,Roma One and Elite,RM012,5.43,0.875,Wood,1.125
2030,S/O NIGHT HUSH VOLA CD:12,Roma One and Elite,RM012,5.31,0.875,Wood,1.000
2031,S/O METRO FADE VOLA CD:12,Roma One and Elite,RM012,5.31,0.875,Wood,1.000
2032,S/O AZURE FLOW VOLA CD:12,Roma One and Elite,RM012,5.31,0.875,Wood,1.000
2033,S/O VERDE MINT VOLA CD:12,Roma One and Elite,RM012,5.31,0.875,Wood,1.000
2034,S/O REBEL ROSE VOLA CD:12,Roma One and Elite,RM012,5.31,0.875,Wood,1.000
2035,S/O ORO DRIP VOLA CD:12,Roma One and Elite,RM012,5.31,0.875,Wood,1.000
2036,S/O ARCO MIST VOLA CD:12,Roma One and Elite,RM012,5.31,0.875,Wood,1.000
2134045,S/O BLACK GLOSS VINTAGE  CD:12,Roma One and Elite,RM012,6.44,0.875,Wood,1.000
2134052,S/O ROSE GOLD VINTAGE  CD:12,Roma One and Elite,RM012,6.44,0.875,Wood,1.000
2134054,S/O AZTEC SILVER VINTAGE  CD:12,Roma One and Elite,RM012,6.44,0.875,Wood,1.000
2134055,S/O AZTEC GOLD VINTAGE  CD:12,Roma One and Elite,RM012,6.44,0.875,Wood,1.000
26206,S/O URBAN BLACK ELEGANZA  CD:12,Simply Roma,RM012,8.26,1.500,Wood,0.375
26254,S/O GILDED SILVER ELEGANZA  CD:12,Simply Roma,RM012,8.26,1.500,Wood,0.375
26255,S/O GILDED GOLD ELEGANZA  CD:12,Simply Roma,RM012,8.26,1.500,Wood,0.375
26854,S/O GILDED SILVER ELEGANZA  CD:12,Simply Roma,RM012,8.26,1.375,Wood,0.375
26855,S/O GILDED GOLD ELEGANZA  CD:12,Simply Roma,RM012,8.26,1.375,Wood,0.375
273800,S/O SATIN BLACK RAMINO CD:12,Simply Roma,RM012,4.82,1.125,Wood,1.125
273809,S/O SATIN WHITE RAMINO CD:12,Simply Roma,RM012,4.82,1.125,Wood,1.125
29454,S/O GILDED SILVER CD:12 ELEGANZA SEE SUB,Roma One and Elite,RM012,8.24,0.750,Wood,0.750
29455,S/O GILDED GOLD CD:12 ELEGANZA SEE SUB,Roma One and Elite,RM012,8.24,0.750,Wood,0.750
3232003,GREY OAK ARBER  CD:12,Simply Roma,RM012,6.88,1.250,Wood,1.000
3232008,S/O LIGHT WALNUT ARBER  CD:12,Simply Roma,RM012,6.88,1.250,Wood,1.000
3254,S/O FROSTED SILVER VINTAGE CD:12,Simply Roma,RM012,4.98,0.875,Wood,1.000
3255,S/O FROSTED GOLD VINTAGE CD:12,Simply Roma,RM012,4.98,0.875,Wood,1.000
44461,S/O LIGHT OAK ARBER CD:12,Simply Roma,RM012,5.89,1.750,Wood,1.000
44462,S/O LIGHT WALNUT ARBER CD:12,Simply Roma,RM012,5.89,1.750,Wood,1.000
44463,S/O DARK WALNUT ARBER CD:12,Simply Roma,RM012,5.89,1.750,Wood,1.000
44464,S/O DARK OAK ARBER CD:12,Simply Roma,RM012,5.89,1.750,Wood,1.000
471052,S/O ROSE GOLD VINTAGE  CD:12,Simply Roma,RM012,4.53,0.750,Wood,0.875
471054,S/O WARM SILVER VINTAGE  CD:12,Simply Roma,RM012,4.53,0.750,Wood,0.875
471055,S/O WARM GOLD VINTAGE  CD:12,Simply Roma,RM012,4.53,0.750,Wood,0.875
525013,S/O BUBBLE GUM COUNTRY COLL CD: 12,Simply Roma,RM012,5.31,0.750,Wood,0.438
525032,S/O VIOLET COUNTRY COLLECTION CD: 12,Simply Roma,RM012,5.31,0.750,Wood,0.438
525050,S/O BERRY COUNTRY COLLECTION CD: 12,Simply Roma,RM012,5.31,0.750,Wood,0.438
527009,S/O MATTE WHITE COUNTRY COLLECTION CD:12,Simply Roma,RM012,5.23,0.750,Wood,0.375
527045,S/O NIGHTFALL COUNTRY COLLECTION CD:12,Simply Roma,RM012,5.23,0.750,Wood,0.375
527069,S/O GREYSTONE COUNTRY COLLECTION CD:12,Simply Roma,RM012,5.23,0.750,Wood,0.375
527074,S/O SUNDANCE COUNTRY COLLECTION CD:12,Simply Roma,RM012,5.23,0.750,Wood,0.375
527098,S/O BLUEBELLE COUNTRY COLLECTION CD:12,Simply Roma,RM012,5.23,0.750,Wood,0.375
527099,S/O TEABERRY COUNTRY COLLECTION CD:12,Simply Roma,RM012,5.23,0.750,Wood,0.375
533034,S/O JET METAL BLACK LAVO  CD:12,Roma One and Elite,RM012,5.64,0.750,Wood,0.438
533045,S/O BLACK GLOSS LAVO CD:12,Roma One and Elite,RM012,5.64,0.750,Wood,0.438
533046,S/O ORIENT RED LAVO  CD:12,Roma One and Elite,RM012,5.64,0.750,Wood,0.438
807005,S/O GOLD/BLACK RUVO CD:12,Simply Roma,RM012,9.37,1.500,Wood,1.063
807006,S/O SILVER/BLACK RUVO CD:12,Simply Roma,RM012,9.37,1.500,Wood,1.063
807054,S/O SILVER RUVO CD:12,Simply Roma,RM012,9.37,1.500,Wood,1.063
807055,GOLD RUVO  CD:12,Simply Roma,RM012,9.37,1.500,Wood,1.063
164009,S/O LIGHT SAND ARRBER CD:13,Simply Roma,RM013,7.43,0.750,Wood,0.625
164045,S/O CHOCOLATE ARBER CD:13,Simply Roma,RM013,7.43,0.750,Wood,0.625
164070,S/O DARK WALNUT ARBER CD:13,Simply Roma,RM013,7.43,0.750,Wood,0.625
164086,S/O CHESTNUT ARBER CD:13,Simply Roma,RM013,7.43,0.750,Wood,0.625
164087,S/O LIGHT WALNUT ARBER CD:13,Simply Roma,RM013,7.43,0.750,Wood,0.625
168009,S/O LIGHT SAND CD:13,Simply Roma,RM013,8.01,0.750,Wood,0.625
168045,S/O CHOCOLATE ARBER CD:13,Simply Roma,RM013,8.01,0.750,Wood,0.625
168070,S/O DARK WALNUT ARBER CD:13,Simply Roma,RM013,8.01,0.750,Wood,0.625
168086,S/O CHESTNUT ARBER CD:13,Simply Roma,RM013,8.01,0.750,Wood,0.625
168087,S/O LIGHT WALNUT ARBER CD:13,Simply Roma,RM013,8.01,0.750,Wood,0.625
1702007,S/O RUSTIC BLACK COUNTRY COLLECTION CD:13,Simply Roma,RM013,6.13,1.000,Wood,0.375
1822007,S/O RUSTIC BLACK COUNTRY CD:13,Simply Roma,RM013,6.49,0.750,Wood,1.125
1822008,S/O RUSTIC NATURAL COUNTRY CD:13,Simply Roma,RM013,6.49,0.750,Wood,1.125
1822054,S/O ANTIQUE BLACK & SILVER PALIO CD:13,Simply Roma,RM013,7.44,0.750,Wood,1.125
1822055,S/O ANTIQUE BLACK & GOLD PALIO CD:13,Simply Roma,RM013,7.44,0.750,Wood,1.125
2016054,S/O VINTAGE COCOA & SILVER GIANNI CD:13,Roma One and Elite,RM013,6.48,0.875,Wood,0.438
212000,S/O SATIN BLACK VINTAGE  CD:13,Simply Roma,RM013,5.43,0.875,Wood,1.125
212009,S/O SATIN WHITE VINTAGE  CD:13,Simply Roma,RM013,5.43,0.875,Wood,1.125
212052,S/O ROSE GOLD VINTAGE  CD:13,Simply Roma,RM013,6.08,0.875,Wood,1.125
212054,S/O TITANIUM SILVER VINTAGE  CD:13,Simply Roma,RM013,6.08,0.875,Wood,1.125
212055,S/O WARM GOLD VINTAGE  CD:13,Simply Roma,RM013,6.08,0.875,Wood,1.125
2132000,S/O ASH SHAGREEN  CD:13,Roma One and Elite,RM013,6.81,0.875,Wood,1.000
2132051,S/O BONE SHAGREEN  CD:13,Roma One and Elite,RM013,6.81,0.875,Wood,1.000
2132052,S/O FOG SHAGREEN  CD:13,Roma One and Elite,RM013,6.81,0.875,Wood,1.000
2132055,S/O GOLD SHAGREEN ELEGANZA CD:13,Roma One and Elite,RM013,6.81,0.875,Wood,1.000
273808,S/O LIGHT WALNUT RAMINO CD:13,Simply Roma,RM013,5.55,1.125,Wood,1.125
273855,S/O ANTIQUE GOLD VINTAGE CD:13,Simply Roma,RM013,5.29,1.000,Wood,1.125
273856,S/O ANTIQUE SILVER VINTAGE CD:13,Simply Roma,RM013,5.29,1.000,Wood,1.125
273882,S/O AMERICAN MAPLE RAMINO CD:13,Simply Roma,RM013,5.55,1.125,Wood,1.125
2854,S/O FROSTED SILVER VINTAGE CD:13,Simply Roma,RM013,5.77,1.125,Wood,1.000
2855,S/O FROSTED GOLD VINTAGE CD:13,Simply Roma,RM013,5.77,1.125,Wood,1.000
303800,S/O ANTIQUE BLACK VINTAGE CD:13,Simply Roma,RM013,6.03,1.125,Wood,1.250
303854,S/O ANTIQUE SILVER VINTAGE CD:13,Simply Roma,RM013,6.03,1.125,Wood,1.250
303855,S/O ANTIQUE GOLD VINTAGE CD:13,Simply Roma,RM013,6.03,1.125,Wood,1.250
31554,S/O GILDED SILVER ELEGANZA CD:13,Roma One and Elite,RM013,9.04,0.875,Wood,0.250
31555,S/O GILDED GOLD ELEGANZA CD:13,Roma One and Elite,RM013,9.04,0.875,Wood,0.250
3232045,S/O OPAQUE BLACK ARBER  CD:13,Simply Roma,RM013,6.88,1.250,Wood,1.000
3232082,S/O AMERICAN MAPLE ARBER  CD:13,Simply Roma,RM013,6.88,1.250,Wood,1.000
3232083,S/O NATURAL ARBER  CD:13,Simply Roma,RM013,6.88,1.250,Wood,1.000
334054,"S/O URBAN SILVER LEAF, VINTAGE CD:13",Simply Roma,RM013,6.03,1.125,Wood,1.375
334055,"S/O URBAN GOLD LEAF, VINTAGE CD:13",Simply Roma,RM013,6.03,1.125,Wood,1.375
339045,S/O BLACK SWAN LAVO CD:13,Roma One and Elite,RM013,5.42,1.050,Wood,0.563
339048,S/O WHITE SWAN LAVO CD:13,Roma One and Elite,RM013,5.42,1.050,Wood,0.563
339054,S/O SILVER SWAN LAVO CD:13,Roma One and Elite,RM013,5.42,1.050,Wood,0.563
339098,S/O BLUE SWAN LAVO CD:13,Roma One and Elite,RM013,5.42,1.050,Wood,0.563
339099,S/O PINK SWAN LAVO CD:13,Roma One and Elite,RM013,5.42,1.050,Wood,0.563
340045,S/O VILLAGE COAL  CD:13,Simply Roma,RM013,9.43,1.875,Wood,0.750
340067,S/O BRAVO BROWN  CD:13,Simply Roma,RM013,9.43,1.875,Wood,0.750
340086,S/O HUMBLE HONEY  CD:13,Simply Roma,RM013,9.43,1.875,Wood,0.750
472000,S/O SATIN BLACK VINTAGE  CD:13,Simply Roma,RM013,7.11,1.500,Wood,0.875
527054,S/O ANTIQUE SILVER COUNTRY COLLECTION CD:13,Simply Roma,RM013,6.13,0.750,Wood,0.375
11152008,S/O WARM WALNUT FLOATER ARBER CD:14,Roma One and Elite,RM014,6.50,1.375,Wood,1.750
14170001,S/O SATIN BLACK  CD:14,Simply Roma,RM014,10.37,2.750,Wood,0.750
173001,S/O STEEL BLACK  CD:14,Simply Roma,RM014,8.38,1.312,Wood,0.563
173009,S/O STEEL WHITE  CD:14,Simply Roma,RM014,8.38,1.312,Wood,0.563
173054,STEEL SILVER  CD:14,Simply Roma,RM014,8.38,1.312,Wood,0.563
203201,S/O MIDNIGHT LAVO CD:14,Roma One and Elite,RM014,6.67,0.875,Wood,1.000
203250,S/O COBALT LAVO CD:14,Roma One and Elite,RM014,6.67,0.875,Wood,1.000
203254,S/O DIAMOND DUST CD:14,Roma One and Elite,RM014,6.67,0.875,Wood,1.000
203255,S/O GOLD LAVO CD:14,Roma One and Elite,RM014,6.67,0.875,Wood,1.000
203299,S/O ROSE LAVO CD:14,Roma One and Elite,RM014,6.67,0.875,Wood,1.000
2554,S/O AGED SILVER GIANNI  CD:14,Simply Roma,RM014,7.93,1.000,Wood,1.125
2555,S/O AGED GOLD GIANNI  CD:14,Simply Roma,RM014,7.93,1.000,Wood,1.125
27052,S/O WEATHERED ZINC MOLTO CD:14,Simply Roma,RM014,6.57,1.063,Wood,1.250
27053,S/O BRUSHED GOLD MOLTO CD:14,Simply Roma,RM014,6.57,1.063,Wood,1.250
27054,S/O POLISHED CHROME MOLTO CD:14,Simply Roma,RM014,6.57,1.063,Wood,1.250
27055,S/O POLISHED GOLD MOLTO CD:14,Simply Roma,RM014,6.57,1.063,Wood,1.250
27654,S/O BEADED SILVER  CD:14,Roma One and Elite,RM014,9.56,1.125,Wood,0.250
27655,S/O BEADED GOLD  CD:14,Roma One and Elite,RM014,9.56,1.125,Wood,0.250
30345,S/O GILDED BLACK ELEGANZA  CD:14,Roma One and Elite,RM014,8.73,0.750,Wood,0.375
30354,S/O URBAN SILVER LEAF  CD:14,Roma One and Elite,RM014,8.73,0.750,Wood,0.375
30355,S/O URBAN GOLD LEAF  CD:14,Roma One and Elite,RM014,8.73,0.750,Wood,0.375
31905,S/O URBAN BLK W GLD CD:14 ELEGANZA,Roma One and Elite,RM014,9.47,0.750,Wood,0.625
31906,S/O URBAN BLK W SILVER CD:14 ELEGANZA,Roma One and Elite,RM014,9.47,0.750,Wood,0.625
31954,S/O GILDED SILVER CD:14 ELEGANZA,Roma One and Elite,RM014,9.47,0.750,Wood,0.625
31955,S/O GILDED GOLD CD:14 ELEGANZA,Roma One and Elite,RM014,9.47,0.750,Wood,0.625
39200,S/O RAVEN BLACK  CD:14,Roma One and Elite,RM014,10.44,0.500,Wood,0.500
39211,S/O BRONZE LEAF  CD:14,Roma One and Elite,RM014,10.44,0.500,Wood,0.500
39254,S/O SILVER LEAF  CD:14,Roma One and Elite,RM014,10.44,0.500,Wood,0.500
39255,S/O GOLD LEAF  CD:14,Roma One and Elite,RM014,10.44,0.500,Wood,0.500
39256,S/O PEWTER LEAF  CD:14,Roma One and Elite,RM014,10.44,0.500,Wood,0.500
80073001,S/O BLACK SATIN CLASSIC SIMPLICITY  CD:14,Simply Roma,RM014,10.21,2.750,Wood,0.750
855045,S/O ARBER CHARCOAL BLACK CD:14,Simply Roma,RM014,8.54,1.250,Wood,1.000
855047,S/O ARBER SMOKED PINE CD:14,Simply Roma,RM014,8.54,1.250,Wood,1.000
855069,S/O ARBER ASH GREY CD:14,Simply Roma,RM014,8.54,1.250,Wood,1.000
855086,S/O ARBER ROASTED CHESTNUT CD:14,Simply Roma,RM014,8.54,1.250,Wood,1.000
980006,S/O FORMAL BLACK SILVER ACCENT RAVELLO CD:14,Roma One and Elite,RM014,9.23,0.875,Wood,0.625
980054,S/O RUBBED SILVER RAVELLO CD:14,Roma One and Elite,RM014,9.23,0.875,Wood,0.625
980055,S/O RUBBED GOLD RAVELLO CD:14,Roma One and Elite,RM014,9.23,0.875,Wood,0.625
980056,S/O RUBBED PEWTER RAVELLO CD:14,Roma One and Elite,RM014,9.23,0.875,Wood,0.625
14357001,S/O SATIN BLACK FLOATER CD:15,Simply Roma,RM015,9.19,2.250,Wood,1.000
159045,S/O BLACK VINTAGE  CD:15,Roma One and Elite,RM015,6.97,0.750,Wood,0.625
159054,S/O PEWTER & BLACK VINTAGE CD:15,Roma One and Elite,RM015,6.97,0.750,Wood,0.625
159055,S/O GOLD & BLACK VINTAGE CD:15,Roma One and Elite,RM015,6.97,0.750,Wood,0.625
159056,S/O SILVER & WHITE VINTAGE CD:15,Roma One and Elite,RM015,6.97,0.750,Wood,0.625
165009,S/O LIGHT SAND ARBER CD: 15,Simply Roma,RM015,9.13,0.750,Wood,1.125
165045,S/O CHOCOLATE VINTAGE CD:15,Simply Roma,RM015,9.13,0.750,Wood,1.125
165070,S/O DARK WALNUT ARBER CD:15,Simply Roma,RM015,9.13,0.750,Wood,1.125
165086,S/O CHESTNUT ARBER CD:15,Simply Roma,RM015,9.13,0.750,Wood,1.125
165087,S/O LIGHT WALNUT ARBER CD:15,Simply Roma,RM015,9.13,0.750,Wood,1.125
171001,S/O STEEL BLACK  CD:15,Simply Roma,RM015,8.54,1.375,Wood,1.188
171009,S/O STEEL WHITE  CD:15,Simply Roma,RM015,8.54,1.375,Wood,1.188
1712055,S/O ANTIQUE BLACK & GOLD PALIO CD:15,Simply Roma,RM015,9.04,1.000,Wood,1.375
172001,S/O STEEL BLACK  CD:15,Simply Roma,RM015,8.79,1.187,Wood,1.000
172009,S/O STEEL WHITE  CD:15,Simply Roma,RM015,8.79,1.187,Wood,1.000
213000,S/O SATIN BLACK VINTAGE  CD:15,Simply Roma,RM015,7.27,1.125,Wood,1.375
213009,S/O SATIN WHITE VINTAGE  CD:15,Simply Roma,RM015,7.27,1.125,Wood,1.375
213054,S/O TITANIUM SILVER VINTAGE  CD:15,Simply Roma,RM015,8.28,1.125,Wood,1.375
213055,S/O WARM GOLD VINTAGE  CD:15,Simply Roma,RM015,8.28,1.125,Wood,1.375
2548008,S/O LIGHT WALNUT ARBER  CD:15,Simply Roma,RM015,8.75,1.000,Wood,0.563
2548045,S/O OPAQUE BLACK ARBER CD:15,Simply Roma,RM015,9.16,1.000,Wood,0.563
2548082,S/O AMERICAN MAPLE ARBER  CD:15,Simply Roma,RM015,8.75,1.000,Wood,0.563
2548083,S/O NATURAL ARBER CD:15,Simply Roma,RM015,9.16,1.000,Wood,0.563
2637045,S/O BLACK GLAZE  CD:15,Roma One and Elite,RM015,9.07,1.000,Wood,1.000
2854003,S/O GREY OAK ARBER CD:15 SEE SUB,Simply Roma,RM015,8.49,1.125,Wood,1.750
2854008,S/O LIGHT WALNUT ARBER  CD:15,Simply Roma,RM015,8.49,1.125,Wood,1.750
3030006,S/O RAW OAK ORGANIC CD:15,Simply Roma,RM015,7.46,1.250,Wood,0.938
3030007,RAW MAPLE ORGANIC CD:15,Simply Roma,RM015,7.46,1.250,Wood,0.938
3030008,RAW WALNUT ORGANIC CD:15,Simply Roma,RM015,7.46,1.250,Wood,0.938
3030052,S/O FOG SHAGREEN  CD:15,Roma One and Elite,RM015,7.99,1.813,Wood,0.938
3030055,S/O GOLD SHAGREEN ELEGANZA CD:15,Roma One and Elite,RM015,7.99,1.188,Wood,0.938
33654,"S/O URBAN SILVER LEAF, VINTAGE CD:15",Simply Roma,RM015,8.47,1.500,Wood,1.750
33655,"S/O URBAN GOLD LEAF, VINTAGE CD:15",Simply Roma,RM015,8.47,1.500,Wood,1.750
383005,S/O VINTAGE COCOA & GOLD GIANNI CD:15,Simply Roma,RM015,8.32,1.500,Wood,0.500
472052,S/O ROSE GOLD VINTAGE  CD:15,Simply Roma,RM015,8.28,1.500,Wood,0.875
472054,S/O WARM SILVER VINTAGE  CD:15,Simply Roma,RM015,8.28,1.500,Wood,0.875
472055,S/O WARM GOLD VINTAGE  CD:15,Simply Roma,RM015,8.28,1.500,Wood,0.875
482000,S/O JASPER BLACK VINTAGE CD: 15,Roma One and Elite,RM015,7.96,0.625,Wood,0.750
482009,S/O CHALK WHITE VINTAGE CD:15,Roma One and Elite,RM015,7.96,0.625,Wood,0.750
528009,S/O MATTE WHITE COUNTRY COLLECTION CD:15,Simply Roma,RM015,8.02,0.750,Wood,1.000
528045,S/O NIGHTFALL COUNTRY COLLECTION CD:15,Simply Roma,RM015,8.02,0.750,Wood,1.000
528069,GREYSTONE COUNTRY COLLECTION CD:15,Simply Roma,RM015,8.02,0.750,Wood,1.000
534000,S/O CHARCOAL BLACK  CD:15,Simply Roma,RM015,9.50,1.500,Wood,0.438
534034,S/O JET METAL BLACK LAVO  CD:15,Roma One and Elite,RM015,9.70,1.500,Wood,0.438
534045,S/O BLACK GLOSS LAVO  CD:15,Roma One and Elite,RM015,9.70,1.500,Wood,0.438
534046,S/O ORIENT RED LAVO  CD:15,Roma One and Elite,RM015,9.70,1.500,Wood,0.438
534086,S/O SADDLE BROWN  CD:15,Simply Roma,RM015,9.50,1.500,Wood,0.438
534087,S/O DARK COCOA  CD:15,Simply Roma,RM015,9.50,1.500,Wood,0.438
748002,S/O RUSTIC BLACK COUNTRY CD:15,Simply Roma,RM015,8.40,1.500,Wood,0.375
748058,S/O RUSTIC WHITE COUNTRY CD:15,Simply Roma,RM015,8.40,1.500,Wood,0.375
20555,S/O GOLD LEAF  CD:16,Roma One and Elite,RM016,11.48,1.750,Wood,1.000
26306,S/O URBAN BLACK ELEGANZA  CD:16,Simply Roma,RM016,11.63,2.000,Wood,0.625
26354,S/O GILDED SILVER ELEGANZA  CD:16,Simply Roma,RM016,11.63,2.000,Wood,0.625
26355,S/O GILDED GOLD ELEGANZA  CD:16,Simply Roma,RM016,11.63,2.000,Wood,0.625
26654,S/O GILDED SILVER ELEGANZA  CD:16,Simply Roma,RM016,11.63,2.000,Wood,0.500
26655,S/O GILDED GOLD ELEGANZA  CD:16,Simply Roma,RM016,11.63,2.000,Wood,0.500
2754,S/O ETCHED SILVER VINTAGE CD:16,Roma One and Elite,RM016,8.94,1.000,Wood,1.125
2755,S/O ETCHED GOLD VINTAGE CD:16,Roma One and Elite,RM016,8.94,1.000,Wood,1.125
34000,S/O SATIN BLACK FLOATER MOLTO CD:16,Simply Roma,RM016,7.29,1.375,Wood,1.750
34008,S/O DARK WALNUT FLOATER CD:16,Simply Roma,RM016,7.29,1.375,Wood,1.750
34009,S/O SATIN WHITE FLOATER MOLTO CD:16,Simply Roma,RM016,7.29,1.375,Wood,1.750
34054,S/O POLISHED CHROME FLOATER MOLTO CD:16,Simply Roma,RM016,7.29,1.375,Wood,1.750
34055,S/O POLISHED GOLD FLOATER MOLTO CD:16,Simply Roma,RM016,7.29,1.375,Wood,1.750
34056,S/O NIGHT SILVER FLOATER CD:16,Simply Roma,RM016,7.29,1.375,Wood,1.750
34057,S/O NIGHT GOLD FLOATER CD:16,Simply Roma,RM016,7.29,1.375,Wood,1.750
34082,S/O AMERICAN MAPLE FLOATER MOLTO CD:16,Simply Roma,RM016,7.29,1.375,Wood,1.750
34083,S/O NATURAL FLOATER ARBER CD:16,Simply Roma,RM016,7.29,1.375,Wood,1.750
34084,S/O WHITE OAK FLOATER ARBER CD:16,Simply Roma,RM016,7.29,1.375,Wood,1.750
352,S/O WEATHERED ZINC MOLTO CD:16,Simply Roma,RM016,6.75,1.375,Wood,0.688
353,S/O BRUSHED GOLD MOLTO CD:16,Simply Roma,RM016,6.75,1.375,Wood,0.688
355,S/O POLISHED GOLD MOLTO CD:16,Simply Roma,RM016,6.75,1.375,Wood,0.688
528054,S/O ANTIQUE SILVER COUNTRY COLLECTION CD:16,Simply Roma,RM016,8.95,0.750,Wood,1.000
555086,S/O RENAISS BLACK CORTONA  CD:16,Roma One and Elite,RM016,9.75,1.250,Wood,0.375
555087,S/O FLOR. WALNUT CORTONA  CD:16,Roma One and Elite,RM016,9.75,1.250,Wood,0.375
808005,S/O GOLD/BLACK RUVO  CD:16,Simply Roma,RM016,11.70,2.625,Wood,0.563
808006,S/O SILVER/BLACK RUVO  CD:16,Simply Roma,RM016,11.70,2.625,Wood,0.563
858045,S/O CHARCOAL BLACK ARBER  CD:16,Simply Roma,RM016,12.46,2.750,Wood,0.375
858047,S/O SMOKED PINE ARBER  CD:16,Simply Roma,RM016,12.46,2.750,Wood,0.375
868045,S/O ELECTRIC BLACK LAVO CD:16,Roma One and Elite,RM016,9.72,1.500,Wood,0.438
868046,S/O ELECTRIC RED LAVO CD:16,Roma One and Elite,RM016,9.72,1.500,Wood,0.438
868048,S/O ELECTRIC WHITE LAVO CD:16,Roma One and Elite,RM016,9.72,1.500,Wood,0.438
868056,S/O ELECTRIC PEWTER LAVO CD:16,Roma One and Elite,RM016,9.72,1.500,Wood,0.438
160045,S/O BLACK VINTAGE CD:17,Roma One and Elite,RM017,8.65,0.750,Wood,1.125
160054,S/O PEWTER & BLACK VINTAGE CD:17,Roma One and Elite,RM017,8.65,0.750,Wood,1.125
160055,S/O GOLD & BLACK VINTAGE CD:17,Roma One and Elite,RM017,8.65,0.750,Wood,1.125
160056,S/O SILVER & WHITE VINTAGE CD:17,Roma One and Elite,RM017,8.65,0.750,Wood,1.125
167009,S/O LIGHT SAND ARBER CD:17,Simply Roma,RM017,9.47,1.375,Wood,1.000
167045,S/O CHOCOLATE ARBER CD:17,Simply Roma,RM017,9.47,1.375,Wood,1.000
167070,DARK WALNUT ARBER CD:17,Simply Roma,RM017,9.47,1.375,Wood,1.000
167086,S/O CHESTNUT ARBER CD:17,Simply Roma,RM017,9.47,1.375,Wood,1.000
167087,S/O LIGHT WALNUT ARBER CD:17,Simply Roma,RM017,9.47,1.375,Wood,1.000
174001,S/O STEEL BLACK  CD:17,Simply Roma,RM017,11.03,1.562,Wood,0.625
174009,S/O STEEL WHITE  CD:17,Simply Roma,RM017,11.03,1.562,Wood,0.625
2854045,S/O OPAQUE BLACK  CD:17,Simply Roma,RM017,8.72,1.125,Wood,1.750
2854054,S/O NIGHT SILVER CD:17,Simply Roma,RM017,8.89,1.125,Wood,1.750
2854055,S/O NIGHT GOLD CD:17,Simply Roma,RM017,8.89,1.125,Wood,1.750
2854082,S/O AMERICAN MAPLE ARBER  CD:17,Simply Roma,RM017,8.72,1.125,Wood,1.750
2854083,S/O NATURAL  CD:17,Simply Roma,RM017,8.72,1.125,Wood,1.750
748013,S/O ELECTRIC PURPLE LAVO CD:17,Roma One and Elite,RM017,7.91,1.500,Wood,0.375
748032,S/O SEAPORT BLUE LAVO  CD:17,Roma One and Elite,RM017,7.91,1.500,Wood,0.375
748037,S/O ROYAL LILAC LAVO  CD:17,Roma One and Elite,RM017,7.91,1.500,Wood,0.375
748041,S/O ORANGE MARMALADE LAVO  CD:17,Roma One and Elite,RM017,7.91,1.500,Wood,0.375
748045,S/O ELECTRIC BLACK LAVO CD:17,Roma One and Elite,RM017,7.91,1.500,Wood,0.375
748047,S/O FRESH LIME LAVO  CD:17,Roma One and Elite,RM017,7.91,1.500,Wood,0.375
748048,S/O ELECTRIC WHITE LAVO CD:17,Roma One and Elite,RM017,7.91,1.500,Wood,0.375
748052,S/O ELECTRIC GREY LAVO CD:17,Roma One and Elite,RM017,7.91,1.500,Wood,0.375
748074,S/O SUNBURST YELLOW LAVO  CD:17,Roma One and Elite,RM017,7.91,1.500,Wood,0.375
748076,S/O CHERRY RED LAVO  CD:17,Roma One and Elite,RM017,7.91,1.500,Wood,0.375
748077,S/O CAPRI TEAL LAVO  CD:17,Roma One and Elite,RM017,7.91,1.500,Wood,0.375
748098,S/O ELECTRIC SKY LAVO  CD:17,Roma One and Elite,RM017,7.91,1.500,Wood,0.375
748099,S/O ELECTRIC PINK LAVO  CD:17,Roma One and Elite,RM017,7.91,1.500,Wood,0.375
15309,S/O URBAN WHITE VINTAGE  CD: 18,Simply Roma,RM018,9.28,2.000,Wood,0.500
15345,S/O URBAN BLACK VINTAGE  CD:18,Simply Roma,RM018,9.71,2.000,Wood,0.500
15354,S/O GILDED SILVER LEAF VINTAGE  CD:18,Simply Roma,RM018,9.71,2.000,Wood,0.500
15355,S/O GILDED GOLD LEAF VINTAGE  CD:18,Simply Roma,RM018,9.71,2.000,Wood,0.500
169045,S/O CHOCOLATE ARBER CD:18,Simply Roma,RM018,11.42,1.620,Wood,0.500
169070,S/O DARK WALNUT ARBER CD:18,Simply Roma,RM018,11.42,1.625,Wood,0.500
169086,S/O CHESTNUT ARBER CD:18,Simply Roma,RM018,11.42,1.625,Wood,0.500
169087,S/O LIGHT WALNUT ARBER CD:18,Simply Roma,RM018,11.42,1.625,Wood,0.500
196045,S/O DARK ASH MESSINA CD:18,Simply Roma,RM018,11.78,1.500,Wood,0.500
196054,S/O ANTIQUE SILVER MESSINA CD:18,Simply Roma,RM018,11.78,1.500,Wood,0.500
196055,S/O ANTIQUE GOLD MESSINA CD:18,Simply Roma,RM018,11.78,1.500,Wood,0.500
196056,S/O NIGHT SILVER MESSINA CD:18,Simply Roma,RM018,11.78,1.500,Wood,0.500
2011,S/O PURPLE IRIS LA GALLERIA  CD:18,Roma One and Elite,RM018,8.49,0.750,Wood,1.125
2012,S/O ELECTRIC SKY LA GALLERIA  CD:18,Roma One and Elite,RM018,8.49,0.750,Wood,1.125
2013,S/O LEMON GRASS LA GALLERIA  CD:18,Roma One and Elite,RM018,8.49,0.750,Wood,1.125
2014,S/O HEATHERED WHITE LA GALLERIA  CD:18,Roma One and Elite,RM018,8.49,0.750,Wood,1.125
2015,S/O POWDER ROSEE LA GALLERIA  CD:18,Roma One and Elite,RM018,8.49,0.750,Wood,1.125
2039154,S/O VINTAGE COCOA & SILVER GIANNI CD:18,Roma One and Elite,RM018,7.80,0.875,Wood,1.375
2039155,S/O VINTAGE COCOA & GOLD GIANNI CD:18,Roma One and Elite,RM018,7.80,0.875,Wood,1.375
2556006,S/O RAW OAK ORGANIC CD:18,Simply Roma,RM018,9.44,1.000,Wood,2.000
2556007,S/O RAW MAPLE ORGANIC CD:18,Simply Roma,RM018,9.44,1.000,Wood,2.000
2556008,S/O RAW WALNUT ORGANIC CD:18,Simply Roma,RM018,9.44,1.000,Wood,2.000
273837,S/O PURPLE ICON  CD:18,Simply Roma,RM018,6.73,1.125,Wood,1.125
273848,S/O WHITE ICON  CD:18,Simply Roma,RM018,6.73,1.125,Wood,1.125
273854,S/O SILVER ICON  CD:18,Simply Roma,RM018,6.73,1.125,Wood,1.125
273874,S/O YELLOW ICON  CD:18,Simply Roma,RM018,6.73,1.125,Wood,1.125
273899,S/O PINK ICON  CD:18,Simply Roma,RM018,6.73,1.125,Wood,1.125
3011,S/O PURPLE IRIS LA GALLERIA  CD:18,Roma One and Elite,RM018,8.49,1.250,Wood,0.750
3012,S/O ELECTRIC SKY LA GALLERIA  CD:18,Roma One and Elite,RM018,8.49,1.250,Wood,0.750
3013,S/O LEMON GRASS LA GALLERIA  CD:18,Roma One and Elite,RM018,8.49,1.250,Wood,0.750
3014,S/O HEATHERED WHITE LA GALLERIA  CD:18,Roma One and Elite,RM018,8.49,1.250,Wood,0.750
3015,S/O POWDER ROSEE LA GALLERIA  CD:18,Roma One and Elite,RM018,8.49,1.250,Wood,0.750
30445,S/O GILDED BLACK ELEGANZA  CD:18,Roma One and Elite,RM018,12.56,1.375,Wood,0.500
30454,S/O URBAN SILVER LEAF  CD:18,Roma One and Elite,RM018,12.56,1.375,Wood,0.500
30455,S/O URBAN GOLD LEAF  CD:18,Roma One and Elite,RM018,12.56,1.375,Wood,0.500
482055,S/O SOFT GOLD VINTAGE CD: 18,Roma One and Elite,RM018,9.56,0.625,Wood,0.750
482056,S/O SOFT SILVER VINTAGE CD: 18,Roma One and Elite,RM018,9.56,0.625,Wood,0.750
482062,S/O CHAMPAGNE VINTAGE CD: 18,Roma One and Elite,RM018,9.56,0.625,Wood,0.750
4835003,GREY OAK ARBER  CD:18,Simply Roma,RM018,10.03,1.875,Wood,1.000
4835008,S/O LIGHT WALNUT ARBER  CD:18,Simply Roma,RM018,10.03,1.875,Wood,1.000
4835045,S/O OPAQUE BLACK ARBER  CD:18,Simply Roma,RM018,10.05,1.875,Wood,1.000
4835083,S/O NATURAL ARBER  CD:18,Simply Roma,RM018,10.05,1.875,Wood,1.000
529009,S/O MATTE WHITE COUNTRY COLLECTION CD:18,Simply Roma,RM018,10.27,1.250,Wood,1.063
529045,S/O NIGHTFALL COUNTRY COLLECTION CD:18,Simply Roma,RM018,10.27,1.250,Wood,1.063
529069,S/O GREYSTONE COUNTRY COLLECTION CD:18,Simply Roma,RM018,10.27,1.250,Wood,1.063
530009,S/O MATTE WHITE COUNTRY COLLECTION  CD:18,Simply Roma,RM018,10.27,1.625,Wood,0.500
530045,S/O NIGHTFALL COUNTRY COLLECTION CD:18,Simply Roma,RM018,10.27,1.625,Wood,0.500
530069,S/O GREYSTONE COUNTRY COLLECTION CD:18,Simply Roma,RM018,10.27,1.625,Wood,0.500
543800,S/O VINTAGE COCOA GIANNI CD:18,Simply Roma,RM018,10.16,2.125,Wood,0.500
543805,S/O VINTAGE COCOA & GOLD GIANNI CD:18,Simply Roma,RM018,10.53,2.120,Wood,0.500
543806,S/O VINTAGE COCOA & SILVER GIANNI CD:18,Simply Roma,RM018,10.53,2.120,Wood,0.500
62681,S/O LIGHT OAK ARBER CD:18,Simply Roma,RM018,9.99,2.500,Wood,1.125
62682,S/O LIGHT WALNUT ARBER CD:18,Simply Roma,RM018,9.99,2.500,Wood,1.125
62683,S/O DARK WALNUT ARBER CD:18,Simply Roma,RM018,9.99,2.500,Wood,1.125
62684,S/O DARK OAK ARBER CD:18,Simply Roma,RM018,9.99,2.500,Wood,1.125
120845,S/O BLACK LACQUER/GOLD  CD:19,Simply Roma,RM019,5.86,1.687,Wood,0.500
3101,S/O ORGANIC WHITE BURL  CD:19,Roma One and Elite,RM019,7.93,1.250,Wood,1.000
3102,S/O ORGANIC NATURAL BURL  CD:19,Roma One and Elite,RM019,7.93,1.250,Wood,1.000
3103,S/O ORGANIC GRAY BURL  CD:19,Roma One and Elite,RM019,7.93,1.250,Wood,1.000
2332054,SILVER VINTAGE CD:20,Roma One and Elite,RM020,10.70,0.938,Wood,1.000
2332055,S/O GOLD VINTAGE CD:20,Roma One and Elite,RM020,10.70,0.938,Wood,1.000
3454,S/O FROSTED SILVER VINTAGE CD:20,Simply Roma,RM020,10.16,2.125,Wood,0.625
3455,S/O FROSTED GOLD VINTAGE  CD:20,Simply Roma,RM020,10.16,2.125,Wood,0.625
529054,S/O ANTIQUE SILVER COUNTRY COLLECTION CD:20,Simply Roma,RM020,11.97,1.250,Wood,1.063
60245,S/O DARK ASH TABACCHINO  CD:20,Roma One and Elite,RM020,11.28,1.125,Wood,0.375
60247,S/O FOREST LEAF TABACCHINO  CD:20,Roma One and Elite,RM020,11.28,1.125,Wood,0.375
60253,S/O COGNAC TABACCHINO  CD:20,Roma One and Elite,RM020,11.28,1.125,Wood,0.375
892045,S/O ELECTRIC BLACK LAVO  CD:20,Roma One and Elite,RM020,14.86,2.250,Wood,0.500
892048,S/O ELECTRIC WHITE LAVO  CD:20,Roma One and Elite,RM020,14.86,2.250,Wood,0.500
175001,S/O STEEL BLACK  CD:21,Simply Roma,RM021,13.82,1.000,Wood,2.313
175009,S/O STEEL WHITE  CD:21,Simply Roma,RM021,13.82,1.000,Wood,2.313
162045,S/O BLACK VINTAGE COLLECTION CD:22,Roma One and Elite,RM022,11.64,0.750,Wood,1.750
162054,S/O PEWTER & BLACK VINTAGE CD:22,Roma One and Elite,RM022,11.64,0.750,Wood,1.750
162055,S/O GOLD & BLACK VINTAGE CD:22,Roma One and Elite,RM022,11.64,0.750,Wood,1.750
162056,S/O SILVER & WHITE VINTAGE CD:22,Roma One and Elite,RM022,11.64,0.750,Wood,1.750
2637055,S/O WEATHERED GOLD  CD:22,Roma One and Elite,RM022,12.71,1.000,Wood,1.000
30554,S/O GILDED SILVER  CD:22,Roma One and Elite,RM022,12.88,1.375,Wood,0.375
30555,S/O GILDED GOLD  CD:22,Roma One and Elite,RM022,12.88,1.375,Wood,0.375
17200,S/O RAVEN BLACK  CD:23,Roma One and Elite,RM023,14.52,1.250,Wood,1.000
17254,S/O SILVER LEAF  CD:23,Roma One and Elite,RM023,14.52,1.250,Wood,1.000
17255,S/O GOLD LEAF  CD:23,Roma One and Elite,RM023,14.52,1.250,Wood,1.000
6230,S/O NIGHT HUSH VOLA CD:23,Roma One and Elite,RM023,13.77,1.750,Wood,
6231,S/O METRO FADE VOLA CD:23,Roma One and Elite,RM023,13.77,1.750,Wood,
6235,S/O ORO DIP VOLA CD:23,Roma One and Elite,RM023,13.77,1.750,Wood,
6236,S/O ARCO MIST VOLA CD:23,Roma One and Elite,RM023,13.77,1.750,Wood,
856045,S/O ARBER CHARCOAL BLACK CD:23,Simply Roma,RM023,15.28,3.000,Wood,0.875
370045,S/O VILLAGE COAL  CD:24,Simply Roma,RM024,14.77,2.750,Wood,0.625
370067,S/O BRAVO BROWN  CD:24,Simply Roma,RM024,14.77,2.750,Wood,0.625
29754,S/O GILDED SILVER LEAF ELEGANZA CD:25,Roma One and Elite,RM025,16.24,1.750,Wood,0.375
29755,S/O GILDED GOLD LEAF ELEGANZA CD:25,Roma One and Elite,RM025,16.24,1.750,Wood,0.375
3055051,BONE SHAGREEN  CD:25,Roma One and Elite,RM025,14.53,1.813,Wood,1.938
3055055,S/O GOLD SHAGREEN ELEGANZA CD:25,Roma One and Elite,RM025,14.53,1.188,Wood,1.938
4035054,S/O SILVER VINTAGE CD:25,Roma One and Elite,RM025,13.15,1.580,Wood,0.625
4035055,S/O GOLD VINTAGE CD:25,Roma One and Elite,RM025,13.15,1.580,Wood,0.625
4430R,S/O NIGHT HUSH VOLA CD:25,Roma One and Elite,RM025,11.53,1.750,Wood,1.250
4431,S/O METRO FADE VOLA CD:25,Roma One and Elite,RM025,11.53,1.750,Wood,1.250
4435R,S/O ORO DRIP VOLA CD:25,Roma One and Elite,RM025,11.53,1.750,Wood,1.250
4436R,S/O ARCO MIST VOLA CD:25,Roma One and Elite,RM025,11.53,1.750,Wood,1.250
5041032,S/O SEAPORT BLUE LAVO  CD:25,Roma One and Elite,RM025,10.16,2.000,Wood,0.625
5041037,S/O ROYAL LILAC LAVO  CD:25,Roma One and Elite,RM025,10.16,2.000,Wood,0.625
5041041,S/O ORANGE MARMALADE LAVO  CD:25,Roma One and Elite,RM025,10.16,2.000,Wood,0.625
5041045,S/O ELECTRIC BLACK LAVO  CD:25,Roma One and Elite,RM025,10.16,2.000,Wood,0.625
5041047,S/O GREEN LACQUER LAVO  CD:25,Roma One and Elite,RM025,10.16,2.000,Wood,0.625
5041048,S/O ELECTRIC WHITE LAVO  CD:25,Roma One and Elite,RM025,10.16,2.000,Wood,0.625
5041074,S/O SUNBURST YELLOW LAVO  CD:25,Roma One and Elite,RM025,10.16,2.000,Wood,0.625
5041076,S/O CHERRY RED LAVO  CD:25,Roma One and Elite,RM025,10.16,2.000,Wood,0.625
5041077,S/O CAPRI TEAL LAVO  CD:25,Roma One and Elite,RM025,10.16,2.000,Wood,0.625
88754,S/O SILVER LEAF  CD:25,Roma One and Elite,RM025,16.89,1.250,Wood,0.500
88755,S/O GOLD LEAF  CD:25,Roma One and Elite,RM025,16.89,1.250,Wood,0.500
5041008,S/O DARK WALNUT ARBER CD:26,Simply Roma,RM026,10.98,2.000,Wood,0.625
5041083,S/O NATURAL ARBER CD:26,Simply Roma,RM026,10.98,2.000,Wood,0.625
5041084,S/O WHITE OAK ARBER CD:26,Simply Roma,RM026,10.98,2.000,Wood,0.625
10873069,S/O CHARCOAL FLOATER CD:28,Simply Roma,RM028,18.10,2.750,Wood,1.938
163045,S/O BLACK VINTAGE CD:28,Roma One and Elite,RM028,14.23,1.000,Wood,2.375
163054,S/O PEWTER & BLACK VINTAGE CD:28,Roma One and Elite,RM028,14.23,1.000,Wood,2.375
163055,S/O GOLD & BLACK VINTAGE CD:28,Roma One and Elite,RM028,14.23,1.000,Wood,2.375
163056,S/O SILVER & WHITE VINTAGE CD:28,Roma One and Elite,RM028,14.23,1.000,Wood,2.375
30755,S/O GILDED GOLD ELEGANZA  CD:28,Roma One and Elite,RM028,19.15,2.375,Wood,0.375
3354R,S/O AGED SILVER GIANNI CD:28,Simply Roma,RM028,12.25,1.375,Wood,1.625
3355,S/O AGED GOLD GIANNI CD:28,Simply Roma,RM028,12.25,1.375,Wood,1.625
4335154,S/O VINTAGE COCOA & SILVER GIANNI CD:28,Roma One and Elite,RM028,14.55,1.750,Wood,1.188
4335155,S/O VINTAGE COCOA & GOLD GIANNI CD:28,Roma One and Elite,RM028,14.55,1.750,Wood,1.188
3554,S/O ETCHED SILVER VINTAGE CD:29,Roma One and Elite,RM029,13.55,1.375,Wood,1.625
3555,S/O ETCHED GOLD VINTAGE CD:29,Roma One and Elite,RM029,13.55,1.375,Wood,1.625
556086,S/O RENAISSANCE BLK CORTONA CD:29,Roma One and Elite,RM029,18.05,2.500,Wood,0.750
556087,S/O FLORENTINE WALNUT CORTONA CD:29,Roma One and Elite,RM029,18.05,2.500,Wood,0.750
1706001,S/O POINTED BLACK  CD:30,Roma One and Elite,RM030,15.85,1.375,Wood,1.500
1706009,S/O POINTED WHITE  CD:30,Roma One and Elite,RM030,16.58,1.375,Wood,1.500
176001,S/O SATIN BLACK  CD:30,Simply Roma,RM030,17.63,2.750,Wood,1.188
176009,S/O OPAQUE WHITE  CD:30,Simply Roma,RM030,17.63,2.750,Wood,1.188
341045,S/O BLACK SWAN LAVO CD:30,Roma One and Elite,RM030,16.63,2.375,Wood,1.250
341048,S/O WHITE SWAN LAVO CD:30,Roma One and Elite,RM030,16.63,2.375,Wood,1.250
341054,S/O SILVER SWAN LAVO CD:30,Roma One and Elite,RM030,16.63,2.375,Wood,1.250
341098,S/O BLUE SWAN LAVO CD:30,Roma One and Elite,RM030,16.63,2.375,Wood,1.250
341099,S/O PINK SWAN LAVO CD:30,Roma One and Elite,RM030,16.63,2.375,Wood,1.250
537045,S/O NIGHTFALL FLOATER COUNTRY CD:30,Simply Roma,RM030,20.55,0.750,Wood,2.250
60410,S/O TOBACCO LEAF  CD:30,Roma One and Elite,RM030,15.68,1.375,Wood,1.125
60445,S/O DARK ASH  CD:30,Roma One and Elite,RM030,15.68,1.375,Wood,1.125
60453,S/O COGNAC  CD:30,Roma One and Elite,RM030,15.68,1.375,Wood,1.125
60483,S/O BOURBON TABACCHINO  CD:30,Roma One and Elite,RM030,15.68,1.375,Wood,1.125
60487,S/O CIGAR LEAF  CD:30,Roma One and Elite,RM030,15.68,1.375,Wood,1.125
7040055,S/O GOLD SHAGREEN ELEGANZA CD:30,Roma One and Elite,RM030,19.15,2.750,Wood,1.250
745002,S/O RUSTIC BLACK COUNTRY CD:30,Simply Roma,RM030,18.68,3.500,Wood,0.438
745058,S/O RUSTIC WHITE COUNTRY CD:30,Simply Roma,RM030,18.68,3.500,Wood,0.438
1706055,S/O POINTED GOLD  CD:31,Roma One and Elite,RM031,20.87,1.375,Wood,1.500
745032,S/O SEAPORT BLUE LAVO  CD:33,Roma One and Elite,RM033,19.75,3.500,Wood,0.500
745037,S/O ROYAL LILAC LAVO  CD:33,Roma One and Elite,RM033,19.75,3.500,Wood,0.500
745041,S/O ORANGE MARMALADE LAVO  CD:33,Roma One and Elite,RM033,19.75,3.500,Wood,0.500
745045,S/O ELECTRIC BLACK LAVO  CD:33,Roma One and Elite,RM033,19.75,3.500,Wood,0.500
745046,S/O ELECTRIC RED LAVO  CD:33,Roma One and Elite,RM033,19.75,3.500,Wood,0.500
745047,S/O FRESH LIME LAVO  CD:33,Roma One and Elite,RM033,19.75,3.500,Wood,0.500
745074,S/O SUNBURST YELLOW LAVO  CD:33,Roma One and Elite,RM033,19.75,3.500,Wood,0.500
745076,S/O CHERRY RED LAVO  CD:33,Roma One and Elite,RM033,19.75,3.500,Wood,0.500
745077,S/O CAPRI TEAL LAVO  CD:33,Roma One and Elite,RM033,19.75,3.500,Wood,0.500
3552052,DISC WEATHERED CHAMPAGNE  CD:35,Roma One and Elite,RM035,17.54,1.375,Wood,1.500
537054,S/O ANTIQUE SILVER FLOATER COUNTRY CD:35,Simply Roma,RM035,21.27,0.750,Wood,2.250
88854,S/O SILVER LEAF  CD:36,Roma One and Elite,RM036,26.85,2.000,Wood,0.500
88855,S/O GOLD LEAF  CD:36,Roma One and Elite,RM036,26.85,2.000,Wood,0.500
535034,S/O JET METAL BLACK LAVO  CD:38,Roma One and Elite,RM038,21.72,3.500,Wood,0.500
535045,S/O BLACK GLOSS LAVO  CD:38,Roma One and Elite,RM038,21.72,3.500,Wood,0.500
535046,S/O ORIENT RED LAVO  CD:38,Roma One and Elite,RM038,21.72,3.500,Wood,0.500
29854,S/O GILDED SILVER LEAF ELEGANZA CD:40,Roma One and Elite,RM040,27.98,2.750,Wood,0.750
29855,S/O GILDED GOLD LEAF ELEGANZA CD:40,Roma One and Elite,RM040,27.98,2.750,Wood,0.750
74773055,S/O GLD./CARVED  CD:40,Roma One and Elite,RM040,27.91,3.000,Wood,1.000
869045,S/O ELECTRIC BLACK LAVO CD:40,Roma One and Elite,RM040,27.21,3.000,Wood,0.625
869046,S/O ELECTRIC RED LAVO CD:40,Roma One and Elite,RM040,27.21,3.000,Wood,0.625
869056,S/O ELECTRIC PEWTER LAVO CD:40,Roma One and Elite,RM040,27.21,3.000,Wood,0.625
57343,S/O ANTIQUE GOLD  CD:42,Roma One and Elite,RM042,29.18,2.500,Wood,0.750
57344,S/O ANTIQUE SILVER CD:42,Roma One and Elite,RM042,29.18,2.500,Wood,0.750
57345,S/O ANTIQUE BLACK  CD:42,Roma One and Elite,RM042,29.18,2.500,Wood,0.750
60545,S/O DARK ASH TABACCHINO  CD:44,Roma One and Elite,RM044,22.90,2.750,Wood,0.500
60587,S/O CIGAR LEAF TABACCHINO  CD:44,Roma One and Elite,RM044,22.90,2.750,Wood,0.500
30645,S/O URBAN BLACK ELEGANZA  CD:50,Roma One and Elite,RM050,28.71,2.750,Wood,0.625
30654,S/O GILDED SILVER ELEGANZA CD:50,Roma One and Elite,RM050,28.71,2.750,Wood,0.625
30655,S/O GILDED GOLD ELEGANZA  CD:50,Roma One and Elite,RM050,28.71,2.750,Wood,0.625
32200,S/O MATTE BLACK ANTIQUE GLD CD:51,Roma One and Elite,RM051,32.31,2.875,Wood,1.000
32255,S/O GOLD LF/SP  CD:51,Roma One and Elite,RM051,32.31,2.880,Wood,1.000
68543,S/O ANTIQUE GOLD  CD:53,Roma One and Elite,RM053,33.29,2.130,Wood,0.500
68544,S/O ANTIQUE SILVER  CD:53,Roma One and Elite,RM053,33.29,2.130,Wood,0.500
68545,S/O BLK W SLVR UNDERTONES  CD:53,Roma One and Elite,RM053,33.29,2.130,Wood,0.500
28454,S/O URBAN SILVER LEAF  CD:55,Roma One and Elite,RM055,34.85,3.500,Wood,1.625
30854,S/O GILDED SILVER ELEGANZA  CD:55,Roma One and Elite,RM055,37.12,3.750,Wood,1.000
30855,S/O GILDED GOLD ELEGANZA  CD:55,Roma One and Elite,RM055,37.12,3.750,Wood,1.000
60645,S/O DARK ASH TABACCHINO  CD:55,Roma One and Elite,RM055,34.56,4.000,Wood,0.750
60687,S/O CIGAR LEAF TABACCHINO  CD:55,Roma One and Elite,RM055,34.56,4.000,Wood,0.750
7461032,S/O SEAPORT BLUE LAVO  CD:55,Roma One and Elite,RM055,21.60,2.938,Wood,0.938
7461037,S/O ROYAL LILAC LAVO  CD:55,Roma One and Elite,RM055,21.60,2.938,Wood,0.938
7461041,S/O ORANGE MARMALADE LAVO  CD:55,Roma One and Elite,RM055,21.60,2.938,Wood,0.938
7461045,S/O ELECTRIC BLACK LAVO  CD:55,Roma One and Elite,RM055,21.60,2.938,Wood,0.938
7461047,S/O GREEN LACQUER LAVO  CD:55,Roma One and Elite,RM055,21.60,2.938,Wood,0.938
7461048,S/O ELECTRIC WHITE LAVO  CD:55,Roma One and Elite,RM055,21.60,2.938,Wood,0.938
7461074,S/O SUNBURST YELLOW LAVO  CD:55,Roma One and Elite,RM055,21.60,2.938,Wood,0.938
7461076,S/O CHERRY RED LAVO  CD:55,Roma One and Elite,RM055,21.60,2.938,Wood,0.938
7461077,S/O CAPRI TEAL LAVO  CD:55,Roma One and Elite,RM055,21.60,2.938,Wood,0.938
752,S/O WEATHERED ZINC MOLTO CD:55,Simply Roma,RM055,21.33,2.938,Wood,0.875
753,S/O BRUSHED GOLD MOLTO CD:55,Simply Roma,RM055,21.33,2.938,Wood,0.875
755,S/O POLISHED GOLD MOLTO CD:55,Simply Roma,RM055,21.33,2.938,Wood,0.875
7461008,S/O DARK WALNUT ARBER CD:56,Simply Roma,RM056,23.10,2.313,Wood,0.875
7461083,S/O NATURAL ARBER CD:56,Simply Roma,RM056,23.10,2.313,Wood,0.875
606055,S/O GOLD SHAGREEN ELEGANZA CD:60,Roma One and Elite,RM060,32.19,4.125,Wood,0.875
30955,S/O GILDED GOLD ELEGANZA  CD:70,Roma One and Elite,RM070,50.08,6.000,Wood,1.000
6451SI,S/O ORNATE ANTIQUE SILVER CD:55,Folk Wood Moulding,RM086,62.81,5.000,Wood,1.000
68443,S/O ANTIQUE GOLD  CD:90,Roma One and Elite,RM090,50.20,3.000,Wood,0.875
68444,S/O ANTIQUE SILVER  CD:90,Roma One and Elite,RM090,50.20,3.000,Wood,0.875
68445,S/O BLACK W SLV UNDERTONES  CD:90,Roma One and Elite,RM090,50.20,3.000,Wood,0.875
42200,S/O BLK.GLD.ANT  CD:105,Roma One and Elite,RM105,54.73,4.000,Wood,1.000
42254,S/O SILVER LEAF  CD:105,Roma One and Elite,RM105,54.73,4.000,Wood,1.000
42255,S/O ORN.GLD.LF/SP  CD:105,Roma One and Elite,RM105,54.73,4.000,Wood,1.000
99501000,"S/O Elite 6 1/2"" Satin Black Ornate",Roma One and Elite,RM150,54.00,6.500,Wood,1.000
99501009,"S/O Elite 6 1/2"" Satin White Ornate",Roma One and Elite,RM150,54.00,6.500,Wood,1.000
99501045,"S/O Elite 6 1/2"" Black Lacquer ornate",Roma One and Elite,RM150,54.00,6.500,Wood,1.000
99501046,"S/O Elite 6 1/2"" Electric Red Ornate",Roma One and Elite,RM150,54.00,6.500,Wood,1.000
99501048,"S/O Elite 6 1/2"" White Lacquer ornate",Roma One and Elite,RM150,54.00,6.500,Wood,1.000
99501054,"S/O Elite 6 1/2"" Electric Silver Ornate",Roma One and Elite,RM150,54.00,6.500,Wood,1.000
99501097,"S/O Elite 6 1/2"" LAMBO YELLOW",Roma One and Elite,RM150,54.00,6.500,Wood,1.000
99501098,S/O Elite 6 1/2” Electric Blue Lacquer Ornate,Roma One and Elite,RM150,54.00,6.500,Wood,1.000
99501099,"S/O Elite 6 1/2"" PETAL PINK",Roma One and Elite,RM150,54.00,6.500,Wood,1.000
99608000,"S/O Elite 5 1/2"" BLACK ARBER CD:150",Roma One and Elite,RM150,64.80,5.500,Wood,1.250
99608083,"S/O Elite 5 1/2"" NATURAL ARBER CD:150",Roma One and Elite,RM150,64.80,5.000,Wood,1.250
99608087,"S/O Elite 5 1/2"" WALNUT ARBER CD:150",Roma One and Elite,RM150,64.80,5.500,Wood,1.250
99608145,"S/O Elite 5 1/2"" BLACK LEATHER CD:150",Roma One and Elite,RM150,64.80,5.500,Wood,1.250
99902087,"S/O Elite 6 1/2"" Dark Walnut",Roma One and Elite,RM150,57.20,6.500,Wood,0.875
99936,"S/O ELITE, 5 5/8""  ARCO MIST CD:150",Roma One and Elite,RM150,64.70,5.625,Wood,1.375
99802083,"S/O Elite 7"" Layered Natural Walnut",Roma One and Elite,RM160,65.90,7.000,Wood,1.125
99901069,"S/O Elite 6 1/2"" Dark Ash",Roma One and Elite,RM160,65.90,6.500,Wood,0.875
99901087,"S/O Elite 6 1/2"" Cigar Leaf",Roma One and Elite,RM160,65.90,6.500,Wood,0.875
99902069,"S/O Elite 6 1/2"" Layered Walnut Charcoal",Roma One and Elite,RM160,65.90,6.500,Wood,0.875
99401069,"S/O Elite 5 1/2"" Charcoal & Gray",Roma One and Elite,RM180,64.80,5.500,Wood,1.375
99915045,"S/O ELITE, 6""  ELECTRIC BLACK CD:180",Roma One and Elite,RM180,76.70,6.000,Wood,1.000
99915048,"S/O ELITE, 6""  ELECTRIC WHITE CD:180",Roma One and Elite,RM180,76.70,6.000,Wood,1.000
99915074,"S/O ELITE, 6""  SUNBURST YELLOW CD:180",Roma One and Elite,RM180,76.70,6.000,Wood,1.000
99801069,"S/O Elite 7"" Dark Ash",Roma One and Elite,RM190,75.60,7.000,Wood,1.125
99801087,"S/O Elite 7"" Cigar Leaf",Roma One and Elite,RM190,75.60,7.000,Wood,1.125
99701069,"S/O Elite 5 1/2"" Dark Ash",Roma One and Elite,RM200,83.20,5.500,Wood,1.125
99701087,"S/O Elite 5 1/2"" Cigar Leaf",Roma One and Elite,RM200,83.20,5.500,Wood,1.125
99501055,"S/O Elite 6 1/2"" PURE GOLD ORNATE",Roma One and Elite,RM220,92.90,6.500,Wood,1.000
99501056,"S/O Elite 6 1/2"" PURE SILVER ORNATE",Roma One and Elite,RM220,92.90,6.500,Wood,1.000
99605045,"S/O Elite 5 1/2"" Black Lacquer",Roma One and Elite,RM220,92.96,5.500,Wood,1.375
99605048,"S/O Elite 5 1/2"" White Lacquer",Roma One and Elite,RM220,92.96,5.500,Wood,1.375
99605052,"S/O Elite 5 1/2"" Carbon Gray",Roma One and Elite,RM220,92.96,5.500,Wood,1.375
99605216,"S/O Elite 5 1/2"" Palissandro Lacquer",Roma One and Elite,RM220,92.96,5.500,Wood,1.375
99605218,"S/O Elite 5 1/2"" Gaboon Lacquer",Roma One and Elite,RM220,92.96,5.500,Wood,1.375
99605219,"S/O Elite 5 1/2"" Zebrano Charcoal Lacquer",Roma One and Elite,RM220,92.96,5.500,Wood,1.375
99705045,"S/O Elite 5 1/2"" Black Lacquer",Roma One and Elite,RM240,110.20,5.500,Wood,1.125
99705048,"S/O Elite 5 1/2"" White Lacquer",Roma One and Elite,RM240,110.20,5.500,Wood,1.125
99805217,"S/O Elite 7"" Zebrano Natural Lacquer",Roma One and Elite,RM260,124.20,7.000,Wood,1.125
99805218,"S/O Elite 7"" Gaboon Lacquer",Roma One and Elite,RM260,124.20,7.000,Wood,1.125
99805219,"S/O Elite 7"" Zebrano Charcoal Lacquer",Roma One and Elite,RM260,124.20,7.000,Wood,1.125
99908045,"S/O Elite 8"" Black Lacquer",Roma One and Elite,RM300,136.10,8.000,Wood,1.250
99908048,"S/O Elite 8"" White Lacquer",Roma One and Elite,RM300,136.10,8.000,Wood,1.250
99909000,"S/O Elite 10"" Crocco Satin Black",Roma One and Elite,RM300,124.20,10.000,Wood,0.875
99909045,"S/O Elite 10"" Crocco Black Lacquer",Roma One and Elite,RM300,124.20,10.000,Wood,0.875
99909046,"S/O Elite 10"" Crocco Electric Red",Roma One and Elite,RM300,124.20,10.000,Wood,0.875
99909048,"S/O Elite 10"" Crocco White Lacquer",Roma One and Elite,RM300,124.20,10.000,Wood,0.875
99909054,"S/O Elite 10"" Crocco Electric Silver",Roma One and Elite,RM300,124.20,10.000,Wood,0.875
99905218,"S/O Elite 12"" Gaboon Lacquer",Roma One and Elite,RM500,235.40,12.000,Wood,1.500
5 STB,"1/2"" HIGH STRETCHER BAR FJ SPRUCE CD:2",Stretcher Bar,STB2,1.16,1.062,Wood,
10 STB,"11/16"" HIGH STRETCHER BAR FJ SPRUCE CD:3 ",Stretcher Bar,STB3,1.44,1.500,Extender,
50 STB,"5/8"" HIGH BRACING BAR FJ SPRUCE CD:3",Stretcher Bar,STB3,1.40,1.375,Wood,
55 STB,"1/2"" HIGH BRACING BAR FJ SPRUCE CD:3",Stretcher Bar,STB3,1.40,1.250,Wood,
140 STB,"3/4"" HIGH STRETCHER BAR FJ PINE CD:4",Stretcher Bar,STB4,2.07,1.500,Wood,
350 STB,"1 1/2"" HIGH STRETCHER BAR FJ SPRUCE CD:4",Stretcher Bar,STB4,2.31,1.062,Wood,
50 RETAINER,"5/8"" RETAINER W/SCREWS AT 6"" FJS CD:STB4",Stretcher Bar,STB4,1.80,1.375,Wood,
55 RETAINER,"1/2"" RETAINER W/SCREWS AT 6"" FJS CD:STB4",Stretcher Bar,STB4,1.78,1.250,Wood,
200 STB,"ARTIST'S STRETCHER BAR 1 1/2""  CD:5",Stretcher Bar,STB5,3.23,2.500,Wood,
292603 RETAINER,"3""X3/4"" RETAINER W/SCREWS AT 6""  CD:STB5",Stretcher Bar,STB5,3.63,3.000,Wood,
100 STB,"1 1/4"" HIGH STRETCHER BAR BASS CD:6 SEE 116 STB",Stretcher Bar,STB6,2.96,2.000,Extender,
116 STB,"1 1/4"" HIGH STRETCHER BAR FJ SPRUCE CD:6",Folk Wood Moulding,STB6,3.08,2.000,Wood,
300 STB,"2"" HIGH STRETCHER BAR BASS CD: 6 SEE 316 STB",Stretcher Bar,STB6,2.96,1.250,Wood,
316 STB,"2"" HIGH STRETCHER BAR FJ SPRUCE CD:6",Folk Wood Moulding,STB6,3.08,1.250,Wood,
200 STBPRO,"ARTIST'S STRETCHER BAR 1 1/2"" CD:8",Stretcher Bar,STB8,4.31,4.000,Wood,
1772BLOCK,S/O BLACK BLOCK BANAK AVENIDA,Folk Wood Moulding,,4.40,1.000,Wood,0.188
1772SCOOP,S/O BLACK BANAK AVENIDA,Folk Wood Moulding,,2.56,1.750,Wood,
1906BLOCK,S/O BLOCK,Folk Wood Moulding,,2.35,0.750,Wood,
1906LINER2,"S/O 2"" LINER",Folk Wood Moulding,,1.14,2.000,Liner,
1906LINER3,"S/O 3"" LINER",Folk Wood Moulding,,1.26,3.000,Liner,
1906LINER4,"S/O 4"" LINER",Folk Wood Moulding,,1.43,4.000,Liner,
2926EXLIP,S/O EXHIBITION PROFILE,Folk Wood Moulding,,2.43,0.750,Wood,
2926EXNOLIP,S/O EXHIBITION NO LIP PROFILE,Folk Wood Moulding,,2.43,0.750,Wood,
2926LINER,S/O BEVEL LINER (NO FABRIC),Folk Wood Moulding,,2.51,3.000,Liner,
N08-13,S/O BACKLOAD CONTRAST GREY,Nielsen Metal Moulding,,2.14,0.500,Metal,
N08-14,S/O BACKLOAD GERMAN SILVER,Nielsen Metal Moulding,,2.14,0.500,Metal,
N08-50,S/O BACKLOAD PAINTED BLACK,Nielsen Metal Moulding,,2.14,0.500,Metal,